normalized_time,constant_disagreement,capped_disagreement,fiber_disagreement,xu_liu_disagreement,native_phase,fiber_phase,xu_liu_phase,full_clock_phase
0.0,1.3217504433004645,1.3217504433004645,1.3217504433004645,1.3217504433004645,0.05667116443808617,0.05667116443808617,0.05667116443808617,0.05667116443808617
0.000999995,1.317828346354139,1.3178268997144047,1.3178268997144047,1.317825452112155,0.06067114443808616,0.060579801106926866,0.060579801338647744,0.058626442456245764
0.00199999,1.3139427018763103,1.3139369479232097,1.3139369479232097,1.3139311863298788,0.06467112443808616,0.06448996497276616,0.06448996680582086,0.060584408901009856
0.002999985,1.3100929633622806,1.3100800894409945,1.3100800894409945,1.3100671899297776,0.06867110443808616,0.06840163105121445,0.06840163717635954,0.06254505937964437
0.00399998,1.3062785944285167,1.3062558347434048,1.3062558347434048,1.3062330148582728,0.07267108443808616,0.07231477481705544,0.0723147891936962,0.0645083896186838
0.004999975,1.3024990685783622,1.3024637030644606,1.3024637030644606,1.3024282208723106,0.07667106443808616,0.0762293721954175,0.0762293999926085,0.06647439546242387
0.00599997,1.2987538689787252,1.2987032222231738,1.2987032222231738,1.2986523753555477,0.08067104443808618,0.08014539954320264,0.08014544709661303,0.06844307287144784
0.006999965,1.2950424882580296,1.2949739283980637,1.2949739283980637,1.294905053147398,0.08467102443808679,0.08406283365449391,0.08406290841239396,0.07041441792117477
0.00799996,1.2913644282644732,1.2912753659676768,1.2912753659676768,1.2911858363845095,0.08867100443810583,0.0879816517413653,0.08798176222100064,0.07238842680043224
0.008999955,1.287719199883415,1.2876070873220715,1.2876070873220715,1.287494314341066,0.09267098443813261,0.09190183142898681,0.091901987171808,0.07436509581006061
0.00999995,1.2841063228294802,1.283968652689669,1.283968652689669,1.2838300832795948,0.09667096443815122,0.09582335074670142,0.09582356227381794,0.07634442136153481
0.010999945,1.2805253254526237,1.280359629968798,1.280359629968798,1.2801927463246539,0.10067094443815554,0.09974618811933877,0.09974646687788903,0.07832639997561595
0.01199994,1.276975744549479,1.2767795945707274,1.2767795945707274,1.2765819132848975,0.10467092443814635,0.10367032235554154,0.10367068068575015,0.08031102828102397
0.012999935,1.2734571251798208,1.2732281292599095,1.2732281292599095,1.2729972005313264,0.1086709044381289,0.1075957326393777,0.10759618373437943,0.08229830301313393
0.01399993,1.2699690204882008,1.2697048239861397,1.2697048239861397,1.269438230851767,0.11267088443811095,0.11152239852807763,0.1115229563937778,0.08428822101269653
0.014999925,1.266510991541324,1.266209275742019,1.266209275742019,1.2659046333188244,0.11667086443810105,0.11545029994024676,0.11545097936021344,0.08628077922457897
0.01599992,1.2630826071358654,1.2627410884113381,1.2627410884113381,1.2623960431704946,0.12067084443810722,0.1193794171503349,0.11938023364480879,0.08827597469653044
0.016999915,1.2596834436507198,1.2592998726259288,1.2592998726259288,1.2589121016854357,0.12467082443813592,0.12330973078119209,0.12331070056648874,0.09027380457796681
0.01799991,1.2563130848803221,1.2558852456262282,1.2558852456262282,1.2554524560466747,0.12867080443819143,0.12724122179681374,0.12724236175301257,0.09227426611877673
0.018999905,1.2529711218785302,1.2524968311390452,1.2524968311390452,1.2520167592288864,0.13267078443827543,0.13117387148822357,0.13117519913164188,0.09427735666815032
0.0199999,1.2496571528065545,1.2491342592225592,1.2491342592225592,1.2486046698781876,0.13667076443838666,0.13510766147794204,0.13510919492548867,0.09628307367342645
0.020999895,1.2463707827848105,1.245797166150889,1.245797166150889,1.2452158521993668,0.14067074443852112,0.13904257370639234,0.1390443316476759,0.09829141467896135
0.02199989,1.2431116237488409,1.2424851942828286,1.2424851942828286,1.2418499758635715,0.14467072443867227,0.14297859042817734,0.1429805920856483,0.10030237732501486
0.022999885,1.2398792943169574,1.2391979919390923,1.2391979919390923,1.2385067158758216,0.14867070443883135,0.1469156942058493,0.14691795930948248,0.1023159593466597
0.02399988,1.2366734196358176,1.2359352132829828,1.2359352132829828,1.2351857524832615,0.15267068443898799,0.15085386790365424,0.1508564166593087,0.10433215857270318
0.024999875,1.2334936312595672,1.232696518207675,1.232696518207675,1.2318867710662047,0.15667066443913077,0.15479309467935556,0.1547959477439514,0.10635097292463438
0.02599987,1.2303395670147748,1.2294815722251249,1.2294815722251249,1.2286094620385575,0.16067064443924806,0.15873335797673696,0.1587365364359015,0.10837240041558349
0.026999865,1.2272108708734215,1.2262900463444955,1.2262900463444955,1.225353520755138,0.16467062443932848,0.1626746415258973,0.16267816686371772,0.11039643914930003
0.02799986,1.224107192829036,1.223121616971306,1.223121616971306,1.222118647423725,0.16867060443936205,0.1666169293335452,0.16662082340290146,0.11242308731915182
0.028999855,1.2210281887758683,1.2199759657986653,1.2199759657986653,1.2189045469971531,0.1726705844393407,0.17056020567941454,0.17056449068035157,0.11445234320714538
0.02999985,1.2179735203913085,1.216852779704556,1.216852779704556,1.215710929090697,0.17667056443925888,0.17450445511084606,0.1745091535651846,0.11648420518295145
0.030999845,1.214942855027076,1.2137517506515854,1.2137517506515854,1.212537507889941,0.18067054443911443,0.178449662437497,0.1784547971667171,0.1185186717029512
0.03199984,1.211935865583914,1.2106725755970469,1.2106725755970469,1.2093840020651143,0.18467052443890886,0.18239581272117072,0.1824014068299314,0.1205557413093037
0.032999835000000005,1.208952230411756,1.2076149563856782,1.2076149563856782,1.2062501346970398,0.1886705044386477,0.18634289127790585,0.1863489681248124,0.12259541262902411
0.03399983,1.20599163319921,1.2045785996617486,1.2045785996617486,1.2031356331860357,0.1926704844383407,0.19029088366972896,0.19029746684782797,0.12463768437307954
0.034999825,1.2030537628685614,1.201563216776165,1.201563216776165,1.2000402291724737,0.1966704644380018,0.1942397757009578,0.1942468890174564,0.12668255533549977
0.03599982,1.2001383134750103,1.1985685236953578,1.1985685236953578,1.1969636584568888,0.2006704444376486,0.19818955341494351,0.19819722087133296,0.12873002439250306
0.036999815000000005,1.1972449841093633,1.1955942409197555,1.1955942409197555,1.1939056609257777,0.20467042443730193,0.20214020308594316,0.20214844886093733,0.13078009050163578
0.03799981,1.1943734787972973,1.1926400933966785,1.1926400933966785,1.1908659804805584,0.20867040443698479,0.20609171121598885,0.2061005596452778,0.13283275270092956
0.038999805,1.1915235064056329,1.1897058104355713,1.1897058104355713,1.1878443649597736,0.21267038443672096,0.21004406453174812,0.21005354009041508,0.13488801010806867
0.0399998,1.1886947805498427,1.1867911256276804,1.1867911256276804,1.184840566069329,0.21667036443653354,0.2139972499797627,0.21400737726479482,0.13694586191957508
0.040999795000000006,1.1858870195033724,1.1838957767671914,1.1838957767671914,1.181854339312853,0.2206703444364423,0.2179512547220187,0.2179620584356584,0.13900630741000558
0.04199979,1.1830999461082148,1.1810195057739594,1.1810195057739594,1.1788854439236274,0.22467032443646157,0.2219060661317352,0.22191757106553034,0.1410693459311615
0.042999785,1.1803332876903665,1.1781620586151431,1.1781620586151431,1.1759336427971205,0.22867030443659667,0.22586167179133118,0.22587390280944925,0.14313497691131344
0.04399978,1.1775867759743226,1.1753231852359451,1.1753231852359451,1.1729987024293405,0.23267028443684049,0.22981805948508607,0.22983104150914,0.14520319985443822
0.044999775000000006,1.1748601470000417,1.1725026394853415,1.1725026394853415,1.1700803928493484,0.23667026443716896,0.23377521719665578,0.23378897519249003,0.14727401433946627
0.04599977,1.172153141041308,1.1697001790426926,1.1697001790426926,1.1671784875582392,0.24067024443753635,0.2377331331073486,0.23774769206948268,0.14934742001954515
0.046999765,1.1694655025284515,1.1669155653512124,1.1669155653512124,1.1642927634681912,0.2446702244378695,0.24169179559050122,0.24170718052912174,0.15142341662131156
0.04799976,1.1667969799705156,1.1641485635496722,1.1641485635496722,1.1614230008429829,0.24867020443806168,0.24565119320836917,0.24566742913631684,0.15350200394418875
0.048999755000000006,1.1641473258800121,1.1613989424060565,1.1613989424060565,1.1585689832397978,0.25267018443807854,0.24961131470874948,0.2496284266288332,0.15558318185967604
0.04999975,1.161516296699954,1.158666474252787,1.158666474252787,1.1557304974555853,0.256670164438098,0.25357214902157715,0.25359016191176026,0.1576669503106612
0.050999745,1.1589036527285752,1.155950934923348,1.155950934923348,1.1529073334654942,0.26067014443811426,0.2575336852555951,0.25755262405901225,0.15975330931074253
0.05199974,1.1563091580515403,1.1532521036902694,1.1532521036902694,1.1500992843718023,0.2646701244381202,0.2614959126950931,0.26151580230782767,0.16184225894356388
0.052999735000000006,1.1537325804718448,1.150569763204434,1.150569763204434,1.1473061463496939,0.2686701044381151,0.265458820796717,0.2654796860565943,0.16393379936215693
0.05399973,1.1511736914422006,1.147903699435677,1.147903699435677,1.1445277185947047,0.2726700844381026,0.26942239918634464,0.26944426486232687,0.1660279307882996
0.054999725,1.1486322659988664,1.1452537016146365,1.1452537016146365,1.1417638032715625,0.2766700644380889,0.27338663765602683,0.27340952843796834,0.16812465351187944
0.05599972,1.146108082696899,1.1426195621758293,1.1426195621758293,1.1390142054640946,0.28067004443808097,0.27735152616099296,0.27737546664974216,0.17022396789027328
0.056999715000000006,1.143600923546778,1.1400010767023452,1.1400010767023452,1.1362787331261692,0.28467002443808537,0.28131705481633595,0.2813420695145597,0.17232587434773283
0.05799971,1.141110573952376,1.137398043868652,1.137398043868652,1.1335571970361433,0.2886700044381074,0.28528321389648964,0.28530932719543045,0.17443037337478273
0.058999705,1.1386368226502352,1.1348102653943768,1.1348102653943768,1.1308494107457516,0.29266998443815057,0.28924999382591227,0.28927723000223876,0.17653746552762964
0.0599997,1.1361794616501202,1.132237545984538,1.132237545984538,1.1281551905359255,0.296669964438216,0.29321738518293505,0.29324576838774125,0.17864715142757834
0.06099969500000001,1.1337382861768108,1.1296796932773883,1.1296796932773883,1.12547435537146,0.30066994443830247,0.2971853786980457,0.2972149329452979,0.18075943176046086
0.06199969,1.1313130946139902,1.127136517797414,1.127136517797414,1.1228067268563673,0.304669924438406,0.30115396524836063,0.3011847144068372,0.18287430727607176
0.062999685,1.1289036884466157,1.124607832912919,1.124607832912919,1.120152129190506,0.30866990443852094,0.3051231358485009,0.3051551036405511,0.18499177878761744
0.06399968,1.126509872207322,1.12209345477765,1.12209345477765,1.117510389127072,0.3126698844386396,0.30909288165755766,0.3091260916486342,0.1871118471711688
0.064999675,1.1241314534229059,1.1195932022852972,1.1195932022852972,1.1148813359309278,0.31666986443875306,0.3130631939751106,0.3130976695650677,0.1892345133651287
0.06599967000000001,1.1217682425616904,1.1171068970220006,1.1171068970220006,1.1122648013396683,0.32066984443885177,0.31703406424007463,0.3170698286518001,0.19135977836970242
0.066999665,1.1194200529821485,1.1146343632313902,1.1146343632313902,1.1096606195208096,0.32466982443892617,0.32100548401797424,0.32104256029896355,0.193487643246381
0.06799966,1.1170867008825731,1.1121754277594147,1.1121754277594147,1.107068627033383,0.32866980443896743,0.32497744500906506,0.32501585602205346,0.1956181091174341
0.06899965500000001,1.1147680052517592,1.1097299200137518,1.1097299200137518,1.1044886627897323,0.332669784438968,0.3289499390431447,0.3289897074596148,0.19775117716541568
0.06999965,1.1124637878206811,1.1072976719179097,1.1072976719179097,1.1019205680173219,0.33666976443892244,0.33292295808060673,0.3329641063716027,0.19988684863266573
0.070999645,1.1101738730151345,1.104878517875917,1.104878517875917,1.0993641862217036,0.3406697444388278,0.33689649420346846,0.3369390446374045,0.20202512482082874
0.07199964,1.1078980879093268,1.1024722947299361,1.1024722947299361,1.096819363150193,0.3446697244386844,0.3408705396143947,0.3409145142539002,0.20416600709037822
0.07299963500000001,1.1056362621803866,1.1000788417162453,1.1000788417162453,1.0942859467562347,0.348669704438496,0.34484508663848906,0.3448905073335577,0.20630949686015038
0.07399963000000001,1.1033882280640477,1.097698000425242,1.097698000425242,1.091763787165911,0.35266968443826974,0.3488201277218522,0.3488670161012505,0.20845559560688673
0.074999625,1.101153820310831,1.0953296147644644,1.0953296147644644,1.0892527366418105,0.35666966443801673,0.35279565542771013,0.35284403289404076,0.21060430486478038
0.07599962,1.0989328761424406,1.0929735309262016,1.0929735309262016,1.0867526495494668,0.36066964443775107,0.3567716624281837,0.3568215501592925,0.21275562622503374
0.07699961500000001,1.0967252352106676,1.090629597342502,1.090629597342502,1.0842633823249468,0.36466962443749,0.36074814151067713,0.36079956045235184,0.21490956133542344
0.07799961,1.0945307395558443,1.088297664650006,1.088297664650006,1.0817847934419615,0.36866960443725244,0.3647250855745143,0.364778056435229,0.21706611189987146
0.078999605,1.092349233566454,1.0859775856528062,1.0859775856528062,1.079316743380046,0.3726695844370583,0.36870248763053787,0.36875703087489514,0.21922527967802277
0.0799996,1.090180563939519,1.0836692152951426,1.0836692152951426,1.0768590945933212,0.3766695644369264,0.3726803407902425,0.37273647664160936,0.22138706648483292
0.08099959500000001,1.0880245796417571,1.0813724106189475,1.0813724106189475,1.0744117114798255,0.3806695444368729,0.37665863827285256,0.3767163867072778,0.22355147419016058
0.08199959000000001,1.0858811318714785,1.0790870307323297,1.0790870307323297,1.0719744603525505,0.3846695244369085,0.38063737340087234,0.380696754142795,0.2257185047183703
0.082999585,1.0837500740212171,1.0768129367737387,1.0768129367737387,1.0695472094087315,0.38866950443703546,0.38461653960136727,0.38467757211749737,0.2278881600479368
0.08399958,1.0816312616410722,1.07454999188373,1.07454999188373,1.0671298287003734,0.3926694844372446,0.38859613039906615,0.3886588338980151,0.23006044221105976
0.08499957500000001,1.079524552402747,1.0722980611729809,1.0722980611729809,1.0647221901065873,0.3966694644375104,0.39257613941446934,0.3926405328459718,0.2322353532932874
0.08599957,1.0774298060642695,1.0700570116872845,1.0700570116872845,1.0623241673051,0.4006694444377869,0.39655656036640463,0.3966226624169323,0.2344128954331401
0.086999565,1.075346884435945,1.067826712376575,1.067826712376575,1.0599356357447496,0.4046694244380019,0.4005373870705875,0.40060521615892875,0.23659307082174585
0.08799956,1.0732756513450366,1.0656070340655242,1.0656070340655242,1.0575564726184676,0.40866940443806277,0.4045186134369489,0.40458818771101446,0.23877588170248126
0.08899955500000001,1.0712159726035833,1.0633978494284604,1.0633978494284604,1.0551865568367371,0.4126693844380767,0.4085002334622212,0.40857157080184214,0.24096133037061415
0.08999955000000001,1.069167715975332,1.061199032954126,1.061199032954126,1.0528257690024079,0.4166693644380935,0.41248224123574595,0.412555359247443,0.24314941917295876
0.090999545,1.0671307511436432,1.0590104609181263,1.0590104609181263,1.0504739913844507,0.4206693444381027,0.4164646309366016,0.4165395469504305,0.24534015050754188
0.09199954,1.0651049496799947,1.0568320113534928,1.0568320113534928,1.0481311078919324,0.42466932443810174,0.4204473968337286,0.42052412789943633,0.2475335268232625
0.09299953500000001,1.0630901850130696,1.0546635640291997,1.0546635640291997,1.0457970040502924,0.42866930443809254,0.42443053327657004,0.4245090961668489,0.2497295506195604
0.09399953,1.0610863323984143,1.052505000416899,1.052505000416899,1.043471566976523,0.43266928443807995,0.42841403470128786,0.42849444590797997,0.2519282244460961
0.094999525,1.0590932688886556,1.0503562036658298,1.0503562036658298,1.041154685355274,0.4366692644380704,0.43239789562733566,0.43248017135978684,0.2541295509024331
0.09599952,1.0571108733042622,1.0482170585757604,1.0482170585757604,1.0388462494153612,0.4406692444380702,0.43638211065716354,0.4364662668396158,0.2563335326377283
0.09699951500000001,1.0551390262048435,1.0460874515734657,1.0460874515734657,1.0365461509066776,0.44466922443808465,0.4403666744718918,0.44045272674396935,0.2585401723504241
0.09799951000000001,1.0531776098609698,1.0439672706856546,1.0439672706856546,1.0342542830781951,0.4486692044381175,0.44435158183225965,0.4444395455466465,0.2607494727879491
0.098999505,1.051226508226726,1.0418564055144877,1.0418564055144877,1.0319705406554227,0.45266918443817034,0.44833682757679505,0.4484267177977637,0.2629614367464242
0.0999995,1.0492856069122085,1.0397547472131132,1.0397547472131132,1.0296948198177132,0.4566691644382426,0.45232240662054835,0.4524142381232762,0.2651760670703723
0.10099949500000001,1.0473547931568474,1.0376621884614912,1.0376621884614912,1.0274270181762843,0.4606691444383313,0.456308313954039,0.4564021012242116,0.2673933666524359
0.10199949,1.0454339558036079,1.0355786234434108,1.0355786234434108,1.0251670347545534,0.4646691244384315,0.4602945446411679,0.46039030187410057,0.26961333843309654
0.102999485,1.043522985272572,1.0335039478222428,1.0335039478222428,1.022914769965987,0.4686691044385364,0.4642810938194181,0.4643788349190599,0.2718359854004043
0.10399948,1.041621773536224,1.0314380587190375,1.0314380587190375,1.0206701255945598,0.472669084438638,0.4682679566974431,0.4683676952758038,0.27406131058970695
0.10499947500000001,1.0397302140948117,1.0293808546894985,1.0293808546894985,1.0184330047740333,0.47666906443872736,0.4722551285547371,0.4723568779310693,0.2762893170833898
0.10599947000000001,1.037848201951548,1.0273322357021752,1.0273322357021752,1.0162033119681086,0.48066904443879577,0.47624260474018526,0.4763463779405662,0.27852000801061483
0.106999465,1.0359756335887893,1.0252921031167603,1.0252921031167603,1.013980952950898,0.48466902443883486,0.4802303806710081,0.4803361904279438,0.2807533865470708
0.10799946,1.0341124069442533,1.023260359663145,1.023260359663145,1.0117658347877192,0.4886690044388376,0.4842184518311773,0.4843263105837752,0.2829894559147219
0.10899945500000001,1.032258421388639,1.0212369094199507,1.0212369094199507,1.0095578658164164,0.4926689844387987,0.4882068137710901,0.4883167336643615,0.28522821938156745
0.10999945,1.0304135777023664,1.0192216577942463,1.0192216577942463,1.0073569556278734,0.49666896443871544,0.4921954621061005,0.4923074549915653,0.2874696802614003
0.110999445,1.0285777780534433,1.0172145115012625,1.0172145115012625,1.0051630150496569,0.5006689444385879,0.4961843925155589,0.4962984699500918,0.2897138419135751
0.11199944,1.026750925975568,1.0152153785445015,1.0152153785445015,1.0029759561260558,0.5046689244384195,0.500173600741792,0.5002897739883241,0.2919607077427766
0.11299943500000001,1.0249329263466185,1.0132241681961813,1.0132241681961813,1.0007956921013343,0.5086689044382169,0.5041630825890999,0.5042813626165202,0.29421028119879455
0.11399943000000001,1.023123685367609,1.011240790978158,1.011240790978158,0.998622137402083,0.5126688844379904,0.5081528339225564,0.5082732314060986,0.2964625657763068
0.114999425,1.0213231105412792,1.009265158642717,1.009265158642717,0.9964552076200718,0.5166688644377534,0.512142850667463,0.5122653759887369,0.2987175650146669
0.11599942,1.0195311106531715,1.0072971841532383,1.0072971841532383,0.9942948194953727,0.5206688444375217,0.5161331288094757,0.5162577920554872,0.30097528249768646
0.11699941500000001,1.0177475957502073,1.0053367816686767,1.0053367816686767,0.9921408908997504,0.5246688244373133,0.5201236643896955,0.5202504753559045,0.3032357218534297
0.11799941,1.0159724771213547,1.0033838665224821,1.0033838665224821,0.9899933408203145,0.5286688044371465,0.5241144535081873,0.5242434216971895,0.3054988867540112
0.118999405,1.0142056672780673,1.0014383552066246,1.0014383552066246,0.987852089343428,0.5326687844370385,0.5281054923206265,0.528236626943348,0.30776478091539805
0.1199994,1.0124470799353964,0.9995001653533592,0.9995001653533592,0.9857170576388685,0.5366687644370038,0.5320967770386236,0.5322300870143615,0.31003340809721514
0.12099939500000001,1.0106966299943285,0.9975692157181396,0.9975692157181396,0.9835881679442363,0.5406687444370514,0.5360883039288226,0.536223797885372,0.31230477210255686
0.12199939000000001,1.0089542335218145,0.99564542616313,0.99564542616313,0.9814653435496042,0.5446687244371816,0.5400800693115531,0.5402177555858828,0.3145788767777993
0.122999385,1.0072198077335397,0.9937287176418212,0.9937287176418212,0.9793485087827308,0.5486687044373831,0.5440720695582836,0.5442119561986885,0.31685572601241857
0.12399938,1.0054932709757314,0.9918190121806653,0.9918190121806653,0.9772375889937188,0.5526686844376286,0.5480643010938124,0.5482063958595063,0.31913532373881504
0.12499937500000001,1.003774542707723,0.989916232864197,0.989916232864197,0.9751325105398261,0.55666866443787,0.5520567603938028,0.5522010707566837,0.32141767393213627
0.12599937,1.0020635434854024,0.9880203038187029,0.9880203038187029,0.9730332007739934,0.5606686444380328,0.5560494439848171,0.5561959771278869,0.3237027806101105
0.126999365,1.000360194944154,0.9861311501967336,0.9861311501967336,0.9709395880259981,0.5646686244380577,0.5600423484435051,0.5601911112634004,0.32599064783287823
0.12799936,0.9986644197818183,0.9842486981625553,0.9842486981625553,0.9688516015892457,0.568668604438075,0.5640354703948018,0.5641864695046908,0.3282812797028308
0.128999355,0.9969761417425834,0.9823728748773406,0.9823728748773406,0.9667691717132774,0.5726685844380913,0.5680288065108733,0.5681820482383265,0.3305746803644523
0.12999935,0.9952952856007944,0.980503608483247,0.980503608483247,0.9646922295837664,0.5766685644380982,0.5720223535120561,0.572177843900807,0.33287085400416455
0.13099934500000002,0.9936217771452975,0.9786408280894919,0.9786408280894919,0.9626207073101923,0.5806685444380945,0.5760161081652435,0.5761738529769871,0.33516980485017633
0.13199934000000002,0.9919555431647976,0.9767844637576938,0.9767844637576938,0.9605545379110868,0.584668524438083,0.5800100672836898,0.5801700720007251,0.3374715371723373
0.132999335,0.9902965114313371,0.9749344464879574,0.9749344464879574,0.9584936553080698,0.5886685044380696,0.5840042277260737,0.5841664975483241,0.3397760552819914
0.13399933,0.9886446106859974,0.9730907082050454,0.9730907082050454,0.9564379943067843,0.5926684844380612,0.5879985863957777,0.5881631262432032,0.34208336353183944
0.134999325,0.9869997706240468,0.9712531817475928,0.9712531817475928,0.954387490585818,0.5966684644380638,0.5919931402360423,0.5921599547539981,0.344393466315802
0.13599932,0.9853619218790697,0.9694218008482376,0.9694218008482376,0.9523420806819667,0.6006684444380832,0.595987886238748,0.5961569797958672,0.34670636806888355
0.136999315,0.9837309960124762,0.9675965001242356,0.9675965001242356,0.9503017019837979,0.6046684244381224,0.599982821438178,0.6001541981250823,0.34902207326704504
0.13799931000000001,0.9821069254962869,0.9657772150687227,0.9657772150687227,0.9482662927165502,0.608668404438183,0.6039779429041507,0.6041516065409964,0.35134058642707683
0.13899930500000002,0.980489643697984,0.9639638820297273,0.9639638820297273,0.9462357919294638,0.6126683844382638,0.6079732477533668,0.6081492018861279,0.353661912106478
0.1399993,0.9788790848720291,0.9621564382001858,0.9621564382001858,0.94421013948316,0.616668364438361,0.6119687331449777,0.6121469810463375,0.3559860549033393
0.140999295,0.9772751841430105,0.9603548216121569,0.9603548216121569,0.9421892760382,0.6206683444384694,0.6159643962703594,0.6161449409501726,0.3583130194562217
0.14199929,0.975677877490993,0.958558971115788,0.958558971115788,0.9401731430559283,0.6246683244385816,0.6199602343653786,0.6201430785584654,0.360642810444045
0.142999285,0.9740871017433255,0.9567688263685084,0.9567688263685084,0.9381616827617344,0.6286683044386887,0.6239562447080426,0.6241413908844821,0.3629754325859786
0.14399928,0.9725027945591327,0.9549843278312692,0.9549843278312692,0.9361548381591985,0.6326682844387816,0.6279524246062365,0.628139874973042,0.3653108906413359
0.144999275,0.9709248944150405,0.9532054167482791,0.9532054167482791,0.9341525530107551,0.636668264438851,0.6319487714096681,0.6321385279068833,0.3676491894094707
0.14599927000000001,0.9693533405971595,0.9514320351353729,0.9514320351353729,0.9321547718123068,0.6406682444388884,0.6359452825095391,0.6361373468178341,0.36999033372967766
0.14699926500000002,0.9677880731868361,0.9496641257775069,0.9496641257775069,0.9301614398119422,0.6446682244388864,0.6399419553253459,0.6401363288630137,0.37233432848109566
0.14799926000000002,0.966229033046838,0.9479016322098403,0.9479016322098403,0.9281725029766219,0.6486682044388397,0.6439387873156186,0.6441354712425872,0.374681178582612
0.148999255,0.9646761618134336,0.9461444987053677,0.9461444987053677,0.926187907981346,0.6526681844387455,0.6479357759794251,0.6481347711996382,0.3770308889927759
0.14999925,0.963129401883285,0.9443926702730413,0.9443926702730413,0.9242076022230076,0.6566681644386045,0.6519329188431193,0.6521342260009406,0.3793834647097065
0.150999245,0.9615886964002605,0.942646092640553,0.942646092640553,0.9222315337794187,0.6606681444384207,0.6559302134693255,0.6561338329607777,0.38173891077101013
0.15199924,0.9600539892472039,0.9409047122414111,0.9409047122414111,0.9202596514202652,0.6646681244382011,0.6599276574599608,0.6601335894242559,0.38409723225370024
0.152999235,0.958525225034518,0.9391684762131818,0.9391684762131818,0.9182919045960605,0.6686681044379568,0.6639252484436232,0.6641334927679894,0.3864584342741162
0.15399923000000001,0.9570023490870605,0.9374373323821286,0.9374373323821286,0.9163282434112338,0.672668084437702,0.6679229840825772,0.66813354041303,0.38882252198784933
0.15499922500000002,0.9554853074357055,0.9357112292499971,0.9357112292499971,0.9143686186403057,0.6766680644374536,0.6719208620768634,0.672133729804786,0.3911895005896699
0.15599922,0.9539740468077912,0.9339901159919776,0.9339901159919776,0.9124129817035923,0.6806680444372305,0.6759188801528496,0.6761340584241706,0.3935593753134556
0.156999215,0.9524685146137911,0.9322739424431801,0.9322739424431801,0.9104612846495452,0.6846680244370519,0.6799170360682432,0.680134523793588,0.3959321514321283
0.15799921,0.9509686589389293,0.9305626590855044,0.9305626590855044,0.9085134801736899,0.6886680044369362,0.6839153276166969,0.684135123455395,0.39830783425758615
0.158999205,0.9494744285351051,0.9288562170448221,0.9288562170448221,0.906569521581944,0.6926679844368986,0.6879137526181891,0.6881358549925265,0.4006864291406434
0.1599992,0.9479857728076162,0.9271545680795141,0.9271545680795141,0.9046293627913164,0.6966679644369485,0.6919123089217334,0.6921367160209215,0.4030679414709728
0.160999195,0.9465026418067841,0.9254576645679458,0.9254576645679458,0.9026929583347832,0.7006679444370868,0.695910994409731,0.6961377041791134,0.4054523766770473
0.16199919000000002,0.9450249862210784,0.9237654595016935,0.9237654595016935,0.9007602633262137,0.7046679244373019,0.6999098069944933,0.7001388171476177,0.4078397402260892
0.16299918500000002,0.9435527573641157,0.9220779064850764,0.9220779064850764,0.8988312334763896,0.7086679044375657,0.7039087446063581,0.704140052630447,0.41023003762401666
0.16399918000000002,0.942085907166263,0.9203949597043459,0.9203949597043459,0.8969058250765921,0.7126678844378286,0.707907805223728,0.708141408360826,0.4126232744153976
0.164999175,0.9406243881688512,0.9187165739504213,0.9187165739504213,0.8949839949767243,0.716667864438014,0.7119069868297161,0.7121428821108521,0.415019456183409
0.16599917,0.9391681535106877,0.9170427045784508,0.9170427045784508,0.8930657006050046,0.7206678444380483,0.7159062874556013,0.7161444716708907,0.4174185885497914
0.166999165,0.9377171569222298,0.9153733075254608,0.9153733075254608,0.8911508999381974,0.724667824438067,0.7199057051450217,0.7201461748651946,0.41982067717480687
0.16799916,0.9362713527177159,0.9137083392858965,0.9137083392858965,0.8892395514935396,0.7286678044380859,0.7239052379757696,0.7241479895516688,0.42222572775720296
0.168999155,0.9348306957810103,0.912047756909418,0.912047756909418,0.8873316143435408,0.7326677844380952,0.7279048840514858,0.7281499136053582,0.4246337460341795
0.16999915000000002,0.9333951415680869,0.9103915179976747,0.9103915179976747,0.8854270480789769,0.7366677644380926,0.7319046414949716,0.7321519449392694,0.42704473778135543
0.17099914500000002,0.9319646460847905,0.9087395806801354,0.9087395806801354,0.8835258128215084,0.7406677444380807,0.7359045084697877,0.7361540814896225,0.42945870881274034
0.17199914,0.9305391658933906,0.9070919036336362,0.9070919036336362,0.881627869214417,0.7446677244380654,0.7399044831434498,0.7401563212169329,0.4318756649807065
0.172999135,0.9291186580919227,0.9054484460426776,0.9054484460426776,0.8797331783992569,0.7486677044380541,0.7439045637299527,0.7441586621170635,0.4342956121759651
0.17399913,0.9277030803153874,0.9038091676216894,0.9038091676216894,0.8778417020329853,0.7526676844380535,0.7479047484498853,0.7481611022037535,0.4367185563275445
0.174999125,0.9262923907237112,0.9021740285854108,0.9021740285854108,0.875953402266386,0.7566676644380702,0.7519050355596192,0.752163639518582,0.43914450340277034
0.17599912,0.9248865479936166,0.900542989653963,0.900542989653963,0.8740682417291764,0.7606676444381083,0.7559054233346973,0.7561662721361437,0.44157345940724796
0.176999115,0.9234855113165008,0.8989160120445865,0.8989160120445865,0.8721861835497418,0.7646676244381697,0.7599059100710334,0.7601689981452374,0.4440054303848507
0.17799911000000002,0.9220892403812728,0.8972930574534961,0.8972930574534961,0.8703071913216773,0.768667604438254,0.7639064940990862,0.7641718156671478,0.44644042241770315
0.17899910500000002,0.9206976953804019,0.8956740880716497,0.8956740880716497,0.8684312291064754,0.772667584438358,0.7679071737540135,0.7681747228488154,0.4488784416261765
0.17999910000000002,0.919310836988655,0.894059066547989,0.894059066547989,0.8665582614394639,0.7766675644384765,0.7719079474142094,0.7721777178539875,0.45131949416887696
0.180999095,0.917928626368369,0.8924479560140327,0.8924479560140327,0.8646882532980935,0.7806675444386019,0.7759088134605043,0.7761807988802348,0.4537635862426442
0.18199909,0.9165510251539322,0.8908407200502314,0.8908407200502314,0.8628211701189842,0.7846675244387254,0.7799097703107015,0.7801839641426359,0.45621072408254687
0.182999085,0.9151779954492715,0.889237322698047,0.889237322698047,0.8609569777836069,0.788667504438837,0.7839108163953771,0.7841872118790166,0.45866091396188313
0.18399908,0.9138094998215807,0.8876377284456332,0.8876377284456332,0.8590956425990021,0.7926674844389268,0.7879119501677271,0.7881905403584867,0.4611141621921834
0.184999075,0.9124455012891856,0.8860419022177947,0.8860419022177947,0.8572371313183138,0.7966674644389847,0.7919131701079433,0.7921939478631937,0.4635704751232135
0.18599907000000002,0.9110859633255494,0.8844498093846979,0.8844498093846979,0.855381411113548,0.8006674444390022,0.7959144747040502,0.7961974327023686,0.46602985914298256
0.18699906500000002,0.9097308498394123,0.8828614157313902,0.8828614157313902,0.8535284495696287,0.8046674244389728,0.799915862482282,0.8002009932119948,0.46849232067775093
0.18799906,0.9083801251824286,0.8812766874818706,0.8812766874818706,0.851678214699927,0.8086674044388918,0.8039173319689888,0.804204627740319,0.4709578661920425
0.188999055,0.9070337541309944,0.879695591263158,0.879695591263158,0.8498306749121635,0.8126673844387584,0.8079188817278703,0.8082083346664352,0.4734265021886564
0.18999905,0.9056917018885512,0.878118094123487,0.878118094123487,0.8479857990223245,0.8166673644385747,0.8119205103296823,0.8122121123870091,0.4758982352086841
0.190999045,0.9043539340757246,0.8765441635116158,0.8765441635116158,0.8461435562467734,0.820667344438347,0.8159222163705112,0.8162159593175757,0.47837307183153144
0.19199904,0.9030204167234988,0.8749737672761819,0.8749737672761819,0.8443039161814833,0.8246673244380847,0.8199239984652202,0.8202198739022765,0.48085101867493535
0.192999035,0.901691116273023,0.873406873664903,0.873406873664903,0.8424668488200031,0.8286673044378018,0.8239258552413138,0.8242238545982785,0.4833320823949859
0.19399903000000002,0.9003659995599589,0.8718434513032262,0.8718434513032262,0.8406323245338465,0.8326672844375149,0.8279277853579899,0.8282278998848731,0.48581626968615144
0.19499902500000002,0.8990450338219715,0.8702834692149405,0.8702834692149405,0.838800314059727,0.8366672644372435,0.8319297874741483,0.8322320082680369,0.488303587281307
0.19599902000000002,0.8977281866793678,0.8687268967862133,0.8687268967862133,0.8369707885199142,0.8406672444370085,0.8359318602852909,0.8362361782636505,0.49079404195176296
0.196999015,0.8964154261414975,0.8671737037883928,0.8671737037883928,0.835143719391156,0.8446672244368306,0.8399340024892701,0.8402404084140402,0.4932876405072955
0.19799901,0.8951067205931492,0.8656238603519357,0.8656238603519357,0.8333190785089529,0.8486672044367289,0.8439362128112127,0.8442446972816833,0.4957843897961811
0.198999005,0.8938020387931835,0.8640773369725587,0.8640773369725587,0.8314968380742341,0.8526671844367184,0.8479384899896871,0.8482490434415384,0.498284296705233
0.199999,0.8925013498699862,0.8625341045055431,0.8625341045055431,0.8296769706242206,0.8566671644368065,0.8519408327772846,0.852253445496282,0.5007873681598373
0.200998995,0.8912046233105664,0.8609941341496348,0.8609941341496348,0.8278594490502855,0.8606671444369904,0.8559432399535303,0.856257902061606,0.5032936111239937
0.20199899000000002,0.8899118289661403,0.8594573974643025,0.8594573974643025,0.8260442465851803,0.864667124437253,0.8599457102984516,0.8602624117711098,0.5058030326003597
0.20299898500000002,0.8886229370335885,0.8579238663358801,0.8579238663358801,0.8242313367857589,0.8686671044375578,0.8639482426265437,0.8642669732839887,0.5083156396302912
0.20399898,0.8873379180644039,0.8563935130028583,0.8563935130028583,0.8224206935541646,0.8726670844378442,0.8679508357512344,0.8682715852685448,0.5108314392938919
0.204998975,0.8860567429480383,0.8548663100254367,0.8548663100254367,0.8206122911124742,0.8766670644380212,0.8719534885148058,0.8722762464150662,0.5133504387100604
0.20599897,0.884779382915292,0.8533422302983803,0.8533422302983803,0.8188061039984462,0.8806670444380419,0.8759561997677567,0.8762809554354062,0.5158726450365422
0.206998965,0.8835058095300462,0.8518212470393219,0.8518212470393219,0.8170021070815496,0.8846670244380646,0.8799589683769208,0.880285711050018,0.5183980654699801
0.20799896,0.8822359946833386,0.8503033337800817,0.8503033337800817,0.8152002755311395,0.8886670044380852,0.8839617932300177,0.8842905120048435,0.5209267072459718
0.20899895500000001,0.8809699105949071,0.8487884643773155,0.8487884643773155,0.8134005848312766,0.892666984438094,0.8879646732181568,0.8882953570592074,0.5234585776391248
0.20999895000000002,0.8797075297983175,0.847276612984075,0.847276612984075,0.8116030107740819,0.8966669644380895,0.8919676072631573,0.8923002449871307,0.5259936839631173
0.21099894500000002,0.878448825149995,0.8457677540748538,0.8457677540748538,0.8098075294407496,0.900666944438075,0.8959705942838825,0.8963051745862305,0.5285320335707566
0.21199894000000002,0.877193769810913,0.844261862412411,0.844261862412411,0.8080141172202762,0.9046669244380575,0.8999736332289269,0.9003101446634706,0.5310736338540444
0.212998935,0.8759423372541756,0.8427589130665945,0.8427589130665945,0.8062227507913021,0.9086669044380445,0.9039767230503497,0.9043151540436386,0.5336184922442417
0.21399893,0.8746945012526981,0.8412588813961767,0.8412588813961767,0.8044334071110443,0.9126668844380443,0.9079798627193582,0.9083202015734277,0.5361666162119341
0.214998925,0.8734502358787778,0.8397617430492721,0.8397617430492721,0.8026460634360798,0.9166668644380633,0.911983051221037,0.9123252861061885,0.5387180132671022
0.21599892,0.8722095155009393,0.8382674739643564,0.8382674739643564,0.8008606972931167,0.9206668444381063,0.9159862875486054,0.916330406517162,0.5412726909591938
0.21699891500000001,0.8709723147737809,0.8367760503506583,0.8367760503506583,0.799077286484549,0.9246668244381755,0.919989570720601,0.9203355616975684,0.5438306568771986
0.21799891000000002,0.8697386086448808,0.8352874487098313,0.8352874487098313,0.7972958090956052,0.9286668044382707,0.9239928997524058,0.9243407505478483,0.5463919186497213
0.21899890500000002,0.8685083723381924,0.8338016458022849,0.8338016458022849,0.7955162434672884,0.9326667844383884,0.9279962736890134,0.9283459719915405,0.5489564839450585
0.2199989,0.8672815813607363,0.8323186186705991,0.8323186186705991,0.7937385682148433,0.936666764438523,0.931999691574917,0.9323512249617888,0.5515243604712786
0.220998895,0.8660582114934249,0.830838344615819,0.830838344615819,0.7919627622161519,0.9406667444386668,0.9360031524758736,0.9363565084059855,0.5540955559763059
0.22199889,0.8648382387863397,0.8293608012043694,0.8293608012043694,0.7901888045960666,0.9446667244388098,0.9400066554671315,0.9403618212928044,0.5566700782480002
0.222998885,0.8636216395609657,0.8278859662642467,0.8278859662642467,0.7884166747480613,0.9486667044389416,0.9440101996335307,0.9443671625970396,0.5592479351142439
0.22399888,0.8624083903996491,0.8264138178701703,0.8264138178701703,0.7866463523103457,0.9526666844390507,0.9480137840814892,0.9483725313116094,0.561829134443031
0.22499887500000001,0.8611984681461006,0.8249443343621495,0.8249443343621495,0.7848778171629816,0.9566666644391262,0.9520174079150796,0.9523779264470469,0.5644136841425544
0.22599887000000002,0.8599918499023318,0.8234774943133892,0.8234774943133892,0.783111049444221,0.9606666444391585,0.956021070266606,0.9563833470197046,0.5670015921612982
0.22699886500000002,0.85878851302069,0.822013276556284,0.822013276556284,0.7813460295205132,0.9646666244391393,0.9600247702649725,0.9603887920673498,0.569592866488132
0.22799886000000003,0.8575884351064389,0.8205516601541009,0.8205516601541009,0.7795827380020216,0.9686666044390634,0.9640285070621578,0.9643942606379374,0.5721875151524044
0.228998855,0.8563915940109111,0.8190926244144066,0.8190926244144066,0.7778211557369196,0.9726665844389281,0.9680322798152386,0.9683997517909414,0.5747855462240427
0.22999885,0.8551979678262926,0.8176361488792763,0.8176361488792763,0.7760612637938372,0.9766665644387349,0.9720360876931958,0.972405264605614,0.5773869678136513
0.230998845,0.8540075348887655,0.8161822133174214,0.8161822133174214,0.7743030434811602,0.980666544438489,0.9760399298816083,0.9764107981677407,0.579991788072613
0.23199884,0.8528202737685233,0.8147307977364285,0.8147307977364285,0.7725464763299996,0.9846665244381999,0.980043805566377,0.9804163515776531,0.5826000151931929
0.23299883500000002,0.8516361632696657,0.8132818823555176,0.8132818823555176,0.7707915440845072,0.9886665044378807,0.9840477139587648,0.9844219239539318,0.5852116574086443
0.23399883000000002,0.8504551824290376,0.8118354476314674,0.8118354476314674,0.7690382287229287,0.9926664844375489,0.9880516542650399,0.9884275144193296,0.5878267229933148
0.23499882500000002,0.8492773105075534,0.8103914742272704,0.8103914742272704,0.7672865124298567,0.9966664644372246,0.9920556257157392,0.9924331221150121,0.5904452202627577
0.23599882,0.8481025269932702,0.8089499430314304,0.8089499430314304,0.7655363776028334,1.0006664444369306,0.996059627542433,0.9964387461949129,0.5930671575738414
0.236998815,0.8469308115955096,0.8075108351416292,0.8075108351416292,0.7637878068597738,1.0046664244366899,1.0000636589914287,1.0004443858196992,0.5956925433248642
0.23799881,0.8457621442393256,0.8060741318657754,0.8060741318657754,0.762040783013634,1.008666404436525,1.0040677193195207,1.0044500401695873,0.5983213859556696
0.238998805,0.8445965050693574,0.8046398147244881,0.8046398147244881,0.7602952890913168,1.0126663844364547,1.0080718077884383,1.0084557084317751,0.6009536939477627
0.2399988,0.8434338744404873,0.8032078654325239,0.8032078654325239,0.7585513083229726,1.0166663644364924,1.012075923680705,1.0124613898049015,0.6035894758244298
0.24099879500000002,0.8422742329170817,0.8017782659213667,0.8017782659213667,0.7568088241276529,1.0206663444366422,1.0160800662737768,1.0164670835055667,0.60622874015086
0.24199879000000002,0.8411175612735183,0.8003509983070776,0.8003509983070776,0.7550678201352785,1.0246663244368948,1.0200842348696728,1.0204727887541867,0.6088714955342686
0.24299878500000002,0.8399638404849817,0.7989260449141731,0.7989260449141731,0.7533282801639254,1.0286663044372233,1.024088428768014,1.0244785047863356,0.6115177506240203
0.24399878000000003,0.838813051730828,0.7975033882536338,0.7975033882536338,0.7515901882180755,1.0326662844375787,1.028092647285361,1.028484230852143,0.6141675141117632
0.244998775,0.8376651763896639,0.7960830110302816,0.7960830110302816,0.7498535285051107,1.0366662644378828,1.0320968897450222,1.0324899662054192,0.6168207947315514
0.24599877,0.8365201960335349,0.7946648961404101,0.7946648961404101,0.7481182854068424,1.0406662444380228,1.036101155476768,1.0364957101182422,0.6194776012599793
0.246998765,0.8353780924322975,0.7932490266577042,0.7932490266577042,0.7463844434955622,1.0446662244380376,1.0401054438281152,1.0405014618703974,0.6221379425163132
0.24799876,0.8342388475448389,0.7918353858528676,0.7918353858528676,0.7446519875290623,1.048666204438065,1.0441097541423074,1.044507220750738,0.6248018273626273
0.24899875500000002,0.8331024435186722,0.7904239571626798,0.7904239571626798,0.742920902434259,1.0526661844380865,1.0481140857862958,1.0485129860649351,0.6274692647039425
0.24999875000000002,0.831968862688863,0.7890147242165212,0.7890147242165212,0.7411911733269175,1.0566661644380935,1.0521184381220987,1.0525187571230041,0.6301402634883625
0.250998745,0.8308380875739061,0.7876076708096065,0.7876076708096065,0.7394627854955096,1.0606661444380856,1.056122810530614,1.0565245332469737,0.6328148327072173
0.25199874,0.8297101008735837,0.7862027809167375,0.7862027809167375,0.7377357243926848,1.0646661244380675,1.0601272023956958,1.0605303137742674,0.635492981395208
0.25299873500000003,0.8285848854665343,0.7848000386836529,0.7848000386836529,0.7360099756564645,1.068666104438047,1.064131613110242,1.0645360980445542,0.6381747186305474
0.25399873,0.8274624244090849,0.7833994284217727,0.7833994284217727,0.734285525083718,1.072666084438033,1.068136042078906,1.0685418854132112,0.6408600535351119
0.25499872500000004,0.8263427009317239,0.7820009346143582,0.7820009346143582,0.7325623586376315,1.0766660644380341,1.0721404887098434,1.0725476752458674,0.6435489952745889
0.25599872,0.8252256984370617,0.7806045419067436,0.7806045419067436,0.7308404624552619,1.0806660444380576,1.0761449524218842,1.0765534669129582,0.6462415530586265
0.256998715,0.8241114004976328,0.7792102351053005,0.7792102351053005,0.7291198228236733,1.0846660244381086,1.0801494326432666,1.0805592598016935,0.6489377361409908
0.25799871,0.8229997908540803,0.7778179991804746,0.7778179991804746,0.7274004261991562,1.08866600443819,1.0841539288065563,1.0845650533042055,0.6516375538197181
0.258998705,0.8218908534126131,0.7764278192592822,0.7764278192592822,0.725682259197237,1.0926659844383004,1.0881584403536786,1.0885708468218802,0.6543410154372727
0.2599987,0.820784572242971,0.7750396806223863,0.7750396806223863,0.7239653085794345,1.0966659644384373,1.0921629667365595,1.0925766397714571,0.6570481303807076
0.260998695,0.8196809315763197,0.773653568707865,0.773653568707865,0.7222495612754375,1.100665944438594,1.0961675074114758,1.0965824315716843,0.6597589080818249
0.26199869000000003,0.8185799158032449,0.7722694691051645,0.7722694691051645,0.7205350043613384,1.104665924438762,1.1001720618427622,1.1005882216541454,0.6624733580173401
0.262998685,0.8174815094714596,0.7708873675512393,0.7708873675512393,0.7188216250588411,1.1086659044389302,1.104176629504418,1.1045940094625637,0.6651914897090477
0.26399868000000004,0.8163856972839518,0.7695072499326463,0.7695072499326463,0.717109410751799,1.1126658844390875,1.1081812098761656,1.1085997944426695,0.6679133127239867
0.264998675,0.8152924640973752,0.7681291022829932,0.7681291022829932,0.7153983489590334,1.116665864439221,1.1121858024439244,1.1126055760559808,0.670638836674614
0.26599867,0.8142017949194851,0.7667529107776867,0.7667529107776867,0.7136884273507956,1.120665844439318,1.1161904067028066,1.116611353769763,0.6733680712189731
0.266998665,0.8131136749075021,0.765378661734774,0.765378661734774,0.7119796337443485,1.1246658244393681,1.1201950221544499,1.1206171270584178,0.6761010260608687
0.26799866,0.812028089366045,0.7640063416130844,0.7640063416130844,0.7102719560885722,1.1286658044393612,1.1241996483069132,1.124622895410824,0.6788377109500425
0.26899865500000003,0.810945023745254,0.7626359370094786,0.7626359370094786,0.7085653824840087,1.1326657844392907,1.1282042846754192,1.1286286583184715,0.6815781356823519
0.26999865,0.8098644636392919,0.7612674346571864,0.7612674346571864,0.7068599011674253,1.1366657644391525,1.132208930782107,1.1326344152828607,0.684322310099947
0.27099864500000004,0.8087863947843862,0.7599008214241785,0.7599008214241785,0.7051555005042642,1.1406657444389474,1.1362135861557872,1.1366401658186205,0.6870702440914562
0.27199864,0.8077108030568133,0.7585360843112835,0.7585360843112835,0.7034521690098936,1.144665724438679,1.140218250331951,1.140645909441095,0.68982194759217
0.272998635,0.8066376744714722,0.757173210450433,0.757173210450433,0.7017498953237369,1.1486657044383564,1.1442229228526908,1.1446516456793878,0.6925774305842283
0.27399863,0.8055669951784743,0.7558121871029302,0.7558121871029302,0.7000486682200583,1.1526656844379934,1.1482276032666197,1.148657374069643,0.6953367030968064
0.274998625,0.8044987514652729,0.7544530016577458,0.7544530016577458,0.6983484766068455,1.1566656644376068,1.1522322911287919,1.152663094154766,0.6980997752063062
0.27599862000000003,0.8034329297513337,0.7530956416298349,0.7530956416298349,0.6966493095206869,1.1606656444372185,1.1562369860006263,1.1566688054863157,0.700866657036548
0.276998615,0.8023695165863574,0.7517400946585804,0.7517400946585804,0.6949511561255671,1.164665624436852,1.1602416874497399,1.1606745076242955,0.7036373587589685
0.27799861000000003,0.8013084986523623,0.7503863485062957,0.7503863485062957,0.693254005711937,1.168665604436534,1.1642463950497526,1.164680200136822,0.7064118905928137
0.278998605,0.8002498627588154,0.7490343910560762,0.7490343910560762,0.6915578476986957,1.1726655844362894,1.1682511083806955,1.168685882598251,0.7091902628053405
0.2799986,0.7991935958402415,0.7476842103106931,0.7476842103106931,0.6898626716277997,1.1766655644361423,1.1722558270285064,1.1726915545912655,0.7119724857120184
0.280998595,0.7981396849584736,0.746335794390852,0.746335794390852,0.6881684671638588,1.1806655444361118,1.176260550585118,1.176697215706304,0.7147585696767309
0.28199859,0.7970881172984922,0.7449891315336523,0.7449891315336523,0.6864752240917982,1.1846655244362083,1.1802652786483843,1.1807028655420395,0.7175485251119822
0.282998585,0.7960388801655477,0.7436442100910674,0.7436442100910674,0.6847829323192931,1.1886655044364314,1.1842700108220117,1.1847085037033374,0.7203423624791064
0.28399858,0.7949919609872182,0.742301018528449,0.742301018528449,0.6830915818733323,1.1926654844367641,1.1882747467154873,1.1887141298023507,0.7231400922884734
0.28499857500000003,0.7939473473100723,0.7409595454230509,0.7409595454230509,0.6814011628973498,1.1966654644371695,1.1922794859440122,1.1927197434593224,0.7259417250997062
0.28599857,0.792905026796621,0.7396197794625758,0.7396197794625758,0.6797116656525538,1.2006654444375822,1.1962842281284316,1.1967253443011756,0.728747271521892
0.28699856500000004,0.7918649872265534,0.7382817094441488,0.7382817094441488,0.678023080515731,1.2046654244379054,1.2002889728948123,1.2007309319619919,0.7315567422137985
0.28799856,0.7908272164948575,0.7369453242720874,0.7369453242720874,0.6763353979782631,1.2086654044380087,1.2042937198750947,1.2047365060828557,0.734370147884096
0.288998555,0.789791702608342,0.7356106129571167,0.7356106129571167,0.6746486086450263,1.2126653844380317,1.2082984687064942,1.20874206631178,0.7371874992915751
0.28999855,0.7887584336856664,0.7342775646148131,0.7342775646148131,0.6729627032333148,1.216665364438064,1.2123032190315992,1.212747612303628,0.7400088072453705
0.290998545,0.7877273979577176,0.7329461684643419,0.7329461684643419,0.6712776725717912,1.2206653444380868,1.2163079704982296,1.216753143720038,0.7428340826051907
0.29199854000000003,0.7866985837629602,0.7316164138269738,0.7316164138269738,0.6695935075994576,1.2246653244380927,1.2203127227595068,1.2207586602293496,0.7456633362815389
0.292998535,0.7856719795469125,0.7302882901236893,0.7302882901236893,0.6679101993646535,1.2286653044380815,1.2243174754747195,1.2247641615065286,0.7484965792359496
0.29399853000000004,0.7846475738639039,0.7289617868774843,0.7289617868774843,0.6662277390240753,1.2326652844380597,1.228322228306165,1.228769647233094,0.7513338224812174
0.294998525,0.7836253553724131,0.7276368937085587,0.7276368937085587,0.6645461178418213,1.2366652644380354,1.232326980922139,1.2327751170970453,0.7541750770816328
0.29599852000000004,0.7826053128317842,0.7263136003326534,0.7263136003326534,0.6628653271884575,1.240665244438019,1.2363317329972126,1.2367805707927915,0.7570203541532193
0.296998515,0.781587435110667,0.7249918965628145,0.7249918965628145,0.6611853585401083,1.24466522443802,1.2403364842095987,1.240786008021078,0.7598696648639726
0.29799851,0.7805717111714923,0.7236717723072378,0.7236717723072378,0.6595062034775682,1.2486652044380468,1.2443412342419082,1.2447914284889177,0.7627230204341016
0.298998505,0.7795581300828376,0.7223532175666628,0.7223532175666628,0.6578278536854375,1.2526651844381056,1.2483459827822836,1.2487968319095208,0.7655804321362744
0.2999985,0.7785466810088987,0.721036222432558,0.721036222432558,0.6561503009515851,1.256665164438198,1.2523507295248657,1.252802218002066,0.7684419112958609
0.30099849500000003,0.77753735321214,0.7197207770899668,0.7197207770899668,0.6544735371645443,1.2606651444383254,1.2563554741663414,1.2568075864925579,0.7713074692911855
0.30199849,0.7765301360540047,0.7184068718131801,0.7184068718131801,0.6527975543164898,1.2646651244384832,1.2603602164085852,1.2608129371117998,0.7741771175537807
0.30299848500000004,0.7755250189855468,0.717094496964282,0.717094496964282,0.6511223444990246,1.2686651044386652,1.264364955958865,1.2648182695971095,0.7770508675686353
0.30399848,0.7745219915602294,0.7157836429923463,0.7157836429923463,0.6494478999038463,1.272665084438862,1.2683696925295163,1.2688235836915138,0.7799287308744529
0.304998475,0.7735210434163783,0.7144743004353015,0.7144743004353015,0.6477742128209312,1.276665064439062,1.272374425835407,1.2728288791442413,0.7828107190639096
0.30599847,0.7725221642909895,0.7131664599164175,0.7131664599164175,0.6461012756381523,1.2806650444392527,1.276379155595935,1.2768341557104823,0.7856968437839158
0.306998465,0.7715253440079183,0.7118601121381329,0.7118601121381329,0.6444290808432742,1.2846650244394193,1.2803838815392004,1.2808394131499412,0.7885871167358778
0.30799846000000003,0.7705305724820257,0.7105552478954389,0.7105552478954389,0.6427576210198198,1.2886650044395485,1.2843886033899576,1.284844651228554,0.7914815496759672
0.308998455,0.7695378397188922,0.7092518580559067,0.7092518580559067,0.6410868888478762,1.292664984439627,1.2883933208852925,1.2888498697176738,0.7943801544153848
0.30999845000000004,0.768547135806346,0.7079499335751053,0.7079499335751053,0.6394168771024432,1.2966649644396433,1.2923980337609262,1.2928550683945286,0.7972829428206358
0.310998445,0.7675584509269188,0.7066494654876407,0.7066494654876407,0.6377475786532385,1.3006649444395886,1.2964027417577766,1.296860247041942,0.8001899268138002
0.31199844,0.7665717753402775,0.7053504449020637,0.7053504449020637,0.636078986466627,1.3046649244394575,1.3004074446252516,1.3008654054469817,0.8031011183728088
0.312998435,0.7655870993979847,0.7040528630146783,0.7040528630146783,0.6344110936016992,1.3086649044392482,1.3044121421090558,1.3048705434026113,0.8060165295317248
0.31399843,0.7646044135304412,0.7027567110895208,0.7027567110895208,0.6327438932110805,1.3126648844389632,1.3084168339667888,1.3088756607069296,0.80893617238102
0.314998425,0.7636237082525708,0.701461980473251,0.701461980473251,0.6310773785394347,1.3166648644386105,1.3124215199549019,1.3128807571635994,0.8118600590678626
0.31599842,0.762644974162381,0.7001686625873061,0.7001686625873061,0.6294115429234566,1.320664844438202,1.3164261998343332,1.316885832581526,0.8147882017964014
0.31699841500000003,0.7616682019336116,0.6988767489218266,0.6988767489218266,0.6277463797932367,1.324664824437756,1.3204308733746226,1.320890886773849,0.817720612828055
0.31799841,0.7606933823275416,0.6975862310502654,0.6975862310502654,0.6260818826719626,1.328664804437293,1.3244355403412682,1.3248959195577945,0.8206573044818024
0.31899840500000004,0.7597205061756696,0.6962971006093667,0.6962971006093667,0.6244180451666935,1.3326647844368396,1.3284402005112033,1.3289009307590638,0.8235982891344803
0.3199984,0.7587495643952261,0.6950093493134604,0.6950093493134604,0.6227548609815848,1.3366647644364231,1.3324448536604427,1.332905920204834,0.8265435792210742
0.320998395,0.7577805479749397,0.693722968947714,0.693722968947714,0.6210923239108852,1.340664744436073,1.336449499568823,1.3369108877270446,0.8294931872350242
0.32199839,0.7568134479822745,0.6924379513611576,0.6924379513611576,0.6194304278315901,1.344664724435818,1.3404541380248522,1.3409158331658437,0.8324471257285234
0.322998385,0.7558482555607049,0.6911542884819525,0.6911542884819525,0.6177691667167066,1.348664704435683,1.3444587688127339,1.3449207563626215,0.8354054073128216
0.32399838000000003,0.7548849619237014,0.6898719722974938,0.6898719722974938,0.616108534627999,1.352664684435687,1.348463391727623,1.3489256571634398,0.8383680446585379
0.324998375,0.7539235583655716,0.6885909948680387,0.6885909948680387,0.6144485257088447,1.3566646644358393,1.3524680065639996,1.352930535422391,0.8413350504959654
0.32599837000000004,0.7529640362446844,0.6873113483210385,0.6873113483210385,0.6127891341977104,1.3606646444361354,1.3564726131195417,1.3569353909945767,0.8443064376153875
0.326998365,0.752006386999511,0.6860330248433405,0.6860330248433405,0.6111303544206335,1.3646646244365517,1.3604772112006298,1.3609402237396824,0.8472822188673941
0.32799836000000004,0.7510506021333058,0.6847560166969854,0.6847560166969854,0.609472180784286,1.3686646044370412,1.3644818006091461,1.3649450335252504,0.8502624071631973
0.328998355,0.7500966732228933,0.6834803161995455,0.6834803161995455,0.6078146077896539,1.3726645844375256,1.3684863811574217,1.3689498202196015,0.8532470154749553
0.32999835,0.7491445919145387,0.6822059157370285,0.6822059157370285,0.6061576300242477,1.3766645644378894,1.372490952657363,1.372954583695563,0.8562360568360959
0.330998345,0.7481943499194889,0.6809328077592633,0.6809328077592633,0.6045012421553889,1.3806645444379904,1.3764955149234954,1.376959323833641,0.8592295443416436
0.33199834,0.7472459390243225,0.6796609847713627,0.6796609847713627,0.602845438944075,1.3846645244380171,1.3805000677790396,1.3809640405148995,0.8622274911485522
0.33299833500000003,0.7462993510702893,0.6783904393499194,0.6783904393499194,0.60119021523692,1.3886645044380526,1.3845046110425847,1.384968733624833,0.8652299104760389
0.33399833,0.7453545779823852,0.6771211641236853,0.6771211641236853,0.5995355659596739,1.3926644844380767,1.3885091445426547,1.3889734030564405,0.8682368156059127
0.33499832500000004,0.744411611731333,0.6758531517857022,0.6758531517857022,0.5978814861312567,1.3966644644380826,1.3925136681076007,1.3929780487030625,0.871248219882922
0.33599832,0.7434704443721089,0.674586395089709,0.674586395089709,0.5962279708554322,1.4006644444380705,1.396518181567857,1.396982670462401,0.8742641367150895
0.336998315,0.742531068006317,0.6733208868409474,0.6733208868409474,0.5945750153145662,1.4046644244380464,1.4005226847625107,1.4009872682394864,0.8772845795740621
0.33799831,0.74159347481344,0.6720566199126361,0.6720566199126361,0.5929226147838179,1.4086644044380199,1.4045271775259416,1.404991841939482,0.8803095619954566
0.338998305,0.740657657025254,0.6707935872270865,0.6707935872270865,0.5912707646225458,1.4126643844380011,1.4085316597019375,1.4089963914718473,0.8833390975792113
0.33999830000000003,0.7397236069419468,0.6695317817669633,0.6695317817669633,0.5896194602683148,1.416664364438001,1.4125361311344087,1.4130009167531947,0.8863731999899387
0.340998295,0.738791316921056,0.6682711965720298,0.6682711965720298,0.5879686972512299,1.4206643444380276,1.4165405916693994,1.417005417700067,0.8894118829572856
0.34199829000000004,0.7378607793826926,0.6670118247332965,0.6670118247332965,0.5863184711850744,1.424664324438088,1.4205450411590514,1.421009894233243,0.8924551602762898
0.342998285,0.7369319868072837,0.6657536594015697,0.6657536594015697,0.5846687777615769,1.4286643044381853,1.4245494794545315,1.4250143462804776,0.8955030458077459
0.34399828,0.73600493173151,0.6644966937766389,0.6644966937766389,0.583019612764869,1.4326642844383197,1.4285539064138126,1.429018773769262,0.8985555534785716
0.344998275,0.7350796067564798,0.6632409211178335,0.6632409211178335,0.5813709720623615,1.4366642644384882,1.4325583218931037,1.433023176631265,0.9016126972821757
0.34599827,0.7341560045325988,0.661986334729011,0.661986334729011,0.5797228515992773,1.4406642444386835,1.4365627257578202,1.4370275548049574,0.9046744912788327
0.34699826500000003,0.7332341177790779,0.6607329279783162,0.6607329279783162,0.5780752474132181,1.4446642244388972,1.4405671178670476,1.4410319082283563,0.9077409495960591
0.34799826,0.7323139392577118,0.6594806942701629,0.6594806942701629,0.576428155624782,1.4486642044391165,1.4445714980943851,1.4450362368436034,0.9108120864289907
0.34899825500000003,0.7313954618028641,0.6582296270784428,0.6582296270784428,0.5747815724323683,1.4526641844393284,1.4485758663022583,1.4490405405994666,0.9138879160407681
0.34999825,0.7304786782858892,0.6569797199079633,0.6569797199079633,0.5731354941268412,1.4566641644395177,1.4525802223707032,1.453044819444078,0.9169684527629206
0.35099824500000004,0.729563581652978,0.6557309663336661,0.6557309663336661,0.5714899170818883,1.4606641444396704,1.4565845661672303,1.4570490733296448,0.9200537109957563
0.35199824,0.7286501648837242,0.6544833599606704,0.6544833599606704,0.569844837749109,1.4646641244397713,1.4605888975765744,1.4610533022148242,0.9231437052087552
0.352998235,0.7277384210324402,0.6532368944609904,0.6532368944609904,0.5682002526727548,1.4686641044398083,1.464593216472567,1.4650575060574622,0.9262384499409648
0.35399823,0.7268283431861463,0.6519915635393915,0.6519915635393915,0.5665561584798362,1.4726640844397714,1.468597522743416,1.4690616848194333,0.9293379598013985
0.354998225,0.7259199245031873,0.6507473609617017,0.6507473609617017,0.5649125518755008,1.476664064439653,1.4726018162700063,1.4730658384688864,0.9324422494694414
0.35599822000000003,0.7250131581777046,0.6495042805310784,0.6495042805310784,0.5632694296578338,1.4806640444394503,1.476606096943297,1.4770699669729899,0.9355513336952533
0.356998215,0.7241080374680245,0.6482623161046241,0.6482623161046241,0.5616267887077191,1.4846640244391645,1.4806103646514635,1.481074070302897,0.9386652273001805
0.35799821000000004,0.7232045556743417,0.647021461582041,0.647021461582041,0.5599846259845129,1.4886640044388022,1.484614619287993,1.4850781484358606,0.9417839451771689
0.358998205,0.7223027061525982,0.6457817109098857,0.6457817109098857,0.5583429385408882,1.4926639844383744,1.4886188607480983,1.4890822013479887,0.9449075022911795
0.35999820000000005,0.7214024823056402,0.6445430580821077,0.6445430580821077,0.5567017235124563,1.496663964437898,1.4926230889279557,1.493086229019336,0.9480359136796109
0.360998195,0.7205038775861549,0.6433054971331831,0.6433054971331831,0.555060978113742,1.5006639444373941,1.4966273037293991,1.4970902314358778,0.9511691944527215
0.36199819,0.7196068854975305,0.6420690221496765,0.6420690221496765,0.553420699653055,1.5046639244368887,1.5006315050510082,1.501094208582292,0.9543073597940589
0.36299818500000003,0.7187114995865663,0.6408336272505282,0.6408336272505282,0.5517808855218783,1.5086639044364103,1.5046356928022868,1.505098160447163,0.9574504249608948
0.36399818,0.7178177134554458,0.6395993066140598,0.6395993066140598,0.5501415331911527,1.5126638844359899,1.5086398668834056,1.5091020870248204,0.960598405284655
0.36499817500000004,0.7169255207429495,0.638366054443465,0.638366054443465,0.5485026402262185,1.5166638644356583,1.512644027210239,1.5131059883081168,0.9637513161713585
0.36599817,0.7160349151479134,0.6371338650043283,0.6371338650043283,0.5468642042747196,1.5206638444354441,1.5166481736864565,1.5171098642943557,0.966909173102063
0.36699816500000004,0.7151458903994707,0.6359027325847425,0.6359027325847425,0.5452262230673999,1.5246638244353716,1.5206523062324306,1.521113714984954,0.9700719916333084
0.36799816,0.7142584402905696,0.6346726515337617,0.6346726515337617,0.543588694431316,1.5286638044354557,1.524656424756746,1.52511754037909,0.9732397873975696
0.368998155,0.7133725586395664,0.6334436162244316,0.6334436162244316,0.5419516162611154,1.5326637844356998,1.5286605291828932,1.529121340487689,0.9764125761037095
0.36999815,0.712488239330582,0.632215621086183,0.632215621086183,0.5403149865647908,1.5366637644360908,1.5326646194253037,1.53312511531132,0.9795903735374373
0.370998145,0.7116054762705689,0.6309886605764735,0.6309886605764735,0.5386788034082531,1.540663744436592,1.5366686954096922,1.5371288648671086,0.9827731955617703
0.37199814000000003,0.7107242634314774,0.6297627292027177,0.6297627292027177,0.5370430649721405,1.5446637244371408,1.540672757056789,1.5411325891613192,0.9859610581175007
0.372998135,0.7098445948087277,0.6285378215056469,0.6285378215056469,0.5354077695016214,1.5486637044376372,1.54467680429412,1.545136288213712,0.989153977223663
0.37399813000000004,0.7089664644583527,0.6273139320689661,0.6273139320689661,0.5337729153460268,1.5526636844379405,1.5486808370486926,1.5491399620384745,0.9923519689780128
0.374998125,0.7080898664646115,0.6260910555149423,0.6260910555149423,0.5321385009335743,1.5566636644379697,1.5526848552499053,1.553143610656515,0.9955550495575
0.37599812,0.7072147949643427,0.624869186502578,0.624869186502578,0.5305045247826806,1.560663644437979,1.5566888588305543,1.5571472340900987,0.9987632352187531
0.376998115,0.7063412441288851,0.6236483197341296,0.6236483197341296,0.5288709855059778,1.5646636244379863,1.5606928477218713,1.5611508323610062,1.0019765422985671
0.37799811,0.7054692081749439,0.6224284499412156,0.6224284499412156,0.5272378817903454,1.5686636044379876,1.5646968218631991,1.5651544055002622,1.0051949872143906
0.37899810500000003,0.7045986813584458,0.6212095719057176,0.6212095719057176,0.5256052124342476,1.5726635844379837,1.5687007811867506,1.569157953530246,1.0084185864648232
0.3799981,0.7037296579747518,0.6199916804308986,0.6199916804308986,0.5239729762982451,1.5766635644379767,1.572704725637984,1.5731614764886428,1.0116473566301138
0.38099809500000004,0.7028621323629137,0.6187747703753294,0.6187747703753294,0.5223411723612928,1.5806635444379709,1.5767086551511154,1.577164974401447,1.0148813143726638
0.38199809,0.7019960988949021,0.6175588366147151,0.6175588366147151,0.5207097996660549,1.5846635244379699,1.5807125696760644,1.581168447309399,1.0181204764375333
0.38299808500000004,0.7011315519914623,0.6163438740806269,0.6163438740806269,0.5190788573667748,1.5886635044379778,1.5847164691506308,1.5851718952450788,1.0213648596529579
0.38399808,0.7002684860996254,0.6151298777218922,0.6151298777218922,0.5174483446938569,1.5926634844379963,1.5887203535276737,1.5891753182500585,1.0246144809308564
0.384998075,0.699406895719983,0.613916842540077,0.613916842540077,0.5158182609759172,1.5966634644380266,1.5927242227496872,1.5931787163644349,1.0278693572673618
0.38599807,0.6985467753735737,0.6127047635572133,0.6127047635572133,0.5141886056333392,1.6006634444380685,1.596728076771417,1.5971820896300555,1.03112950574334
0.386998065,0.6976881196385719,0.6114936358425396,0.6114936358425396,0.5125593781701548,1.6046634244381195,1.6007319155407003,1.6011854380945525,1.0343949435249198
0.38799806000000003,0.6968309231094664,0.6102834544907741,0.6102834544907741,0.5109305781980255,1.6086634044381762,1.6047357390135786,1.6051887617999692,1.0376656878640305
0.388998055,0.6959751804393316,0.6090742146371887,0.6090742146371887,0.5093022053982214,1.6126633844382334,1.6087395471434256,1.6091920608011485,1.0409417560989382
0.38999805000000004,0.6951208862960451,0.6078659114480669,0.6078659114480669,0.5076742595720463,1.6166633644382866,1.6127433398874456,1.6131953351416837,1.0442231656547898
0.390998045,0.6942680354044787,0.6066585401237565,0.6066585401237565,0.5060467405880988,1.6206633444383292,1.6167471172042882,1.6171985848793653,1.047509934044163
0.39199804000000005,0.6934166225063305,0.6054520959006637,0.6054520959006637,0.504419648428283,1.6246633244383564,1.6207508790524452,1.6212018100642673,1.0508020788676158
0.392998035,0.6925666423947474,0.6042465740430922,0.6042465740430922,0.5027929831571747,1.6286633044383627,1.6247546253957241,1.6252050107535871,1.0540996178142503
0.39399803,0.6917180898861728,0.6030419698568668,0.6030419698568668,0.501166744936451,1.6326632844383449,1.6287583561935408,1.6292081870048887,1.0574025686622752
0.39499802500000003,0.6908709598394749,0.601838278668026,0.601838278668026,0.4995409340284224,1.6366632644383006,1.6327620714155358,1.633211338874569,1.0607109492795666
0.39599802,0.6900252471430852,0.6006354958511151,0.6006354958511151,0.49791555077540495,1.6406632444382296,1.636765771021707,1.6372144664279054,1.0640247776242455
0.39699801500000004,0.689180946722119,0.5994336167945279,0.5994336167945279,0.49629059563581507,1.644663224438134,1.6407694549862581,1.6412175697219267,1.0673440717452558
0.39799801,0.6883380535353574,0.5982326369378828,0.5982326369378828,0.49466606914527583,1.6486632044380183,1.644773123271499,1.6452206488242167,1.0706688497829424
0.39899800500000004,0.687496562572382,0.5970325517331571,0.5970325517331571,0.4930419719479645,1.6526631844378892,1.6487767758545415,1.6492237037980684,1.0739991299696448
0.399998,0.686656468861435,0.5958333566820619,0.5958333566820619,0.4914183047818185,1.6566631644377552,1.6527804127012826,1.6532267347097431,1.077334930630286
0.400997995,0.6858177674550038,0.5946350473007875,0.5946350473007875,0.4897950684750315,1.6606631444376274,1.6567840337905406,1.6572297416303288,1.0806762701829702
0.40199799,0.6849804534495644,0.5934376191508257,0.5934376191508257,0.4881722639685959,1.6646631244375176,1.660787639092631,1.6612327246251162,1.0840231671395884
0.402997985,0.684144521959442,0.592241067812607,0.592241067812607,0.48654989228200946,1.6686631044374372,1.664791228587322,1.6652356837702118,1.0873756401064238
0.40399798000000003,0.6833099681476899,0.5910453889057593,0.5910453889057593,0.4849279545524729,1.6726630844373969,1.6687948022497354,1.6692386191339423,1.090733707784768
0.404997975,0.682476787189895,0.5898505780743785,0.5898505780743785,0.4833064520026766,1.6766630644374043,1.6727983600602774,1.6732415307924724,1.0940973889715389
0.40599797000000004,0.6816449743135995,0.5886566309952502,0.5886566309952502,0.4816853859602021,1.6806630444374628,1.6768019019988267,1.6772444188207003,1.097466702559904
0.406997965,0.6808145247555689,0.5874635433749568,0.5874635433749568,0.4800647578561977,1.6846630244375678,1.6808054280465516,1.6812472832930798,1.1008416675399124
0.40799796,0.6799854338053131,0.5862713109471298,0.5862713109471298,0.47844456920877976,1.6886630044377051,1.6848089381876072,1.6852501242917732,1.1042223029991303
0.408997955,0.6791576967611822,0.5850799294799476,0.5850799294799476,0.47682482165661094,1.692662984437847,1.6888124324038765,1.6892529418907425,1.107608628123278
0.40999795,0.6783313089717016,0.5838893947615603,0.5838893947615603,0.47520551692006313,1.6966629644379476,1.6928159106846967,1.6932557361745733,1.1110006621968824
0.41099794500000003,0.6775062657977022,0.5826997026220921,0.5826997026220921,0.47358665683575424,1.7006629444379646,1.6968193730117962,1.697258507222109,1.1143984246039258
0.41199794,0.6766825626436449,0.5815108489041575,0.5815108489041575,0.4719682433358805,1.7046629244379723,1.7008228193790842,1.7012612551165631,1.1178019348285022
0.41299793500000004,0.6758601949333057,0.5803228294970799,0.5803228294970799,0.4703502784548716,1.708662904437979,1.70482624976938,1.7052639799425335,1.1212112124554872
0.41399793,0.6750391581255415,0.5791356402993438,0.5791356402993438,0.4687327643335392,1.7126628844379808,1.708829664179595,1.7092666817842113,1.1246262771712012
0.41499792500000005,0.6742194477045588,0.577949277256471,0.577949277256471,0.4671157032150785,1.7166628644379776,1.7128330625950652,1.7132693607275071,1.1280471487640884
0.41599792,0.6734010591841387,0.5767637363239262,0.5767637363239262,0.46549909744547313,1.7206628444379715,1.7168364450143654,1.7172720168600666,1.131473847125398
0.416997915,0.672583988107809,0.5755790135010797,0.5755790135010797,0.4638829494760284,1.7246628244379663,1.7208398114263432,1.7212746502702627,1.1349063922498708
0.41799791000000003,0.6717682300426289,0.574395104800887,0.574395104800887,0.4622672618649065,1.7286628044379655,1.724843161830329,1.725277261046665,1.1383448042364332
0.418997905,0.6709537805907846,0.5732120062748717,0.5732120062748717,0.46065203727489823,1.7326627844379723,1.7288464962192505,1.7292798492793253,1.1417891032888974
0.41999790000000004,0.6701406353714603,0.5720297139933892,0.5720297139933892,0.45903727847386394,1.736662764437989,1.732849814592712,1.7332824150597819,1.145239309716666
0.420997895,0.6693287900443958,0.5708482240590711,0.5708482240590711,0.45742298833600875,1.740662744438016,1.7368531169478683,1.7372849584806607,1.148695443935445
0.42199789000000004,0.6685182402802368,0.5696675325989815,0.5696675325989815,0.45580916984515896,1.7446627244380533,1.7408564032845382,1.7412874796343092,1.1521575264679629
0.422997885,0.6677089817947301,0.5684876357664658,0.5684876357664658,0.4541958260916344,1.748662704438098,1.7448596736038335,1.7452899786145253,1.1556255779446942
0.42399788000000005,0.6669010103098094,0.5673085297444077,0.5673085297444077,0.4525829602731134,1.7526626844381479,1.7488629279058774,1.749292455516359,1.1590996191045977
0.424997875,0.6660943215952406,0.5661302107359076,0.5661302107359076,0.45097057569493687,1.7566626644381973,1.7528661661958578,1.7532949104361892,1.162579670795846
0.42599787,0.6652889114245581,0.5649526749795893,0.5649526749795893,0.4493586757743891,1.7606626444382425,1.756869388473775,1.7572973434698718,1.1660657539765715
0.42699786500000003,0.6644847756191168,0.5637759187270021,0.5637759187270021,0.4477472640373179,1.764662624438278,1.7608725947492572,1.761299754714599,1.1695578897156225
0.42799786,0.6636819100048528,0.5625999382705986,0.5625999382705986,0.4461363441199211,1.7686626044382983,1.7648757850229737,1.7653021442682548,1.173056099193314
0.42899785500000004,0.6628803104518382,0.5614247299161004,0.5614247299161004,0.4445259197645487,1.7726625844383,1.7688789593047518,1.7693045122316913,1.1765604037021995
0.42999785,0.6620799728396956,0.5602502900008551,0.5602502900008551,0.4429159948333416,1.7766625644382794,1.7728821176013532,1.7733068587023122,1.1800708246478377
0.43099784500000005,0.6612808930846563,0.5590766148864317,0.5590766148864317,0.44130657329481005,1.7806625444382354,1.7768852599212503,1.7773091837808315,1.1835873835495736
0.43199784,0.6604830671195343,0.5579037009597257,0.5579037009597257,0.4396976592262403,1.7846625244381675,1.7808883862737854,1.7813114875703433,1.187110102041321
0.432997835,0.6596864909063432,0.5567315446320322,0.5567315446320322,0.4380892568274958,1.788662504438079,1.784891496669673,1.7853137701698045,1.1906390018723612
0.43399783000000003,0.658891160429245,0.5555601423391558,0.5555601423391558,0.43648137040165447,1.7926624844379742,1.7888945911208154,1.789316031683726,1.1941741049081351
0.434997825,0.6580970716959569,0.5543894905445331,0.5543894905445331,0.4348740043706256,1.7966624644378593,1.7928976696381673,1.7933182722147707,1.1977154331310562
0.43599782000000004,0.6573042207412775,0.553219585733019,0.553219585733019,0.43326716327272496,1.8006624444377435,1.7969007322356902,1.7973204918651637,1.2012630086413225
0.436997815,0.6565126036173322,0.5520504244144552,0.5520504244144552,0.43166085175256286,1.8046624244376361,1.8009037789279154,1.8013226907418933,1.2048168536577368
0.43799781000000004,0.6557222164089614,0.5508820031259548,0.5508820031259548,0.4300550745791525,1.8086624044375486,1.804906809728371,1.8053248689480466,1.2083769905185404
0.438997805,0.654933055211894,0.5497143184259589,0.5497143184259589,0.42844983663471337,1.8126623844374907,1.8089098246533484,1.8093270265885388,1.2119434416822445
0.4399978,0.6541451161591172,0.5485473668956254,0.5485473668956254,0.4268451429112634,1.8166623644374713,1.8129128237208914,1.8133291637720512,1.2155162297284778
0.440997795,0.6533583953930517,0.5473811451480309,0.5473811451480309,0.42524099852867825,1.8206623444374965,1.8169158069447617,1.81733128060233,1.2190953773588382
0.44199779,0.6525728890883126,0.5462156498071509,0.5462156498071509,0.42363740871621497,1.824662324437566,1.8209187743479345,1.82133337718756,1.2226809073977514
0.44299778500000003,0.651788593436799,0.5450508775356959,0.5450508775356959,0.4220343788213235,1.8286623044376724,1.8249217259445256,1.8253354536362507,1.2262728427933387
0.44399778,0.6510055046541383,0.5438868250060068,0.5438868250060068,0.4204319143163561,1.8326622844377978,1.8289246617584909,1.8293375100541205,1.2298712066182942
0.44499777500000004,0.6502236189799551,0.5427234889253678,0.5427234889253678,0.41883002078315734,1.8366622644379103,1.8329275818072148,1.833339546552011,1.2334760220707668
0.44599777,0.649442932669851,0.5415608660167489,0.5415608660167489,0.417228703929732,1.8406622444379592,1.836930486113835,1.837341563237815,1.2370873124752508
0.44699776500000005,0.648663442010083,0.5403989530301503,0.5403989530301503,0.4156279695842913,1.8446622244379671,1.8409333746998537,1.8413435602196737,1.2407051012834893
0.44799776,0.6478851432981878,0.5392377467393626,0.5392377467393626,0.4140278236875378,1.8486622044379792,1.8449362475871458,1.8453455376100985,1.2443294120753776
0.448997755,0.6471080328626342,0.5380772439362496,0.5380772439362496,0.41242827231125107,1.8526621844379867,1.848939104801536,1.8493474955168654,1.2479602685598836
0.44999775000000003,0.6463321070455409,0.5369174414448928,0.5369174414448928,0.41082932164370395,1.8566621644379866,1.8529419463636716,1.8533494340505814,1.251597694575972
0.450997745,0.6455573622144138,0.535758336099516,0.535758336099516,0.4092309779912128,1.8606621444379803,1.8569447723030525,1.8573513533241672,1.2552417140935332
0.45199774000000004,0.6447837947565688,0.5345999247718549,0.5345999247718549,0.40763324779210247,1.8646621244379713,1.8609475826404833,1.8613532534460075,1.258892351214333
0.452997735,0.6440114010773964,0.53344220434211,0.53344220434211,0.4060361375984458,1.8686621044379639,1.8649503774065246,1.8653551345294521,1.2625496301729606
0.45399773000000004,0.6432401776085441,0.5322851717250032,0.5322851717250032,0.40443965409000093,1.8726620844379638,1.8689531566248152,1.869356996685979,1.266213575337788
0.454997725,0.6424701207932222,0.5311288238492885,0.5311288238492885,0.4028438040727251,1.8766620644379741,1.872955920325046,1.8733588400261716,1.2698842112119395
0.45599772000000005,0.6417012271049884,0.5299731576708191,0.5299731576708191,0.40124859446925515,1.8806620444379982,1.8769586685345772,1.8773606646648393,1.273561562434265
0.456997715,0.6409334930278174,0.5288181701662519,0.5288181701662519,0.39965403233533925,1.884662024438037,1.8809614012823679,1.8813624707128216,1.2772456537803325
0.45799771,0.6401669150727184,0.5276638583345357,0.5276638583345357,0.39806012484817904,1.88866200443809,1.8849641185979673,1.8853642582832173,1.2809365101634222
0.45899770500000003,0.6394014897661341,0.5265102191962185,0.5265102191962185,0.3964668793103943,1.8926619844381545,1.8889668205118813,1.8893660274895763,1.2846341566355302
0.4599977,0.6386372136549971,0.5253572497942067,0.5253572497942067,0.3948743031538303,1.8966619644382265,1.8929695070550272,1.8933677784441711,1.2883386183883851
0.46099769500000004,0.6378740833079378,0.5242049471964901,0.5242049471964901,0.3932824039325524,1.900661944438301,1.896972178256956,1.8973695112618616,1.2920499207544724
0.46199769,0.6371120953064493,0.523053308485346,0.523053308485346,0.3916911893343351,1.9046619244383713,1.9009748341525887,1.9013712260543527,1.295768089208066
0.46299768500000005,0.6363512462603642,0.5219023307737878,0.5219023307737878,0.3901006671665532,1.9086619044384308,1.9049774747717962,1.9053729229377987,1.2994931493662756
0.46399768,0.6355915327880864,0.520752011190363,0.520752011190363,0.38851084537545466,1.9126618844384726,1.9089801001489077,1.9093746020229216,1.3032251269900967
0.464997675,0.6348329515361102,0.5196023468870915,0.5196023468870915,0.38692173202178914,1.9166618644384907,1.9129827103176549,1.9133762634281068,1.306964047985477
0.46599767000000003,0.6340754991624414,0.5184533350403204,0.5184533350403204,0.38533333531371494,1.9206618444384802,1.9169853053105814,1.9173779072621848,1.3107099384043874
0.466997665,0.6333191723474109,0.5173049728406283,0.5173049728406283,0.3837456635673554,1.9246618244384377,1.9209878851653113,1.9213795336456776,1.3144628244459082
0.46799766000000004,0.6325639677892222,0.516157257509132,0.516157257509132,0.3821587252535313,1.928661804438362,1.9249904499142811,1.9253811426860272,1.31822273245732
0.468997655,0.6318098822009318,0.5150101862813885,0.5150101862813885,0.380572528947154,1.9326617844382539,1.9289929995947603,1.9293827345050196,1.3219896889352127
0.46999765000000004,0.6310569123201508,0.5138637564168465,0.5138637564168465,0.3789870833818511,1.9366617644381177,1.9329955342428824,1.9333843092095377,1.325763720526595
0.470997645,0.6303050548931644,0.5127179651992774,0.5127179651992774,0.37740239739417786,1.9406617444379592,1.936998053893331,1.9373858669220339,1.329544854030024
0.47199764,0.6295543066942333,0.5115728099219827,0.5115728099219827,0.37581847998186,1.9446617244377884,1.94100055858849,1.941387407749039,1.333333116396741
0.472997635,0.6288046645059201,0.5104282879191239,0.5104282879191239,0.3742353402452582,1.9486617044376162,1.9450030483589127,1.9453889318134254,1.337128534731816
0.47399763,0.6280561251357666,0.5092843965221355,0.5092843965221355,0.3726529874475971,1.952661684437456,1.9490055232503571,1.9493904392215096,1.3409311362953091
0.47499762500000003,0.6273086854009203,0.5081411331075905,0.5081411331075905,0.37107143095513245,1.956661664437322,1.9530079832940115,1.9533919300963543,1.3447409485034387
0.47599762,0.62656234214686,0.5069984950490544,0.5069984950490544,0.36949068029799426,1.960661644437228,1.9570104285363152,1.957393404544184,1.34855799892976
0.47699761500000004,0.6258170922193628,0.5058564797643265,0.5058564797643265,0.36791074511034827,1.9646616244371862,1.961012859009634,1.9613948626880413,1.3523823153063603
0.47799761,0.6250729325028607,0.5047150846690052,0.5047150846690052,0.3663316351906375,1.9686616044372047,1.9650152747609597,1.9653963046341667,1.3562139255250607
0.47899760500000005,0.6243298598736358,0.5035743072217089,0.5035743072217089,0.36475336044287937,1.972661584437287,1.9690176758238978,1.9693977305053871,1.360052857638629
0.4799976,0.6235878712502712,0.502434144879987,0.502434144879987,0.3631759309352371,1.9766615644374261,1.9730200622458587,1.9733991404080538,1.3638991398620113
0.480997595,0.6228469635446034,0.5012945951428709,0.5012945951428709,0.361599356843445,1.9806615444376046,1.9770224340617544,1.9774005344646008,1.3677528005735695
0.48199759000000003,0.6221071337032487,0.500155655509797,0.500155655509797,0.36002364850678975,1.9846615244377892,1.98102479131928,1.9814019127815694,1.3716138683163317
0.482997585,0.6213683786773837,0.49901732351980493,0.49901732351980493,0.35844881637451215,1.9886615044379257,1.9850271340547243,1.9854032754808415,1.375482371799254
0.48399758000000004,0.6206306954389166,0.49787959671417054,0.49787959671417054,0.3568748710584194,1.9926614844379555,1.9890294623159268,1.9894046226692117,1.379358339898497
0.484997575,0.61989408097739,0.49674247267153815,0.49674247267153815,0.3553018232829699,1.9966614644379694,1.9930317761406307,1.993405954467868,1.383241801658712
0.48599757000000005,0.6191585322908101,0.4956059489749909,0.4956059489749909,0.35372968393387905,2.000661444437984,1.997034075576676,1.9974072709839088,1.387132786294346
0.486997565,0.618424046406456,0.4944700232423758,0.4944700232423758,0.35215846401245604,2.004661424437992,2.0010363606633423,2.001408572337702,1.3910313231909481
0.48799756000000005,0.6176906203482769,0.4933346930985669,0.4933346930985669,0.35058817467969977,2.00866140443799,2.005038631448325,2.005409858636686,1.3949374419065022
0.48899755500000003,0.6169582511790406,0.4921999562002126,0.4921999562002126,0.34901882721532457,2.0126613844379797,2.0090408879725237,2.0094111300002995,1.3988511721727612
0.48999755,0.6162269359514154,0.49106581021397616,0.49106581021397616,0.34745043305697215,2.016661364437968,2.0130431302833403,2.013412386536343,1.4027725438966023
0.49099754500000004,0.6154966717585111,0.48993225283508995,0.48993225283508995,0.345883003764236,2.020661344437959,2.0170453584232737,2.017413628363234,1.406701587161392
0.49199754,0.6147674556873962,0.4887992817714711,0.4887992817714711,0.3443165510527414,2.024661324437959,2.021047572439614,2.0214148555891436,1.4106383322283647
0.49299753500000004,0.6140392848556363,0.4876668947573004,0.4876668947573004,0.3427510867633556,2.028661304437974,2.0250497723760907,2.0254160683313884,1.4145828095380162
0.49399753,0.6133121563868593,0.48653508954094643,0.48653508954094643,0.3411866228910049,2.0326612844380048,2.029051958280228,2.0294172666985095,1.4185350497115123
0.49499752500000005,0.6125860674219364,0.4854038638958215,0.4854038638958215,0.3396231715591443,2.036661264438055,2.033054130196671,2.0334184508066597,1.4224950835521053
0.49599752,0.6118610151203845,0.4842732156104651,0.4842732156104651,0.33806074504329237,2.040661244438123,2.0370562881732135,2.037419620764731,1.4264629420465726
0.496997515,0.6111369966465258,0.4831431424972678,0.4831431424972678,0.3364993557507251,2.044661224438206,2.041058432255435,2.0414207766876684,1.4304386563666665
0.49799751000000003,0.6104140091950327,0.48201364238484035,0.48201364238484035,0.33493901623881484,2.0486612044382992,2.045060562491328,2.0454219186846845,1.4344222578705748
0.498997505,0.6096920499541613,0.4808847131243158,0.4808847131243158,0.3333797391998103,2.052661184438397,2.0490626789274176,2.049423046869483,1.4384137781044009
0.49999750000000004,0.6089711161509587,0.47975635258427335,0.47975635258427335,0.3318215374741658,2.0566611644384922,2.0530647816118304,2.0534241613515554,1.4424132488036596
0.500997495,0.6082512050010178,0.4786285586543683,0.4786285586543683,0.33026442404017287,2.0606611444385754,2.0570668705920427,2.057425262243349,1.4464207018947803
0.50199749,0.6075323137580889,0.47750132924304184,0.47750132924304184,0.32870841202255807,2.064661124438639,2.0610689459162588,2.0614263496545777,1.4504361694966355
0.5029974850000001,0.6068144396714003,0.4763746622782689,0.4763746622782689,0.3271535146866448,2.0686611044386756,2.065071007632909,2.065427423696432,1.4544596839220778
0.50399748,0.6060975800158462,0.47524855570824137,0.47524855570824137,0.3255997454425805,2.0726610844386775,2.0690730557902213,2.069428484478778,1.4584912776794916
0.504997475,0.6053817320745223,0.47412300749906705,0.47412300749906705,0.3240471178436278,2.0766610644386416,2.073075090437576,2.0734295321115632,1.4625309834743698
0.5059974700000001,0.6046668931441522,0.4729980156385735,0.4729980156385735,0.3224956455864562,2.0806610444385636,2.077077111623183,2.077430566704728,1.4665788342108939
0.506997465,0.603953060541347,0.47187357813083064,0.47187357813083064,0.3209453425130958,2.0846610244384434,2.0810791193973603,2.0814315883670025,1.470634862993538
0.50799746,0.6032402315840188,0.47074969300318237,0.47074969300318237,0.3193962226077892,2.0886610044382845,2.0850811138082626,2.0854325972083094,1.4746991031286916
0.508997455,0.6025284036214908,0.46962635829750476,0.46962635829750476,0.3178483000020785,2.0926609844380932,2.0890830949071306,2.089433593336202,1.4787715881262942
0.5099974500000001,0.601817573993974,0.46850357208053567,0.46850357208053567,0.3163015889687759,2.0966609644378775,2.0930850627420323,2.0934345768604823,1.482852351701483
0.510997445,0.6011077400801881,0.46738133243181595,0.46738133243181595,0.31475610392960185,2.1006609444376503,2.0970870173651095,2.097435547887583,1.4869414277762638
0.51199744,0.6003988992466613,0.46625963745734983,0.46625963745734983,0.3132118594468728,2.1046609244374257,2.1010889588243202,2.101436506527068,1.491038850481201
0.5129974350000001,0.5996910488954418,0.4651384852742172,0.4651384852742172,0.3116688702332452,2.108660904437221,2.1050908871726826,2.105437452884172,1.4951446541571158
0.51399743,0.59898418642589,0.46401787402755706,0.46401787402755706,0.3101271511408936,2.1126608844370525,2.1090928024580244,2.1094383870685345,1.4992588733568093
0.514997425,0.5982783092583867,0.4628978018718763,0.4628978018718763,0.30858671717456393,2.1166608644369376,2.113094704734208,2.1134393091837085,1.503381542846805
0.51599742,0.5975734148237442,0.461778266992035,0.461778266992035,0.30704758347652544,2.1206608444368906,2.1170965940484883,2.117440219339793,1.5075126976090996
0.5169974150000001,0.5968695005628173,0.46065926757687015,0.46065926757687015,0.30550976534438073,2.124660824436921,2.1210984704573326,2.1214411176384056,1.5116523728429425
0.51799741,0.5961665639377461,0.45954080185549945,0.45954080185549945,0.3039732782112426,2.1286608044370308,2.1251003340046095,2.1254420041900026,1.5158006039666287
0.518997405,0.5954646024086601,0.45842286804845284,0.45842286804845284,0.30243813766772276,2.1326607844372134,2.129102184750881,2.12944287909447,1.5199574266193119
0.5199974,0.5947636134680738,0.45730546442629555,0.45730546442629555,0.30090435943859756,2.1366607644374467,2.133104022738236,2.13344374246238,1.5241228766628343
0.520997395,0.5940635945971183,0.4561885892482319,0.4561885892482319,0.2993719594076042,2.1406607444376915,2.137105848027053,2.137444594392077,1.5282969901835763
0.52199739,0.5933645433148316,0.4550722408178341,0.4550722408178341,0.29784095359187723,2.1446607244378857,2.1411076606626063,2.1414454349940204,1.5324798034943325
0.522997385,0.5926664571279687,0.4539564174407972,0.4539564174407972,0.29631135816835275,2.1486607044379458,2.1451094607003447,2.1454462643651904,1.5366713531361926
0.5239973800000001,0.5919693335760846,0.4528411174484804,0.4528411174484804,0.2947831894470958,2.1526606844379605,2.1491112481917582,2.1494470826157235,1.540871675880458
0.524997375,0.5912731701969065,0.4517263391926999,0.4517263391926999,0.29325646389826987,2.1566606644379793,2.1531130231874984,2.1534478898413947,1.545080808730568
0.52599737,0.5905779645466479,0.45061208103461836,0.45061208103461836,0.291731198125315,2.160660644437991,2.1571147857439934,2.157448686151825,1.5492987889240515
0.526997365,0.5898837141929418,0.4494983413716678,0.4494983413716678,0.29020740889160107,2.1646606244379916,2.161116535907331,2.1614494716417325,1.5535256539344964
0.5279973600000001,0.5891904167102577,0.44838511859551616,0.44838511859551616,0.28868511309426254,2.168660604437983,2.1651182737383645,2.1654502464200425,1.5577614414735423
0.528997355,0.5884980696958432,0.4472724111458539,0.4472724111458539,0.2871643277898019,2.172660584437968,2.169119999280563,2.1694510105805467,1.5620061894928925
0.52999735,0.5878066707418461,0.44616021745045964,0.44616021745045964,0.2856450701692377,2.176660564437955,2.173121712595778,2.1734517642313156,1.566259936186349
0.5309973450000001,0.5871162174736281,0.44504853598338334,0.44504853598338334,0.2841273575820732,2.1806605444379503,2.1771234137295004,2.1774525074653353,1.5705227199918677
0.53199734,0.5864267075033489,0.4439373652180454,0.4439373652180454,0.2826112075132744,2.1846605244379593,2.181125102738837,2.1814532403896685,1.5747945795936362
0.532997335,0.5857381384800988,0.44282670365594035,0.44282670365594035,0.281096637605151,2.1886605044379874,2.1851267796753437,2.1854539630966037,1.5790755539241765
0.53399733,0.5850505080412646,0.44171654981550273,0.44171654981550273,0.2795836656365491,2.192660484438037,2.189128444591679,2.1894546756920668,1.5833656821664626
0.5349973250000001,0.5843638138537944,0.4406069022283595,0.4406069022283595,0.27807230954232426,2.196660464438108,2.1931300975438073,2.1934553782677346,1.5876650037560704
0.53599732,0.5836780535842568,0.43949775945804614,0.43949775945804614,0.27656258739500633,2.200660444438199,2.1971317385798232,2.1974560709282827,1.5919735583833496
0.536997315,0.5829932249149368,0.43838912006583186,0.43838912006583186,0.27505451742166387,2.2046604244383063,2.201133367760316,2.2014567537648566,1.5962913859956143
0.5379973100000001,0.5823093255408005,0.43728098265825166,0.43728098265825166,0.2735481179881827,2.2086604044384233,2.2051349851300195,2.2054574268807756,1.6006185267993547
0.538997305,0.5816263531604706,0.43617334583056555,0.43617334583056555,0.27204340761343593,2.2126603844385415,2.209136590751485,2.209458090366719,1.604955021262481
0.5399973,0.5809443054968685,0.43506620822546405,0.43506620822546405,0.2705404049562072,2.216660364438653,2.2131381846701017,2.2134587443245652,1.609300910116588
0.540997295,0.5802631802649888,0.4339595684812043,0.4339595684812043,0.2690391288266818,2.2206603444387483,2.217139766944972,2.217459388844579,1.6136562343592442
0.5419972900000001,0.579582975213661,0.43285342526910403,0.43285342526910403,0.26753959817595274,2.224660324438818,2.221141337626554,2.2214600240271225,1.618021035256304
0.542997285,0.5789036880771822,0.4317477772722698,0.4317477772722698,0.2660418321049384,2.228660304438853,2.2251428967693356,2.225460649962087,1.622395354344251
0.54399728,0.5782253166253734,0.43064262319109786,0.43064262319109786,0.26454584985632007,2.2326602844388463,2.2291444444285298,2.2294612667482596,1.626779233432562
0.5449972750000001,0.5775478586176279,0.4295379617536279,0.4295379617536279,0.26305167082107606,2.236660264438793,2.2331459806539,2.233461874475185,1.6311727146060968
0.54599727,0.5768713118391102,0.42843379168941925,0.42843379168941925,0.26155931453262404,2.24066024443869,2.2371475055053054,2.237462473240028,1.6355758402275173
0.546997265,0.5761956740766168,0.4273301117699802,0.4273301117699802,0.2600688006712299,2.244660224438538,2.241149019028613,2.2414630631320023,1.6399886529397345
0.54799726,0.575520943129687,0.42622692075715984,0.42622692075715984,0.2585801490600635,2.2486602044383406,2.24515052128641,2.245463644246622,1.6444111956683747
0.5489972550000001,0.5748471168120153,0.42512421746037676,0.42512421746037676,0.25709337966780094,2.252660184438105,2.2491520123239246,2.249464216672769,1.6488435116242843
0.54999725,0.5741741929378349,0.42402200068148044,0.42402200068148044,0.2556085126062484,2.2566601644378412,2.253153492201835,2.2534647805042862,1.653285644306052
0.550997245,0.573502169347168,0.42292026926019727,0.42292026926019727,0.25412556813150117,2.2606601444375647,2.2571549609692036,2.25746533582972,1.6577376375025679
0.5519972400000001,0.5728310438695807,0.42181902204315613,0.42181902204315613,0.25264456664275486,2.2646601244372917,2.261156418681912,2.261465882741234,1.6621995352956043
0.552997235,0.5721608143688328,0.42071825789803774,0.42071825789803774,0.25116552868241515,2.26866010443704,2.2651578653942086,2.2654664213270173,1.666671382062428
0.55399723,0.5714914786933385,0.4196179757161451,0.4196179757161451,0.24968847493568852,2.272660084436831,2.269159301157182,2.269466951677562,1.6711532224784458
0.554997225,0.5708230347251524,0.41851817439419886,0.41851817439419886,0.24821342623005468,2.2766600644366837,2.273160726029591,2.27346747388067,1.6756451015198712
0.5559972200000001,0.5701554803378975,0.41741885286717606,0.41741885286717606,0.24674040353522297,2.280660044436614,2.2771621400582824,2.277467988025179,1.680147064466429
0.556997215,0.569488813426592,0.41632001006278496,0.41632001006278496,0.24526942796237786,2.2846600244366346,2.281163543305312,2.28146849419846,1.6846591569040856
0.55799721,0.5688230318904448,0.4152216449553581,0.4152216449553581,0.24380052076409178,2.28866000443675,2.2851649358158226,2.2854689924877314,1.6891814247278145
0.558997205,0.5681581336382597,0.4141237565100448,0.4141237565100448,0.24233370333374352,2.2926599844369546,2.289166317651283,2.28946948297988,1.6937139141443862
0.5599972,0.5674941165946193,0.4130263437330838,0.4130263437330838,0.2408689972050006,2.296659964437227,2.2931676888595214,2.2934699657605426,1.6982566716751986
0.560997195,0.5668309786816327,0.4119294056340109,0.4119294056340109,0.23940642405177598,2.300659944437528,2.2971690494972505,2.2974704409160625,1.702809744159133
0.56199719,0.5661687178485993,0.4108329412464864,0.4108329412464864,0.2379460056869348,2.304659924437794,2.301170399617619,2.301470908530549,1.7073731787554434
0.5629971850000001,0.5655073320321666,0.4097369496241553,0.4097369496241553,0.23648776406310737,2.3086599044379317,2.3051717392726903,2.305471368689728,1.7119470229466862
0.56399718,0.5648468192032209,0.40864142982992563,0.40864142982992563,0.2350317212703314,2.3126598844379433,2.3091730685198275,2.309471821476246,1.7165313245416793
0.564997175,0.5641871773170376,0.4075463809610663,0.4075463809610663,0.23357789953797056,2.316659864437966,2.313174387406695,2.313472266975128,1.7211261316784865
0.56599717,0.5635284043602513,0.4064518021105488,0.4064518021105488,0.23212632123099655,2.3206598444379845,2.3171756959943446,2.3174727052675252,1.7257314928274463
0.5669971650000001,0.5628704983133055,0.4053576924161427,0.4053576924161427,0.23067700885361017,2.3246598244379912,2.321176994327875,2.321473136437999,1.7303474567942327
0.56799716,0.5622134571738004,0.4042640510061206,0.4042640510061206,0.22922998504304798,2.328659804437985,2.325178282468864,2.3254735605658396,1.7349740727229546
0.568997155,0.5615572789461092,0.4031708770516329,0.4031708770516329,0.2277852725764821,2.33265978443797,2.3291795604640604,2.329473977735513,1.739611390099285
0.5699971500000001,0.5609019616410382,0.40207816972474264,0.40207816972474264,0.22634289436059665,2.3366597644379534,2.333180828370475,2.3334743880242113,1.7442594587536304
0.570997145,0.5602475032868866,0.4009859282239459,0.4009859282239459,0.22490287344320664,2.340659744437941,2.3371820862400794,2.3374747915162426,1.748918328864339
0.57199714,0.5595939019066141,0.39989415176459325,0.39989415176459325,0.22346523299781676,2.344659724437942,2.3411833341255646,2.3414751882868936,1.7535880509609405
0.572997135,0.5589411555516269,0.39880283957494395,0.39880283957494395,0.2220299963402467,2.348659704437962,2.34518457208268,2.345475578420122,1.758268675927431
0.5739971300000001,0.5582892622588554,0.39771199091368264,0.39771199091368264,0.22059718690807179,2.352659684438004,2.349185800159727,2.3494759619894863,1.762960255005589
0.574997125,0.5576382200991492,0.3966216050385637,0.3966216050385637,0.21916682828227266,2.3566596644380717,2.3531870184163646,2.3534763390784135,1.7676628397983376
0.57599712,0.5569880271280605,0.3955316812496276,0.3955316812496276,0.21773894416161357,2.360659644438164,2.3571882268976654,2.3574767097589024,1.772376482273143
0.5769971150000001,0.5563386814301046,0.39444221883819236,0.39444221883819236,0.21631355838918193,2.364659624438278,2.3611894256647323,2.3614770741136857,1.77710123476545
0.57799711,0.5556901810848156,0.39335321713944166,0.39335321713944166,0.21489069492191407,2.3686596044384074,2.3651906147631085,2.3654774322133485,1.7818371499821655
0.578997105,0.5550425241867032,0.3922646754864661,0.3922646754864661,0.2134703778617389,2.372659584438546,2.3691917942503933,2.3694777841397805,1.7865842810051762
0.5799971,0.5543957088383404,0.3911765932429339,0.3911765932429339,0.21205263142060118,2.3766595644386848,2.373192964176576,2.3734781299622965,1.7913426812949134
0.5809970950000001,0.5537497331459156,0.3900889697850856,0.3900889697850856,0.2106374799557944,2.380659544438813,2.377194124594883,2.3774784697618028,1.796112404693956
0.58199709,0.5531045952348572,0.38900180450582306,0.38900180450582306,0.2092249479309569,2.384659524438919,2.3811952755593015,2.3814788036064676,1.8008935054306807
0.582997085,0.5524602932225756,0.3879150968246501,0.3879150968246501,0.20781505995505412,2.388659504438994,2.3851964171185775,2.3854791315760955,1.8056860381229547
0.5839970800000001,0.5518168252559867,0.3868288461637304,0.3868288461637304,0.2064078407399414,2.3926594844390285,2.3891975493306687,2.38947945373782,1.810490057781868
0.584997075,0.5511741894661129,0.38574305198450515,0.38574305198450515,0.20500331514235065,2.3966594644390136,2.3931986722406142,2.393479770170232,1.8153056198155169
0.58599707,0.5505323840171666,0.3846577137413489,0.3846577137413489,0.20360150811870756,2.400659444438945,2.3971997859085454,2.397480080939534,1.8201327800328337
0.586997065,0.549891407058984,0.3835728309326109,0.3835728309326109,0.20220244476938615,2.4046594244388193,2.4012008903788136,2.4014803861230076,1.8249715946474545
0.5879970600000001,0.5492512567674314,0.3824884030518739,0.3824884030518739,0.20080615029155985,2.4086594044386374,2.4052019857094775,2.405480685786009,1.829822120281642
0.588997055,0.5486119313151276,0.38140442962769655,0.38140442962769655,0.19941265002490272,2.412659384438403,2.4092030719482334,2.4094809800044295,1.8346844139702567
0.58999705,0.5479734288872229,0.38032091019689607,0.38032091019689607,0.19802196940332426,2.416659364438125,2.4132041491486085,2.413481268842856,1.839558533164777
0.590997045,0.5473357476784411,0.379237844316435,0.379237844316435,0.19663413400123828,2.420659344437816,2.417205217362738,2.4174815523757194,1.8444445357373533
0.5919970400000001,0.5466988858842995,0.37815523156630887,0.37815523156630887,0.1952491694846713,2.424659324437491,2.421206276639611,2.421481830666748,1.84934247998493
0.592997035,0.5460628417212819,0.37707307153282354,0.37707307153282354,0.19386710165962556,2.4286593044371685,2.425207327035242,2.4254821037894696,1.8542524246334107
0.59399703,0.5454276133954005,0.3759913638382354,0.3759913638382354,0.19248795641738198,2.4326592844368697,2.429208368594613,2.429482371805885,1.8591744288418761
0.5949970250000001,0.5447931991429885,0.37491010810007713,0.37491010810007713,0.19111175979206332,2.436659264436617,2.433209401376467,2.433482634789098,1.864108552206851
0.59599702,0.5441595971835063,0.37382930397897113,0.37382930397897113,0.18973853789552736,2.440659244436432,2.4372104254241336,2.4374828927995367,1.8690548547666264
0.596997015,0.5435268057684253,0.37274895112951034,0.37274895112951034,0.18836831698441955,2.444659224436335,2.441211440795519,2.4414831459095545,1.874013397005639
0.59799701,0.5428948231363941,0.3716690492441519,0.3716690492441519,0.1870011233864145,2.448659204436339,2.4452124475362784,2.4454833941782046,1.8789842398588965
0.5989970050000001,0.5422636475485983,0.3705895980205048,0.3705895980205048,0.18563698357524228,2.4526591844364525,2.4492134456998285,2.449483637676956,1.8839674447164647
0.599997,0.5416332772652136,0.3695105971791469,0.3695105971791469,0.1842759240893537,2.4566591644366698,2.453214435336423,2.453483876463631,1.8889630734280094
0.600996995,0.5410037105562792,0.36843204646049793,0.36843204646049793,0.18291797161376938,2.460659144436974,2.45721541649508,2.4574841106086702,1.8939711883073953
0.6019969900000001,0.5403749457030805,0.36735394561485396,0.36735394561485396,0.18156315289256933,2.4646591244373255,2.4612163892297008,2.4614843401688207,1.8989918521373392
0.602996985,0.5397469809849135,0.3662762944249863,0.3662762944249863,0.18021149481589377,2.468659104437661,2.4652173535851567,2.465484565213335,1.9040251281741256
0.60399698,0.5391198147036943,0.36519909267178324,0.36519909267178324,0.17886302432820875,2.472659084437887,2.469218309618467,2.4694847857980555,1.9090710801523847
0.604996975,0.5384934451486799,0.36412234017755,0.36412234017755,0.17751776851820225,2.476659064437924,2.473219257372081,2.473485001990878,1.9141297722899195
0.6059969700000001,0.5378678706399715,0.36304603675849334,0.36304603675849334,0.17617575452539835,2.480659044437948,2.47722019690322,2.47748521384692,1.9192012692926075
0.606996965,0.5372430894802912,0.3619701822702524,0.3619701822702524,0.17483700963003862,2.4846590244379727,2.481221128255733,2.4814854214325375,1.9242856363593546
0.60799696,0.5366191000027023,0.36089477657164387,0.36089477657164387,0.17350156116130103,2.488659004437986,2.485222051482537,2.4854856248023207,1.9293829391871204
0.6089969550000001,0.5359959005296575,0.35981981954656767,0.35981981954656767,0.17216943658353845,2.492658984437986,2.4892229666320294,2.4894858240208926,1.9344932439759985
0.60999695,0.5353734894020706,0.3587453110960649,0.3587453110960649,0.17084066341011875,2.496658964437972,2.493223873753028,2.4934860191425194,1.9396166174343688
0.610996945,0.5347518649625692,0.35767125113440007,0.35767125113440007,0.16951526928158975,2.5006589444379523,2.497224772897214,2.4974862102298876,1.9447531267841154
0.61199694,0.5341310255607907,0.35659763960484675,0.35659763960484675,0.168193281889994,2.5046589244379347,2.5012256641092776,2.5014863973371586,1.9499028397659104
0.6129969350000001,0.5335109695593968,0.3555244764519606,0.3555244764519606,0.1668747290436604,2.508658904437927,2.5052265474442468,2.505486580524868,1.955065824644568
0.61399693,0.5328916953163616,0.3544517616594513,0.3544517616594513,0.16555963860759404,2.5126588844379363,2.5092274229437965,2.5094867598472645,1.96024215021446
0.614996925,0.5322732012138092,0.35337949520584006,0.35337949520584006,0.16424803854944733,2.51665886443797,2.513228290664019,2.51348693536261,1.9654318858050142
0.6159969200000001,0.5316554856193212,0.35230767710984157,0.35230767710984157,0.16293995689960755,2.520658844438031,2.5172291506469726,2.517487107125106,1.970635101286271
0.616996915,0.5310385469315101,0.35123630739114936,0.35123630739114936,0.1616354217802852,2.5246588244381205,2.521230002945304,2.5214872751913604,1.9758518670745233
0.61799691,0.5304223835316068,0.3501653860978261,0.3501653860978261,0.16033446137668642,2.528658804438237,2.5252308476050214,2.5254874396149147,1.981082254138026
0.618996905,0.5298069938291087,0.34909491329168174,0.34909491329168174,0.15903710395826565,2.5326587844383766,2.5292316846747145,2.529487600450876,1.9863263340027764
0.6199969000000001,0.5291923762253173,0.3480248890510847,0.3480248890510847,0.15774337785773263,2.5366587644385317,2.5332325142037835,2.533487757752213,1.9915841787583786
0.620996895,0.5285785291360345,0.3469553134800967,0.3469553134800967,0.1564533114830087,2.540658744438693,2.5372333362366524,2.537487911572464,1.9968558610639784
0.62199689,0.5279654509814896,0.34588618668739063,0.34588618668739063,0.15516693330666018,2.5446587244388517,2.5412341508261544,2.541488061964094,2.002141454154282
0.6229968850000001,0.5273531401860385,0.3448175088181256,0.3448175088181256,0.1538842718660276,2.548658704438995,2.545234958013272,2.5454882089790263,2.007441031845649
0.62399688,0.5267415951888933,0.3437492800139646,0.3437492800139646,0.1526053557655361,2.552658684439111,2.549235757852591,2.549488352669271,2.0127546685422693
0.624996875,0.5261308144220069,0.342681500456802,0.342681500456802,0.1513302136626328,2.556658664439189,2.5532365503844328,2.5534884930851076,2.0180824392424266
0.62599687,0.5255207963428408,0.3416141703273971,0.3416141703273971,0.15005887428523007,2.560658644439219,2.5572373356612657,2.557488630278124,2.023424419544836
0.6269968650000001,0.52491153939277,0.34054728983873117,0.34054728983873117,0.14879136640131205,2.5646586244391925,2.5612381137263753,2.561488764296945,2.0287806856550725
0.62799686,0.5243030420440128,0.33948085921391313,0.33948085921391313,0.14752771885351218,2.5686586044391033,2.5652388846280294,2.565488895192749,2.034151314392087
0.628996855,0.5236953027519358,0.3384148786957389,0.3384148786957389,0.14626796051053134,2.5726585844389493,2.5692396484133457,2.5694890230125162,2.039536383194808
0.62999685,0.5230883199979734,0.33734934854966026,0.33734934854966026,0.14501212032053828,2.5766585644387323,2.573240405126375,2.573489147807013,2.0449359701288277
0.6309968450000001,0.5224820922567388,0.336284269049089,0.336284269049089,0.14376022724289148,2.580658544438456,2.577241154817613,2.5774892696215987,2.050350153893189
0.63199684,0.5218766180153828,0.3352196405010246,0.3352196405010246,0.14251231032166495,2.5846585244381313,2.581241897527399,2.581489388506606,2.0557790138272534
0.632996835,0.5212718957669028,0.3341554632112534,0.3341554632112534,0.14126839859658297,2.5886585044377712,2.5852426333085137,2.585489504505818,2.0612226299176726
0.6339968300000001,0.5206679240058633,0.3330917375249706,0.3330917375249706,0.14002852119752607,2.5926584844373934,2.5892433621997704,2.5894896176691002,2.066681082805444
0.634996825,0.5200647012435193,0.33202846378540657,0.33202846378540657,0.13879270723407272,2.5966584644370188,2.59324408425297,2.5934897280387137,2.0721544537930736
0.63599682,0.5194622259814641,0.33096564237049636,0.33096564237049636,0.1375609859113164,2.6006584444366707,2.5972447995089825,2.5974898356640086,2.0776428248518433
0.636996815,0.5188604967479399,0.32990327366580663,0.32990327366580663,0.1363333863979657,2.6046584244363737,2.6012455080154524,2.601489940585796,2.0831462786291497
0.6379968100000001,0.5182595120539363,0.328841358079115,0.328841358079115,0.135109937963212,2.608658404436152,2.605246209817257,2.6054900428528454,2.088664898455972
0.638996805,0.5176592704406823,0.32777989603820556,0.32777989603820556,0.13389066982397177,2.6126583844360267,2.609246904957951,2.609490142504604,2.0941987683544316
0.6399968,0.5170597704336469,0.3267188879820615,0.3267188879820615,0.13267561130186883,2.616658364436016,2.613247593485606,2.61349023958919,2.0997479730454582
0.6409967950000001,0.5164610105816408,0.3256583343802864,0.3256583343802864,0.13146479165091823,2.620658344436129,2.6172482754399455,2.6174903341447804,2.1053125979565634
0.64199679,0.5158629894285051,0.32459823570397073,0.32459823570397073,0.13025824023293242,2.624658324436363,2.6212489508717014,2.6214904262187524,2.1108927292297195
0.642996785,0.5152657055283912,0.3235385924621327,0.3235385924621327,0.12905598632774165,2.6286583044367,2.6252496198183772,2.6254905158481256,2.1164884537293562
0.64399678,0.5146691574429022,0.32247940516206614,0.32247940516206614,0.12785805932449465,2.632658284437102,2.6292502823306934,2.6294906030794403,2.1220998590504583
0.6449967750000001,0.5140733437326355,0.32142067434708455,0.32142067434708455,0.12666448851739423,2.636658264437505,2.6332509384473815,2.6334906879486755,2.1277270335267873
0.64599677,0.5134782629766665,0.32036240056667487,0.32036240056667487,0.1254753033094342,2.6406582444378124,2.6372515882151784,2.6374907705014277,2.1333700662392143
0.646996765,0.5128839137422142,0.3193045843944276,0.3193045843944276,0.12429053299760115,2.6446582244379035,2.6412522316768037,2.641490850772765,2.1390290470241737
0.6479967600000001,0.512290294624029,0.31824722642177417,0.31824722642177417,0.1231102069845723,2.6486582044379263,2.6452528688751804,2.6454909288072264,2.1447040664822303
0.648996755,0.5116974041988497,0.3171903272543633,0.3171903272543633,0.12193435455840089,2.652658184437956,2.6492534998559156,2.6494910046391036,2.150395215986777
0.64999675,0.5111052410726024,0.31613388752557403,0.31613388752557403,0.12076300510658271,2.656658164437977,2.653254124658121,2.653491078311758,2.1561025876928523
0.650996745,0.5105138038371311,0.3150779078732281,0.3150779078732281,0.11959618789640614,2.660658144437982,2.6572547433302978,2.6574911498588496,2.1618262745460815
0.6519967400000001,0.5099230911043491,0.31402238897113083,0.31402238897113083,0.11843393228458578,2.664658124437972,2.6612553559088017,2.66149121932243,2.167566370291751
0.652996735,0.5093331014835122,0.3129673314924691,0.3129673314924691,0.11727626750571843,2.668658104437951,2.665255962442924,2.665491286735681,2.1733229694840084
0.65399673,0.5087438335917354,0.3119127361470008,0.3119127361470008,0.1161232228693665,2.6726580844379284,2.6692565629693763,2.669491352139209,2.1790961674952043
0.6549967250000001,0.5081552860553215,0.31085860364931267,0.31085860364931267,0.11497482756543086,2.6766580644379134,2.6732571575341435,2.673491415565876,2.184886060525353
0.6559967200000001,0.507567457497028,0.309804934740605,0.309804934740605,0.11383111083914646,2.680658044437914,2.6772577461774762,2.6774914770547036,2.1906927456117473
0.656996715,0.5069803465597841,0.3087517301774715,0.3087517301774715,0.11269210182365623,2.684658024437938,2.6812583289416576,2.6814915366383927,2.1965163206387013
0.65799671,0.5063939518727133,0.3076989907336409,0.3076989907336409,0.11155782968185028,2.688658004437992,2.6852589058698415,2.685491594354237,2.2023568843474446
0.6589967050000001,0.5058082720930553,0.3066467172078899,0.3066467172078899,0.11042832347740873,2.692657984438078,2.689259477000503,2.689491650234906,2.2082145363461536
0.6599967,0.5052233058597188,0.30559491040650527,0.30559491040650527,0.10930361227379817,2.696657964438195,2.6932600423797854,2.6934917043159343,2.2140893771201475
0.660996695,0.5046390518392662,0.3045435711695305,0.3045435711695305,0.10818372504829066,2.700657944438342,2.6972606020430296,2.697491756629827,2.21998150804221
0.66199669,0.5040555086864651,0.30349270033817016,0.30349270033817016,0.1070686907547647,2.7046579244385107,2.701261156037814,2.7014918072108025,2.2258910313830738
0.6629966850000001,0.5034726750723191,0.3024422987902008,0.3024422987902008,0.10595853826214965,2.7086579044386943,2.705261704398891,2.705491856090794,2.231818050322061
0.66399668,0.5028905496679278,0.30139236740682357,0.30139236740682357,0.10485329639934046,2.712657884438881,2.709262247171751,2.7094919033028124,2.237762668957887
0.664996675,0.5023091311496151,0.3003429070991059,0.3003429070991059,0.10375299391154763,2.7166578644390595,2.7132627843938097,2.713491948878289,2.243724992319617
0.6659966700000001,0.5017284182047107,0.29929391879075945,0.29929391879075945,0.1026576594845343,2.7206578444392164,2.717263316106725,2.7174919928489882,2.2497051263777883
0.666996665,0.5011484095145337,0.29824540342539724,0.29824540342539724,0.10156732172383326,2.7246578244393387,2.7212638423512385,2.7214920352458902,2.2557031780557013
0.66799666,0.5005691037821295,0.2971973619693157,0.2971973619693157,0.10048200915356006,2.7286578044394147,2.7252643631651527,2.7254920760994903,2.2617192552408816
0.668996655,0.4999904996950744,0.2961497953993764,0.2961497953993764,0.09940175022299738,2.732657784439434,2.7292648785921747,2.729492115440357,2.26775346679671
0.6699966500000001,0.4994125959693072,0.29510270472385614,0.29510270472385614,0.09832657327574504,2.736657764439387,2.733265388666728,2.733492153297706,2.273805922574235
0.670996645,0.498835391302586,0.29405609095446716,0.29405609095446716,0.097256506587621,2.740657744439268,2.737265893434451,2.7374921897017184,2.279876733424157
0.67199664,0.4982588844183917,0.29300995513880357,0.29300995513880357,0.09619157830311165,2.7446577244390764,2.741266392928404,2.741492224680368,2.285966011209005
0.6729966350000001,0.4976830740308734,0.29196429832762466,0.29196429832762466,0.09513181650404572,2.748657704438813,2.7452668871931873,2.7454922582633223,2.2920738688154882
0.67399663,0.49710795886670467,0.2909191216036288,0.2909191216036288,0.09407724912119131,2.752657684438485,2.749267376263708,2.7494922904775825,2.298200420167044
0.674996625,0.49653353765531055,0.2898744260604426,0.2898744260604426,0.0930279040189464,2.756657664438104,2.7532678601807743,2.7534923213520637,2.3043457802365785
0.67599662,0.4959598091288386,0.2888302128138357,0.2888302128138357,0.0919838088969381,2.7606576444376847,2.757268338982806,2.7574923509129228,2.310510065059399
0.6769966150000001,0.49538677203201864,0.28778648300031057,0.28778648300031057,0.09094499138242941,2.764657624437248,2.7612688127068674,2.761492379188323,2.3166933917463486
0.67799661,0.4948144251015805,0.28674323776987093,0.28674323776987093,0.08991147892377999,2.7686576044368154,2.765269281394196,2.7654924062035824,2.3228958784971465
0.678996605,0.4942427670969684,0.285700478301628,0.285700478301628,0.08888329889103926,2.7726575844364145,2.7692697450783723,2.769492431986124,2.329117644613933
0.6799966000000001,0.49367179676114065,0.2846582057807407,0.2846582057807407,0.08786047846079278,2.7766575644360727,2.7732702038029236,2.773492456560441,2.3353588105150247
0.680996595,0.4931015128651399,0.2836164214270713,0.2836164214270713,0.08684304472527636,2.7806575444358157,2.77727065759944,2.7774924799532226,2.341619497748887
0.68199659,0.4925319141623088,0.2825751264643236,0.2825751264643236,0.08583102456826908,2.784657524435669,2.7812711065113005,2.781492502188154,2.347899829008326
0.682996585,0.4919629994301139,0.2815343221492427,0.2815343221492427,0.08482444478306489,2.7886575044356507,2.7852715505712045,2.7854925232912016,2.354199928144901
0.6839965800000001,0.49139476743761756,0.280494009748726,0.280494009748726,0.08382333193907518,2.7926574844357717,2.7892719898188987,2.7894925432852546,2.360519920183586
0.684996575,0.49082721696513654,0.27945419055353515,0.27945419055353515,0.08282771250899264,2.7966574644360302,2.793272424290594,2.7934925621955657,2.3668599313376344
0.68599657,0.49026034679651814,0.2784148658736991,0.2784148658736991,0.08183761272576552,2.800657444436409,2.7972728540225424,2.7974925800442447,2.3732200890236848
0.6869965650000001,0.4896941557167904,0.27737603703548197,0.27737603703548197,0.08085305871929135,2.8046574244368676,2.8012732790535178,2.801492596855841,2.3796005218771192
0.68799656,0.48912864252456295,0.27633770539211705,0.27633770539211705,0.07987407636342388,2.8086574044373394,2.8052736994163014,2.805492612651696,2.3860013597676604
0.688996555,0.4885638060090069,0.2752998723056928,0.2752998723056928,0.0789006914225331,2.8126573844377245,2.8092741151521867,2.8094926274556684,2.392422733815224
0.68999655,0.4879996449825983,0.2742625391715223,0.2742625391715223,0.07793292938820795,2.816657364437882,2.8132745262914867,2.8134926412883488,2.398864776406018
0.6909965450000001,0.4874361582406021,0.2732257073901806,0.2732257073901806,0.07697081563601903,2.8206573444379015,2.8172749328760807,2.817492654172909,2.4053276212089103
0.69199654,0.48687334460596643,0.2721893783957371,0.2721893783957371,0.07601437525158022,2.8246573244379354,2.821275334936642,2.8214926661292052,2.4118114031920572
0.692996535,0.4863112028844831,0.2711535536320081,0.2711535536320081,0.07506363319784878,2.8286573044379626,2.8252757325119373,2.8254926771797364,2.4183162586398073
0.6939965300000001,0.48574973190448567,0.27011823456860284,0.27011823456860284,0.07411861413021242,2.8326572844379734,2.8292761256358276,2.8294926873436377,2.424842325169871
0.6949965250000001,0.4851889304868621,0.2690834226930034,0.2690834226930034,0.07317934257465918,2.8366572644379664,2.833276514343752,2.8334926966427427,2.4313897417507837
0.69599652,0.4846287974624556,0.2680491195115134,0.2680491195115134,0.07224584273155962,2.840657244437945,2.837276898672065,2.8374927050954812,2.4379586487196456
0.696996515,0.48406933166648125,0.26701532655555105,0.26701532655555105,0.07131813866503414,2.8446572244379196,2.8412772786527727,2.841492712723034,2.444549187800166
0.6979965100000001,0.4835105319338015,0.2659820453682732,0.2659820453682732,0.07039625409510525,2.8486572044378984,2.845277654324853,2.84549271954314,2.4511615021209856
0.698996505,0.48295239711384347,0.2649492775244566,0.2649492775244566,0.06948021259858807,2.8526571844378914,2.8492780257174983,2.8494927255763347,2.457795736234325
0.6999965,0.48239492604524664,0.26391702460612626,0.26391702460612626,0.06857003738928931,2.8566571644379084,2.8532783928708696,2.853492730839684,2.4644520361349307
0.700996495,0.4818381175904539,0.26288528822889057,0.26288528822889057,0.06766575153074193,2.8606571444379556,2.8572787558136743,2.8574927353530897,2.4711305492793363
0.7019964900000001,0.48128197059413014,0.26185407001762134,0.26185407001762134,0.06676737770413652,2.864657124438038,2.8612791145840704,2.8614927391329563,2.4778314246054536
0.702996485,0.4807264839280686,0.26082337162568436,0.26082337162568436,0.06587493843321271,2.868657104438155,2.8652794692131693,2.865492742198562,2.484554812552486
0.70399648,0.48017165644766024,0.2597931947226177,0.2597931947226177,0.06498845583961531,2.872657084438306,2.8692798197357345,2.869492744565669,2.4913008650811834
0.7049964750000001,0.479617487029078,0.2587635409996233,0.2587635409996233,0.06410795188024981,2.876657064438486,2.8732801661855176,2.873492746252941,2.498069735694433
0.70599647,0.47906397454217575,0.2577344121705261,0.2577344121705261,0.06323344808976386,2.8806570444386854,2.877280508594395,2.8774927472755105,2.5048615794582014
0.706996465,0.47851111786538597,0.25670580996567427,0.25670580996567427,0.06236496583066429,2.8846570244388956,2.881280846997918,2.88149274765144,2.5116765530228458
0.70799646,0.47795891588241446,0.255677736142823,0.255677736142823,0.0615025260226337,2.888657004439103,2.8852811814255825,2.885492747395247,2.5185148146447984
0.7089964550000001,0.4774073674750971,0.25465019247218734,0.25465019247218734,0.0606461494057011,2.8926569844392946,2.8892815119144144,2.889492746524403,2.525376524208573
0.70999645,0.47685647154079097,0.2536231807550279,0.2536231807550279,0.05979585626351836,2.8966569644394555,2.893281838492132,2.8934927450529817,2.532261843249193
0.710996445,0.4763062269648125,0.2525967028028226,0.2525967028028226,0.058951666654867146,2.9006569444395724,2.8972821611962853,2.8974927429972204,2.539170934974997
0.7119964400000001,0.47575663265668106,0.25157076045921717,0.25157076045921717,0.05811360024489762,2.9046569244396325,2.9012824800541033,2.9014927403717903,2.5461039642908387
0.712996435,0.475207687507731,0.2505453555790185,0.2505453555790185,0.05728167634838418,2.9086569044396247,2.9052827951020466,2.905492737190994,2.553061097821686
0.71399643,0.4746593904357148,0.24952049004672694,0.24952049004672694,0.056455913989069885,2.9126568844395413,2.9092831063686027,2.9094927334701475,2.5600425039366406
0.714996425,0.47411174034294534,0.2484961657625567,0.2484961657625567,0.055636331735617356,2.9166568644393776,2.913283413887455,2.9134927292223294,2.5670483527733703
0.7159964200000001,0.4735647361505805,0.24747238465126065,0.24747238465126065,0.05482294787913632,2.9206568444391334,2.9172837176892896,2.9174927244621878,2.574078816262973
0.716996415,0.47301837677445113,0.24644914865822798,0.24644914865822798,0.054015780277276826,2.924656824438811,2.9212840178055135,2.9214927192029307,2.5811340681552846
0.71799641,0.4724726611397757,0.24542645974971655,0.24542645974971655,0.05321484641182009,2.928656804438422,2.9252843142682097,2.9254927134576567,2.5882142840446303
0.7189964050000001,0.4719275881706316,0.24440431991660636,0.24440431991660636,0.05242016342495768,2.9326567844379774,2.9292846071064846,2.9294927072401444,2.59531964139603
0.7199964000000001,0.4713831568020497,0.24338273116681816,0.24338273116681816,0.051631747968372124,2.9366567644374975,2.933284896354078,2.933492700562219,2.602450319571879
0.720996395,0.47083936596535964,0.24236169553693404,0.24236169553693404,0.05084961638659598,2.940656744437003,2.9372851820378907,2.9374926934372483,2.609606499859097
0.72199639,0.4702962146022658,0.24134121507741974,0.24134121507741974,0.05007378453470766,2.944656724436522,2.9412854641928847,2.941492685876996,2.6167883654967774
0.7229963850000001,0.4697537016544901,0.2403212918701201,0.2403212918701201,0.049304267871932594,2.948656704436083,2.9452857428445256,2.945492677893446,2.6239961017043165
0.72399638,0.46921182606859485,0.23930192800956399,0.23930192800956399,0.04854108146114354,2.9526566844357145,2.9492860180279035,2.949492669498879,2.631229895710067
0.724996375,0.46867058679716556,0.2382831256218598,0.2382831256218598,0.04778423984617731,2.956656664435447,2.9532862897684624,2.953492660704003,2.6384899367805037
0.7259963700000001,0.46812998279112217,0.23726488684766184,0.23726488684766184,0.04703375722739315,2.9606566444353053,2.957286558099702,2.9574926515209397,2.64577641624992
0.7269963650000001,0.46759001301278585,0.23624721385628428,0.23624721385628428,0.046289647259681446,2.964656624435309,2.961286823048617,2.961492641960115,2.6530895275506703
0.72799636,0.46705067642118964,0.2352301088357978,0.2352301088357978,0.045551923183888066,2.9686566044354668,2.965287084646147,2.9654926320324804,2.6604294662439627
0.728996355,0.4665119719840265,0.23421357399889592,0.23421357399889592,0.04482059777890714,2.972656584435777,2.9692873429211843,2.9694926217488655,2.6677964300512205
0.7299963500000001,0.46597389867127814,0.23319761158116423,0.23319761158116423,0.04409568328516818,2.9766565644362153,2.9732875979024187,2.973492611118989,2.675190618886056
0.730996345,0.465436455453787,0.23218222383957576,0.23218222383957576,0.043377191554690074,2.9806565444367368,2.9772878496202178,2.9774926001537607,2.6826122348867862
0.73199634,0.4648996413124943,0.23116741305763205,0.23116741305763205,0.04266513383982292,2.9846565244372663,2.9812880981010137,2.9814925888623836,2.6900614824495723
0.732996335,0.4643634552254742,0.23015318153706749,0.23015318153706749,0.041959520960660114,2.988656504437692,2.9852883433767126,2.9854925772548304,2.6975385682621815
0.7339963300000001,0.4638278961787986,0.22913953160945977,0.22913953160945977,0.04126036320541543,2.992656484437858,2.989288585471762,2.98949256534058,2.705043701338388
0.734996325,0.4632929631602904,0.2281264656223896,0.2281264656223896,0.040567670308308816,2.9966564644378666,2.9932888244190066,2.99349255312844,2.712577093053013
0.73599632,0.4627586551611303,0.22711398595514912,0.22711398595514912,0.039881451564637536,3.00065644443788,2.997289060241831,2.997492540628158,2.7201389571776318
0.7369963150000001,0.46222497117889016,0.226102095002764,0.226102095002764,0.03920171561851034,3.0046564244378886,3.0012892929727943,3.001492527847828,2.7277295099169545
0.73799631,0.46169191020937467,0.22509079519144953,0.22509079519144953,0.03852847065932873,3.0086564044378887,3.0052895226357395,3.00549251479646,2.735348969945904
0.738996305,0.46115947126002377,0.22408008896569945,0.22408008896569945,0.0378617242840332,3.012656384437882,3.0092897492611335,3.009492501482388,2.7429975584474033
0.7399963,0.4606276533312032,0.2230699787980911,0.2230699787980911,0.03720148351198267,3.016656364437872,3.013289972874643,3.0134924879135494,2.7506754991508813
0.7409962950000001,0.46009645543992206,0.22206046718323236,0.22206046718323236,0.03654775484632736,3.020656344437864,3.0172901935044587,3.0174924740983258,2.758383018371531
0.74199629,0.4595658765914625,0.22105155664093729,0.22105155664093729,0.0359005441621283,3.024656324437862,3.02129041117776,3.0214924600443323,2.766120345050319
0.742996285,0.4590359158116892,0.2200432497163344,0.2200432497163344,0.03525985676111839,3.0286563044378716,3.025290625920591,3.025492445759149,2.7738877107947757
0.7439962800000001,0.458506572111569,0.2190355489771248,0.2190355489771248,0.034625697354975726,3.0326562844378957,3.0292908377616286,3.0294924312502354,2.7816853499205796
0.744996275,0.45797784452470064,0.2180284570194895,0.2180284570194895,0.033998070061854686,3.036656264437935,3.0332910467247514,3.033492416524961,2.789513499493951
0.74599627,0.4574497320689113,0.21702197645978671,0.21702197645978671,0.033376978364118216,3.0406562444379905,3.0372912528400136,3.037492401590281,2.7973723993748876
0.746996265,0.4569222337840082,0.21601610994544995,0.21601610994544995,0.032762425131405815,3.044656224438059,3.041291456129571,3.0414923864530454,2.805262292261243
0.7479962600000001,0.4563953486962576,0.21501086014274906,0.21501086014274906,0.03215441260976376,3.0486562044381373,3.045291656624107,3.045492371119992,2.8131834237336815
0.748996255,0.4558690758497511,0.21400622975017722,0.21400622975017722,0.03155294241890909,3.052656184438219,3.0492918543451033,3.0494923555977773,2.8211360423015233
0.74999625,0.4553434142811698,0.2130022214855665,0.2130022214855665,0.030958015508755245,3.0566561644382992,3.053292049322538,3.0534923398926694,2.8291203994495113
0.7509962450000001,0.45481836303773016,0.21199883809799147,0.21199883809799147,0.030369632183423482,3.0606561444383695,3.0572922415788093,3.0574923240108376,2.8371367496855298
0.75199624,0.45429392116542355,0.210996082358811,0.210996082358811,0.02978779209029576,3.064656124438423,3.0612924311413128,3.061492307958344,2.845185350589271
0.752996235,0.4537700877160327,0.2099939570676087,0.2099939570676087,0.029212494218100293,3.0686561044384533,3.065292618034489,3.0654922917411813,2.853266462861855
0.75399623,0.45324686174443446,0.20899246504916902,0.20899246504916902,0.028643736852350915,3.072656084438454,3.06929280228428,3.0694922753649747,2.8613803503764945
0.7549962250000001,0.452724242306652,0.20799160915561948,0.20799160915561948,0.02808151760032645,3.0766560644384215,3.073292983915329,3.0734922588352593,2.8695272802301774
0.75599622,0.45220222846669006,0.20699139226578966,0.20699139226578966,0.027525833380117375,3.0806560444383524,3.0772931629521736,3.07749224215747,2.877707522796407
0.756996215,0.4516808192845039,0.20599181728464494,0.20599181728464494,0.02697668041962821,3.0846560244382477,3.0812933394203985,3.081492225336978,2.8859213517790283
0.7579962100000001,0.45116001383318793,0.20499288714532604,0.20499288714532604,0.026434054211072828,3.08865600443811,3.0852935133438146,3.085492208378814,2.894169044267157
0.7589962050000001,0.4506398111767342,0.2039946048075724,0.2039946048075724,0.02589794953694853,3.092655984437945,3.089293684747218,3.089492191287923,2.902450880791253
0.7599962,0.4501202103968797,0.20299697325896765,0.20299697325896765,0.025368360462083777,3.09665596443776,3.093293853654689,3.093492174069177,2.9107671453803587
0.760996195,0.44960121056216545,0.2019999955147317,0.2019999955147317,0.024845280316843313,3.1006559444375674,3.097294020090343,3.0974921567272977,2.9191181256205327
0.7619961900000001,0.4490828107621201,0.2010036746178872,0.2010036746178872,0.02432870168573362,3.10465592443738,3.10129418407829,3.1014921392668304,2.927504112714501
0.762996185,0.4485650100707492,0.20000801363994072,0.20000801363994072,0.02381861640727482,3.1086559044372115,3.1052943456419806,3.1054921216922047,2.935925401542576
0.76399618,0.4480478075841226,0.19901301568022203,0.19901301568022203,0.02331501556386843,3.1126558844370784,3.109294504805537,3.1094921040077184,2.9443822907248562
0.7649961750000001,0.4475312023830239,0.1980186838673315,0.1980186838673315,0.022817889474377788,3.1166558644369946,3.1132946615918162,3.113492086217534,2.952875082684745
0.7659961700000001,0.44701519356842023,0.1970250213578436,0.1970250213578436,0.02232722769026365,3.120655844436971,3.1172948160248772,3.1174920683257046,2.9614040837138265
0.766996165,0.4464997802295793,0.19603203133836722,0.19603203133836722,0.021843018985133973,3.1246558244370157,3.1212949681269153,3.1214920503361525,2.9699696040381283
0.76799616,0.4459849614706429,0.19503971702345807,0.19503971702345807,0.021365251347884074,3.128655804437129,3.1252951179223003,3.125492032252674,2.9785719578858116
0.7689961550000001,0.4454707363905249,0.19404808165882445,0.19404808165882445,0.020893911980452196,3.1326557844373006,3.129295265432226,3.129492014078966,2.987211463556315
0.76999615,0.4449571040961962,0.19305712851798432,0.19305712851798432,0.020428987287413245,3.1366557644375064,3.1332954106813573,3.1334919958186056,2.995888443491004
0.770996145,0.44444406369496536,0.19206686090659042,0.19206686090659042,0.019970462869191005,3.1406557444377063,3.1372955536900804,3.1374919774750505,3.0046032243453995
0.77199614,0.44393161429786043,0.19107728215822375,0.19107728215822375,0.019518323516615827,3.1446557244378366,3.1412956944831745,3.141491959051645,3.013356137062921
0.7729961350000001,0.4434197550204802,0.19008839563938293,0.19008839563938293,0.019072553206507747,3.1486557044378536,3.1452958330803944,3.145491940551631,3.0221475169502745
0.77399613,0.442908484977362,0.18910020474483288,0.18910020474483288,0.01863313509534614,3.152655684437866,3.1492959695064675,3.149491921978149,3.0309777037545147
0.774996125,0.44239780329261,0.18811271290287834,0.18811271290287834,0.018200051514011835,3.156655664437878,3.1532961037806815,3.153491903334241,3.0398470417418118
0.7759961200000001,0.44188770908413133,0.18712592357061092,0.18712592357061092,0.017773283961049068,3.160655644437882,3.157296235927563,3.1574918846228437,3.048755879777967
0.776996115,0.44137820148434675,0.18613984023916227,0.18613984023916227,0.017352813096602863,3.1646556244378776,3.1612963659660704,3.161491865846788,3.0577045714107314
0.77799611,0.4408692796147967,0.18515446642911826,0.18515446642911826,0.016938618740043168,3.168655604437869,3.1652964939204074,3.165491847008816,3.066693474953985
0.778996105,0.4403609426156299,0.1841698056955171,0.1841698056955171,0.01653067986510124,3.172655584437859,3.1692966198093235,3.1694918281115796,3.075722953573796
0.7799961000000001,0.4398531896126827,0.18318586162363654,0.18318586162363654,0.016128974594371202,3.1766555644378545,3.1732967436565906,3.173491809157639,3.0847933753764543
0.780996095,0.4393460197528486,0.18220263783356122,0.18220263783356122,0.01573348019591931,3.180655544437858,3.1772968654808498,3.1774917901494666,3.0939051134984905
0.78199609,0.43883943216731475,0.18122013797648961,0.18122013797648961,0.015344173077266769,3.1846555244378756,3.181296985305356,3.1814917710894433,3.1030585461987723
0.7829960850000001,0.4383334260083471,0.1802383657387528,0.1802383657387528,0.014961028784638274,3.1886555044379077,3.1852971031487245,3.18549175197987,3.112254056952702
0.7839960800000001,0.43782800041392717,0.17925732483873635,0.17925732483873635,0.014584021997832382,3.1926554844379558,3.1892972190336235,3.189491732822963,3.121492034548599
0.784996075,0.43732315453993753,0.1782770190302782,0.1782770190302782,0.014213126527675314,3.196655464438018,3.193297332978703,3.193491713620861,3.130772873186313
0.78599607,0.4368188875329789,0.1772974521002567,0.1772974521002567,0.013848315313313911,3.2006554444380915,3.1972974450059986,3.197491694375623,3.1400969725781414
0.7869960650000001,0.4363151985512138,0.17631862787133817,0.17631862787133817,0.013489560419733091,3.2046554244381715,3.20129755513424,3.2014916750892333,3.149464738052096
0.78799606,0.43581208674967115,0.17534055020024414,0.17534055020024414,0.013136833035663967,3.208655404438251,3.2052976633847963,3.2054916557636015,3.1588765806576102
0.788996055,0.4353095512895101,0.1743632229798527,0.1743632229798527,0.012790103471834699,3.2126553844383254,3.2092977697765037,3.209491636400567,3.1683329172737804
0.7899960500000001,0.43480759133347235,0.17338665013812601,0.17338665013812601,0.01244934115796131,3.216655364438386,3.2132978743300544,3.2134916170018912,3.177834170720122
0.7909960450000001,0.43430620604599807,0.1724108356396012,0.1724108356396012,0.012114514647288133,3.2206553444384256,3.2172979770643964,3.2174915975692846,3.187380769869983
0.79199604,0.4338053945976477,0.1714357834849304,0.1714357834849304,0.011785591613043309,3.2246553244384386,3.22129807799955,3.2214915781043936,3.1969731497666913
0.792996035,0.43330515615576554,0.17046149771182048,0.17046149771182048,0.011462538837886331,3.22865530443842,3.2252981771545666,3.2254915586087693,3.206611751742498
0.7939960300000001,0.43280548989879203,0.16948798239511845,0.16948798239511845,0.011145322229824221,3.2326552844383674,3.229298274548818,3.2294915390839214,3.2162970235403923
0.794996025,0.43230639499699797,0.16851524164727855,0.16851524164727855,0.010833906814229886,3.2366552644382782,3.2332983702014304,3.233491519531293,3.226029419438885
0.79599602,0.43180787063636955,0.16754327961890683,0.16754327961890683,0.01052825673899858,3.2406552444381553,3.237298464131167,3.2374914999522795,3.2358094003798508
0.7969960150000001,0.4313099159905198,0.1665721004988493,0.1665721004988493,0.01022833527591273,3.2446552244380027,3.241298556357186,3.241491480348224,3.2456374340994953
0.7979960100000001,0.430812530252257,0.16560170851509964,0.16560170851509964,0.009934104819737818,3.2486552044378274,3.2452986468976976,3.2454914607204124,3.2555139952625716
0.798996005,0.4303157125993406,0.16463210793461036,0.16463210793461036,0.00964552688268069,3.2526551844376392,3.249298735771831,3.2494914410700493,3.265439565599915
0.799996,0.4298194622302925,0.1636633030644741,0.1636633030644741,0.00936256211257874,3.256655164437451,3.253298822997233,3.2534914213983095,3.2754146340494166
0.8009959950000001,0.4293237783282053,0.16269529825148826,0.16269529825148826,0.009085170287061226,3.2606551444372767,3.2572989085931816,3.2574914017063117,3.2854396969005184
0.80199599,0.42882866009582793,0.16172809788363393,0.1617280978836664,0.008813310321699212,3.2646551244371302,3.261298992576554,3.2614913819951328,3.2955152579423603
0.802995985,0.4283341067231504,0.16076170638953974,0.16076170638947862,0.008546940274219884,3.2686551044370273,3.2652990749668875,3.265491362265811,3.30564182861568
0.80399598,0.427840117415335,0.15979797516650165,0.15979612823974645,0.008286017347154036,3.2726550844369804,3.2692991557800624,3.2694913425193355,3.3158199281685645
0.8049959750000001,0.42734669137106285,0.15883995752127633,0.15883136794643907,0.008030497884431926,3.2766550644369983,3.2732992350365313,3.2734913227566276,3.3260500838161913
0.80599597,0.4268538277970637,0.1578876657857226,0.15786743006514617,0.007780337393248242,3.280655044437084,3.2772993127512815,3.2774913029785835,3.3363328309046754
0.806995965,0.42636152589924575,0.15694106545407846,0.1569043191937652,0.007535490539602408,3.284655024437233,3.281299388942753,3.2814912831860523,3.3466687130791577
0.8079959600000001,0.4258697848875726,0.1560001222552905,0.15594203997392728,0.007295911164266805,3.2886550044374268,3.28529946362938,3.285491263379855,3.3570582824562427
0.808995955,0.4253786039749866,0.15506480211533355,0.15498059709198114,0.007061552294088223,3.2926549844376316,3.2892995368255713,3.289491243560805,3.367502099800957
0.80999595,0.4248879823740799,0.15413507119336986,0.15401999527781665,0.006832366114694471,3.2966549644377943,3.2932996085525823,3.2934912237295957,3.3780007347083396
0.810995945,0.4243979193051313,0.15321089586117498,0.1530602393079881,0.006608304019664931,3.3006549444378432,3.297299678822831,3.297491203886926,3.3885547657898316
0.8119959400000001,0.4239084139831495,0.15229224269406075,0.15210133400347395,0.006389316623805899,3.3046549244378505,3.3012997476568255,3.3014911840335155,3.3991647808646004
0.812995935,0.42341946563566235,0.15137907849718552,0.15114328423266377,0.006175353732955052,3.3086549044378586,3.305299815068993,3.305491164169984,3.4098313771559727
0.81399593,0.4229310734802711,0.1504713702702631,0.15018609491037546,0.005966364377732089,3.3126548844378623,3.3092998810763063,3.3094911442969153,3.420555161493135
0.8149959250000001,0.4224432367512806,0.14956908522284484,0.14922977099896487,0.005762296831340398,3.3166548644378606,3.3132999456967416,3.313491124414889,3.431336750518262
0.81599592,0.42195595466944485,0.1486721907945622,0.14827431750956926,0.005563098630075873,3.3206548444378545,3.3173000089434637,3.317491104524497,3.442176770899274
0.816995915,0.421469226474993,0.14778065458532064,0.14731973950112842,0.005368716542932171,3.3246548244378484,3.3213000708369513,3.321491084626227,3.4530758595483775
0.81799591,0.4209830513927699,0.1468944444552156,0.14636604208325005,0.005179096620147239,3.3286548044378454,3.3253001313889583,3.3254910647205524,3.4640346638465944
0.8189959050000001,0.420497428667703,0.146013528408297,0.14541323041457488,0.004994184209351733,3.332654784437849,3.3293001906184423,3.3294910448079578,3.4750538418744825
0.8199959,0.42001235753003874,0.14513787470699036,0.14446130970529647,0.004813923966851167,3.3366547644378617,3.3333002485397345,3.3334910248889162,3.4861340626492403
0.820995895,0.4195278372278064,0.14426745175716496,0.14351028521677453,0.0046382598434996924,3.3406547444378853,3.337300305168341,3.3374910049638156,3.497276006368429
0.8219958900000001,0.41904386699833324,0.14340222821585097,0.14256016226238918,0.004467135124822873,3.34465472443792,3.3413003605217817,3.3414909850330092,3.508480364660502
0.8229958850000001,0.41856044609127707,0.14254217288615323,0.1416109462090884,0.004300492494462516,3.3486547044379638,3.3453004146120655,3.345490965096982,3.5197478408424105
0.82399588,0.4180775737516281,0.1416872548125284,0.14066264247644827,0.00413827392943991,3.3526546844380136,3.3493004674588303,3.3494909451559685,3.5310791501844956
0.824995875,0.41759524923077085,0.14083744319047709,0.13971525653959216,0.003980420856823249,3.356654664438066,3.3533005190732976,3.3534909252103735,3.542475020182933
0.8259958700000001,0.4171134717803952,0.13999270744522999,0.13876879392784497,0.003826874081738239,3.360654644438117,3.3573005694727946,3.357490905260511,3.553936190839971
0.826995865,0.41663224065441623,0.13915301715959918,0.13782326022708413,0.003677573819460773,3.36465462443816,3.361300618671659,3.361490885306607,3.565463414952256
0.82799586,0.4161515551112151,0.13831834213344296,0.13687866107981386,0.003532459779235462,3.3686546044381904,3.3653006666839436,3.3654908653490385,3.5770574584075217
0.8289958550000001,0.41567141440679845,0.13748865233156352,0.13593500218577367,0.0033914710889067197,3.372654584438204,3.369300713526702,3.369490845388014,3.5887191004899197
0.8299958500000001,0.41519181780639,0.1366639179227875,0.13499228930400287,0.00325454637534057,3.376654564438196,3.373300759210884,3.373490825423746,3.600449134194299
0.830995845,0.41471276456803263,0.1358441092483598,0.13405052825161326,0.003121623814708131,3.3806545444381637,3.3773008037552206,3.3774908054565644,3.612248366549761
0.83199584,0.41423425396356284,0.1350291968408826,0.13310972490723227,0.0029926410565506174,3.3846545244381074,3.381300847170328,3.3814907854865863,3.6241176189528215
0.8329958350000001,0.4137562852533833,0.13421915141227939,0.13216988520951042,0.0028675353662972144,3.388654504438027,3.385300889472434,3.385490765514087,3.636057727510502
0.83399583,0.4132788577153395,0.13341394385418445,0.1312310151596882,0.0027462435503651326,3.3926544844379265,3.3893009306753714,3.3894907455392094,3.648069543393741
0.834995825,0.41280197061288965,0.13261354524322838,0.13029312082200745,0.002628702049878955,3.3966544644378107,3.393300970791964,3.393490725562146,3.660153933201477
0.8359958200000001,0.4123256232289144,0.131817926825763,0.12935620832396721,0.002514846938160423,3.400654444437688,3.3973010098387832,3.397490705583099,3.6723117793357947
0.8369958150000001,0.41184981483099287,0.13102706003696027,0.12842028385932072,0.0024046139283555833,3.4046544244375663,3.401301047825818,3.4014906856021345,3.684543980388543
0.83799581,0.4113745447057018,0.13024091647215974,0.1274853536860492,0.0022979384749187933,3.408654404437457,3.405301084770827,3.4054906656195403,3.6968514515398523
0.838995805,0.4108998121261688,0.12945946792419769,0.12655142413091064,0.002194755676192397,3.4126543844373716,3.409301120683937,3.409490645635274,3.7092351249689863
0.8399958000000001,0.410425616380969,0.12868268632872862,0.1256185015874166,0.0020950004647071366,3.4166543644373197,3.4133011555802373,3.4134906256496604,3.7216959502779825
0.840995795,0.409951956750564,0.12791054383060962,0.1246865925187913,0.001998607461982707,3.4206543444373096,3.417301189473113,3.417490605662621,3.7342348949286035
0.84199579,0.40947883252444234,0.12714301270376208,0.12375570345890949,0.0019055111759292724,3.4246543244373466,3.4213012223742005,3.421490585674439,3.746852944693057
0.842995785,0.4090062429896357,0.12638006543761576,0.1228258410117964,0.0018156458846436546,3.4286543044374294,3.425301254299563,3.425490565685065,3.759551104119002
0.8439957800000001,0.40853418743770065,0.1256216746420095,0.12189701185624571,0.0017289458048657142,3.4326542844375485,3.4293012852583344,3.429490545694777,3.7723303970094406
0.844995775,0.4080626651617955,0.12486781314398879,0.12096922274229596,0.001645344972541668,3.4366542644376823,3.4333013152672303,3.433490525703394,3.785191866918025
0.84599577,0.4075916754554181,0.12411845388666884,0.1200424804975505,0.001564777450754961,3.440654244437797,3.4373013443360034,3.437490505711315,3.798136577660402
0.8469957650000001,0.407121217618057,0.1233735700282267,0.11911679202428942,0.0014871771813109425,3.444654224437839,3.441301372478576,3.441490485718301,3.811165613842206
0.8479957600000001,0.40665129094487174,0.12263313483796474,0.11819216430287063,0.0014124781850714248,3.4486542044378483,3.445301399707926,3.445490465724729,3.824280081404371
0.848995755,0.406181894741687,0.12189712181485163,0.11726860439361772,0.001340614452384099,3.4526541844378604,3.449301426034559,3.449490445730358,3.837481108186436
0.84999575,0.40571302830541817,0.12116550453643764,0.1163461194348733,0.001271520096974221,3.456654164437868,3.453301451473992,3.453490425735543,3.850769844508568
0.8509957450000001,0.405244690947861,0.12043825682300435,0.11542471665023113,0.0012051292978381815,3.460654144437868,3.4573014760346163,3.457490405740059,3.8641474637730324
0.85199574,0.4047768819681495,0.11971535259389168,0.11450440334265351,0.001141376400590894,3.4646541244378604,3.4613014997320333,3.461490385744213,3.877615163085928
0.852995735,0.40430960068332145,0.11899676595519217,0.11358518690321254,0.00108019591317261,3.468654104437851,3.4653015225757287,3.4654903657478218,3.8911741639000086
0.8539957300000001,0.4038428463955548,0.1182824711789138,0.1126670748071967,0.0010215225597575675,3.472654084437844,3.4693015445784443,3.46949034575112,3.904825712679443
0.8549957250000001,0.4033766184260402,0.11757244265067066,0.11175007461774787,0.0009652913163263883,3.476654064437844,3.4733015657527773,3.473490325753986,3.918571081587392
0.85599572,0.40291091608118373,0.11686665498234103,0.11083419398941208,0.0009114374347044578,3.480654044437854,3.4773015861082426,3.4774903057566005,3.932411569197401
0.856995715,0.4024457386848848,0.11616508285322778,0.10991944066402738,0.0008598965022326815,3.484654024437879,3.481301605659486,3.4814902857588557,3.946348501229571
0.8579957100000001,0.4019810855493147,0.1154677011791288,0.1090058224811619,0.0008106044467319001,3.488654004437919,3.4853016244145643,3.4854902657609164,3.9603832313125578
0.858995705,0.4015169559995056,0.11477448496491825,0.10809334736950386,0.000763497612605395,3.4926539844379727,3.4893016423880203,3.489490245762679,3.974517141772504
0.8599957,0.40105334935462617,0.11408540939899194,0.10718202335894975,0.0007185127528262981,3.4966539644380394,3.49330165958862,3.4934902257642895,3.988751644450049
0.8609956950000001,0.40059026494041855,0.1134004498237631,0.10627185857408969,0.0006755871177121169,3.5006539444381137,3.4973016760287887,3.497490205765651,4.003088181546611
0.8619956900000001,0.40012770208187154,0.11271958169364146,0.10536286124091807,0.000634658422964619,3.504653924438191,3.5013016917194197,3.5014901857669174,4.017528226501226
0.862995685,0.39966566010668225,0.11204278067636476,0.10445503968803221,0.0005956649835603711,3.5086539044382645,3.5053017066706738,3.505490165767954,4.032073284899267
0.86399568,0.3992041383455575,0.1113700225046147,0.10354840234517973,0.0005585456200157771,3.5126538844383277,3.50930172089516,3.509490145768943,4.046724895414446
0.8649956750000001,0.39874313612765305,0.1107012831391611,0.10264295775324932,0.000523239854134873,3.516653864438374,3.5133017344010096,3.5134901257697284,4.061484630785598
0.86599567,0.3982826527896261,0.11003653862114324,0.1017387145540702,0.0004896877644415016,3.520653844438396,3.517301747202031,3.517490105770488,4.076354098829766
0.866995665,0.39782268766196366,0.10937576517171038,0.10083568150813774,0.0004578302101003918,3.5246538244383894,3.5213017593055804,3.5214900857710854,4.091334943493215
0.8679956600000001,0.39736324008714013,0.10871893915506915,0.09993386748042188,0.00042760868053810336,3.5286538044383504,3.5253017707247247,3.5254900657716597,4.106428845942112
0.8689956550000001,0.3969043093972098,0.1080660370459084,0.09903328145720586,0.00039896550161933427,3.5326537844382773,3.5293017814680216,3.529490045772118,4.121637525694684
0.86999565,0.39644589493997157,0.10741703551991229,0.09813393253816029,0.00037184372256331166,3.53665376443817,3.5333017915464353,3.5334900257725383,4.136962741796751
0.870995645,0.3959879960496412,0.10677191131574082,0.09723582994312654,0.0003461872582847491,3.540653744438033,3.537301800970469,3.5374900057728964,4.152406294042648
0.8719956400000001,0.39553061207849405,0.10613064139168962,0.09633898301707076,0.0003219408595496929,3.5446537244378717,3.5413018097488704,3.5414899857731945,4.167970024243649
0.872995635,0.3950737423638553,0.1054932027788541,0.09544340122319521,0.00029905015470698375,3.5486537044376947,3.545301817893793,3.545489965773477,4.183655817546132
0.87399563,0.3946173862612783,0.10485957268456624,0.09454909416205001,0.00027746172898214543,3.5526536844375136,3.54930182541225,3.5494899457736757,4.199465603801852
0.874995625,0.39416154311249385,0.10422972844912867,0.0936560715519497,0.0002571230283901519,3.5566536644373414,3.5533018323171364,3.553489925773901,4.2154013589927715
0.8759956200000001,0.3937062122747907,0.10360364752186126,0.09276434325717396,0.00023798259342782793,3.560653644437192,3.557301838615319,3.5574899057740383,4.231465106713173
0.876995615,0.3932513930959443,0.10298130754133121,0.09187391926743209,0.00021998983767295742,3.5646536244370797,3.561301844318208,3.561489885774201,4.247658919711751
0.87799561,0.392797084933744,0.10236268620753959,0.09098480971785174,0.0002030953148362413,3.568653604437018,3.5653018494343796,3.5654898657743104,4.26398492149662
0.8789956050000001,0.39234328714204275,0.10174776143165874,0.09009702488328641,0.0001872505513372397,3.5726535844370173,3.569301853973292,3.569489845774413,4.280445288006391
0.8799956,0.3918899990796443,0.10113651119110491,0.08921057518155096,0.00017240818749636173,3.576653564437082,3.5733018579451,3.5734898257745096,4.297042249350592
0.880995595,0.3914372201057814,0.1005289136355166,0.08832547118667933,0.000158521972595913,3.580653544437209,3.5773018613572467,3.577489805774564,4.313778091622909
0.88199559,0.3909849495806745,0.09992494703823082,0.08744172361167411,0.00014554670916595532,3.5846535244373854,3.581301864221354,3.5814897857746493,4.330655158790919
0.8829955850000001,0.39053318686901833,0.09932458978014859,0.08655934334250574,0.00013343844900866704,3.5886535044375827,3.5853018665435163,3.585489765774674,4.3476758546662655
0.88399558,0.39008193133210817,0.09872782042023799,0.08567834140462507,0.00012215426011894846,3.5926534844377542,3.589301868335565,3.5894897457747392,4.364842644959353
0.884995575,0.38963118234019106,0.09813461757771019,0.08479872900503481,0.00011165252136882544,3.5966534644378316,3.5933018696039793,3.5934897257747602,4.382158059423013
0.8859955700000001,0.3891809392556545,0.09754496007450396,0.08392051750434228,0.00010189268356726779,3.6006534444378415,3.5973018703587925,3.5974897057747954,4.399624694089756
0.8869955650000001,0.3887312014546182,0.09695882679314767,0.08304371843981188,9.283546115219692e-05,3.604653424437858,3.6013018706083444,3.6014896857748258,4.41724521360764
0.88799556,0.38828196829873146,0.09637619678416055,0.08216834352471016,8.444276334059776e-05,3.6086534044378693,3.6053018703607327,3.605489665774832,4.435022353679885
0.888995555,0.3878332391712591,0.09579704921324751,0.08129440464344438,7.667766909893161e-05,3.6126533844378717,3.6093018696257686,3.60948964577487,4.452958923613921
0.8899955500000001,0.38738501343655035,0.09522136335220696,0.08042191388029855,6.950457748536156e-05,3.616653364437865,3.6133018684097253,3.613489625774858,4.471057808985761
0.890995545,0.3869372904771466,0.09464911864027568,0.0795508834843468,6.288897153422873e-05,3.620653344437853,3.6173018667235906,3.6174896057748933,4.489321974426053
0.89199554,0.38649006966800836,0.09408029457602796,0.07868132592614994,5.679772450711012e-05,3.624653324437842,3.6213018645727573,3.6214895857748832,4.50775446653452
0.8929955350000001,0.3860433503857924,0.09351487085237391,0.07781325384566079,5.119879100359225e-05,3.6286533044378366,3.62530186196784,3.6254895657749024,4.526358416929933
0.8939955300000001,0.38559713201698576,0.0929528272179601,0.07694668011022014,4.606146214742108e-05,3.632653284437844,3.62930185891507,3.6294895457749057,4.545137045443304
0.894995525,0.3851514139341992,0.09239414358499813,0.07608161778032232,4.135619100632892e-05,3.636653264437866,3.633301855423245,3.633489525774905,4.5640936634623595
0.89599552,0.38470619553184415,0.09183879997308277,0.0752180801342694,3.705465881392095e-05,3.640653244437907,3.6373018515003457,3.6374895057749232,4.583231677436118
0.8969955150000001,0.3842614761849923,0.09128677650639046,0.07435608067736153,3.312979717217348e-05,3.6446532244379672,3.641301847153236,3.6414894857749065,4.6025545925487235
0.89799551,0.38381725528753013,0.09073805346644323,0.07349563312146556,2.955563695720651e-05,3.648653204438044,3.6453018423913495,3.6454894657749324,4.622066016572472
0.898995505,0.38337353222485443,0.09019261119342394,0.07263675144047206,2.6307544300649336e-05,3.652653184438135,3.6493018372199493,3.6494894457749085,4.6417696639106865
0.8999955000000001,0.38293030638485226,0.08965043021354045,0.07177944980669276,2.3361881450748128e-05,3.656653164438234,3.653301831649275,3.6534894257749357,4.6616693598416905
0.9009954950000001,0.3824875771642789,0.08911149110459245,0.07092374267999531,2.069635074036872e-05,3.660653144438334,3.6573018256842325,3.657489405774915,4.681769044976073
0.90199549,0.38204534394681144,0.08857577460335019,0.07006964473405265,1.8289622759760546e-05,3.664653124438427,3.661301819334072,3.6614893857749324,4.702072779940206
0.902995485,0.381603606137324,0.08804326154682712,0.06921717092737735,1.6121627210338683e-05,3.668653104438506,3.6653018126049712,3.665489365774922,4.722584750299938
0.9039954800000001,0.3811623631212595,0.08751393287504776,0.06836633647174511,1.41732825179885e-05,3.672653084438561,3.669301805504452,3.6694893457749287,4.7433092717393635
0.904995475,0.3807216143033976,0.08698776967581029,0.06751715684920996,1.2426653844840737e-05,3.6766530644385855,3.673301798040184,3.6734893257749284,4.764250795510817
0.90599547,0.38028135907920396,0.08646475309507634,0.06666964784393274,1.0864808970682016e-05,3.680653044438573,3.677301790217887,3.677489305774925,4.785413914173169
0.9069954650000001,0.3798415968473848,0.08594486445662863,0.06582382549203662,9.471853832355155e-06,3.6846530244385205,3.681301782046557,3.6814892857749335,4.80680336763698
0.9079954600000001,0.3794023270145718,0.08542808513232436,0.06497970618130201,8.232889392852512e-06,3.6886530044384243,3.685301773530621,3.6854892657749234,4.82842404953644
0.908995455,0.3789635489751295,0.0849143966482513,0.06413730654462552,7.133958030761386e-06,3.6926529844382863,3.6893017646794464,3.689489245774937,4.850281013949501
0.90999545,0.3785252621439742,0.08440378062422059,0.0632966435929243,6.162065001585272e-06,3.69665296443811,3.693301755497622,3.693489225774923,4.8723794824892925
0.9109954450000001,0.37808746591658304,0.08389621878140945,0.06245773461929188,5.305073240816385e-06,3.700652944437903,3.6973017459930286,3.6974892057749393,4.894724851791682
0.9119954400000001,0.37765015970819293,0.08339169297970488,0.06162059727525812,4.551755543613857e-06,3.7046529244376747,3.7013017361718266,3.701489185774923,4.917322701425889
0.912995435,0.37721334292398756,0.0828901851367956,0.060785249558280637,3.891668808774321e-06,3.708652904437438,3.70530172604032,3.7054891657749396,4.9401788022571385
0.91399543,0.37677701497309474,0.08239167734011876,0.05995170980658201,3.3152104515248906e-06,3.71265288443721,3.709301715605784,3.709489145774924,4.963299125292699
0.9149954250000001,0.3763411752716474,0.08189615172222074,0.05911999676838327,2.813497630918347e-06,3.7166528644370067,3.7133017048731145,3.7134891257749385,4.986689851045224
0.91599542,0.3759058232243319,0.08140359056501759,0.05829012951346423,2.3784036025462512e-06,3.720652844436845,3.717301693850512,3.717489105774928,5.010357379450168
0.916995415,0.37547095825570476,0.080913976238207,0.057462127585396275,2.002469214742861e-06,3.7246528244367427,3.7213016825419545,3.7214890857749343,5.034308340377061
0.9179954100000001,0.37503657977095123,0.08042729121112545,0.05663601084624385,1.678890068005128e-06,3.728652804436712,3.725301670955836,3.725489065774936,5.058549604777806
0.9189954050000001,0.37460268719534684,0.07994351808324693,0.05581179966959148,1.4014936458023704e-06,3.7326527844367625,3.7293016590962207,3.729489045774929,5.08308829651897
0.9199954,0.37416927994345767,0.07946263951158436,0.05498951479382118,1.1646439081950673e-06,3.736652764436894,3.733301646970424,3.733489025774947,5.107931804948991
0.920995395,0.37373635743444905,0.07898463831498002,0.054169177455688215,9.633160815774932e-07,3.740652744437097,3.7373016345835968,3.7374890057749233,5.133087798255783
0.9219953900000001,0.37330391909359634,0.0785094973549051,0.053350809338279494,7.928962408680148e-07,3.7446527244373464,3.7413016219417936,3.741488985774958,5.158564237675161
0.922995385,0.37287196433555503,0.0780371996372404,0.05253443260395831,6.493617600609806e-07,3.748652704437597,3.745301609051112,3.7454889657749213,5.184369392615955
0.92399538,0.3724404925941362,0.07756772825024752,0.05172006995362022,5.289927151418181e-07,3.752652684437782,3.7493015959163194,3.7494889457749614,5.210511856773707
0.9249953750000001,0.37200950328391963,0.07710106638000971,0.05090774453892836,4.2861130018985595e-07,3.7566526644378238,3.753301582544471,3.7534889257749238,5.237000565311523
0.9259953700000001,0.3715789958398176,0.07663719733465311,0.050097480154209735,3.452892407201648e-07,3.760652644437841,3.757301568939243,3.757488905774954,5.263844813194025
0.926995365,0.3711489696854563,0.07617610447964723,0.04928930102393055,2.765332183605401e-07,3.7646526244378595,3.761301555108206,3.761488885774927,5.291054274768529
0.92799536,0.3707194242496682,0.07571777133454388,0.04848323209933661,2.2010406683042668e-07,3.7686526044378708,3.7653015410546766,3.7654888657749384,5.318639024696713
0.9289953550000001,0.370290358966528,0.07526218145939027,0.04767929879549268,1.7406294277820876e-07,3.77265258443787,3.769301526785754,3.769488845774951,5.346609560350019
0.92999535,0.3698617732603204,0.07480931855391641,0.046877527272538085,1.3674233799398371e-07,3.7766525644378595,3.773301512305395,3.773488825774927,5.37497682579346
0.930995345,0.3694336665737411,0.07435916639487226,0.04607794426723177,1.0666127627149453e-07,3.780652544437845,3.7773014976194577,3.7774888057749667,5.403752237494943
0.9319953400000001,0.3690060383304625,0.07391170885522799,0.04528057722321011,8.260571048259725e-08,3.784652524437832,3.781301482732977,3.7814887857749264,5.432947711911198
0.9329953350000001,0.3685788879746475,0.07346692992228729,0.04448545431101667,6.34769245613451e-08,3.7886525044378283,3.78530146765058,3.7854887657749616,5.462575695117201
0.93399533,0.3681522149386745,0.07302481364054235,0.04369260436864972,4.839720480280466e-08,3.7926524844378386,3.7893014523781923,3.789488745774924,5.492649194663453
0.934995325,0.3677260186606855,0.07258534420100861,0.04290205712196988,3.659095418121158e-08,3.7966524644378685,3.7933014369193723,3.7934887257749432,5.523181813865183
0.9359953200000001,0.36730029858322666,0.0721485058329288,0.04211384294106527,2.742319981884994e-08,3.8006524444379206,3.797301421280487,3.7974887057749505,5.5541877887497355
0.936995315,0.36687505413988303,0.07171428290246441,0.04132799320851413,2.0368525863966548e-08,3.804652424437994,3.801301405464781,3.8014886857749297,5.585682027913325
0.93799531,0.36645028478188213,0.07128265984487865,0.04054453998968068,1.497928410745927e-08,3.8086524044380883,3.8053013894785046,3.8054886657749676,5.6176801555664735
0.9389953050000001,0.3660259899416979,0.07085362119197602,0.03976351646679601,1.091040718421751e-08,3.8126523844381977,3.8093013733247485,3.8094886457749286,5.650198558079214
0.9399953000000001,0.36560216907237236,0.07042715158212955,0.038984956557744664,7.85927496742873e-09,3.8166523644383172,3.8133013570096312,3.8134886257749603,5.6832544343732225
0.940995295,0.3651788216147424,0.0700032357107619,0.038208895407039055,5.601026219300406e-09,3.8206523444384377,3.817301340536174,3.8174886057749258,5.7168658505487615
0.94199529,0.36475594701591374,0.06958185841246373,0.0374353689716442,3.944717092862515e-09,3.824652324438552,3.8213013239102374,3.821488585774942,5.751051799180912
0.9429952850000001,0.3643335447265909,0.06916300455818004,0.036664414536047935,2.7438623378339165e-09,3.828652304438649,3.8253013071349087,3.825488565774953,5.785832263772218
0.94399528,0.36391161418934304,0.06874665915267272,0.03589607031273879,1.8849950723686873e-09,3.832652284438719,3.8293012902156502,3.829488545774931,5.821228288909522
0.944995275,0.3634901548635907,0.06833280726277853,0.035130375922536095,1.2761574097259872e-09,3.8366522644387557,3.833301273155765,3.8334885257749667,5.857262056741636
0.94599527,0.36306916619032914,0.06792143405179987,0.034367372086353674,8.526020609496622e-10,3.8406522444387496,3.837301255960167,3.8374885057749304,5.893956970473748
0.9469952650000001,0.3626486476311238,0.0675125247823499,0.03360710099081006,5.603053414776408e-10,3.8446522244386965,3.841301238632445,3.841488485774957,5.931337745665695
0.94799526,0.36222859863498846,0.06710606477395084,0.03284960612404262,3.6261779872850724e-10,3.8486522044385922,3.8453012211770665,3.8454884657749284,5.969430510225931
0.948995255,0.36180901865765924,0.06670203947815277,0.03209493254376193,2.306553345641726e-10,3.8526521844384387,3.8493012035976752,3.84948844577494,6.008262914114495
0.9499952500000001,0.36138990715770003,0.06630043438132949,0.03134312675822551,1.4398054825764177e-10,3.8566521644382386,3.8533011858986708,3.8534884257749553,6.0478642499085655
0.9509952450000001,0.3609712635863582,0.06590123510028596,0.030594237084209264,8.825214871918556e-11,3.860652144437999,3.8573011680833065,3.857488405774933,6.08826558554752
0.95199524,0.3605530874109246,0.06550442730768322,0.02984831335683941,5.288828547284732e-11,3.8646521244377294,3.8613011501561676,3.861488385774965,6.1294999107644195
0.952995235,0.36013537808064583,0.06510999677221097,0.02910540753459929,3.0992991241084907e-11,3.8686521044374462,3.86530113212015,3.865488365774931,6.171602298932954
0.9539952300000001,0.3597181350652686,0.06471792935509812,0.02836557320697404,1.7760124785385156e-11,3.8726520844371644,3.8693011139798315,3.869488345774954,6.214610086319206
0.954995225,0.35930135782171485,0.06432821097432195,0.02762886638130358,9.857598968048778e-12,3.876652064436903,3.873301095737971,3.8734883257749315,6.2585630710337865
0.95599522,0.3588850458140296,0.0639408276729727,0.026895344909195325,5.332730659991801e-12,3.8806520444366823,3.877301077398953,3.8774883057749387,6.3035037343410085
0.9569952150000001,0.3584691985083507,0.06355576552772899,0.02616506931717159,2.775520710795626e-12,3.884652024436522,3.881301058965602,3.8814882857749566,6.349477487409267
0.9579952100000001,0.3580538153643094,0.06317301074208043,0.025438102359691038,1.3350161260168222e-12,3.8886520044364397,3.8853010404418065,3.8854882657749346,6.396532947095123
0.958995205,0.35763889585675734,0.06279254956988337,0.02471450958727716,6.38209211875587e-13,3.8926519844364478,3.889301021830816,3.889488245774963,6.444722244959455
0.9599952,0.35722443944293214,0.062414368360262325,0.023994359407249952,1.5774382234844014e-13,3.8966519644365527,3.8933010031358024,3.89348822577493,6.49410137444005
0.9609951950000001,0.3568104456004348,0.06203845354856985,0.023277723077688755,5.860074321964824e-14,3.90065194443675,3.897300984360421,3.897488205774951,6.5447305819777215
0.96199519,0.3563969137938386,0.061664791626714156,0.022564675393000475,1.1051471389470898e-13,3.9046519244370215,3.90130096550746,3.9014881857749346,6.596674808947623
0.962995185,0.35598384349518636,0.06129336920503482,0.021855294382782216,1.126244514231775e-13,3.908651904437331,3.9053009465803576,3.9054881657749383,6.650004192526524
0.9639951800000001,0.3555712341779187,0.06092417292647603,0.021149661974122103,1.697547705112269e-13,3.9126518844376186,3.9093009275821133,3.909488145774958,6.704794635186746
0.9649951750000001,0.3551590853097658,0.060557189556983235,0.020447864153244656,2.720743495752381e-13,3.9166518644377954,3.9133009085156667,3.9134881257749363,6.761128454419058
0.96599517,0.35474739637284525,0.06019240590803915,0.019749991140123185,2.8554638348148213e-13,3.9206518444378116,3.917300889384168,3.917488105774961,6.8190951266415745
0.966995165,0.3543361668321355,0.05982980888534224,0.019056138013387115,9.295473202158895e-13,3.9246518244378183,3.9213008701904557,3.921488085774927,6.878792142169421
0.9679951600000001,0.35392539617290925,0.059469385474947366,0.018366405000788646,2.570850089247222e-13,3.9286518044378234,3.9253008509372944,3.9254880657749482,6.940325991755846
0.968995155,0.3535150838667499,0.05911112271922771,0.01768089774156004,1.0773391657309343e-13,3.932651784437823,3.9293008316276397,3.929488045774938,7.003813309775624
0.96999515,0.35310522939379474,0.05875500777254677,0.01699972810821482,3.415952561499655e-14,3.93665176443782,3.9333008122641626,3.9334880257749383,7.069382204878188
0.9709951450000001,0.3526958322343958,0.058401027821101424,0.016323014579517767,7.621420282514213e-14,3.9406517444378153,3.9373007928495287,3.9374880057749584,7.137173816256663
0.9719951400000001,0.3522868918641084,0.058049170170131836,0.01565088292329998,1.0716407257376111e-13,3.944651724437812,3.941300773386356,3.9414879857749385,7.207344143053667
0.972995135,0.35187840777203355,0.057699422166180674,0.01498346683879614,2.0009647239928424e-13,3.948651704437813,3.9453007538772678,3.9454879657749586,7.28006620652804
0.97399513,0.35147037943065,0.05735177124869286,0.014320908918066377,1.0635753874277341e-12,3.9526516844378206,3.9493007343247664,3.9494879457749223,7.355532620366893
0.9749951250000001,0.3510628063326391,0.057006204932015705,0.01366336160882608,2.1004603959963368e-13,3.956651664437837,3.953300714731257,3.9534879257749465,7.433958665235674
0.9759951200000001,0.3506556879562454,0.05666271078652525,0.01301098814481089,1.9953283896715757e-13,3.9606516444378617,3.9573006950991543,3.9574879057749417,7.51558599113552
0.976995115,0.35024902378952705,0.05632127648838995,0.01236396393766019,1.9361220039029294e-14,3.9646516244378933,3.96130067543079,3.9614878857749387,7.600687107975812
0.9779951100000001,0.3498428133194619,0.05598188974502013,0.011722477993944056,7.456005235181654e-14,3.9686516044379307,3.965300655728449,3.965487865774959,7.689570874721019
0.9789951050000001,0.3494370560291659,0.0556445383787998,0.011086734668938345,1.3458014331827296e-13,3.9726515844379704,3.9693006359943497,3.9694878457749394,7.782589266029298
0.9799951,0.3490317514144549,0.05530921024971459,0.01045695571080818,4.6711372126992655e-14,3.976651564438008,3.973300616230647,3.973487825774956,7.880145790647774
0.9802450987500001,0.3489304959296652,0.05522569293345762,0.010300470697606801,6.728382047485126e-14,3.977651559438017,3.9743006112853543,3.9744878207749594,7.905297027533295
0.9804950975000001,0.34882926869652936,0.05514230112824501,0.010144377457146404,2.1144231752108906e-13,3.978651554438025,3.9753006063383665,3.9754878157749527,7.930768589334702
0.9807450962500001,0.34872806970755615,0.0550590346496739,0.009988680060250991,3.6918132571120307e-13,3.979651549438033,3.9763006013897164,3.9764878107749375,7.9565687407082555
0.980995095,0.3486268989550755,0.054975893309108965,0.00983338265091021,5.236730180076676e-13,3.98065154443804,3.9773005964394454,3.9774878057749232,7.982706070347752
0.98124509375,0.3485257564312379,0.054892876918599356,0.009678489452219281,2.6881748271600353e-13,3.9816515394380465,3.9783005914875944,3.9784878007749374,8.009189508148763
0.9814950925,0.3484246421280122,0.05480998529087889,0.009524004910827874,5.177521236516021e-14,3.982651534438052,3.9793005865341766,3.97948779577494,8.036028343524622
0.9817450912500001,0.3483235560371844,0.05472721823936744,0.009369933501373112,2.87101613421877e-14,3.9836515294380574,3.9803005815792245,3.98048779077494,8.063232244968166
0.9819950900000001,0.34822249815081896,0.05464457557817068,0.009216279752323864,1.75653984171885e-14,3.9846515244380614,3.9813005766227807,3.9814877857749447,8.090811280962269
0.98224508875,0.34812146846125713,0.054562057122081606,0.009063048370206266,4.2771549154343926e-14,3.985651519438065,3.982300571664875,3.9824877807749526,8.118775942352494
0.9824950875,0.34802046695884675,0.05447966268658027,0.008910244239101481,1.045449338319836e-13,3.9866515144380674,3.9833005667055237,3.9834877757749587,8.147137166306045
0.98274508625,0.3479194936363616,0.05439739208354211,0.008757872287163848,1.267192044002781e-13,3.9876515094380687,3.9843005617447615,3.9844877707749564,8.175906361994107
0.9829950850000001,0.34781854848639926,0.05431524513376781,0.008605937494851652,8.245392531727984e-14,3.9886515044380695,3.985300556782634,3.9854877657749443,8.205095438148485
0.9832450837500001,0.34771763150137963,0.054233221651030866,0.008454445138474721,1.8020383510227528e-13,3.989651499438069,3.986300551819158,3.9864877607749274,8.234716832658982
0.9834950825000001,0.3476167426735438,0.05415132144974999,0.008303400597746676,1.9817527637530388e-13,3.990651494438067,3.987300546854356,3.987487755774922,8.264783544395895
0.98374508125,0.34751588199495254,0.054069544345019455,0.008152809319986158,6.129205387351473e-14,3.9916514894380644,3.988300541888266,3.9884877507749223,8.29530916746106
0.98399508,0.3474150494574844,0.05398789015260961,0.008002676892118091,6.905185593482343e-14,3.99265148443806,3.989300536920924,3.9894877457749236,8.326307928093609
0.98424507875,0.3473142450528348,0.05390635868896734,0.007853009201225149,3.754721088500584e-14,3.9936514794380544,3.9903005319523452,3.990487740774924,8.357794724481078
0.9844950775000001,0.3472134687742773,0.053824949771216796,0.007703812203639758,1.2088840193259617e-13,3.9946514744380486,3.9913005269825605,3.991487735774923,8.389785169754813
0.9847450762500001,0.34711272061162146,0.05374366321715996,0.007555091942464323,2.6480855631630544e-14,3.995651469438041,3.992300522011609,3.992487730774922,8.422295638480168
0.984995075,0.34701200055745446,0.053662498842204566,0.007406854815236643,2.4737801988559935e-14,3.996651464438032,3.9933005170395086,3.993487725774923,8.45534331698823
0.98524507375,0.3469113086044621,0.053581456467570274,0.007259107350826041,2.174733925295885e-14,3.997651459438022,3.994300512066284,3.9944877207749245,8.488946257936137
0.9854950725,0.34681064474515333,0.05350053591118867,0.007111856176129483,2.374813503150938e-14,3.9986514544380105,3.9953005070919723,3.9954877157749245,8.523123439529781
0.9857450712500001,0.346710008971859,0.053419736989819035,0.0069651082046044924,8.847920287701405e-14,3.9996514494379984,3.9963005021165996,3.996487710774923,8.557894829895275
0.9859950700000001,0.3466094012767308,0.053339059520886356,0.006818870646431063,3.3929440102984043e-14,4.000651444437985,3.9973004971401833,3.9974877057749225,8.593281457145768
0.9862450687500001,0.346508821651739,0.05325850332248241,0.006673150799096892,3.549398810488334e-14,4.001651439437969,3.9983004921627576,3.998487700774923,8.629305485759454
0.9864950675,0.3464082700886721,0.053178068213365945,0.006527956212732348,2.126388685447053e-14,4.002651434437954,3.999300487184352,3.999487695774924,8.66599029996314
0.98674506625,0.34630774658034724,0.053097754012963516,0.006383294829606187,4.077421591772093e-14,4.003651429437937,4.000300482204985,4.000487690774925,8.70336059490712
0.986995065,0.34620725111758743,0.05301756054136996,0.006239174716873412,1.1495752292626884e-13,4.004651424437919,4.001300477224685,4.001487685774922,8.741442476521572
0.9872450637500001,0.3461067836921697,0.05293748761753967,0.006095604213322752,3.9478694020789566e-14,4.005651419437901,4.002300472243484,4.002487680774922,8.780263571065735
0.9874950625000001,0.34600634429686655,0.05285753506263867,0.005952592112264082,2.1862374685802652e-14,4.006651414437881,4.003300467261398,4.003487675774923,8.819853145521197
0.9877450612500001,0.3459059329242752,0.05277770269909544,0.005810147355958111,1.3883115855543831e-14,4.007651409437861,4.004300462278456,4.004487670774925,8.860242240143732
0.98799506,0.3458055495668157,0.05269799034598068,0.005668279218708965,1.7835241351849683e-14,4.008651404437839,4.005300457294688,4.0054876657749245,8.901463814677236
0.98824505875,0.34570519421672935,0.05261839782302109,0.005526997495601258,7.87450285143865e-14,4.009651399437818,4.006300452310111,4.006487660774923,8.943552909955448
0.9884950575,0.3456048668660779,0.05253892495060099,0.005386312151459513,4.1108246987716907e-14,4.0106513944377955,4.007300447324752,4.007487655774922,8.986546826876543
0.9887450562500001,0.3455045675067412,0.052459571549762135,0.005246233617382581,4.194762869224008e-14,4.011651389437773,4.008300442338639,4.0084876507749225,9.030485325041118
0.9889950550000001,0.3454042961310303,0.052380337442205056,0.005106772829100727,2.295451547911782e-14,4.012651384437749,4.009300437351788,4.009487645774924,9.075410843704283
0.98924505375,0.34530405273104386,0.052301222450288815,0.004967940946194033,6.976813212317203e-14,4.013651379437727,4.010300432364232,4.010487640774924,9.121368748119416
0.9894950525,0.34520383729753834,0.05222222639663002,0.004829749858112571,2.0636200101223139e-13,4.014651374437703,4.011300427375987,4.011487635774923,9.168407604857267
0.98974505125,0.3451036498233726,0.05214334910168182,0.0046922117976269185,8.424683659160843e-14,4.01565136943768,4.01230042238708,4.012487630774922,9.216579490289268
0.9899950500000001,0.3450034903012309,0.0520645903927959,0.004555339513783033,7.59446110346245e-14,4.0166513644376565,4.013300417397533,4.013487625774923,9.265940337147327
0.9902450487500001,0.34490335872362154,0.05198595009132499,0.004419146500740079,5.3572143701808254e-14,4.017651359437634,4.0143004124073665,4.014487620774924,9.316550324942858
0.9904950475000001,0.3448032550828753,0.05190742801926938,0.004283646600999077,3.9996699364801936e-14,4.018651354437612,4.015300407416607,4.015487615774925,9.368474321079574
0.99074504625,0.34470317937114364,0.05182902399927715,0.004148854608648812,9.460820077285614e-14,4.01965134943759,4.016300402425272,4.016487610774923,9.421782380769319
0.990995045,0.3446031315803978,0.051750737854644936,0.004014785815088043,1e-14,4.020651344437569,4.017300397433386,4.017487605774923,9.47655031541622
0.99124504375,0.3445031117024271,0.05167256940931846,0.003881456360774089,1.0400603426168659e-14,4.021651339437549,4.01830039244097,4.018487600774923,9.53286034103952
0.9914950425000001,0.3444031197307109,0.05159451848789345,0.0037488832302884755,2.082963028648268e-14,4.02265133443753,4.0193003874480455,4.0194875957749225,9.590801820653141
0.9917450412500001,0.34430315565498165,0.051516584915615574,0.003617084203351276,1e-14,4.023651329437512,4.020300382454632,4.0204875907749225,9.650472117427917
0.99199504,0.3442032194680993,0.051438768515121414,0.003486078206240293,1.545923272439594e-14,4.024651324437495,4.021300377460751,4.021487585774922,9.711977579086795
0.99224503875,0.34410331116283444,0.05136106911546335,0.0033558849858700483,1e-14,4.02565131943748,4.0223003724664235,4.022487580774922,9.775434678526883
0.9924950375,0.34400343073178263,0.05128348654149115,0.0032265256993302526,1e-14,4.026651314437466,4.023300367471668,4.023487575774922,9.840971341399241
0.9927450362500001,0.34390357816736283,0.05120602061744987,0.0030980224793653536,1.5342784118229898e-14,4.027651309437454,4.024300362476506,4.024487570774923,9.908728498669117
0.9929950350000001,0.34380375346181596,0.0511286711682235,0.0029703991331584234,1e-14,4.028651304437444,4.025300357480955,4.025487565774922,9.978861911518294
0.9932450337500001,0.34370395660720354,0.05105143801933551,0.00284368069095355,1e-14,4.029651299437436,4.026300352485034,4.026487560774923,10.05154432800843
0.9934950325,0.3436041875954058,0.050974320996949145,0.0027178941041989466,1e-14,4.03065129443743,4.027300347488763,4.027487555774923,10.126968046619949
0.99374503125,0.34350444641945416,0.050897319927868556,0.0025930679793864245,1e-14,4.031651289437425,4.0283003424921615,4.028487550774923,10.205347982404454
0.99399503,0.3434047330700364,0.05082043463953893,0.0024692331080208214,2.3823533940270697e-14,4.0326512844374225,4.029300337495245,4.029487545774923,10.286925358845979
0.9942450287500001,0.34330504753925095,0.05074366495797278,0.002346422548720395,1e-14,4.033651279437423,4.030300332498034,4.0304875407749226,10.371972185200915
0.9944950275000001,0.34320538981995435,0.05066701071231595,0.002224671814529571,1e-14,4.034651274437426,4.031300327500544,4.031487535774923,10.460796728805107
0.99474502625,0.3431057599048286,0.05059047173161773,0.002104019559444224,1e-14,4.035651269437431,4.032300322502793,4.032487530774922,10.553750260064762
0.994995025,0.34300615778638016,0.05051404784233989,0.0019845074635963227,1e-14,4.036651264437438,4.033300317504796,4.033487525774923,10.651235442713206
0.99524502375,0.34290658345693814,0.05043773887157442,0.0018661810992413482,4.767926425158315e-14,4.037651259437448,4.034300312506573,4.034487520774923,10.753716875727834
0.9954950225000001,0.3428070369086535,0.0503615446470438,0.0017490903543243242,1.9471995237352872e-14,4.038651254437459,4.035300307508137,4.035487515774924,10.861734485018626
0.9957450212500001,0.34270751813349687,0.050285464997101625,0.001633289946248232,2.2144705601106e-14,4.0396512494374734,4.036300302509504,4.036487510774924,10.97592074243659
0.9959950200000001,0.34260802712401334,0.05020949975073298,0.0015188403964673128,1e-14,4.040651244437489,4.037300297510691,4.037487505774924,11.09702310471322
0.99624501875,0.34250856387208267,0.05013364873755509,0.0014058091014035796,1.0783460845676344e-14,4.041651239437508,4.038300292511711,4.038487500774925,11.22593369449057
0.9964950175,0.3424091283688458,0.05005791178704041,0.0012942713965619368,1e-14,4.042651234437527,4.03930028751258,4.0394874957749245,11.36372922299997
0.99674501625,0.3423097206072436,0.049982288727847414,0.0011843122525646615,1e-14,4.043651229437549,4.0403002825133125,4.040487490774924,11.511725711556409
0.9969950150000001,0.34221034058004385,0.049906779393608526,0.0010760283111773616,1e-14,4.0446512244375725,4.041300277513921,4.041487485774925,11.671555125625282
0.9972450137500001,0.34211098827983966,0.04983138361297522,0.0009695306408002875,1e-14,4.045651219437596,4.042300272514417,4.042487480774925,11.845275374880002
0.9974950125000001,0.34201166369904773,0.04975610121522014,0.0008649483440143714,1.886399278955918e-14,4.046651214437621,4.043300267514818,4.043487475774925,12.03553278920485
0.99774501125,0.3419123668299075,0.04968093203023726,0.0007624335871199707,1e-14,4.047651209437647,4.044300262515131,4.044487470774925,12.24581031015635
0.99799501,0.3418130976644792,0.049605875888543094,0.0006621687549138936,1e-14,4.048651204437672,4.045300257515372,4.045487465774924,12.480822131783842
0.99824500875,0.34171385619468264,0.04953093262127668,0.0005643769473222523,1e-14,4.049651199437697,4.04630025251555,4.046487460774925,12.747172535912847
0.9984950075000001,0.3416146424131562,0.04945610206020054,0.00046933804707109157,1e-14,4.050651194437721,4.047300247515677,4.047487455774924,13.05452444861437
0.9987450062500001,0.34151545631139685,0.0493813840377011,0.0003774154974581146,1e-14,4.051651189437743,4.048300242515762,4.048487450774924,13.417839093230468
0.998995005,0.34141629788218947,0.04930677838580707,0.0002891024678466318,1e-14,4.052651184437764,4.049300237515815,4.049487445774924,13.862135145465215
0.99924500375,0.3413171671181442,0.049232284936602116,0.00020511341928261214,1e-14,4.0536511794377805,4.050300232515844,4.050487440774927,14.434185271479492
0.9994950025,0.3412180640116956,0.04915790352196768,0.0001265938695289612,1e-14,4.054651174437795,4.051300227515857,4.051487435774929,15.23850387864188
0.9997450012500001,0.341118988555101,0.049083633974304326,5.5759179875923366e-05,1e-14,4.0556511694378035,4.052300222515861,4.052487430774935,16.605093549807485
0.999995,0.3410199407404392,0.04900947612662962,4.980185540319142e-07,1e-14,4.056651164437806,4.0533002175158614,4.053487425774944,24.468735011296666
