source_row,normalized_time,s,inverse_time_minus_native,inverse_square_minus_native,constant_disagreement,capped_disagreement,fiber_disagreement,xu_liu_disagreement
0,0.0,1.0,0E-17,0E-17,1.3217504433004645,1.3217504433004645,1.3217504433004645,1.3217504433004645
1,0.000999995,0.999000005,-0.000091343331159294,-0.000091343099438416,1.317828346354139,1.3178268997144047,1.3178268997144047,1.317825452112155
2,0.00199999,0.99800001,-0.00018115946532000,-0.00018115763226530,1.3139427018763103,1.3139369479232097,1.3139369479232097,1.3139311863298788
3,0.002999985,0.997000015,-0.00026947338687171,-0.00026946726172662,1.3100929633622806,1.3100800894409945,1.3100800894409945,1.3100671899297776
4,0.00399998,0.99600002,-0.00035630962103072,-0.00035629524438996,1.3062785944285167,1.3062558347434048,1.3062558347434048,1.3062330148582728
5,0.004999975,0.995000025,-0.00044169224266866,-0.00044166444547766,1.3024990685783622,1.3024637030644606,1.3024637030644606,1.3024282208723106
6,0.00599997,0.99400003,-0.00052564489488354,-0.00052559734147315,1.2987538689787252,1.2987032222231738,1.2987032222231738,1.2986523753555477
7,0.006999965,0.993000035,-0.00060819078359288,-0.00060811602569283,1.2950424882580296,1.2949739283980637,1.2949739283980637,1.294905053147398
8,0.00799996,0.99200004,-0.00068935269674053,-0.00068924221710519,1.2913644282644732,1.2912753659676768,1.2912753659676768,1.2911858363845095
9,0.008999955,0.991000045,-0.00076915300914580,-0.00076899726632461,1.287719199883415,1.2876070873220715,1.2876070873220715,1.287494314341066
10,0.00999995,0.99000005,-0.00084761369144980,-0.00084740216433328,1.2841063228294802,1.283968652689669,1.283968652689669,1.2838300832795948
11,0.010999945,0.989000055,-0.00092475631881677,-0.00092447756026651,1.2805253254526237,1.280359629968798,1.280359629968798,1.2801927463246539
12,0.01199994,0.98800006,-0.00100060208260481,-0.00100024375239620,1.276975744549479,1.2767795945707274,1.2767795945707274,1.2765819132848975
13,0.012999935,0.987000065,-0.0010751717987512,-0.00107472070374947,1.2734571251798208,1.2732281292599095,1.2732281292599095,1.2729972005313264
14,0.01399993,0.98600007,-0.00114848591003332,-0.00114792804433315,1.2699690204882008,1.2697048239861397,1.2697048239861397,1.269438230851767
15,0.014999925,0.985000075,-0.00122056449785429,-0.00121988507788761,1.266510991541324,1.266209275742019,1.266209275742019,1.2659046333188244
16,0.01599992,0.98400008,-0.00129142728777232,-0.00129061079329843,1.2630826071358654,1.2627410884113381,1.2627410884113381,1.2623960431704946
17,0.016999915,0.983000085,-0.00136109365694383,-0.00136012387164718,1.2596834436507198,1.2592998726259288,1.2592998726259288,1.2589121016854357
18,0.01799991,0.98200009,-0.00142958264137769,-0.00142844268517886,1.2563130848803221,1.2558852456262282,1.2558852456262282,1.2554524560466747
19,0.018999905,0.981000095,-0.00149691295005186,-0.00149558530663355,1.2529711218785302,1.2524968311390452,1.2524968311390452,1.2520167592288864
20,0.0199999,0.9800001,-0.00156310296044462,-0.00156156951289799,1.2496571528065545,1.2491342592225592,1.2491342592225592,1.2486046698781876
21,0.020999895,0.979000105,-0.00162817073212878,-0.00162641279084522,1.2463707827848105,1.245797166150889,1.245797166150889,1.2452158521993668
22,0.02199989,0.97800011,-0.00169213401049493,-0.00169013235302397,1.2431116237488409,1.2424851942828286,1.2424851942828286,1.2418499758635715
23,0.022999885,0.977000115,-0.00175501023298205,-0.00175274512934887,1.2398792943169574,1.2391979919390923,1.2391979919390923,1.2385067158758216
24,0.02399988,0.97600012,-0.00181681653533375,-0.00181426777967929,1.2366734196358176,1.2359352132829828,1.2359352132829828,1.2351857524832615
25,0.024999875,0.975000125,-0.00187756975977521,-0.00187471669517937,1.2334936312595672,1.232696518207675,1.232696518207675,1.2318867710662047
26,0.02599987,0.97400013,-0.00193728646251110,-0.00193410800334656,1.2303395670147748,1.2294815722251249,1.2294815722251249,1.2286094620385575
27,0.026999865,0.973000135,-0.00199598291343118,-0.00199245757561076,1.2272108708734215,1.2262900463444955,1.2262900463444955,1.225353520755138
28,0.02799986,0.97200014,-0.00205367510581685,-0.00204978103646059,1.224107192829036,1.223121616971306,1.223121616971306,1.222118647423725
29,0.028999855,0.971000145,-0.00211037875992616,-0.00210609375898913,1.2210281887758683,1.2199759657986653,1.2199759657986653,1.2189045469971531
30,0.02999985,0.97000015,-0.00216610932841282,-0.00216141087407428,1.2179735203913085,1.216852779704556,1.216852779704556,1.215710929090697
31,0.030999845,0.969000155,-0.00222088200161743,-0.00221574727239733,1.214942855027076,1.2137517506515854,1.2137517506515854,1.212537507889941
32,0.03199984,0.96800016,-0.00227471171773814,-0.00226911760897746,1.211935865583914,1.2106725755970469,1.2106725755970469,1.2093840020651143
33,0.032999835000000005,0.967000164999999995,-0.00232761316074185,-0.0023215363138353,1.208952230411756,1.2076149563856782,1.2076149563856782,1.2062501346970398
34,0.03399983,0.96600017,-0.00237960076861174,-0.00237301759051273,1.20599163319921,1.2045785996617486,1.2045785996617486,1.2031356331860357
35,0.034999825,0.965000175,-0.0024306887370440,-0.0024235754205454,1.2030537628685614,1.201563216776165,1.201563216776165,1.2000402291724737
36,0.03599982,0.96400018,-0.00248089102270509,-0.00247322356631564,1.2001383134750103,1.1985685236953578,1.1985685236953578,1.1969636584568888
37,0.036999815000000005,0.963000184999999995,-0.00253022135135877,-0.00252197557636460,1.1972449841093633,1.1955942409197555,1.1955942409197555,1.1939056609257777
38,0.03799981,0.96200019,-0.00257869322099594,-0.00256984479170699,1.1943734787972973,1.1926400933966785,1.1926400933966785,1.1908659804805584
39,0.038999805,0.961000195,-0.00262631990497284,-0.00261684434630588,1.1915235064056329,1.1897058104355713,1.1897058104355713,1.1878443649597736
40,0.0399998,0.9600002,-0.00267311445677084,-0.00266298717173872,1.1886947805498427,1.1867911256276804,1.1867911256276804,1.184840566069329
41,0.040999795000000006,0.959000204999999994,-0.0027190897144236,-0.0027082860007839,1.1858870195033724,1.1838957767671914,1.1838957767671914,1.181854339312853
42,0.04199979,0.95800021,-0.00276425830472637,-0.00275275337093123,1.1830999461082148,1.1810195057739594,1.1810195057739594,1.1788854439236274
43,0.042999785,0.957000215,-0.00280863264526549,-0.00279640162714742,1.1803332876903665,1.1781620586151431,1.1781620586151431,1.1759336427971205
44,0.04399978,0.95600022,-0.00285222495175442,-0.00283924292770049,1.1775867759743226,1.1753231852359451,1.1753231852359451,1.1729987024293405
45,0.044999775000000006,0.955000224999999994,-0.00289504724051318,-0.00288128924467893,1.1748601470000417,1.1725026394853415,1.1725026394853415,1.1700803928493484
46,0.04599977,0.95400023,-0.00293711133018775,-0.00292255236805367,1.172153141041308,1.1697001790426926,1.1697001790426926,1.1671784875582392
47,0.046999765,0.953000235,-0.00297842884736828,-0.00296304390874776,1.1694655025284515,1.1669155653512124,1.1669155653512124,1.1642927634681912
48,0.04799976,0.95200024,-0.00301901122969251,-0.00300277530174484,1.1667969799705156,1.1641485635496722,1.1641485635496722,1.1614230008429829
49,0.048999755000000006,0.951000244999999994,-0.00305886972932906,-0.00304175780924534,1.1641473258800121,1.1613989424060565,1.1613989424060565,1.1585689832397978
50,0.04999975,0.95000025,-0.00309801541652085,-0.00308000252633774,1.161516296699954,1.158666474252787,1.158666474252787,1.1557304974555853
51,0.050999745,0.949000255,-0.00313645918251916,-0.00311752037910201,1.1589036527285752,1.155950934923348,1.155950934923348,1.1529073334654942
52,0.05199974,0.94800026,-0.0031742117430271,-0.00315432213029253,1.1563091580515403,1.1532521036902694,1.1532521036902694,1.1500992843718023
53,0.052999735000000006,0.947000264999999994,-0.0032112836413981,-0.0031904183815208,1.1537325804718448,1.150569763204434,1.150569763204434,1.1473061463496939
54,0.05399973,0.94600027,-0.00324768525175796,-0.00322581957577573,1.1511736914422006,1.147903699435677,1.147903699435677,1.1445277185947047
55,0.054999725,0.945000275,-0.00328342678206207,-0.00326053600012056,1.1486322659988664,1.1452537016146365,1.1452537016146365,1.1417638032715625
56,0.05599972,0.94400028,-0.00331851827708801,-0.00329457778833881,1.146108082696899,1.1426195621758293,1.1426195621758293,1.1390142054640946
57,0.056999715000000006,0.943000284999999994,-0.00335296962174942,-0.00332795492352567,1.143600923546778,1.1400010767023452,1.1400010767023452,1.1362787331261692
58,0.05799971,0.94200029,-0.00338679054161776,-0.00336067724267695,1.141110573952376,1.137398043868652,1.137398043868652,1.1335571970361433
59,0.058999705,0.941000295,-0.00341999061223830,-0.00339275443591181,1.1386368226502352,1.1348102653943768,1.1348102653943768,1.1308494107457516
60,0.0599997,0.9400003,-0.00345257925528095,-0.00342419605047475,1.1361794616501202,1.132237545984538,1.132237545984538,1.1281551905359255
61,0.06099969500000001,0.93900030499999999,-0.00348456574025677,-0.00345501149300457,1.1337382861768108,1.1296796932773883,1.1296796932773883,1.12547435537146
62,0.06199969,0.93800031,-0.00351595919004537,-0.0034852100315688,1.1313130946139902,1.127136517797414,1.127136517797414,1.1228067268563673
63,0.062999685,0.937000315,-0.00354676859002004,-0.00351480079796984,1.1289036884466157,1.124607832912919,1.124607832912919,1.120152129190506
64,0.06399968,0.93600032,-0.00357700278108194,-0.0035437927900054,1.126509872207322,1.12209345477765,1.12209345477765,1.117510389127072
65,0.064999675,0.935000325,-0.00360667046364246,-0.00357219487368536,1.1241314534229059,1.1195932022852972,1.1195932022852972,1.1148813359309278
66,0.06599967000000001,0.93400032999999999,-0.00363578019877714,-0.00360001578705167,1.1217682425616904,1.1171068970220006,1.1171068970220006,1.1122648013396683
67,0.066999665,0.933000335,-0.00366434042095193,-0.00362726413996262,1.1194200529821485,1.1146343632313902,1.1146343632313902,1.1096606195208096
68,0.06799966,0.93200034,-0.00369235942990237,-0.00365394841691397,1.1170867008825731,1.1121754277594147,1.1121754277594147,1.107068627033383
69,0.06899965500000001,0.93100034499999999,-0.0037198453958233,-0.0036800769793532,1.1147680052517592,1.1097299200137518,1.1097299200137518,1.1044886627897323
70,0.06999965,0.93000035,-0.00374680635831571,-0.00370565806731974,1.1124637878206811,1.1072976719179097,1.1072976719179097,1.1019205680173219
71,0.070999645,0.929000355,-0.00377325023535934,-0.0037306998014233,1.1101738730151345,1.104878517875917,1.104878517875917,1.0993641862217036
72,0.07199964,0.92800036,-0.0037991848242897,-0.0037552101847842,1.1078980879093268,1.1024722947299361,1.1024722947299361,1.096819363150193
73,0.07299963500000001,0.92700036499999999,-0.00382461780000694,-0.0037791971049383,1.1056362621803866,1.1000788417162453,1.1000788417162453,1.0942859467562347
74,0.07399963000000001,0.92600036999999999,-0.00384955671641754,-0.00380266833701924,1.1033882280640477,1.097698000425242,1.097698000425242,1.091763787165911
75,0.074999625,0.925000375,-0.00387400901030660,-0.00382563154397597,1.101153820310831,1.0953296147644644,1.0953296147644644,1.0892527366418105
76,0.07599962,0.92400038,-0.00389798200956737,-0.00384809427845857,1.0989328761424406,1.0929735309262016,1.0929735309262016,1.0867526495494668
77,0.07699961500000001,0.92300038499999999,-0.00392148292681287,-0.00387006398513816,1.0967252352106676,1.090629597342502,1.090629597342502,1.0842633823249468
78,0.07799961,0.92200039,-0.00394451886273814,-0.00389154800202344,1.0945307395558443,1.088297664650006,1.088297664650006,1.0817847934419615
79,0.078999605,0.921000395,-0.00396709680652043,-0.00391255356216316,1.092349233566454,1.0859775856528062,1.0859775856528062,1.079316743380046
80,0.0799996,0.9200004,-0.0039892236466839,-0.00393308779531704,1.090180563939519,1.0836692152951426,1.0836692152951426,1.0768590945933212
81,0.08099959500000001,0.91900040499999999,-0.00401090616402034,-0.0039531577295951,1.0880245796417571,1.0813724106189475,1.0813724106189475,1.0744117114798255
82,0.08199959000000001,0.91800040999999999,-0.00403215103603616,-0.0039727702941135,1.0858811318714785,1.0790870307323297,1.0790870307323297,1.0719744603525505
83,0.082999585,0.917000415,-0.00405296483566819,-0.00399193231953809,1.0837500740212171,1.0768129367737387,1.0768129367737387,1.0695472094087315
84,0.08399958,0.91600042,-0.00407335403817845,-0.0040106505392295,1.0816312616410722,1.07454999188373,1.07454999188373,1.0671298287003734
85,0.08499957500000001,0.91500042499999999,-0.00409332502304106,-0.0040289315915386,1.079524552402747,1.0722980611729809,1.0722980611729809,1.0647221901065873
86,0.08599957,0.91400043,-0.00411288407138227,-0.0040467820208546,1.0774298060642695,1.0700570116872845,1.0700570116872845,1.0623241673051
87,0.086999565,0.913000435,-0.0041320373674144,-0.00406420827907315,1.075346884435945,1.067826712376575,1.067826712376575,1.0599356357447496
88,0.08799956,0.91200044,-0.00415079100111387,-0.00408121672704831,1.0732756513450366,1.0656070340655242,1.0656070340655242,1.0575564726184676
89,0.08899955500000001,0.91100044499999999,-0.0041691509758555,-0.00409781363623456,1.0712159726035833,1.0633978494284604,1.0633978494284604,1.0551865568367371
90,0.08999955000000001,0.91000044999999999,-0.00418712320234755,-0.0041140051906505,1.069167715975332,1.061199032954126,1.061199032954126,1.0528257690024079
91,0.090999545,0.909000455,-0.0042047135015011,-0.0041297974876722,1.0671307511436432,1.0590104609181263,1.0590104609181263,1.0504739913844507
92,0.09199954,0.90800046,-0.00422192760437314,-0.00414519653866541,1.0651049496799947,1.0568320113534928,1.0568320113534928,1.0481311078919324
93,0.09299953500000001,0.90700046499999999,-0.00423877116152250,-0.00416020827124364,1.0630901850130696,1.0546635640291997,1.0546635640291997,1.0457970040502924
94,0.09399953,0.90600047,-0.00425524973679209,-0.00417483853009998,1.0610863323984143,1.052505000416899,1.052505000416899,1.043471566976523
95,0.094999525,0.905000475,-0.00427136881073474,-0.00418909307828356,1.0590932688886556,1.0503562036658298,1.0503562036658298,1.041154685355274
96,0.09599952,0.90400048,-0.00428713378090666,-0.0042029775984544,1.0571108733042622,1.0482170585757604,1.0482170585757604,1.0388462494153612
97,0.09699951500000001,0.90300048499999999,-0.00430254996619285,-0.00421649769411530,1.0551390262048435,1.0460874515734657,1.0460874515734657,1.0365461509066776
98,0.09799951000000001,0.90200048999999999,-0.00431762260585785,-0.0042296588914710,1.0531776098609698,1.0439672706856546,1.0439672706856546,1.0342542830781951
99,0.098999505,0.901000495,-0.00433235686137529,-0.00424246664040664,1.051226508226726,1.0418564055144877,1.0418564055144877,1.0319705406554227
100,0.0999995,0.9000005,-0.00434675781769425,-0.0042549263149664,1.0492856069122085,1.0397547472131132,1.0397547472131132,1.0296948198177132
101,0.10099949500000001,0.89900050499999999,-0.0043608304842923,-0.0042670432141197,1.0473547931568474,1.0376621884614912,1.0376621884614912,1.0274270181762843
102,0.10199949,0.89800051,-0.0043745797972636,-0.00427882256433093,1.0454339558036079,1.0355786234434108,1.0355786234434108,1.0251670347545534
103,0.102999485,0.897000515,-0.0043880106191183,-0.0042902695194765,1.043522985272572,1.0335039478222428,1.0335039478222428,1.022914769965987
104,0.10399948,0.89600052,-0.0044011277411949,-0.0043013891628342,1.041621773536224,1.0314380587190375,1.0314380587190375,1.0206701255945598
105,0.10499947500000001,0.89500052499999999,-0.00441393588399026,-0.00431218650765806,1.0397302140948117,1.0293808546894985,1.0293808546894985,1.0184330047740333
106,0.10599947000000001,0.89400052999999999,-0.00442643969861051,-0.00432266649822957,1.037848201951548,1.0273322357021752,1.0273322357021752,1.0162033119681086
107,0.106999465,0.893000535,-0.00443864376782676,-0.00433283401089106,1.0359756335887893,1.0252921031167603,1.0252921031167603,1.013980952950898
108,0.10799946,0.89200054,-0.0044505526076603,-0.0043426938550624,1.0341124069442533,1.023260359663145,1.023260359663145,1.0117658347877192
109,0.10899945500000001,0.89100054499999999,-0.0044621706677086,-0.0043522507744372,1.032258421388639,1.0212369094199507,1.0212369094199507,1.0095578658164164
110,0.10999945,0.89000055,-0.00447350233261494,-0.00436150944715014,1.0304135777023664,1.0192216577942463,1.0192216577942463,1.0073569556278734
111,0.110999445,0.889000555,-0.0044845519230290,-0.0043704744884961,1.0285777780534433,1.0172145115012625,1.0172145115012625,1.0051630150496569
112,0.11199944,0.88800056,-0.0044953236966275,-0.0043791504500954,1.026750925975568,1.0152153785445015,1.0152153785445015,1.0029759561260558
113,0.11299943500000001,0.88700056499999999,-0.0045058218491170,-0.0043875418216967,1.0249329263466185,1.0132241681961813,1.0132241681961813,1.0007956921013343
114,0.11399943000000001,0.88600056999999999,-0.0045160505154340,-0.0043956530318918,1.023123685367609,1.011240790978158,1.011240790978158,0.998622137402083
115,0.114999425,0.885000575,-0.0045260137702904,-0.0044034884490165,1.0213231105412792,1.009265158642717,1.009265158642717,0.9964552076200718
116,0.11599942,0.88400058,-0.0045357156280460,-0.0044110523820345,1.0195311106531715,1.0072971841532383,1.0072971841532383,0.9942948194953727
117,0.11699941500000001,0.88300058499999999,-0.0045451600476178,-0.0044183490814088,1.0177475957502073,1.0053367816686767,1.0053367816686767,0.9921408908997504
118,0.11799941,0.88200059,-0.0045543509289592,-0.0044253827399570,1.0159724771213547,1.0033838665224821,1.0033838665224821,0.9899933408203145
119,0.118999405,0.881000595,-0.0045632921164120,-0.0044321574936905,1.0142056672780673,1.0014383552066246,1.0014383552066246,0.987852089343428
120,0.1199994,0.8800006,-0.0045719873983802,-0.0044386774226423,1.0124470799353964,0.9995001653533592,0.9995001653533592,0.9857170576388685
121,0.12099939500000001,0.87900060499999999,-0.0045804405082288,-0.0044449465516794,1.0106966299943285,0.9975692157181396,0.9975692157181396,0.9835881679442363
122,0.12199939000000001,0.87800060999999999,-0.0045886551256285,-0.0044509688512988,1.0089542335218145,0.99564542616313,0.99564542616313,0.9814653435496042
123,0.122999385,0.877000615,-0.0045966348790995,-0.0044567482386946,1.0072198077335397,0.9937287176418212,0.9937287176418212,0.9793485087827308
124,0.12399938,0.87600062,-0.0046043833438162,-0.0044622885781223,1.0054932709757314,0.9918190121806653,0.9918190121806653,0.9772375889937188
125,0.12499937500000001,0.87500062499999999,-0.0046119040440672,-0.0044675936811863,1.003774542707723,0.989916232864197,0.989916232864197,0.9751325105398261
126,0.12599937,0.87400063,-0.0046192004532157,-0.0044726673101459,1.0020635434854024,0.9880203038187029,0.9880203038187029,0.9730332007739934
127,0.126999365,0.873000635,-0.0046262759945526,-0.0044775131746573,1.000360194944154,0.9861311501967336,0.9861311501967336,0.9709395880259981
128,0.12799936,0.87200064,-0.0046331340432732,-0.0044821349333842,0.9986644197818183,0.9842486981625553,0.9842486981625553,0.9688516015892457
129,0.128999355,0.871000645,-0.0046397779272180,-0.0044865361997648,0.9969761417425834,0.9823728748773406,0.9823728748773406,0.9667691717132774
130,0.12999935,0.87000065,-0.0046462109260421,-0.0044907205372912,0.9952952856007944,0.980503608483247,0.980503608483247,0.9646922295837664
131,0.13099934500000002,0.86900065499999998,-0.0046524362728510,-0.0044946914611074,0.9936217771452975,0.9786408280894919,0.9786408280894919,0.9626207073101923
132,0.13199934000000002,0.86800065999999998,-0.0046584571543932,-0.0044984524373579,0.9919555431647976,0.9767844637576938,0.9767844637576938,0.9605545379110868
133,0.132999335,0.867000665,-0.0046642767119959,-0.0045020068897455,0.9902965114313371,0.9749344464879574,0.9749344464879574,0.9584936553080698
134,0.13399933,0.86600067,-0.0046698980422835,-0.0045053581948580,0.9886446106859974,0.9730907082050454,0.9730907082050454,0.9564379943067843
135,0.134999325,0.865000675,-0.0046753242020215,-0.0045085096840657,0.9869997706240468,0.9712531817475928,0.9712531817475928,0.954387490585818
136,0.13599932,0.86400068,-0.0046805581993352,-0.0045114646422160,0.9853619218790697,0.9694218008482376,0.9694218008482376,0.9523420806819667
137,0.136999315,0.863000685,-0.0046856029999444,-0.0045142263130401,0.9837309960124762,0.9675965001242356,0.9675965001242356,0.9503017019837979
138,0.13799931000000001,0.86200068999999999,-0.0046904615340323,-0.0045167978971866,0.9821069254962869,0.9657772150687227,0.9657772150687227,0.9482662927165502
139,0.13899930500000002,0.86100069499999998,-0.0046951366848970,-0.0045191825521359,0.980489643697984,0.9639638820297273,0.9639638820297273,0.9462357919294638
140,0.1399993,0.8600007,-0.0046996312933833,-0.0045213833920235,0.9788790848720291,0.9621564382001858,0.9621564382001858,0.94421013948316
141,0.140999295,0.859000705,-0.0047039481681100,-0.0045234034882968,0.9772751841430105,0.9603548216121569,0.9603548216121569,0.9421892760382
142,0.14199929,0.85800071,-0.0047080900732030,-0.0045252458801162,0.975677877490993,0.958558971115788,0.958558971115788,0.9401731430559283
143,0.142999285,0.857000715,-0.0047120597306461,-0.0045269135542066,0.9740871017433255,0.9567688263685084,0.9567688263685084,0.9381616827617344
144,0.14399928,0.85600072,-0.0047158598325451,-0.0045284094657396,0.9725027945591327,0.9549843278312692,0.9549843278312692,0.9361548381591985
145,0.144999275,0.855000725,-0.0047194930291829,-0.0045297365319677,0.9709248944150405,0.9532054167482791,0.9532054167482791,0.9341525530107551
146,0.14599927000000001,0.85400072999999999,-0.0047229619293493,-0.0045308976210543,0.9693533405971595,0.9514320351353729,0.9514320351353729,0.9321547718123068
147,0.14699926500000002,0.85300073499999998,-0.0047262691135405,-0.0045318955758727,0.9677880731868361,0.9496641257775069,0.9496641257775069,0.9301614398119422
148,0.14799926000000002,0.85200073999999998,-0.0047294171232211,-0.0045327331962525,0.966229033046838,0.9479016322098403,0.9479016322098403,0.9281725029766219
149,0.148999255,0.851000745,-0.0047324084593204,-0.0045334132391073,0.9646761618134336,0.9461444987053677,0.9461444987053677,0.926187907981346
150,0.14999925,0.85000075,-0.0047352455954852,-0.0045339384376639,0.963129401883285,0.9443926702730413,0.9443926702730413,0.9242076022230076
151,0.150999245,0.849000755,-0.0047379309690952,-0.0045343114776430,0.9615886964002605,0.942646092640553,0.942646092640553,0.9222315337794187
152,0.15199924,0.84800076,-0.0047404669782403,-0.0045345350139452,0.9600539892472039,0.9409047122414111,0.9409047122414111,0.9202596514202652
153,0.152999235,0.847000765,-0.0047428559943336,-0.0045346116699674,0.958525225034518,0.9391684762131818,0.9391684762131818,0.9182919045960605
154,0.15399923000000001,0.84600076999999999,-0.0047451003551248,-0.004534544024672,0.9570023490870605,0.9374373323821286,0.9374373323821286,0.9163282434112338
155,0.15499922500000002,0.84500077499999998,-0.0047472023605902,-0.0045343346326676,0.9554853074357055,0.9357112292499971,0.9357112292499971,0.9143686186403057
156,0.15599922,0.84400078,-0.0047491642843809,-0.0045339860130599,0.9539740468077912,0.9339901159919776,0.9339901159919776,0.9124129817035923
157,0.156999215,0.843000785,-0.0047509883688087,-0.0045335006434639,0.9524685146137911,0.9322739424431801,0.9322739424431801,0.9104612846495452
158,0.15799921,0.84200079,-0.0047526768202393,-0.0045328809815412,0.9509686589389293,0.9305626590855044,0.9305626590855044,0.9085134801736899
159,0.158999205,0.841000795,-0.0047542318187095,-0.0045321294443721,0.9494744285351051,0.9288562170448221,0.9288562170448221,0.906569521581944
160,0.1599992,0.8400008,-0.0047556555152151,-0.0045312484160270,0.9479857728076162,0.9271545680795141,0.9271545680795141,0.9046293627913164
161,0.160999195,0.839000805,-0.0047569500273558,-0.0045302402579734,0.9465026418067841,0.9254576645679458,0.9254576645679458,0.9026929583347832
162,0.16199919000000002,0.83800080999999998,-0.0047581174428086,-0.0045291072896842,0.9450249862210784,0.9237654595016935,0.9237654595016935,0.9007602633262137
163,0.16299918500000002,0.83700081499999998,-0.0047591598312076,-0.0045278518071187,0.9435527573641157,0.9220779064850764,0.9220779064850764,0.8988312334763896
164,0.16399918000000002,0.83600081999999998,-0.0047600792141006,-0.0045264760770026,0.942085907166263,0.9203949597043459,0.9203949597043459,0.8969058250765921
165,0.164999175,0.835000825,-0.0047608776082979,-0.0045249823271619,0.9406243881688512,0.9187165739504213,0.9187165739504213,0.8949839949767243
166,0.16599917,0.83400083,-0.0047615569824470,-0.0045233727671576,0.9391681535106877,0.9170427045784508,0.9170427045784508,0.8930657006050046
167,0.166999165,0.833000835,-0.0047621192930453,-0.0045216495728724,0.9377171569222298,0.9153733075254608,0.9153733075254608,0.8911508999381974
168,0.16799916,0.83200084,-0.0047625664623163,-0.0045198148864171,0.9362713527177159,0.9137083392858965,0.9137083392858965,0.8892395514935396
169,0.168999155,0.831000845,-0.0047629003866094,-0.0045178708327370,0.9348306957810103,0.912047756909418,0.912047756909418,0.8873316143435408
170,0.16999915000000002,0.83000084999999998,-0.0047631229431210,-0.0045158194988232,0.9333951415680869,0.9103915179976747,0.9103915179976747,0.8854270480789769
171,0.17099914500000002,0.82900085499999998,-0.0047632359682930,-0.0045136629484582,0.9319646460847905,0.9087395806801354,0.9087395806801354,0.8835258128215084
172,0.17199914,0.82800086,-0.0047632412946156,-0.0045114032211325,0.9305391658933906,0.9070919036336362,0.9070919036336362,0.881627869214417
173,0.172999135,0.827000865,-0.0047631407081014,-0.0045090423209906,0.9291186580919227,0.9054484460426776,0.9054484460426776,0.8797331783992569
174,0.17399913,0.82600087,-0.0047629359881682,-0.0045065822343000,0.9277030803153874,0.9038091676216894,0.9038091676216894,0.8778417020329853
175,0.174999125,0.825000875,-0.0047626288784510,-0.0045040249194882,0.9262923907237112,0.9021740285854108,0.9021740285854108,0.875953402266386
176,0.17599912,0.82400088,-0.0047622211034110,-0.0045013723019646,0.9248865479936166,0.900542989653963,0.900542989653963,0.8740682417291764
177,0.176999115,0.823000885,-0.0047617143671363,-0.0044986262929323,0.9234855113165008,0.8989160120445865,0.8989160120445865,0.8721861835497418
178,0.17799911000000002,0.82200088999999998,-0.0047611103391678,-0.0044957887711062,0.9220892403812728,0.8972930574534961,0.8972930574534961,0.8703071913216773
179,0.17899910500000002,0.82100089499999998,-0.0047604106843445,-0.0044928615895426,0.9206976953804019,0.8956740880716497,0.8956740880716497,0.8684312291064754
180,0.17999910000000002,0.82000089999999998,-0.0047596170242671,-0.0044898465844890,0.919310836988655,0.894059066547989,0.894059066547989,0.8665582614394639
181,0.180999095,0.819000905,-0.0047587309780976,-0.0044867455583671,0.917928626368369,0.8924479560140327,0.8924479560140327,0.8646882532980935
182,0.18199909,0.81800091,-0.0047577541280239,-0.0044835602960895,0.9165510251539322,0.8908407200502314,0.8908407200502314,0.8628211701189842
183,0.182999085,0.817000915,-0.0047566880434599,-0.0044802925598204,0.9151779954492715,0.889237322698047,0.889237322698047,0.8609569777836069
184,0.18399908,0.81600092,-0.0047555342711997,-0.0044769440804401,0.9138094998215807,0.8876377284456332,0.8876377284456332,0.8590956425990021
185,0.184999075,0.815000925,-0.0047542943310414,-0.0044735165757910,0.9124455012891856,0.8860419022177947,0.8860419022177947,0.8572371313183138
186,0.18599907000000002,0.81400092999999998,-0.0047529697349520,-0.0044700117366336,0.9110859633255494,0.8844498093846979,0.8844498093846979,0.855381411113548
187,0.18699906500000002,0.81300093499999998,-0.0047515619566908,-0.0044664312269780,0.9097308498394123,0.8828614157313902,0.8828614157313902,0.8535284495696287
188,0.18799906,0.81200094,-0.0047500724699030,-0.0044627766985728,0.9083801251824286,0.8812766874818706,0.8812766874818706,0.851678214699927
189,0.188999055,0.811000945,-0.0047485027108881,-0.0044590497723232,0.9070337541309944,0.879695591263158,0.879695591263158,0.8498306749121635
190,0.18999905,0.81000095,-0.0047468541088924,-0.0044552520515656,0.9056917018885512,0.878118094123487,0.878118094123487,0.8479857990223245
191,0.190999045,0.809000955,-0.0047451280678358,-0.0044513851207713,0.9043539340757246,0.8765441635116158,0.8765441635116158,0.8461435562467734
192,0.19199904,0.80800096,-0.0047433259728645,-0.0044474505358082,0.9030204167234988,0.8749737672761819,0.8749737672761819,0.8443039161814833
193,0.192999035,0.807000965,-0.0047414491964880,-0.0044434498395233,0.901691116273023,0.873406873664903,0.873406873664903,0.8424668488200031
194,0.19399903000000002,0.80600096999999998,-0.0047394990795250,-0.0044393845526418,0.9003659995599589,0.8718434513032262,0.8718434513032262,0.8406323245338465
195,0.19499902500000002,0.80500097499999998,-0.0047374769630952,-0.0044352561692066,0.8990450338219715,0.8702834692149405,0.8702834692149405,0.838800314059727
196,0.19599902000000002,0.80400097999999998,-0.0047353841517176,-0.0044310661733580,0.8977281866793678,0.8687268967862133,0.8687268967862133,0.8369707885199142
197,0.196999015,0.803000985,-0.0047332219475605,-0.0044268160227904,0.8964154261414975,0.8671737037883928,0.8671737037883928,0.835143719391156
198,0.19799901,0.80200099,-0.0047309916255162,-0.0044225071550456,0.8951067205931492,0.8656238603519357,0.8656238603519357,0.8333190785089529
199,0.198999005,0.801000995,-0.0047286944470313,-0.0044181409951800,0.8938020387931835,0.8640773369725587,0.8640773369725587,0.8314968380742341
200,0.199999,0.800001,-0.0047263316595219,-0.0044137189405245,0.8925013498699862,0.8625341045055431,0.8625341045055431,0.8296769706242206
201,0.200998995,0.799001005,-0.0047239044834601,-0.0044092423753844,0.8912046233105664,0.8609941341496348,0.8609941341496348,0.8278594490502855
202,0.20199899000000002,0.79800100999999998,-0.0047214141388014,-0.0044047126661432,0.8899118289661403,0.8594573974643025,0.8594573974643025,0.8260442465851803
203,0.20299898500000002,0.79700101499999998,-0.0047188618110141,-0.0044001311535691,0.8886229370335885,0.8579238663358801,0.8579238663358801,0.8242313367857589
204,0.20399898,0.79600102,-0.0047162486866098,-0.0043954991692994,0.8873379180644039,0.8563935130028583,0.8563935130028583,0.8224206935541646
205,0.204998975,0.795001025,-0.0047135759232154,-0.0043908180229550,0.8860567429480383,0.8548663100254367,0.8548663100254367,0.8206122911124742
206,0.20599897,0.79400103,-0.0047108446702852,-0.0043860890026357,0.884779382915292,0.8533422302983803,0.8533422302983803,0.8188061039984462
207,0.206998965,0.793001035,-0.0047080560611438,-0.0043813133880466,0.8835058095300462,0.8518212470393219,0.8518212470393219,0.8170021070815496
208,0.20799896,0.79200104,-0.0047052112080675,-0.0043764924332417,0.8822359946833386,0.8503033337800817,0.8503033337800817,0.8152002755311395
209,0.20899895500000001,0.79100104499999999,-0.0047023112199372,-0.0043716273788866,0.8809699105949071,0.8487884643773155,0.8487884643773155,0.8134005848312766
210,0.20999895000000002,0.79000104999999998,-0.0046993571749322,-0.0043667194509588,0.8797075297983175,0.847276612984075,0.847276612984075,0.8116030107740819
211,0.21099894500000002,0.78900105499999998,-0.0046963501541925,-0.0043617698518445,0.878448825149995,0.8457677540748538,0.8457677540748538,0.8098075294407496
212,0.21199894000000002,0.78800105999999998,-0.0046932912091306,-0.0043567797745869,0.877193769810913,0.844261862412411,0.844261862412411,0.8080141172202762
213,0.212998935,0.787001065,-0.0046901813876948,-0.0043517503944059,0.8759423372541756,0.8427589130665945,0.8427589130665945,0.8062227507913021
214,0.21399893,0.78600107,-0.0046870217186861,-0.0043466828646166,0.8746945012526981,0.8412588813961767,0.8412588813961767,0.8044334071110443
215,0.214998925,0.785001075,-0.0046838132170263,-0.0043415783318748,0.8734502358787778,0.8397617430492721,0.8397617430492721,0.8026460634360798
216,0.21599892,0.78400108,-0.0046805568895009,-0.0043364379209443,0.8722095155009393,0.8382674739643564,0.8382674739643564,0.8008606972931167
217,0.21699891500000001,0.78300108499999999,-0.0046772537175745,-0.0043312627406071,0.8709723147737809,0.8367760503506583,0.8367760503506583,0.799077286484549
218,0.21799891000000002,0.78200108999999998,-0.0046739046858649,-0.0043260538904224,0.8697386086448808,0.8352874487098313,0.8352874487098313,0.7972958090956052
219,0.21899890500000002,0.78100109499999998,-0.0046705107493750,-0.0043208124468479,0.8685083723381924,0.8338016458022849,0.8338016458022849,0.7955162434672884
220,0.2199989,0.7800011,-0.004667072863606,-0.0043155394767342,0.8672815813607363,0.8323186186705991,0.8323186186705991,0.7937385682148433
221,0.220998895,0.779001105,-0.0046635919627932,-0.0043102360326813,0.8660582114934249,0.830838344615819,0.830838344615819,0.7919627622161519
222,0.22199889,0.77800111,-0.0046600689716783,-0.0043049031460054,0.8648382387863397,0.8293608012043694,0.8293608012043694,0.7901888045960666
223,0.222998885,0.777001115,-0.0046565048054109,-0.0042995418419020,0.8636216395609657,0.8278859662642467,0.8278859662642467,0.7884166747480613
224,0.22399888,0.77600112,-0.0046529003575615,-0.0042941531274413,0.8624083903996491,0.8264138178701703,0.8264138178701703,0.7866463523103457
225,0.22499887500000001,0.77500112499999999,-0.0046492565240466,-0.0042887379920793,0.8611984681461006,0.8249443343621495,0.8249443343621495,0.7848778171629816
226,0.22599887000000002,0.77400112999999998,-0.0046455741725525,-0.0042832974194539,0.8599918499023318,0.8234774943133892,0.8234774943133892,0.783111049444221
227,0.22699886500000002,0.77300113499999998,-0.0046418541741668,-0.0042778323717895,0.85878851302069,0.822013276556284,0.822013276556284,0.7813460295205132
228,0.22799886000000003,0.77200113999999997,-0.0046380973769056,-0.0042723438011260,0.8575884351064389,0.8205516601541009,0.8205516601541009,0.7795827380020216
229,0.228998855,0.771001145,-0.0046343046236895,-0.0042668326479867,0.8563915940109111,0.8190926244144066,0.8190926244144066,0.7778211557369196
230,0.22999885,0.77000115,-0.0046304767455391,-0.0042612998331209,0.8551979678262926,0.8176361488792763,0.8176361488792763,0.7760612637938372
231,0.230998845,0.769001155,-0.0046266145568807,-0.0042557462707483,0.8540075348887655,0.8161822133174214,0.8161822133174214,0.7743030434811602
232,0.23199884,0.76800116,-0.0046227188718229,-0.0042501728605468,0.8528202737685233,0.8147307977364285,0.8147307977364285,0.7725464763299996
233,0.23299883500000002,0.76700116499999998,-0.0046187904791159,-0.0042445804839489,0.8516361632696657,0.8132818823555176,0.8132818823555176,0.7707915440845072
234,0.23399883000000002,0.76600116999999998,-0.0046148301725090,-0.0042389700182193,0.8504551824290376,0.8118354476314674,0.8118354476314674,0.7690382287229287
235,0.23499882500000002,0.76500117499999998,-0.0046108387214854,-0.0042333423222125,0.8492773105075534,0.8103914742272704,0.8103914742272704,0.7672865124298567
236,0.23599882,0.76400118,-0.0046068168944976,-0.0042276982420177,0.8481025269932702,0.8089499430314304,0.8089499430314304,0.7655363776028334
237,0.236998815,0.763001185,-0.0046027654452612,-0.0042220386169907,0.8469308115955096,0.8075108351416292,0.8075108351416292,0.7637878068597738
238,0.23799881,0.76200119,-0.0045986851170043,-0.0042163642669377,0.8457621442393256,0.8060741318657754,0.8060741318657754,0.762040783013634
239,0.238998805,0.761001195,-0.0045945766480164,-0.0042106760046796,0.8445965050693574,0.8046398147244881,0.8046398147244881,0.7602952890913168
240,0.2399988,0.7600012,-0.0045904407557874,-0.0042049746315909,0.8434338744404873,0.8032078654325239,0.8032078654325239,0.7585513083229726
241,0.24099879500000002,0.75900120499999998,-0.0045862781628654,-0.0041992609310755,0.8422742329170817,0.8017782659213667,0.8017782659213667,0.7568088241276529
242,0.24199879000000002,0.75800120999999998,-0.0045820895672220,-0.0041935356827081,0.8411175612735183,0.8003509983070776,0.8003509983070776,0.7550678201352785
243,0.24299878500000002,0.75700121499999998,-0.0045778756692093,-0.0041877996508877,0.8399638404849817,0.7989260449141731,0.7989260449141731,0.7533282801639254
244,0.24399878000000003,0.75600121999999997,-0.0045736371522177,-0.0041820535854357,0.838813051730828,0.7975033882536338,0.7975033882536338,0.7515901882180755
245,0.244998775,0.755001225,-0.0045693746928606,-0.0041762982324636,0.8376651763896639,0.7960830110302816,0.7960830110302816,0.7498535285051107
246,0.24599877,0.75400123,-0.0045650889612548,-0.0041705343197806,0.8365201960335349,0.7946648961404101,0.7946648961404101,0.7481182854068424
247,0.246998765,0.753001235,-0.0045607806099224,-0.0041647625676402,0.8353780924322975,0.7932490266577042,0.7932490266577042,0.7463844434955622
248,0.24799876,0.75200124,-0.0045564502957576,-0.004158983687327,0.8342388475448389,0.7918353858528676,0.7918353858528676,0.7446519875290623
249,0.24899875500000002,0.75100124499999998,-0.0045520986517907,-0.0041531983731514,0.8331024435186722,0.7904239571626798,0.7904239571626798,0.742920902434259
250,0.24999875000000002,0.75000124999999998,-0.0045477263159948,-0.0041474073150894,0.831968862688863,0.7890147242165212,0.7890147242165212,0.7411911733269175
251,0.250998745,0.749001255,-0.0045433339074716,-0.0041416111911119,0.8308380875739061,0.7876076708096065,0.7876076708096065,0.7394627854955096
252,0.25199874,0.74800126,-0.0045389220423717,-0.0041358106638001,0.8297101008735837,0.7862027809167375,0.7862027809167375,0.7377357243926848
253,0.25299873500000003,0.74700126499999997,-0.004534491327805,-0.0041300063934928,0.8285848854665343,0.7848000386836529,0.7848000386836529,0.7360099756564645
254,0.25399873,0.74600127,-0.004530042359127,-0.0041241990248218,0.8274624244090849,0.7833994284217727,0.7833994284217727,0.734285525083718
255,0.25499872500000004,0.74500127499999996,-0.0045255757281907,-0.0041183891921667,0.8263427009317239,0.7820009346143582,0.7820009346143582,0.7325623586376315
256,0.25599872,0.74400128,-0.0045210920161734,-0.0041125775250994,0.8252256984370617,0.7806045419067436,0.7806045419067436,0.7308404624552619
257,0.256998715,0.743001285,-0.0045165917948420,-0.0041067646364151,0.8241114004976328,0.7792102351053005,0.7792102351053005,0.7291198228236733
258,0.25799871,0.74200129,-0.0045120756316337,-0.0041009511339845,0.8229997908540803,0.7778179991804746,0.7778179991804746,0.7274004261991562
259,0.258998705,0.741001295,-0.0045075440846218,-0.0040951376164202,0.8218908534126131,0.7764278192592822,0.7764278192592822,0.725682259197237
260,0.2599987,0.7400013,-0.0045029977018778,-0.0040893246669802,0.820784572242971,0.7750396806223863,0.7750396806223863,0.7239653085794345
261,0.260998695,0.739001305,-0.0044984370271182,-0.0040835128669097,0.8196809315763197,0.773653568707865,0.773653568707865,0.7222495612754375
262,0.26199869000000003,0.73800130999999997,-0.0044938625959998,-0.0040777027846166,0.8185799158032449,0.7722694691051645,0.7722694691051645,0.7205350043613384
263,0.262998685,0.737001315,-0.0044892749345122,-0.0040718949763665,0.8174815094714596,0.7708873675512393,0.7708873675512393,0.7188216250588411
264,0.26399868000000004,0.73600131999999996,-0.0044846745629219,-0.0040660899964180,0.8163856972839518,0.7695072499326463,0.7695072499326463,0.717109410751799
265,0.264998675,0.735001325,-0.0044800619952966,-0.0040602883832402,0.8152924640973752,0.7681291022829932,0.7681291022829932,0.7153983489590334
266,0.26599867,0.73400133,-0.0044754377365114,-0.004054490669555,0.8142017949194851,0.7667529107776867,0.7667529107776867,0.7136884273507956
267,0.266998665,0.733001335,-0.0044708022849182,-0.0040486973809503,0.8131136749075021,0.765378661734774,0.765378661734774,0.7119796337443485
268,0.26799866,0.73200134,-0.0044661561324480,-0.0040429090285372,0.812028089366045,0.7640063416130844,0.7640063416130844,0.7102719560885722
269,0.26899865500000003,0.73100134499999997,-0.0044614997638715,-0.0040371261208192,0.810945023745254,0.7626359370094786,0.7626359370094786,0.7085653824840087
270,0.26999865,0.73000135,-0.0044568336570455,-0.0040313491562918,0.8098644636392919,0.7612674346571864,0.7612674346571864,0.7068599011674253
271,0.27099864500000004,0.72900135499999996,-0.0044521582831602,-0.0040255786203269,0.8087863947843862,0.7599008214241785,0.7599008214241785,0.7051555005042642
272,0.27199864,0.72800136,-0.004447474106728,-0.004019814997584,0.8077108030568133,0.7585360843112835,0.7585360843112835,0.7034521690098936
273,0.272998635,0.727001365,-0.0044427815856656,-0.0040140587589686,0.8066376744714722,0.757173210450433,0.757173210450433,0.7017498953237369
274,0.27399863,0.72600137,-0.0044380811713737,-0.0040083103683504,0.8055669951784743,0.7558121871029302,0.7558121871029302,0.7000486682200583
275,0.274998625,0.725001375,-0.0044333733088149,-0.0040025702828408,0.8044987514652729,0.7544530016577458,0.7544530016577458,0.6983484766068455
276,0.27599862000000003,0.72400137999999997,-0.0044286584365922,-0.0039968389509028,0.8034329297513337,0.7530956416298349,0.7530956416298349,0.6966493095206869
277,0.276998615,0.723001385,-0.0044239369871121,-0.0039911168125565,0.8023695165863574,0.7517400946585804,0.7517400946585804,0.6949511561255671
278,0.27799861000000003,0.72200138999999997,-0.0044192093867814,-0.003985404299712,0.8013084986523623,0.7503863485062957,0.7503863485062957,0.693254005711937
279,0.278998605,0.721001395,-0.0044144760555939,-0.0039797018380384,0.8002498627588154,0.7490343910560762,0.7490343910560762,0.6915578476986957
280,0.2799986,0.7200014,-0.0044097374076359,-0.0039740098448768,0.7991935958402415,0.7476842103106931,0.7476842103106931,0.6898626716277997
281,0.280998595,0.719001405,-0.0044049938509938,-0.0039683287298078,0.7981396849584736,0.746335794390852,0.746335794390852,0.6881684671638588
282,0.28199859,0.71800141,-0.0044002457878240,-0.0039626588941688,0.7970881172984922,0.7449891315336523,0.7449891315336523,0.6864752240917982
283,0.282998585,0.717001415,-0.0043954936144197,-0.0039570007330940,0.7960388801655477,0.7436442100910674,0.7436442100910674,0.6847829323192931
284,0.28399858,0.71600142,-0.0043907377212768,-0.0039513546344134,0.7949919609872182,0.742301018528449,0.742301018528449,0.6830915818733323
285,0.28499857500000003,0.71500142499999997,-0.0043859784931573,-0.0039457209778471,0.7939473473100723,0.7409595454230509,0.7409595454230509,0.6814011628973498
286,0.28599857,0.71400143,-0.0043812163091506,-0.0039401001364066,0.792905026796621,0.7396197794625758,0.7396197794625758,0.6797116656525538
287,0.28699856500000004,0.71300143499999996,-0.0043764515430931,-0.0039344924759135,0.7918649872265534,0.7382817094441488,0.7382817094441488,0.678023080515731
288,0.28799856,0.71200144,-0.0043716845629140,-0.0039288983551530,0.7908272164948575,0.7369453242720874,0.7369453242720874,0.6763353979782631
289,0.288998555,0.711001445,-0.0043669157315375,-0.0039233181262517,0.789791702608342,0.7356106129571167,0.7356106129571167,0.6746486086450263
290,0.28999855,0.71000145,-0.0043621454064648,-0.003917752134436,0.7887584336856664,0.7342775646148131,0.7342775646148131,0.6729627032333148
291,0.290998545,0.709001455,-0.0043573739398572,-0.0039122007180488,0.7877273979577176,0.7329461684643419,0.7329461684643419,0.6712776725717912
292,0.29199854000000003,0.70800145999999997,-0.0043526016785859,-0.0039066642087431,0.7866985837629602,0.7316164138269738,0.7316164138269738,0.6695935075994576
293,0.292998535,0.707001465,-0.0043478289633620,-0.0039011429315529,0.7856719795469125,0.7302882901236893,0.7302882901236893,0.6679101993646535
294,0.29399853000000004,0.70600146999999996,-0.0043430561318947,-0.0038956372049657,0.7846475738639039,0.7289617868774843,0.7289617868774843,0.6662277390240753
295,0.294998525,0.705001475,-0.0043382835158964,-0.0038901473409901,0.7836253553724131,0.7276368937085587,0.7276368937085587,0.6645461178418213
296,0.29599852000000004,0.70400147999999996,-0.0043335114408064,-0.0038846736452275,0.7826053128317842,0.7263136003326534,0.7263136003326534,0.6628653271884575
297,0.296998515,0.703001485,-0.0043287402284213,-0.003879216416942,0.781587435110667,0.7249918965628145,0.7249918965628145,0.6611853585401083
298,0.29799851,0.70200149,-0.0043239701961386,-0.0038737759491291,0.7805717111714923,0.7236717723072378,0.7236717723072378,0.6595062034775682
299,0.298998505,0.701001495,-0.0043192016558220,-0.0038683525285848,0.7795581300828376,0.7223532175666628,0.7223532175666628,0.6578278536854375
300,0.2999985,0.7000015,-0.0043144349133323,-0.003862946436132,0.7785466810088987,0.721036222432558,0.721036222432558,0.6561503009515851
301,0.30099849500000003,0.69900150499999997,-0.0043096702719840,-0.0038575579457675,0.77753735321214,0.7197207770899668,0.7197207770899668,0.6544735371645443
302,0.30199849,0.69800151,-0.0043049080298980,-0.0038521873266834,0.7765301360540047,0.7184068718131801,0.7184068718131801,0.6527975543164898
303,0.30299848500000004,0.69700151499999996,-0.0043001484798002,-0.0038468348415557,0.7755250189855468,0.717094496964282,0.717094496964282,0.6511223444990246
304,0.30399848,0.69600152,-0.0042953919093457,-0.0038415007473482,0.7745219915602294,0.7157836429923463,0.7157836429923463,0.6494478999038463
305,0.304998475,0.695001525,-0.004290638603655,-0.0038361852948207,0.7735210434163783,0.7144743004353015,0.7144743004353015,0.6477742128209312
306,0.30599847,0.69400153,-0.0042858888433177,-0.0038308887287704,0.7725221642909895,0.7131664599164175,0.7131664599164175,0.6461012756381523
307,0.306998465,0.693001535,-0.0042811429002189,-0.0038256112894781,0.7715253440079183,0.7118601121381329,0.7118601121381329,0.6444290808432742
308,0.30799846000000003,0.69200153999999997,-0.0042764010495909,-0.0038203532109945,0.7705305724820257,0.7105552478954389,0.7105552478954389,0.6427576210198198
309,0.308998455,0.691001545,-0.0042716635543345,-0.0038151147219532,0.7695378397188922,0.7092518580559067,0.7092518580559067,0.6410868888478762
310,0.30999845000000004,0.69000154999999996,-0.0042669306787171,-0.0038098960451147,0.768547135806346,0.7079499335751053,0.7079499335751053,0.6394168771024432
311,0.310998445,0.689001555,-0.0042622026818120,-0.0038046973976466,0.7675584509269188,0.7066494654876407,0.7066494654876407,0.6377475786532385
312,0.31199844,0.68800156,-0.0042574798142059,-0.0037995189924758,0.7665717753402775,0.7053504449020637,0.7053504449020637,0.636078986466627
313,0.312998435,0.687001565,-0.0042527623301924,-0.0037943610366369,0.7655870993979847,0.7040528630146783,0.7040528630146783,0.6344110936016992
314,0.31399843,0.68600157,-0.0042480504721744,-0.0037892237320336,0.7646044135304412,0.7027567110895208,0.7027567110895208,0.6327438932110805
315,0.314998425,0.685001575,-0.0042433444837086,-0.0037841072750111,0.7636237082525708,0.701461980473251,0.701461980473251,0.6310773785394347
316,0.31599842,0.68400158,-0.0042386446038688,-0.003779011856676,0.762644974162381,0.7001686625873061,0.7001686625873061,0.6294115429234566
317,0.31699841500000003,0.68300158499999997,-0.0042339510631334,-0.003773937663907,0.7616682019336116,0.6988767489218266,0.6988767489218266,0.6277463797932367
318,0.31799841,0.68200159,-0.0042292640960248,-0.0037688848794985,0.7606933823275416,0.6975862310502654,0.6975862310502654,0.6260818826719626
319,0.31899840500000004,0.68100159499999996,-0.0042245839256363,-0.0037638536777758,0.7597205061756696,0.6962971006093667,0.6962971006093667,0.6244180451666935
320,0.3199984,0.6800016,-0.0042199107759804,-0.0037588442315891,0.7587495643952261,0.6950093493134604,0.6950093493134604,0.6227548609815848
321,0.320998395,0.679001605,-0.004215244867250,-0.0037538567090284,0.7577805479749397,0.693722968947714,0.693722968947714,0.6210923239108852
322,0.32199839,0.67800161,-0.0042105864109658,-0.0037488912699743,0.7568134479822745,0.6924379513611576,0.6924379513611576,0.6194304278315901
323,0.322998385,0.677001615,-0.0042059356229491,-0.0037439480730615,0.7558482555607049,0.6911542884819525,0.6911542884819525,0.6177691667167066
324,0.32399838000000003,0.67600161999999997,-0.004201292708064,-0.0037390272722472,0.7548849619237014,0.6898719722974938,0.6898719722974938,0.616108534627999
325,0.324998375,0.675001625,-0.0041966578718397,-0.0037341290134483,0.7539235583655716,0.6885909948680387,0.6885909948680387,0.6144485257088447
326,0.32599837000000004,0.67400162999999996,-0.0041920313165937,-0.0037292534415587,0.7529640362446844,0.6873113483210385,0.6873113483210385,0.6127891341977104
327,0.326998365,0.673001635,-0.0041874132359219,-0.0037244006968693,0.752006386999511,0.6860330248433405,0.6860330248433405,0.6111303544206335
328,0.32799836000000004,0.67200163999999996,-0.0041828038278951,-0.0037195709117908,0.7510506021333058,0.6847560166969854,0.6847560166969854,0.609472180784286
329,0.328998355,0.671001645,-0.0041782032801039,-0.0037147642179241,0.7500966732228933,0.6834803161995455,0.6834803161995455,0.6078146077896539
330,0.32999835,0.67000165,-0.0041736117805264,-0.0037099807423264,0.7491445919145387,0.6822059157370285,0.6822059157370285,0.6061576300242477
331,0.330998345,0.669001655,-0.0041690295144950,-0.0037052206043494,0.7481943499194889,0.6809328077592633,0.6809328077592633,0.6045012421553889
332,0.33199834,0.66800166,-0.0041644566589775,-0.0037004839231176,0.7472459390243225,0.6796609847713627,0.6796609847713627,0.602845438944075
333,0.33299833500000003,0.66700166499999997,-0.0041598933954679,-0.0036957708132196,0.7462993510702893,0.6783904393499194,0.6783904393499194,0.60119021523692
334,0.33399833,0.66600167,-0.0041553398954220,-0.0036910813816362,0.7453545779823852,0.6771211641236853,0.6771211641236853,0.5995355659596739
335,0.33499832500000004,0.66500167499999996,-0.0041507963304819,-0.0036864157350201,0.744411611731333,0.6758531517857022,0.6758531517857022,0.5978814861312567
336,0.33599832,0.66400168,-0.0041462628702135,-0.0036817739756695,0.7434704443721089,0.674586395089709,0.674586395089709,0.5962279708554322
337,0.336998315,0.663001685,-0.0041417396755357,-0.0036771561985600,0.742531068006317,0.6733208868409474,0.6733208868409474,0.5945750153145662
338,0.33799831,0.66200169,-0.0041372269120783,-0.0036725624985379,0.74159347481344,0.6720566199126361,0.6720566199126361,0.5929226147838179
339,0.338998305,0.661001695,-0.0041327247360636,-0.0036679929661538,0.740657657025254,0.6707935872270865,0.6707935872270865,0.5912707646225458
340,0.33999830000000003,0.66000169999999997,-0.0041282333035923,-0.0036634476848063,0.7397236069419468,0.6695317817669633,0.6695317817669633,0.5896194602683148
341,0.340998295,0.659001705,-0.0041237527686282,-0.0036589267379606,0.738791316921056,0.6682711965720298,0.6682711965720298,0.5879686972512299
342,0.34199829000000004,0.65800170999999996,-0.0041192832790366,-0.003654430204845,0.7378607793826926,0.6670118247332965,0.6670118247332965,0.5863184711850744
343,0.342998285,0.657001715,-0.0041148249836538,-0.0036499581577077,0.7369319868072837,0.6657536594015697,0.6657536594015697,0.5846687777615769
344,0.34399828,0.65600172,-0.0041103780245071,-0.0036455106690577,0.73600493173151,0.6644966937766389,0.6644966937766389,0.583019612764869
345,0.344998275,0.655001725,-0.0041059425453845,-0.0036410878072232,0.7350796067564798,0.6632409211178335,0.6632409211178335,0.5813709720623615
346,0.34599827,0.65400173,-0.0041015186808633,-0.0036366896337261,0.7341560045325988,0.661986334729011,0.661986334729011,0.5797228515992773
347,0.34699826500000003,0.65300173499999997,-0.0040971065718496,-0.0036323162105409,0.7332341177790779,0.6607329279783162,0.6607329279783162,0.5780752474132181
348,0.34799826,0.65200174,-0.0040927063447314,-0.0036279675955131,0.7323139392577118,0.6594806942701629,0.6594806942701629,0.576428155624782
349,0.34899825500000003,0.65100174499999997,-0.0040883181370701,-0.0036236438398618,0.7313954618028641,0.6582296270784428,0.6582296270784428,0.5747815724323683
350,0.34999825,0.65000175,-0.0040839420688145,-0.0036193449954397,0.7304786782858892,0.6569797199079633,0.6569797199079633,0.5731354941268412
351,0.35099824500000004,0.64900175499999996,-0.0040795782724401,-0.0036150711100256,0.729563581652978,0.6557309663336661,0.6557309663336661,0.5714899170818883
352,0.35199824,0.64800176,-0.0040752268631969,-0.0036108222249471,0.7286501648837242,0.6544833599606704,0.6544833599606704,0.569844837749109
353,0.352998235,0.647001765,-0.0040708879672413,-0.0036065983823461,0.7277384210324402,0.6532368944609904,0.6532368944609904,0.5682002526727548
354,0.35399823,0.64600177,-0.0040665616963554,-0.0036023996203381,0.7268283431861463,0.6519915635393915,0.6519915635393915,0.5665561584798362
355,0.354998225,0.645001775,-0.0040622481696467,-0.0035982259707666,0.7259199245031873,0.6507473609617017,0.6507473609617017,0.5649125518755008
356,0.35599822000000003,0.64400177999999997,-0.0040579474961533,-0.0035940774664604,0.7250131581777046,0.6495042805310784,0.6495042805310784,0.5632694296578338
357,0.356998215,0.643001785,-0.0040536597877010,-0.0035899541362675,0.7241080374680245,0.6482623161046241,0.6482623161046241,0.5616267887077191
358,0.35799821000000004,0.64200178999999996,-0.0040493851508092,-0.0035858560029416,0.7232045556743417,0.647021461582041,0.647021461582041,0.5599846259845129
359,0.358998205,0.641001795,-0.0040451236902761,-0.0035817830903857,0.7223027061525982,0.6457817109098857,0.6457817109098857,0.5583429385408882
360,0.35999820000000005,0.64000179999999995,-0.0040408755099423,-0.003577735418562,0.7214024823056402,0.6445430580821077,0.6445430580821077,0.5567017235124563
361,0.360998195,0.639001805,-0.0040366407079950,-0.0035737130015163,0.7205038775861549,0.6433054971331831,0.6433054971331831,0.555060978113742
362,0.36199819,0.63800181,-0.0040324193858805,-0.0035697158545967,0.7196068854975305,0.6420690221496765,0.6420690221496765,0.553420699653055
363,0.36299818500000003,0.63700181499999997,-0.0040282116341235,-0.0035657439892473,0.7187114995865663,0.6408336272505282,0.6408336272505282,0.5517808855218783
364,0.36399818,0.63600182,-0.0040240175525843,-0.0035617974111695,0.7178177134554458,0.6395993066140598,0.6395993066140598,0.5501415331911527
365,0.36499817500000004,0.63500182499999996,-0.0040198372254193,-0.0035578761275415,0.7169255207429495,0.638366054443465,0.638366054443465,0.5485026402262185
366,0.36599817,0.63400183,-0.0040156707489876,-0.0035539801410884,0.7160349151479134,0.6371338650043283,0.6371338650043283,0.5468642042747196
367,0.36699816500000004,0.63300183499999996,-0.0040115182029410,-0.0035501094504176,0.7151458903994707,0.6359027325847425,0.6359027325847425,0.5452262230673999
368,0.36799816,0.63200184,-0.0040073796787097,-0.0035462640563657,0.7142584402905696,0.6346726515337617,0.6346726515337617,0.543588694431316
369,0.368998155,0.631001845,-0.0040032552528066,-0.0035424439480108,0.7133725586395664,0.6334436162244316,0.6334436162244316,0.5419516162611154
370,0.36999815,0.63000185,-0.0039991450107871,-0.0035386491247708,0.712488239330582,0.632215621086183,0.632215621086183,0.5403149865647908
371,0.370998145,0.629001855,-0.0039950490268998,-0.0035348795694834,0.7116054762705689,0.6309886605764735,0.6309886605764735,0.5386788034082531
372,0.37199814000000003,0.62800185999999997,-0.0039909673803518,-0.0035311352758216,0.7107242634314774,0.6297627292027177,0.6297627292027177,0.5370430649721405
373,0.372998135,0.627001865,-0.0039869001435172,-0.0035274162239252,0.7098445948087277,0.6285378215056469,0.6285378215056469,0.5354077695016214
374,0.37399813000000004,0.62600186999999996,-0.0039828473892479,-0.0035237223994660,0.7089664644583527,0.6273139320689661,0.6273139320689661,0.5337729153460268
375,0.374998125,0.625001875,-0.0039788091880644,-0.0035200537814547,0.7080898664646115,0.6260910555149423,0.6260910555149423,0.5321385009335743
376,0.37599812,0.62400188,-0.0039747856074247,-0.0035164103478803,0.7072147949643427,0.624869186502578,0.624869186502578,0.5305045247826806
377,0.376998115,0.623001885,-0.0039707767161150,-0.0035127920769801,0.7063412441288851,0.6236483197341296,0.6236483197341296,0.5288709855059778
378,0.37799811,0.62200189,-0.0039667825747885,-0.0035091989377254,0.7054692081749439,0.6224284499412156,0.6224284499412156,0.5272378817903454
379,0.37899810500000003,0.62100189499999997,-0.0039628032512331,-0.0035056309077377,0.7045986813584458,0.6212095719057176,0.6212095719057176,0.5256052124342476
380,0.3799981,0.6200019,-0.0039588387999927,-0.0035020879493339,0.7037296579747518,0.6199916804308986,0.6199916804308986,0.5239729762982451
381,0.38099809500000004,0.61900190499999996,-0.0039548892868555,-0.0034985700365239,0.7028621323629137,0.6187747703753294,0.6187747703753294,0.5223411723612928
382,0.38199809,0.61800191,-0.0039509547619055,-0.0034950771285709,0.7019960988949021,0.6175588366147151,0.6175588366147151,0.5207097996660549
383,0.38299808500000004,0.61700191499999996,-0.0039470352873470,-0.0034916091928990,0.7011315519914623,0.6163438740806269,0.6163438740806269,0.5190788573667748
384,0.38399808,0.61600192,-0.0039431309103226,-0.0034881661879378,0.7002684860996254,0.6151298777218922,0.6151298777218922,0.5174483446938569
385,0.384998075,0.615001925,-0.0039392416883394,-0.0034847480735917,0.699406895719983,0.613916842540077,0.613916842540077,0.5158182609759172
386,0.38599807,0.61400193,-0.0039353676666515,-0.0034813548080130,0.6985467753735737,0.6127047635572133,0.6127047635572133,0.5141886056333392
387,0.386998065,0.613001935,-0.0039315088974192,-0.0034779863435670,0.6976881196385719,0.6114936358425396,0.6114936358425396,0.5125593781701548
388,0.38799806000000003,0.61200193999999997,-0.0039276654245976,-0.0034746426382070,0.6968309231094664,0.6102834544907741,0.6102834544907741,0.5109305781980255
389,0.388998055,0.611001945,-0.0039238372948078,-0.0034713236370849,0.6959751804393316,0.6090742146371887,0.6090742146371887,0.5093022053982214
390,0.38999805000000004,0.61000194999999996,-0.0039200245508410,-0.0034680292966029,0.6951208862960451,0.6078659114480669,0.6078659114480669,0.5076742595720463
391,0.390998045,0.609001955,-0.0039162272340410,-0.0034647595589639,0.6942680354044787,0.6066585401237565,0.6066585401237565,0.5060467405880988
392,0.39199804000000005,0.60800195999999995,-0.0039124453859112,-0.0034615143740891,0.6934166225063305,0.6054520959006637,0.6054520959006637,0.504419648428283
393,0.392998035,0.607001965,-0.0039086790426386,-0.0034582936847756,0.6925666423947474,0.6042465740430922,0.6042465740430922,0.5027929831571747
394,0.39399803,0.60600197,-0.0039049282448041,-0.0034550974334562,0.6917180898861728,0.6030419698568668,0.6030419698568668,0.501166744936451
395,0.39499802500000003,0.60500197499999997,-0.0039011930227648,-0.0034519255637316,0.6908709598394749,0.601838278668026,0.601838278668026,0.4995409340284224
396,0.39599802,0.60400198,-0.0038974734165226,-0.0034487780103242,0.6900252471430852,0.6006354958511151,0.6006354958511151,0.49791555077540495
397,0.39699801500000004,0.60300198499999996,-0.0038937694518759,-0.0034456547162073,0.689180946722119,0.5994336167945279,0.5994336167945279,0.49629059563581507
398,0.39799801,0.60200199,-0.0038900811665193,-0.0034425556138016,0.6883380535353574,0.5982326369378828,0.5982326369378828,0.49466606914527583
399,0.39899800500000004,0.60100199499999996,-0.0038864085833477,-0.0034394806398208,0.687496562572382,0.5970325517331571,0.5970325517331571,0.4930419719479645
400,0.399998,0.600002,-0.0038827517364726,-0.0034364297280121,0.686656468861435,0.5958333566820619,0.5958333566820619,0.4914183047818185
401,0.400997995,0.599002005,-0.0038791106470868,-0.0034334028072986,0.6858177674550038,0.5946350473007875,0.5946350473007875,0.4897950684750315
402,0.40199799,0.59800201,-0.0038754853448866,-0.0034303998124014,0.6849804534495644,0.5934376191508257,0.5934376191508257,0.4881722639685959
403,0.402997985,0.597002015,-0.0038718758501152,-0.0034274206672254,0.684144521959442,0.592241067812607,0.592241067812607,0.48654989228200946
404,0.40399798000000003,0.59600201999999997,-0.0038682821876615,-0.0034244653034546,0.6833099681476899,0.5910453889057593,0.5910453889057593,0.4849279545524729
405,0.404997975,0.595002025,-0.0038647043771269,-0.0034215336449319,0.682476787189895,0.5898505780743785,0.5898505780743785,0.4833064520026766
406,0.40599797000000004,0.59400202999999996,-0.0038611424386361,-0.0034186256167625,0.6816449743135995,0.5886566309952502,0.5886566309952502,0.4816853859602021
407,0.406997965,0.593002035,-0.0038575963910162,-0.0034157411444880,0.6808145247555689,0.5874635433749568,0.5874635433749568,0.4800647578561977
408,0.40799796,0.59200204,-0.0038540662500979,-0.0034128801459319,0.6799854338053131,0.5862713109471298,0.5862713109471298,0.47844456920877976
409,0.408997955,0.591002045,-0.0038505520339705,-0.0034100425471045,0.6791576967611822,0.5850799294799476,0.5850799294799476,0.47682482165661094
410,0.40999795,0.59000205,-0.0038470537532509,-0.0034072282633743,0.6783313089717016,0.5838893947615603,0.5838893947615603,0.47520551692006313
411,0.41099794500000003,0.58900205499999997,-0.0038435714261684,-0.0034044372158556,0.6775062657977022,0.5826997026220921,0.5826997026220921,0.47358665683575424
412,0.41199794,0.58800206,-0.0038401050588881,-0.0034016693214092,0.6766825626436449,0.5815108489041575,0.5815108489041575,0.4719682433358805
413,0.41299793500000004,0.58700206499999996,-0.003836654668599,-0.0033989244954455,0.6758601949333057,0.5803228294970799,0.5803228294970799,0.4703502784548716
414,0.41399793,0.58600207,-0.0038332202583858,-0.0033962026537695,0.6750391581255415,0.5791356402993438,0.5791356402993438,0.4687327643335392
415,0.41499792500000005,0.58500207499999995,-0.0038298018429124,-0.0033935037104705,0.6742194477045588,0.577949277256471,0.577949277256471,0.4671157032150785
416,0.41599792,0.58400208,-0.0038263994236061,-0.0033908275779049,0.6734010591841387,0.5767637363239262,0.5767637363239262,0.46549909744547313
417,0.416997915,0.583002085,-0.0038230130116231,-0.0033881741677036,0.672583988107809,0.5755790135010797,0.5755790135010797,0.4638829494760284
418,0.41799791000000003,0.58200208999999997,-0.0038196426076365,-0.0033855433913005,0.6717682300426289,0.574395104800887,0.574395104800887,0.4622672618649065
419,0.418997905,0.581002095,-0.0038162882187218,-0.0033829351586470,0.6709537805907846,0.5732120062748717,0.5732120062748717,0.46065203727489823
420,0.41999790000000004,0.58000209999999996,-0.003812949845277,-0.0033803493782071,0.6701406353714603,0.5720297139933892,0.5720297139933892,0.45903727847386394
421,0.420997895,0.579002105,-0.0038096274901477,-0.0033777859573553,0.6693287900443958,0.5708482240590711,0.5708482240590711,0.45742298833600875
422,0.42199789000000004,0.57800210999999996,-0.0038063211535151,-0.0033752448037441,0.6685182402802368,0.5696675325989815,0.5696675325989815,0.45580916984515896
423,0.422997885,0.577002115,-0.0038030308342645,-0.0033727258235727,0.6677089817947301,0.5684876357664658,0.5684876357664658,0.4541958260916344
424,0.42399788000000005,0.57600211999999995,-0.0037997565322705,-0.0033702289217889,0.6669010103098094,0.5673085297444077,0.5673085297444077,0.4525829602731134
425,0.424997875,0.575002125,-0.0037964982423395,-0.0033677540020081,0.6660943215952406,0.5661302107359076,0.5661302107359076,0.45097057569493687
426,0.42599787,0.57400213,-0.0037932559644675,-0.0033653009683707,0.6652889114245581,0.5649526749795893,0.5649526749795893,0.4493586757743891
427,0.42699786500000003,0.57300213499999997,-0.0037900296890208,-0.003362869723679,0.6644847756191168,0.5637759187270021,0.5637759187270021,0.4477472640373179
428,0.42799786,0.57200214,-0.0037868194153246,-0.0033604601700435,0.6636819100048528,0.5625999382705986,0.5625999382705986,0.4461363441199211
429,0.42899785500000004,0.57100214499999996,-0.0037836251335482,-0.0033580722066087,0.6628803104518382,0.5614247299161004,0.5614247299161004,0.4445259197645487
430,0.42999785,0.57000215,-0.0037804468369262,-0.0033557057359672,0.6620799728396956,0.5602502900008551,0.5602502900008551,0.4429159948333416
431,0.43099784500000005,0.56900215499999995,-0.0037772845169851,-0.0033533606574039,0.6612808930846563,0.5590766148864317,0.5590766148864317,0.44130657329481005
432,0.43199784,0.56800216,-0.0037741381643821,-0.0033510368678242,0.6604830671195343,0.5579037009597257,0.5579037009597257,0.4396976592262403
433,0.432997835,0.567002165,-0.003771007768406,-0.0033487342682745,0.6596864909063432,0.5567315446320322,0.5567315446320322,0.4380892568274958
434,0.43399783000000003,0.56600216999999997,-0.0037678933171588,-0.0033464527542482,0.658891160429245,0.5555601423391558,0.5555601423391558,0.43648137040165447
435,0.434997825,0.565002175,-0.0037647947996920,-0.0033441922230886,0.6580970716959569,0.5543894905445331,0.5543894905445331,0.4348740043706256
436,0.43599782000000004,0.56400217999999996,-0.0037617122020533,-0.0033419525725798,0.6573042207412775,0.553219585733019,0.553219585733019,0.43326716327272496
437,0.436997815,0.563002185,-0.0037586455097207,-0.0033397336957428,0.6565126036173322,0.5520504244144552,0.5520504244144552,0.43166085175256286
438,0.43799781000000004,0.56200218999999996,-0.0037555947091776,-0.0033375354895020,0.6557222164089614,0.5508820031259548,0.5508820031259548,0.4300550745791525
439,0.438997805,0.561002195,-0.0037525597841423,-0.0033353578489519,0.654933055211894,0.5497143184259589,0.5497143184259589,0.42844983663471337
440,0.4399978,0.5600022,-0.0037495407165799,-0.0033332006654201,0.6541451161591172,0.5485473668956254,0.5485473668956254,0.4268451429112634
441,0.440997795,0.559002205,-0.0037465374927348,-0.0033310638351665,0.6533583953930517,0.5473811451480309,0.5473811451480309,0.42524099852867825
442,0.44199779,0.55800221,-0.0037435500896315,-0.003328947250006,0.6525728890883126,0.5462156498071509,0.5462156498071509,0.42363740871621497
443,0.44299778500000003,0.55700221499999997,-0.0037405784931468,-0.0033268508014217,0.651788593436799,0.5450508775356959,0.5450508775356959,0.4220343788213235
444,0.44399778,0.55600222,-0.0037376226793069,-0.0033247743836773,0.6510055046541383,0.5438868250060068,0.5438868250060068,0.4204319143163561
445,0.44499777500000004,0.55500222499999996,-0.0037346826306955,-0.0033227178858993,0.6502236189799551,0.5427234889253678,0.5427234889253678,0.41883002078315734
446,0.44599777,0.55400223,-0.0037317583241242,-0.0033206812001442,0.649442932669851,0.5415608660167489,0.5415608660167489,0.417228703929732
447,0.44699776500000005,0.55300223499999995,-0.0037288497381134,-0.0033186642182934,0.648663442010083,0.5403989530301503,0.5403989530301503,0.4156279695842913
448,0.44799776,0.55200224,-0.0037259568508334,-0.0033166668278807,0.6478851432981878,0.5392377467393626,0.5392377467393626,0.4140278236875378
449,0.448997755,0.551002245,-0.0037230796364507,-0.0033146889211213,0.6471080328626342,0.5380772439362496,0.5380772439362496,0.41242827231125107
450,0.44999775000000003,0.55000224999999997,-0.0037202180743150,-0.0033127303874052,0.6463321070455409,0.5369174414448928,0.5369174414448928,0.41082932164370395
451,0.450997745,0.549002255,-0.0037173721349278,-0.0033107911138131,0.6455573622144138,0.535758336099516,0.535758336099516,0.4092309779912128
452,0.45199774000000004,0.54800225999999996,-0.0037145417974880,-0.0033088709919638,0.6447837947565688,0.5345999247718549,0.5345999247718549,0.40763324779210247
453,0.452997735,0.547002265,-0.0037117270314393,-0.0033069699085118,0.6440114010773964,0.53344220434211,0.53344220434211,0.4060361375984458
454,0.45399773000000004,0.54600226999999996,-0.0037089278131486,-0.0033050877519848,0.6432401776085441,0.5322851717250032,0.5322851717250032,0.40443965409000093
455,0.454997725,0.545002275,-0.0037061441129281,-0.0033032244118025,0.6424701207932222,0.5311288238492885,0.5311288238492885,0.4028438040727251
456,0.45599772000000005,0.54400227999999995,-0.0037033759034210,-0.0033013797731589,0.6417012271049884,0.5299731576708191,0.5299731576708191,0.40124859446925515
457,0.456997715,0.543002285,-0.0037006231556691,-0.0032995537252154,0.6409334930278174,0.5288181701662519,0.5288181701662519,0.39965403233533925
458,0.45799771,0.54200229,-0.0036978858401227,-0.0032977461548727,0.6401669150727184,0.5276638583345357,0.5276638583345357,0.39806012484817904
459,0.45899770500000003,0.54100229499999997,-0.0036951639262732,-0.0032959569485782,0.6394014897661341,0.5265102191962185,0.5265102191962185,0.3964668793103943
460,0.4599977,0.5400023,-0.0036924573831993,-0.0032941859940554,0.6386372136549971,0.5253572497942067,0.5253572497942067,0.3948743031538303
461,0.46099769500000004,0.53900230499999996,-0.003689766181345,-0.0032924331764394,0.6378740833079378,0.5242049471964901,0.5242049471964901,0.3932824039325524
462,0.46199769,0.53800231,-0.0036870902857826,-0.0032906983840186,0.6371120953064493,0.523053308485346,0.523053308485346,0.3916911893343351
463,0.46299768500000005,0.53700231499999995,-0.0036844296666346,-0.0032889815006321,0.6363512462603642,0.5219023307737878,0.5219023307737878,0.3901006671665532
464,0.46399768,0.53600232,-0.0036817842895649,-0.0032872824155510,0.6355915327880864,0.520752011190363,0.520752011190363,0.38851084537545466
465,0.464997675,0.535002325,-0.0036791541208358,-0.0032856010103839,0.6348329515361102,0.5196023468870915,0.5196023468870915,0.38692173202178914
466,0.46599767000000003,0.53400232999999997,-0.0036765391278988,-0.0032839371762954,0.6340754991624414,0.5184533350403204,0.5184533350403204,0.38533333531371494
467,0.466997665,0.533002335,-0.0036739392731264,-0.0032822907927601,0.6333191723474109,0.5173049728406283,0.5173049728406283,0.3837456635673554
468,0.46799766000000004,0.53200233999999996,-0.0036713545240809,-0.0032806617523348,0.6325639677892222,0.516157257509132,0.516157257509132,0.3821587252535313
469,0.468997655,0.531002345,-0.0036687848434936,-0.0032790499332343,0.6318098822009318,0.5150101862813885,0.5150101862813885,0.380572528947154
470,0.46999765000000004,0.53000234999999996,-0.0036662301952353,-0.0032774552285800,0.6310569123201508,0.5138637564168465,0.5138637564168465,0.3789870833818511
471,0.470997645,0.529002355,-0.0036636905446282,-0.0032758775159253,0.6303050548931644,0.5127179651992774,0.5127179651992774,0.37740239739417786
472,0.47199764,0.52800236,-0.0036611658492984,-0.0032743166887494,0.6295543066942333,0.5115728099219827,0.5115728099219827,0.37581847998186
473,0.472997635,0.527002365,-0.0036586560787035,-0.0032727726241908,0.6288046645059201,0.5104282879191239,0.5104282879191239,0.3742353402452582
474,0.47399763,0.52600237,-0.0036561611870989,-0.0032712452159464,0.6280561251357666,0.5092843965221355,0.5092843965221355,0.3726529874475971
475,0.47499762500000003,0.52500237499999997,-0.0036536811433105,-0.0032697343409677,0.6273086854009203,0.5081411331075905,0.5081411331075905,0.37107143095513245
476,0.47599762,0.52400238,-0.0036512159009128,-0.003268239893044,0.62656234214686,0.5069984950490544,0.5069984950490544,0.36949068029799426
477,0.47699761500000004,0.52300238499999996,-0.0036487654275522,-0.0032667617491449,0.6258170922193628,0.5058564797643265,0.5058564797643265,0.36791074511034827
478,0.47799761,0.52200239,-0.0036463296762450,-0.0032652998030380,0.6250729325028607,0.5047150846690052,0.5047150846690052,0.3663316351906375
479,0.47899760500000005,0.52100239499999995,-0.0036439086133892,-0.0032638539318999,0.6243298598736358,0.5035743072217089,0.5035743072217089,0.36475336044287937
480,0.4799976,0.5200024,-0.0036415021915674,-0.0032624240293723,0.6235878712502712,0.502434144879987,0.502434144879987,0.3631759309352371
481,0.480997595,0.519002405,-0.0036391103758502,-0.0032610099730038,0.6228469635446034,0.5012945951428709,0.5012945951428709,0.361599356843445
482,0.48199759000000003,0.51800240999999997,-0.0036367331185092,-0.0032596116562198,0.6221071337032487,0.500155655509797,0.500155655509797,0.36002364850678975
483,0.482997585,0.517002415,-0.0036343703832014,-0.0032582289570842,0.6213683786773837,0.49901732351980493,0.49901732351980493,0.35844881637451215
484,0.48399758000000004,0.51600241999999996,-0.0036320221220287,-0.0032568617687438,0.6206306954389166,0.49787959671417054,0.49787959671417054,0.3568748710584194
485,0.484997575,0.515002425,-0.0036296882973387,-0.0032555099701014,0.61989408097739,0.49674247267153815,0.49674247267153815,0.3553018232829699
486,0.48599757000000005,0.51400242999999995,-0.003627368861308,-0.0032541734540752,0.6191585322908101,0.4956059489749909,0.4956059489749909,0.35372968393387905
487,0.486997565,0.513002435,-0.0036250637746497,-0.003252852100290,0.618424046406456,0.4944700232423758,0.4944700232423758,0.35215846401245604
488,0.48799756000000005,0.51200243999999995,-0.003622772989665,-0.003251545801304,0.6176906203482769,0.4933346930985669,0.4933346930985669,0.35058817467969977
489,0.48899755500000003,0.51100244499999997,-0.0036204964654560,-0.0032502544376802,0.6169582511790406,0.4921999562002126,0.4921999562002126,0.34901882721532457
490,0.48999755,0.51000245,-0.0036182341546277,-0.003248977901625,0.6162269359514154,0.49106581021397616,0.49106581021397616,0.34745043305697215
491,0.49099754500000004,0.50900245499999996,-0.0036159860146853,-0.003247716074725,0.6154966717585111,0.48993225283508995,0.48993225283508995,0.345883003764236
492,0.49199754,0.50800246,-0.003613751998345,-0.0032464688488154,0.6147674556873962,0.4887992817714711,0.4887992817714711,0.3443165510527414
493,0.49299753500000004,0.50700246499999996,-0.0036115320618833,-0.0032452361065856,0.6140392848556363,0.4876668947573004,0.4876668947573004,0.3427510867633556
494,0.49399753,0.50600247,-0.0036093261577768,-0.0032440177394953,0.6133121563868593,0.48653508954094643,0.48653508954094643,0.3411866228910049
495,0.49499752500000005,0.50500247499999995,-0.003607134241384,-0.0032428136313953,0.6125860674219364,0.4854038638958215,0.4854038638958215,0.3396231715591443
496,0.49599752,0.50400248,-0.0036049562649095,-0.003241623673392,0.6118610151203845,0.4842732156104651,0.4842732156104651,0.33806074504329237
497,0.496997515,0.503002485,-0.003602792182771,-0.0032404477505376,0.6111369966465258,0.4831431424972678,0.4831431424972678,0.3364993557507251
498,0.49799751000000003,0.50200248999999997,-0.0036006419469712,-0.0032392857536147,0.6104140091950327,0.48201364238484035,0.48201364238484035,0.33493901623881484
499,0.498997505,0.501002495,-0.0035985055109794,-0.003238137568914,0.6096920499541613,0.4808847131243158,0.4808847131243158,0.3333797391998103
500,0.49999750000000004,0.50000249999999996,-0.0035963828266618,-0.0032370030869368,0.6089711161509587,0.47975635258427335,0.47975635258427335,0.3318215374741658
501,0.500997495,0.499002505,-0.0035942738465327,-0.0032358821952264,0.6082512050010178,0.4786285586543683,0.4786285586543683,0.33026442404017287
502,0.50199749,0.49800251,-0.0035921785223802,-0.0032347747840613,0.6075323137580889,0.47750132924304184,0.47750132924304184,0.32870841202255807
503,0.5029974850000001,0.4970025149999999,-0.0035900968057666,-0.0032336807422436,0.6068144396714003,0.4763746622782689,0.4763746622782689,0.3271535146866448
504,0.50399748,0.49600252,-0.0035880286484562,-0.0032325999598995,0.6060975800158462,0.47524855570824137,0.47524855570824137,0.3255997454425805
505,0.504997475,0.495002525,-0.0035859740010656,-0.0032315323270784,0.6053817320745223,0.47412300749906705,0.47412300749906705,0.3240471178436278
506,0.5059974700000001,0.4940025299999999,-0.0035839328153806,-0.0032304777338356,0.6046668931441522,0.4729980156385735,0.4729980156385735,0.3224956455864562
507,0.506997465,0.493002535,-0.0035819050410831,-0.0032294360714409,0.603953060541347,0.47187357813083064,0.47187357813083064,0.3209453425130958
508,0.50799746,0.49200254,-0.0035798906300219,-0.0032284072299751,0.6032402315840188,0.47074969300318237,0.47074969300318237,0.3193962226077892
509,0.508997455,0.491002545,-0.0035778895309626,-0.0032273911018912,0.6025284036214908,0.46962635829750476,0.46962635829750476,0.3178483000020785
510,0.5099974500000001,0.4900025499999999,-0.0035759016958452,-0.0032263875773952,0.601817573993974,0.46850357208053567,0.46850357208053567,0.3163015889687759
511,0.510997445,0.489002555,-0.0035739270725408,-0.0032253965500673,0.6011077400801881,0.46738133243181595,0.46738133243181595,0.31475610392960185
512,0.51199744,0.48800256,-0.0035719656131055,-0.0032244179103577,0.6003988992466613,0.46625963745734983,0.46625963745734983,0.3132118594468728
513,0.5129974350000001,0.4870025649999999,-0.0035700172645384,-0.003223451553049,0.5996910488954418,0.4651384852742172,0.4651384852742172,0.3116688702332452
514,0.51399743,0.48600257,-0.0035680819790281,-0.0032224973685180,0.59898418642589,0.46401787402755706,0.46401787402755706,0.3101271511408936
515,0.514997425,0.485002575,-0.0035661597027296,-0.0032215552532291,0.5982783092583867,0.4628978018718763,0.4628978018718763,0.30858671717456393
516,0.51599742,0.48400258,-0.0035642503884023,-0.0032206250970976,0.5975734148237442,0.461778266992035,0.461778266992035,0.30704758347652544
517,0.5169974150000001,0.4830025849999999,-0.0035623539795884,-0.0032197067985154,0.5968695005628173,0.46065926757687015,0.46065926757687015,0.30550976534438073
518,0.51799741,0.48200259,-0.0035604704324213,-0.0032188002470282,0.5961665639377461,0.45954080185549945,0.45954080185549945,0.3039732782112426
519,0.518997405,0.481002595,-0.0035585996863324,-0.0032179053427434,0.5954646024086601,0.45842286804845284,0.45842286804845284,0.30243813766772276
520,0.5199974,0.4800026,-0.0035567416992107,-0.0032170219750667,0.5947636134680738,0.45730546442629555,0.45730546442629555,0.30090435943859756
521,0.520997395,0.479002605,-0.0035548964106385,-0.0032161500456145,0.5940635945971183,0.4561885892482319,0.4561885892482319,0.2993719594076042
522,0.52199739,0.47800261,-0.0035530637752794,-0.0032152894438653,0.5933645433148316,0.4550722408178341,0.4550722408178341,0.29784095359187723
523,0.522997385,0.477002615,-0.0035512437376011,-0.0032144400727554,0.5926664571279687,0.4539564174407972,0.4539564174407972,0.29631135816835275
524,0.5239973800000001,0.4760026199999999,-0.0035494362462023,-0.0032136018222370,0.5919693335760846,0.4528411174484804,0.4528411174484804,0.2947831894470958
525,0.524997375,0.475002625,-0.0035476412504809,-0.0032127745965846,0.5912731701969065,0.4517263391926999,0.4517263391926999,0.29325646389826987
526,0.52599737,0.47400263,-0.0035458586939976,-0.003211958286166,0.5905779645466479,0.45061208103461836,0.45061208103461836,0.291731198125315
527,0.526997365,0.473002635,-0.0035440885306606,-0.0032111527962591,0.5898837141929418,0.4494983413716678,0.4494983413716678,0.29020740889160107
528,0.5279973600000001,0.4720026399999999,-0.0035423306996185,-0.0032103580179405,0.5891904167102577,0.44838511859551616,0.44838511859551616,0.28868511309426254
529,0.528997355,0.471002645,-0.003540585157405,-0.0032095738574213,0.5884980696958432,0.4472724111458539,0.4472724111458539,0.2871643277898019
530,0.52999735,0.47000265,-0.003538851842177,-0.0032088002066394,0.5878066707418461,0.44616021745045964,0.44616021745045964,0.2856450701692377
531,0.5309973450000001,0.4690026549999999,-0.0035371307084499,-0.0032080369726150,0.5871162174736281,0.44504853598338334,0.44504853598338334,0.2841273575820732
532,0.53199734,0.46800266,-0.0035354216991223,-0.0032072840482908,0.5864267075033489,0.4439373652180454,0.4439373652180454,0.2826112075132744
533,0.532997335,0.467002665,-0.0035337247626437,-0.0032065413413837,0.5857381384800988,0.44282670365594035,0.44282670365594035,0.281096637605151
534,0.53399733,0.46600267,-0.003532039846358,-0.0032058087459702,0.5850505080412646,0.44171654981550273,0.44171654981550273,0.2795836656365491
535,0.5349973250000001,0.4650026749999999,-0.0035303668943007,-0.0032050861703734,0.5843638138537944,0.4406069022283595,0.4406069022283595,0.27807230954232426
536,0.53599732,0.46400268,-0.0035287058583758,-0.0032043735099163,0.5836780535842568,0.43949775945804614,0.43949775945804614,0.27656258739500633
537,0.536997315,0.463002685,-0.0035270566779903,-0.0032036706734497,0.5829932249149368,0.43838912006583186,0.43838912006583186,0.27505451742166387
538,0.5379973100000001,0.4620026899999999,-0.0035254193084038,-0.0032029775576477,0.5823093255408005,0.43728098265825166,0.43728098265825166,0.2735481179881827
539,0.538997305,0.461002695,-0.0035237936870565,-0.0032022940718225,0.5816263531604706,0.43617334583056555,0.43617334583056555,0.27204340761343593
540,0.5399973,0.4600027,-0.0035221797685513,-0.0032016201140878,0.5809443054968685,0.43506620822546405,0.43506620822546405,0.2705404049562072
541,0.540997295,0.459002705,-0.0035205774937763,-0.0032009555941693,0.5802631802649888,0.4339595684812043,0.4339595684812043,0.2690391288266818
542,0.5419972900000001,0.4580027099999999,-0.003518986812264,-0.0032003004116955,0.579582975213661,0.43285342526910403,0.43285342526910403,0.26753959817595274
543,0.542997285,0.457002715,-0.0035174076695174,-0.003199654476766,0.5789036880771822,0.4317477772722698,0.4317477772722698,0.2660418321049384
544,0.54399728,0.45600272,-0.0035158400103165,-0.0031990176905867,0.5782253166253734,0.43064262319109786,0.43064262319109786,0.26454584985632007
545,0.5449972750000001,0.4550027249999999,-0.003514283784893,-0.003198389963608,0.5775478586176279,0.4295379617536279,0.4295379617536279,0.26305167082107606
546,0.54599727,0.45400273,-0.0035127389333846,-0.003197771198662,0.5768713118391102,0.42843379168941925,0.42843379168941925,0.26155931453262404
547,0.546997265,0.453002735,-0.003511205409925,-0.0031971613065357,0.5761956740766168,0.4273301117699802,0.4273301117699802,0.2600688006712299
548,0.54799726,0.45200274,-0.0035096831519306,-0.0031965601917186,0.575520943129687,0.42622692075715984,0.42622692075715984,0.2585801490600635
549,0.5489972550000001,0.4510027449999999,-0.0035081721141804,-0.003195967765336,0.5748471168120153,0.42512421746037676,0.42512421746037676,0.25709337966780094
550,0.54999725,0.45000275,-0.0035066722360062,-0.0031953839335550,0.5741741929378349,0.42402200068148044,0.42402200068148044,0.2556085126062484
551,0.550997245,0.449002755,-0.0035051834683611,-0.0031948086078447,0.573502169347168,0.42292026926019727,0.42292026926019727,0.25412556813150117
552,0.5519972400000001,0.4480027599999999,-0.0035037057553797,-0.0031942416960577,0.5728310438695807,0.42181902204315613,0.42181902204315613,0.25264456664275486
553,0.552997235,0.447002765,-0.0035022390428314,-0.0031936831100227,0.5721608143688328,0.42071825789803774,0.42071825789803774,0.25116552868241515
554,0.55399723,0.44600277,-0.003500783279649,-0.003193132759269,0.5714914786933385,0.4196179757161451,0.4196179757161451,0.24968847493568852
555,0.554997225,0.445002775,-0.0034993384070927,-0.0031925905560137,0.5708230347251524,0.41851817439419886,0.41851817439419886,0.24821342623005468
556,0.5559972200000001,0.4440027799999999,-0.0034979043783316,-0.003192056411435,0.5701554803378975,0.41741885286717606,0.41741885286717606,0.24674040353522297
557,0.556997215,0.443002785,-0.0034964811313226,-0.0031915302381746,0.569488813426592,0.41632001006278496,0.41632001006278496,0.24526942796237786
558,0.55799721,0.44200279,-0.0034950686209274,-0.0031910119490186,0.5688230318904448,0.4152216449553581,0.4152216449553581,0.24380052076409178
559,0.558997205,0.441002795,-0.0034936667856716,-0.0031905014570746,0.5681581336382597,0.4141237565100448,0.4141237565100448,0.24233370333374352
560,0.5599972,0.4400028,-0.0034922755777056,-0.0031899986766844,0.5674941165946193,0.4130263437330838,0.4130263437330838,0.2408689972050006
561,0.560997195,0.439002805,-0.0034908949402775,-0.0031895035214655,0.5668309786816327,0.4119294056340109,0.4119294056340109,0.23940642405177598
562,0.56199719,0.43800281,-0.003489524820175,-0.003189015907245,0.5661687178485993,0.4108329412464864,0.4108329412464864,0.2379460056869348
563,0.5629971850000001,0.4370028149999999,-0.0034881651652414,-0.0031885357482037,0.5655073320321666,0.4097369496241553,0.4097369496241553,0.23648776406310737
564,0.56399718,0.43600282,-0.0034868159181158,-0.0031880629616973,0.5648468192032209,0.40864142982992563,0.40864142982992563,0.2350317212703314
565,0.564997175,0.435002825,-0.003485477031271,-0.003187597462838,0.5641871773170376,0.4075463809610663,0.4075463809610663,0.23357789953797056
566,0.56599717,0.43400283,-0.0034841484436399,-0.0031871391704593,0.5635284043602513,0.4064518021105488,0.4064518021105488,0.23212632123099655
567,0.5669971650000001,0.4330028349999999,-0.0034828301101162,-0.0031866879999922,0.5628704983133055,0.4053576924161427,0.4053576924161427,0.23067700885361017
568,0.56799716,0.43200284,-0.003481521969121,-0.0031862438721454,0.5622134571738004,0.4042640510061206,0.4042640510061206,0.22922998504304798
569,0.568997155,0.431002845,-0.0034802239739096,-0.003185806702457,0.5615572789461092,0.4031708770516329,0.4031708770516329,0.2277852725764821
570,0.5699971500000001,0.4300028499999999,-0.0034789360674784,-0.0031853764137421,0.5609019616410382,0.40207816972474264,0.40207816972474264,0.22634289436059665
571,0.570997145,0.429002855,-0.0034776581978616,-0.0031849529216984,0.5602475032868866,0.4009859282239459,0.4009859282239459,0.22490287344320664
572,0.57199714,0.42800286,-0.0034763903123774,-0.0031845361510484,0.5595939019066141,0.39989415176459325,0.39989415176459325,0.22346523299781676
573,0.572997135,0.427002865,-0.003475132355282,-0.003184126017840,0.5589411555516269,0.39880283957494395,0.39880283957494395,0.2220299963402467
574,0.5739971300000001,0.4260028699999999,-0.003473884278277,-0.0031837224485177,0.5582892622588554,0.39771199091368264,0.39771199091368264,0.22059718690807179
575,0.574997125,0.425002875,-0.0034726460217071,-0.0031833253596582,0.5576382200991492,0.3966216050385637,0.3966216050385637,0.21916682828227266
576,0.57599712,0.42400288,-0.0034714175404986,-0.0031829346792616,0.5569880271280605,0.3955316812496276,0.3955316812496276,0.21773894416161357
577,0.5769971150000001,0.4230028849999999,-0.0034701987735457,-0.0031825503245923,0.5563386814301046,0.39444221883819236,0.39444221883819236,0.21631355838918193
578,0.57799711,0.42200289,-0.0034689896752989,-0.0031821722250589,0.5556901810848156,0.39335321713944166,0.39335321713944166,0.21489069492191407
579,0.578997105,0.421002895,-0.0034677901881527,-0.0031818002987655,0.5550425241867032,0.3922646754864661,0.3922646754864661,0.2134703778617389
580,0.5799971,0.4200029,-0.0034666002621088,-0.0031814344763883,0.5543957088383404,0.3911765932429339,0.3911765932429339,0.21205263142060118
581,0.5809970950000001,0.4190029049999999,-0.003465419843930,-0.0031810746770102,0.5537497331459156,0.3900889697850856,0.3900889697850856,0.2106374799557944
582,0.58199709,0.41800291,-0.0034642488796175,-0.0031807208324514,0.5531045952348572,0.38900180450582306,0.38900180450582306,0.2092249479309569
583,0.582997085,0.417002915,-0.0034630873204165,-0.0031803728628985,0.5524602932225756,0.3879150968246501,0.3879150968246501,0.20781505995505412
584,0.5839970800000001,0.4160029199999999,-0.0034619351083598,-0.0031800307012085,0.5518168252559867,0.3868288461637304,0.3868288461637304,0.2064078407399414
585,0.584997075,0.415002925,-0.0034607921983994,-0.0031796942687816,0.5511741894661129,0.38574305198450515,0.38574305198450515,0.20500331514235065
586,0.58599707,0.41400293,-0.0034596585303996,-0.003179363499411,0.5505323840171666,0.3846577137413489,0.3846577137413489,0.20360150811870756
587,0.586997065,0.413002935,-0.0034585340600057,-0.0031790383158117,0.549891407058984,0.3835728309326109,0.3835728309326109,0.20220244476938615
588,0.5879970600000001,0.4120029399999999,-0.0034574187291599,-0.0031787186526284,0.5492512567674314,0.3824884030518739,0.3824884030518739,0.20080615029155985
589,0.588997055,0.411002945,-0.0034563124901696,-0.0031784044339735,0.5486119313151276,0.38140442962769655,0.38140442962769655,0.19941265002490272
590,0.58999705,0.41000295,-0.0034552152895165,-0.003178095595269,0.5479734288872229,0.38032091019689607,0.38032091019689607,0.19802196940332426
591,0.590997045,0.409002955,-0.003454127075078,-0.0031777920620966,0.5473357476784411,0.379237844316435,0.379237844316435,0.19663413400123828
592,0.5919970400000001,0.4080029599999999,-0.003453047797880,-0.003177493770743,0.5466988858842995,0.37815523156630887,0.37815523156630887,0.1952491694846713
593,0.592997035,0.407002965,-0.0034519774019265,-0.0031772006476989,0.5460628417212819,0.37707307153282354,0.37707307153282354,0.19386710165962556
594,0.59399703,0.40600297,-0.0034509158422567,-0.0031769126309847,0.5454276133954005,0.3759913638382354,0.3759913638382354,0.19248795641738198
595,0.5949970250000001,0.4050029749999999,-0.003449863060150,-0.003176629647519,0.5447931991429885,0.37491010810007713,0.37491010810007713,0.19111175979206332
596,0.59599702,0.40400298,-0.0034488190122984,-0.0031763516368953,0.5441595971835063,0.37382930397897113,0.37382930397897113,0.18973853789552736
597,0.596997015,0.403002985,-0.003447783640816,-0.0031760785267805,0.5435268057684253,0.37274895112951034,0.37274895112951034,0.18836831698441955
598,0.59799701,0.40200299,-0.0034467569000606,-0.0031758102581344,0.5428948231363941,0.3716690492441519,0.3716690492441519,0.1870011233864145
599,0.5989970050000001,0.4010029949999999,-0.0034457387366240,-0.0031755467594965,0.5422636475485983,0.3705895980205048,0.3705895980205048,0.18563698357524228
600,0.599997,0.400003,-0.0034447291002468,-0.0031752879730388,0.5416332772652136,0.3695105971791469,0.3695105971791469,0.1842759240893537
601,0.600996995,0.399003005,-0.003443727941894,-0.0031750338283038,0.5410037105562792,0.36843204646049793,0.36843204646049793,0.18291797161376938
602,0.6019969900000001,0.3980030099999999,-0.0034427352076247,-0.0031747842685048,0.5403749457030805,0.36735394561485396,0.36735394561485396,0.18156315289256933
603,0.602996985,0.397003015,-0.0034417508525043,-0.003174539224326,0.5397469809849135,0.3662762944249863,0.3662762944249863,0.18021149481589377
604,0.60399698,0.39600302,-0.003440774819420,-0.0031742986398315,0.5391198147036943,0.36519909267178324,0.36519909267178324,0.17886302432820875
605,0.604996975,0.395003025,-0.003439807065843,-0.003174062447046,0.5384934451486799,0.36412234017755,0.36412234017755,0.17751776851820225
606,0.6059969700000001,0.3940030299999999,-0.003438847534728,-0.003173830591028,0.5378678706399715,0.36304603675849334,0.36304603675849334,0.17617575452539835
607,0.606996965,0.393003035,-0.0034378961822397,-0.0031736030054352,0.5372430894802912,0.3619701822702524,0.3619701822702524,0.17483700963003862
608,0.60799696,0.39200304,-0.003436952955449,-0.0031733796356653,0.5366191000027023,0.36089477657164387,0.36089477657164387,0.17350156116130103
609,0.6089969550000001,0.3910030449999999,-0.0034360178059566,-0.0031731604170934,0.5359959005296575,0.35981981954656767,0.35981981954656767,0.17216943658353845
610,0.60999695,0.39000305,-0.003435090684944,-0.0031729452954526,0.5353734894020706,0.3587453110960649,0.3587453110960649,0.17084066341011875
611,0.610996945,0.389003055,-0.0034341715407383,-0.0031727342080647,0.5347518649625692,0.35767125113440007,0.35767125113440007,0.16951526928158975
612,0.61199694,0.38800306,-0.0034332603286571,-0.0031725271007761,0.5341310255607907,0.35659763960484675,0.35659763960484675,0.168193281889994
613,0.6129969350000001,0.3870030649999999,-0.0034323569936802,-0.003172323913059,0.5335109695593968,0.3555244764519606,0.3555244764519606,0.1668747290436604
614,0.61399693,0.38600307,-0.0034314614941398,-0.0031721245906718,0.5328916953163616,0.3544517616594513,0.3544517616594513,0.16555963860759404
615,0.614996925,0.385003075,-0.003430573773951,-0.00317192907536,0.5322732012138092,0.35337949520584006,0.35337949520584006,0.16424803854944733
616,0.6159969200000001,0.3840030799999999,-0.0034296937910584,-0.003171737312925,0.5316554856193212,0.35230767710984157,0.35230767710984157,0.16293995689960755
617,0.616996915,0.383003085,-0.0034288214928165,-0.0031715492467601,0.5310385469315101,0.35123630739114936,0.35123630739114936,0.1616354217802852
618,0.61799691,0.38200309,-0.0034279568332156,-0.0031713648233223,0.5304223835316068,0.3501653860978261,0.3501653860978261,0.16033446137668642
619,0.618996905,0.381003095,-0.0034270997636621,-0.0031711839875006,0.5298069938291087,0.34909491329168174,0.34909491329168174,0.15903710395826565
620,0.6199969000000001,0.3800030999999999,-0.0034262502347482,-0.0031710066863187,0.5291923762253173,0.3480248890510847,0.3480248890510847,0.15774337785773263
621,0.620996895,0.379003105,-0.0034254082020406,-0.003170832866229,0.5285785291360345,0.3469553134800967,0.3469553134800967,0.1564533114830087
622,0.62199689,0.37800311,-0.0034245736126973,-0.0031706624747577,0.5279654509814896,0.34588618668739063,0.34588618668739063,0.15516693330666018
623,0.6229968850000001,0.3770031149999999,-0.003423746425723,-0.0031704954599687,0.5273531401860385,0.3448175088181256,0.3448175088181256,0.1538842718660276
624,0.62399688,0.37600312,-0.003422926586520,-0.003170331769840,0.5267415951888933,0.3437492800139646,0.3437492800139646,0.1526053557655361
625,0.624996875,0.375003125,-0.0034221140547562,-0.0031701713540814,0.5261308144220069,0.342681500456802,0.342681500456802,0.1513302136626328
626,0.62599687,0.37400313,-0.0034213087779533,-0.003170014161095,0.5255207963428408,0.3416141703273971,0.3416141703273971,0.15005887428523007
627,0.6269968650000001,0.3730031349999999,-0.0034205107128172,-0.0031698601422475,0.52491153939277,0.34054728983873117,0.34054728983873117,0.14879136640131205
628,0.62799686,0.37200314,-0.0034197198110739,-0.0031697092463543,0.5243030420440128,0.33948085921391313,0.33948085921391313,0.14752771885351218
629,0.628996855,0.371003145,-0.0034189360256036,-0.0031695614264331,0.5236953027519358,0.3384148786957389,0.3384148786957389,0.14626796051053134
630,0.62999685,0.37000315,-0.0034181593123573,-0.0031694166317193,0.5230883199979734,0.33734934854966026,0.33734934854966026,0.14501212032053828
631,0.6309968450000001,0.3690031549999999,-0.003417389620843,-0.0031692748168573,0.5224820922567388,0.336284269049089,0.336284269049089,0.14376022724289148
632,0.63199684,0.36800316,-0.0034166269107323,-0.0031691359315253,0.5218766180153828,0.3352196405010246,0.3352196405010246,0.14251231032166495
633,0.632996835,0.367003165,-0.0034158711292575,-0.0031689999319532,0.5212718957669028,0.3341554632112534,0.3341554632112534,0.14126839859658297
634,0.6339968300000001,0.3660031699999999,-0.0034151222376230,-0.0031688667682932,0.5206679240058633,0.3330917375249706,0.3330917375249706,0.14002852119752607
635,0.634996825,0.365003175,-0.0034143801840488,-0.0031687363983051,0.5200647012435193,0.33202846378540657,0.33202846378540657,0.13879270723407272
636,0.63599682,0.36400318,-0.0034136449276882,-0.0031686087726621,0.5194622259814641,0.33096564237049636,0.33096564237049636,0.1375609859113164
637,0.636996815,0.363003185,-0.0034129164209213,-0.0031684838505777,0.5188604967479399,0.32990327366580663,0.32990327366580663,0.1363333863979657
638,0.6379968100000001,0.3620031899999999,-0.003412194618895,-0.0031683615833066,0.5182595120539363,0.328841358079115,0.328841358079115,0.135109937963212
639,0.638996805,0.361003195,-0.0034114794780757,-0.0031682419314227,0.5176592704406823,0.32777989603820556,0.32777989603820556,0.13389066982397177
640,0.6399968,0.3600032,-0.003410770950410,-0.003168124846826,0.5170597704336469,0.3267188879820615,0.3267188879820615,0.13267561130186883
641,0.6409967950000001,0.3590032049999999,-0.0034100689961835,-0.0031680102913486,0.5164610105816408,0.3256583343802864,0.3256583343802864,0.13146479165091823
642,0.64199679,0.35800321,-0.0034093735646616,-0.0031678982176106,0.5158629894285051,0.32459823570397073,0.32459823570397073,0.13025824023293242
643,0.642996785,0.357003215,-0.0034086846183228,-0.0031677885885744,0.5152657055283912,0.3235385924621327,0.3235385924621327,0.12905598632774165
644,0.64399678,0.35600322,-0.0034080021064086,-0.0031676813576617,0.5146691574429022,0.32247940516206614,0.32247940516206614,0.12785805932449465
645,0.6449967750000001,0.3550032249999999,-0.0034073259901235,-0.0031675764888295,0.5140733437326355,0.32142067434708455,0.32142067434708455,0.12666448851739423
646,0.64599677,0.35400323,-0.0034066562226340,-0.0031674739363847,0.5134782629766665,0.32036240056667487,0.32036240056667487,0.1254753033094342
647,0.646996765,0.353003235,-0.0034059927610998,-0.0031673736651385,0.5128839137422142,0.3193045843944276,0.3193045843944276,0.12429053299760115
648,0.6479967600000001,0.3520032399999999,-0.0034053355627459,-0.0031672756306999,0.512290294624029,0.31824722642177417,0.31824722642177417,0.1231102069845723
649,0.648996755,0.351003245,-0.0034046845820404,-0.0031671797988524,0.5116974041988497,0.3171903272543633,0.3171903272543633,0.12193435455840089
650,0.64999675,0.35000325,-0.003404039779856,-0.003167086126219,0.5111052410726024,0.31613388752557403,0.31613388752557403,0.12076300510658271
651,0.650996745,0.349003255,-0.0034034011076842,-0.0031669945791324,0.5105138038371311,0.3150779078732281,0.3150779078732281,0.11959618789640614
652,0.6519967400000001,0.3480032599999999,-0.0034027685291703,-0.003166905115542,0.5099230911043491,0.31402238897113083,0.31402238897113083,0.11843393228458578
653,0.652996735,0.347003265,-0.003402141995027,-0.003166817702270,0.5093331014835122,0.3129673314924691,0.3129673314924691,0.11727626750571843
654,0.65399673,0.34600327,-0.0034015214685521,-0.0031667322987194,0.5087438335917354,0.3119127361470008,0.3119127361470008,0.1161232228693665
655,0.6549967250000001,0.3450032749999999,-0.0034009069037699,-0.0031666488720374,0.5081552860553215,0.31085860364931267,0.31085860364931267,0.11497482756543086
656,0.6559967200000001,0.3440032799999999,-0.0034002982604378,-0.0031665673832104,0.507567457497028,0.309804934740605,0.309804934740605,0.11383111083914646
657,0.656996715,0.343003285,-0.0033996954962804,-0.0031664877995453,0.5069803465597841,0.3087517301774715,0.3087517301774715,0.11269210182365623
658,0.65799671,0.34200329,-0.0033990985681505,-0.003166410083755,0.5063939518727133,0.3076989907336409,0.3076989907336409,0.11155782968185028
659,0.6589967050000001,0.3410032949999999,-0.003398507437575,-0.003166334203172,0.5058082720930553,0.3066467172078899,0.3066467172078899,0.11042832347740873
660,0.6599967,0.3400033,-0.0033979220584096,-0.0031662601222607,0.5052233058597188,0.30559491040650527,0.30559491040650527,0.10930361227379817
661,0.660996695,0.339003305,-0.0033973423953124,-0.003166187808515,0.5046390518392662,0.3045435711695305,0.3045435711695305,0.10818372504829066
662,0.66199669,0.33800331,-0.0033967684006967,-0.0031661172277082,0.5040555086864651,0.30349270033817016,0.30349270033817016,0.1070686907547647
663,0.6629966850000001,0.3370033149999999,-0.0033962000398033,-0.0031660483479003,0.5034726750723191,0.3024422987902008,0.3024422987902008,0.10595853826214965
664,0.66399668,0.33600332,-0.003395637267130,-0.0031659811360686,0.5028905496679278,0.30139236740682357,0.30139236740682357,0.10485329639934046
665,0.664996675,0.335003325,-0.0033950800452498,-0.0031659155607705,0.5023091311496151,0.3003429070991059,0.3003429070991059,0.10375299391154763
666,0.6659966700000001,0.3340033299999999,-0.0033945283324914,-0.0031658515902282,0.5017284182047107,0.29929391879075945,0.29929391879075945,0.1026576594845343
667,0.666996665,0.333003335,-0.0033939820881002,-0.0031657891934485,0.5011484095145337,0.29824540342539724,0.29824540342539724,0.10156732172383326
668,0.66799666,0.33200334,-0.0033934412742620,-0.0031657283399244,0.5005691037821295,0.2971973619693157,0.2971973619693157,0.10048200915356006
669,0.668996655,0.331003345,-0.0033929058472593,-0.003165668999077,0.4999904996950744,0.2961497953993764,0.2961497953993764,0.09940175022299738
670,0.6699966500000001,0.3300033499999999,-0.003392375772659,-0.003165611141681,0.4994125959693072,0.29510270472385614,0.29510270472385614,0.09832657327574504
671,0.670996645,0.329003355,-0.003391851004817,-0.0031655547375496,0.498835391302586,0.29405609095446716,0.29405609095446716,0.097256506587621
672,0.67199664,0.32800336,-0.0033913315106724,-0.0031654997587084,0.4982588844183917,0.29300995513880357,0.29300995513880357,0.09619157830311165
673,0.6729966350000001,0.3270033649999999,-0.0033908172456257,-0.0031654461754907,0.4976830740308734,0.29196429832762466,0.29196429832762466,0.09513181650404572
674,0.67399663,0.32600337,-0.003390308174777,-0.0031653939609025,0.49710795886670467,0.2909191216036288,0.2909191216036288,0.09407724912119131
675,0.674996625,0.325003375,-0.0033898042573297,-0.0031653430860403,0.49653353765531055,0.2898744260604426,0.2898744260604426,0.0930279040189464
676,0.67599662,0.32400338,-0.0033893054548787,-0.0031652935247619,0.4959598091288386,0.2888302128138357,0.2888302128138357,0.0919838088969381
677,0.6769966150000001,0.3230033849999999,-0.0033888117303806,-0.003165245248925,0.49538677203201864,0.28778648300031057,0.28778648300031057,0.09094499138242941
678,0.67799661,0.32200339,-0.0033883230426194,-0.0031651982332330,0.4948144251015805,0.28674323776987093,0.28674323776987093,0.08991147892377999
679,0.678996605,0.321003395,-0.0033878393580422,-0.0031651524502905,0.4942427670969684,0.285700478301628,0.285700478301628,0.08888329889103926
680,0.6799966000000001,0.3200033999999999,-0.0033873606331491,-0.0031651078756317,0.49367179676114065,0.2846582057807407,0.2846582057807407,0.08786047846079278
681,0.680996595,0.319003405,-0.0033868868363757,-0.0031650644825931,0.4931015128651399,0.2836164214270713,0.2836164214270713,0.08684304472527636
682,0.68199659,0.31800341,-0.0033864179243685,-0.003165022247515,0.4925319141623088,0.2825751264643236,0.2825751264643236,0.08583102456826908
683,0.682996585,0.317003415,-0.0033859538644462,-0.0031649811444491,0.4919629994301139,0.2815343221492427,0.2815343221492427,0.08482444478306489
684,0.6839965800000001,0.3160034199999999,-0.0033854946168730,-0.0031649411505171,0.49139476743761756,0.280494009748726,0.280494009748726,0.08382333193907518
685,0.684996575,0.315003425,-0.0033850401454362,-0.0031649022404645,0.49082721696513654,0.27945419055353515,0.27945419055353515,0.08282771250899264
686,0.68599657,0.31400343,-0.0033845904138666,-0.0031648643921643,0.49026034679651814,0.2784148658736991,0.2784148658736991,0.08183761272576552
687,0.6869965650000001,0.3130034349999999,-0.0033841453833498,-0.0031648275810266,0.4896941557167904,0.27737603703548197,0.27737603703548197,0.08085305871929135
688,0.68799656,0.31200344,-0.0033837050210380,-0.0031647917856434,0.48912864252456295,0.27633770539211705,0.27633770539211705,0.07987407636342388
689,0.688996555,0.311003445,-0.0033832692855378,-0.0031647569820561,0.4885638060090069,0.2752998723056928,0.2752998723056928,0.0789006914225331
690,0.68999655,0.31000345,-0.0033828381463953,-0.0031647231495332,0.4879996449825983,0.2742625391715223,0.2742625391715223,0.07793292938820795
691,0.6909965450000001,0.3090034549999999,-0.0033824115618208,-0.0031646902649925,0.4874361582406021,0.2732257073901806,0.2732257073901806,0.07697081563601903
692,0.69199654,0.30800346,-0.0033819895012934,-0.0031646583087302,0.48687334460596643,0.2721893783957371,0.2721893783957371,0.07601437525158022
693,0.692996535,0.307003465,-0.0033815719260253,-0.0031646272582262,0.4863112028844831,0.2711535536320081,0.2711535536320081,0.07506363319784878
694,0.6939965300000001,0.3060034699999999,-0.0033811588021458,-0.0031645970943357,0.48574973190448567,0.27011823456860284,0.27011823456860284,0.07411861413021242
695,0.6949965250000001,0.3050034749999999,-0.0033807500942144,-0.0031645677952237,0.4851889304868621,0.2690834226930034,0.2690834226930034,0.07317934257465918
696,0.69599652,0.30400348,-0.003380345765880,-0.0031645393424638,0.4846287974624556,0.2680491195115134,0.2680491195115134,0.07224584273155962
697,0.696996515,0.303003485,-0.0033799457851469,-0.0031645117148856,0.48406933166648125,0.26701532655555105,0.26701532655555105,0.07131813866503414
698,0.6979965100000001,0.3020034899999999,-0.0033795501130454,-0.0031644848947584,0.4835105319338015,0.2659820453682732,0.2659820453682732,0.07039625409510525
699,0.698996505,0.301003495,-0.0033791587203931,-0.0031644588615567,0.48295239711384347,0.2649492775244566,0.2649492775244566,0.06948021259858807
700,0.6999965,0.3000035,-0.0033787715670388,-0.0031644335982244,0.48239492604524664,0.26391702460612626,0.26391702460612626,0.06857003738928931
701,0.700996495,0.299003505,-0.0033783886242813,-0.0031644090848659,0.4818381175904539,0.26288528822889057,0.26288528822889057,0.06766575153074193
702,0.7019964900000001,0.2980035099999999,-0.0033780098539676,-0.0031643853050817,0.48128197059413014,0.26185407001762134,0.26185407001762134,0.06676737770413652
703,0.702996485,0.297003515,-0.0033776352249857,-0.003164362239593,0.4807264839280686,0.26082337162568436,0.26082337162568436,0.06587493843321271
704,0.70399648,0.29600352,-0.0033772647025715,-0.003164339872637,0.48017165644766024,0.2597931947226177,0.2597931947226177,0.06498845583961531
705,0.7049964750000001,0.2950035249999999,-0.0033768982529684,-0.003164318185545,0.479617487029078,0.2587635409996233,0.2587635409996233,0.06410795188024981
706,0.70599647,0.29400353,-0.0033765358442904,-0.0031642971631749,0.47906397454217575,0.2577344121705261,0.2577344121705261,0.06323344808976386
707,0.706996465,0.293003535,-0.0033761774409776,-0.0031642767874556,0.47851111786538597,0.25670580996567427,0.25670580996567427,0.06236496583066429
708,0.70799646,0.29200354,-0.0033758230135205,-0.003164257043856,0.47795891588241446,0.255677736142823,0.255677736142823,0.0615025260226337
709,0.7089964550000001,0.2910035449999999,-0.0033754725248802,-0.0031642379148916,0.4774073674750971,0.25465019247218734,0.25465019247218734,0.0606461494057011
710,0.70999645,0.29000355,-0.0033751259473235,-0.0031642193864738,0.47685647154079097,0.2536231807550279,0.2536231807550279,0.05979585626351836
711,0.710996445,0.289003555,-0.0033747832432871,-0.0031642014423520,0.4763062269648125,0.2525967028028226,0.2525967028028226,0.058951666654867146
712,0.7119964400000001,0.2880035599999999,-0.0033744443855292,-0.0031641840678422,0.47575663265668106,0.25157076045921717,0.25157076045921717,0.05811360024489762
713,0.712996435,0.287003565,-0.0033741093375781,-0.0031641672486307,0.475207687507731,0.2505453555790185,0.2505453555790185,0.05728167634838418
714,0.71399643,0.28600357,-0.0033737780709386,-0.0031641509693938,0.4746593904357148,0.24952049004672694,0.24952049004672694,0.056455913989069885
715,0.714996425,0.285003575,-0.0033734505519226,-0.0031641352170482,0.47411174034294534,0.2484961657625567,0.2484961657625567,0.055636331735617356
716,0.7159964200000001,0.2840035799999999,-0.0033731267498438,-0.0031641199769456,0.4735647361505805,0.24747238465126065,0.24747238465126065,0.05482294787913632
717,0.716996415,0.283003585,-0.0033728066332975,-0.0031641052358803,0.47301837677445113,0.24644914865822798,0.24644914865822798,0.054015780277276826
718,0.71799641,0.28200359,-0.0033724901702123,-0.0031640909807653,0.4724726611397757,0.24542645974971655,0.24542645974971655,0.05321484641182009
719,0.7189964050000001,0.2810035949999999,-0.0033721773314928,-0.0031640771978330,0.4719275881706316,0.24440431991660636,0.24440431991660636,0.05242016342495768
720,0.7199964000000001,0.2800035999999999,-0.0033718680834195,-0.0031640638752785,0.4713831568020497,0.24338273116681816,0.24338273116681816,0.051631747968372124
721,0.720996395,0.279003605,-0.0033715623991123,-0.0031640509997547,0.47083936596535964,0.24236169553693404,0.24236169553693404,0.05084961638659598
722,0.72199639,0.27800361,-0.0033712602436373,-0.003164038559526,0.4702962146022658,0.24134121507741974,0.24134121507741974,0.05007378453470766
723,0.7229963850000001,0.2770036149999999,-0.0033709615915574,-0.003164026542637,0.4697537016544901,0.2403212918701201,0.2403212918701201,0.049304267871932594
724,0.72399638,0.27600362,-0.0033706664078110,-0.0031640149368355,0.46921182606859485,0.23930192800956399,0.23930192800956399,0.04854108146114354
725,0.724996375,0.275003625,-0.0033703746669846,-0.003164003731444,0.46867058679716556,0.2382831256218598,0.2382831256218598,0.04778423984617731
726,0.7259963700000001,0.2740036299999999,-0.0033700863356033,-0.0031639929143656,0.46812998279112217,0.23726488684766184,0.23726488684766184,0.04703375722739315
727,0.7269963650000001,0.2730036349999999,-0.003369801386692,-0.003163982475194,0.46759001301278585,0.23624721385628428,0.23624721385628428,0.046289647259681446
728,0.72799636,0.27200364,-0.0033695197893198,-0.0031639724029864,0.46705067642118964,0.2352301088357978,0.2352301088357978,0.045551923183888066
729,0.728996355,0.271003645,-0.0033692415145927,-0.0031639626869115,0.4665119719840265,0.23421357399889592,0.23421357399889592,0.04482059777890714
730,0.7299963500000001,0.2700036499999999,-0.0033689665337966,-0.0031639533172263,0.46597389867127814,0.23319761158116423,0.23319761158116423,0.04409568328516818
731,0.730996345,0.269003655,-0.0033686948165190,-0.0031639442829761,0.465436455453787,0.23218222383957576,0.23218222383957576,0.043377191554690074
732,0.73199634,0.26800366,-0.0033684263362526,-0.0031639355748827,0.4648996413124943,0.23116741305763205,0.23116741305763205,0.04266513383982292
733,0.732996335,0.267003665,-0.0033681610609794,-0.0031639271828616,0.4643634552254742,0.23015318153706749,0.23015318153706749,0.041959520960660114
734,0.7339963300000001,0.2660036699999999,-0.003367898966096,-0.003163919097278,0.4638278961787986,0.22913953160945977,0.22913953160945977,0.04126036320541543
735,0.734996325,0.265003675,-0.0033676400188600,-0.0031639113094266,0.4632929631602904,0.2281264656223896,0.2281264656223896,0.040567670308308816
736,0.73599632,0.26400368,-0.003367384196049,-0.003163903809722,0.4627586551611303,0.22711398595514912,0.22711398595514912,0.039881451564637536
737,0.7369963150000001,0.2630036849999999,-0.0033671314650943,-0.0031638965900606,0.46222497117889016,0.226102095002764,0.226102095002764,0.03920171561851034
738,0.73799631,0.26200369,-0.0033668818021492,-0.0031638896414287,0.46169191020937467,0.22509079519144953,0.22509079519144953,0.03852847065932873
739,0.738996305,0.261003695,-0.0033666351767485,-0.003163882955494,0.46115947126002377,0.22408008896569945,0.22408008896569945,0.0378617242840332
740,0.7399963,0.2600037,-0.003366391563229,-0.0031638765243226,0.4606276533312032,0.2230699787980911,0.2230699787980911,0.03720148351198267
741,0.7409962950000001,0.2590037049999999,-0.0033661509334053,-0.0031638703395382,0.46009645543992206,0.22206046718323236,0.22206046718323236,0.03654775484632736
742,0.74199629,0.25800371,-0.003365913260102,-0.0031638643935297,0.4595658765914625,0.22105155664093729,0.22105155664093729,0.0359005441621283
743,0.742996285,0.257003715,-0.0033656785172806,-0.0031638586787226,0.4590359158116892,0.2200432497163344,0.2200432497163344,0.03525985676111839
744,0.7439962800000001,0.2560037199999999,-0.0033654466762671,-0.0031638531876603,0.458506572111569,0.2190355489771248,0.2190355489771248,0.034625697354975726
745,0.744996275,0.255003725,-0.0033652177131836,-0.003163847912974,0.45797784452470064,0.2180284570194895,0.2180284570194895,0.033998070061854686
746,0.74599627,0.25400373,-0.0033649915979769,-0.0031638428477095,0.4574497320689113,0.21702197645978671,0.21702197645978671,0.033376978364118216
747,0.746996265,0.253003735,-0.003364768308488,-0.0031638379850136,0.4569222337840082,0.21601610994544995,0.21601610994544995,0.032762425131405815
748,0.7479962600000001,0.2520037399999999,-0.0033645478140303,-0.0031638333181453,0.4563953486962576,0.21501086014274906,0.21501086014274906,0.03215441260976376
749,0.748996255,0.251003745,-0.0033643300931157,-0.0031638288404417,0.4558690758497511,0.21400622975017722,0.21400622975017722,0.03155294241890909
750,0.74999625,0.25000375,-0.0033641151157612,-0.0031638245456298,0.4553434142811698,0.2130022214855665,0.2130022214855665,0.030958015508755245
751,0.7509962450000001,0.2490037549999999,-0.0033639028595602,-0.0031638204275319,0.45481836303773016,0.21199883809799147,0.21199883809799147,0.030369632183423482
752,0.75199624,0.24800376,-0.0033636932971102,-0.003163816480079,0.45429392116542355,0.210996082358811,0.210996082358811,0.02978779209029576
753,0.752996235,0.247003765,-0.0033634864039643,-0.0031638126972720,0.4537700877160327,0.2099939570676087,0.2099939570676087,0.029212494218100293
754,0.75399623,0.24600377,-0.003363282154174,-0.0031638090734793,0.45324686174443446,0.20899246504916902,0.20899246504916902,0.028643736852350915
755,0.7549962250000001,0.2450037749999999,-0.0033630805230925,-0.0031638056031622,0.452724242306652,0.20799160915561948,0.20799160915561948,0.02808151760032645
756,0.75599622,0.24400378,-0.0033628814861788,-0.0031638022808824,0.45220222846669006,0.20699139226578966,0.20699139226578966,0.027525833380117375
757,0.756996215,0.243003785,-0.0033626850178492,-0.0031637991012697,0.4516808192845039,0.20599181728464494,0.20599181728464494,0.02697668041962821
758,0.7579962100000001,0.2420037899999999,-0.0033624910942954,-0.003163796059296,0.45116001383318793,0.20499288714532604,0.20499288714532604,0.026434054211072828
759,0.7589962050000001,0.2410037949999999,-0.003362299690727,-0.003163793150022,0.4506398111767342,0.2039946048075724,0.2039946048075724,0.02589794953694853
760,0.7599962,0.2400038,-0.003362110783071,-0.003163790368583,0.4501202103968797,0.20299697325896765,0.20299697325896765,0.025368360462083777
761,0.760996195,0.239003805,-0.0033619243472244,-0.0031637877102697,0.44960121056216545,0.2019999955147317,0.2019999955147317,0.024845280316843313
762,0.7619961900000001,0.2380038099999999,-0.00336174035909,-0.0031637851705496,0.4490828107621201,0.2010036746178872,0.2010036746178872,0.02432870168573362
763,0.762996185,0.237003815,-0.0033615587952309,-0.0031637827450068,0.4485650100707492,0.20000801363994072,0.20000801363994072,0.02381861640727482
764,0.76399618,0.23600382,-0.0033613796315414,-0.0031637804293600,0.4480478075841226,0.19901301568022203,0.19901301568022203,0.02331501556386843
765,0.7649961750000001,0.2350038249999999,-0.0033612028451784,-0.0031637782194606,0.4475312023830239,0.1980186838673315,0.1980186838673315,0.022817889474377788
766,0.7659961700000001,0.2340038299999999,-0.0033610284120938,-0.0031637761112664,0.44701519356842023,0.1970250213578436,0.1970250213578436,0.02232722769026365
767,0.766996165,0.233003835,-0.0033608563101004,-0.0031637741008632,0.4464997802295793,0.19603203133836722,0.19603203133836722,0.021843018985133973
768,0.76799616,0.23200384,-0.0033606865148287,-0.003163772184455,0.4459849614706429,0.19503971702345807,0.19503971702345807,0.021365251347884074
769,0.7689961550000001,0.2310038449999999,-0.0033605190050746,-0.0031637703583346,0.4454707363905249,0.19404808165882445,0.19404808165882445,0.020893911980452196
770,0.76999615,0.23000385,-0.0033603537561491,-0.0031637686189008,0.4449571040961962,0.19305712851798432,0.19305712851798432,0.020428987287413245
771,0.770996145,0.229003855,-0.0033601907476259,-0.0031637669626558,0.44444406369496536,0.19206686090659042,0.19206686090659042,0.019970462869191005
772,0.77199614,0.22800386,-0.0033600299546621,-0.0031637653861916,0.44393161429786043,0.19107728215822375,0.19107728215822375,0.019518323516615827
773,0.7729961350000001,0.2270038649999999,-0.0033598713574592,-0.0031637638862226,0.4434197550204802,0.19008839563938293,0.19008839563938293,0.019072553206507747
774,0.77399613,0.22600387,-0.0033597149313985,-0.003163762459717,0.442908484977362,0.18910020474483288,0.18910020474483288,0.01863313509534614
775,0.774996125,0.225003875,-0.0033595606571965,-0.003163761103637,0.44239780329261,0.18811271290287834,0.18811271290287834,0.018200051514011835
776,0.7759961200000001,0.2240038799999999,-0.003359408510319,-0.0031637598150383,0.44188770908413133,0.18712592357061092,0.18712592357061092,0.017773283961049068
777,0.776996115,0.223003885,-0.0033592584718072,-0.0031637585910896,0.44137820148434675,0.18613984023916227,0.18613984023916227,0.017352813096602863
778,0.77799611,0.22200389,-0.0033591105174616,-0.003163757429053,0.4408692796147967,0.18515446642911826,0.18515446642911826,0.016938618740043168
779,0.778996105,0.221003895,-0.0033589646285355,-0.0031637563262794,0.4403609426156299,0.1841698056955171,0.1841698056955171,0.01653067986510124
780,0.7799961000000001,0.2200038999999999,-0.0033588207812639,-0.0031637552802155,0.4398531896126827,0.18318586162363654,0.18318586162363654,0.016128974594371202
781,0.780996095,0.219003905,-0.0033586789570082,-0.0031637542883914,0.4393460197528486,0.18220263783356122,0.18220263783356122,0.01573348019591931
782,0.78199609,0.21800391,-0.0033585391325196,-0.0031637533484323,0.43883943216731475,0.18122013797648961,0.18122013797648961,0.015344173077266769
783,0.7829960850000001,0.2170039149999999,-0.0033584012891832,-0.0031637524580377,0.4383334260083471,0.1802383657387528,0.1802383657387528,0.014961028784638274
784,0.7839960800000001,0.2160039199999999,-0.0033582654043323,-0.0031637516149928,0.43782800041392717,0.17925732483873635,0.17925732483873635,0.014584021997832382
785,0.784996075,0.215003925,-0.003358131459315,-0.003163750817157,0.43732315453993753,0.1782770190302782,0.1782770190302782,0.014213126527675314
786,0.78599607,0.21400393,-0.0033579994320929,-0.0031637500624685,0.4368188875329789,0.1772974521002567,0.1772974521002567,0.013848315313313911
787,0.7869960650000001,0.2130039349999999,-0.0033578693039315,-0.0031637493489382,0.4363151985512138,0.17631862787133817,0.17631862787133817,0.013489560419733091
788,0.78799606,0.21200394,-0.0033577410534547,-0.0031637486746495,0.43581208674967115,0.17534055020024414,0.17534055020024414,0.013136833035663967
789,0.788996055,0.211003945,-0.0033576146618217,-0.0031637480377584,0.4353095512895101,0.1743632229798527,0.1743632229798527,0.012790103471834699
790,0.7899960500000001,0.2100039499999999,-0.0033574901083316,-0.0031637474364948,0.43480759133347235,0.17338665013812601,0.17338665013812601,0.01244934115796131
791,0.7909960450000001,0.2090039549999999,-0.0033573673740292,-0.0031637468691410,0.43430620604599807,0.1724108356396012,0.1724108356396012,0.012114514647288133
792,0.79199604,0.20800396,-0.0033572464388886,-0.0031637463340450,0.4338053945976477,0.1714357834849304,0.1714357834849304,0.011785591613043309
793,0.792996035,0.207003965,-0.0033571272838534,-0.0031637458296507,0.43330515615576554,0.17046149771182048,0.17046149771182048,0.011462538837886331
794,0.7939960300000001,0.2060039699999999,-0.0033570098895494,-0.0031637453544460,0.43280548989879203,0.16948798239511845,0.16948798239511845,0.011145322229824221
795,0.794996025,0.205003975,-0.0033568942368478,-0.0031637449069852,0.43230639499699797,0.16851524164727855,0.16851524164727855,0.010833906814229886
796,0.79599602,0.20400398,-0.0033567803069883,-0.0031637444858758,0.43180787063636955,0.16754327961890683,0.16754327961890683,0.01052825673899858
797,0.7969960150000001,0.2030039849999999,-0.0033566680808167,-0.0031637440897787,0.4313099159905198,0.1665721004988493,0.1665721004988493,0.01022833527591273
798,0.7979960100000001,0.2020039899999999,-0.0033565575401298,-0.0031637437174150,0.430812530252257,0.16560170851509964,0.16560170851509964,0.009934104819737818
799,0.798996005,0.201003995,-0.0033564486658082,-0.0031637433675899,0.4303157125993406,0.16463210793461036,0.16463210793461036,0.00964552688268069
800,0.799996,0.200004,-0.003356341440218,-0.0031637430391415,0.4298194622302925,0.1636633030644741,0.1636633030644741,0.00936256211257874
801,0.8009959950000001,0.1990040049999999,-0.0033562358440951,-0.0031637427309650,0.4293237783282053,0.16269529825148826,0.16269529825148826,0.009085170287061226
802,0.80199599,0.19800401,-0.0033561318605762,-0.0031637424419974,0.42882866009582793,0.16172809788363393,0.1617280978836664,0.008813310321699212
803,0.802995985,0.197004015,-0.0033560294701398,-0.0031637421712163,0.4283341067231504,0.16076170638953974,0.16076170638947862,0.008546940274219884
804,0.80399598,0.19600402,-0.0033559286569180,-0.0031637419176449,0.427840117415335,0.15979797516650165,0.15979612823974645,0.008286017347154036
805,0.8049959750000001,0.1950040249999999,-0.0033558294004670,-0.0031637416803707,0.42734669137106285,0.15883995752127633,0.15883136794643907,0.008030497884431926
806,0.80599597,0.19400403,-0.0033557316858025,-0.0031637414585005,0.4268538277970637,0.1578876657857226,0.15786743006514617,0.007780337393248242
807,0.806995965,0.193004035,-0.003355635494480,-0.0031637412511807,0.42636152589924575,0.15694106545407846,0.1569043191937652,0.007535490539602408
808,0.8079959600000001,0.1920040399999999,-0.0033555408080468,-0.0031637410575718,0.4258697848875726,0.1560001222552905,0.15594203997392728,0.007295911164266805
809,0.808995955,0.191004045,-0.0033554476120603,-0.0031637408768266,0.4253786039749866,0.15506480211533355,0.15498059709198114,0.007061552294088223
810,0.80999595,0.19000405,-0.0033553558852120,-0.0031637407081986,0.4248879823740799,0.15413507119336986,0.15401999527781665,0.006832366114694471
811,0.810995945,0.189004055,-0.0033552656150122,-0.0031637405509172,0.4243979193051313,0.15321089586117498,0.1530602393079881,0.006608304019664931
812,0.8119959400000001,0.1880040599999999,-0.0033551767810250,-0.0031637404043350,0.4239084139831495,0.15229224269406075,0.15210133400347395,0.006389316623805899
813,0.812995935,0.187004065,-0.0033550893688656,-0.0031637402678746,0.42341946563566235,0.15137907849718552,0.15114328423266377,0.006175353732955052
814,0.81399593,0.18600407,-0.0033550033615560,-0.0031637401409470,0.4229310734802711,0.1504713702702631,0.15018609491037546,0.005966364377732089
815,0.8149959250000001,0.1850040749999999,-0.0033549187411190,-0.0031637400229716,0.4224432367512806,0.14956908522284484,0.14922977099896487,0.005762296831340398
816,0.81599592,0.18400408,-0.0033548354943908,-0.0031637399133575,0.42195595466944485,0.1486721907945622,0.14827431750956926,0.005563098630075873
817,0.816995915,0.183004085,-0.0033547536008971,-0.0031637398116214,0.421469226474993,0.14778065458532064,0.14731973950112842,0.005368716542932171
818,0.81799591,0.18200409,-0.0033546730488871,-0.0031637397172930,0.4209830513927699,0.1468944444552156,0.14636604208325005,0.005179096620147239
819,0.8189959050000001,0.1810040949999999,-0.0033545938194067,-0.0031637396298912,0.420497428667703,0.146013528408297,0.14541323041457488,0.004994184209351733
820,0.8199959,0.1800041,-0.0033545158981272,-0.0031637395489455,0.42001235753003874,0.14513787470699036,0.14446130970529647,0.004813923966851167
821,0.820995895,0.179004105,-0.0033544392695443,-0.0031637394740697,0.4195278372278064,0.14426745175716496,0.14351028521677453,0.0046382598434996924
822,0.8219958900000001,0.1780041099999999,-0.0033543639161383,-0.0031637394049108,0.41904386699833324,0.14340222821585097,0.14256016226238918,0.004467135124822873
823,0.8229958850000001,0.1770041149999999,-0.0033542898258983,-0.0031637393409818,0.41856044609127707,0.14254217288615323,0.1416109462090884,0.004300492494462516
824,0.82399588,0.17600412,-0.0033542169791833,-0.0031637392820451,0.4180775737516281,0.1416872548125284,0.14066264247644827,0.00413827392943991
825,0.824995875,0.175004125,-0.0033541453647684,-0.0031637392276925,0.41759524923077085,0.14083744319047709,0.13971525653959216,0.003980420856823249
826,0.8259958700000001,0.1740041299999999,-0.0033540749653224,-0.003163739177606,0.4171134717803952,0.13999270744522999,0.13876879392784497,0.003826874081738239
827,0.826995865,0.173004135,-0.003354005766501,-0.003163739131553,0.41663224065441623,0.13915301715959918,0.13782326022708413,0.003677573819460773
828,0.82799586,0.17200414,-0.0033539377542468,-0.0031637390891519,0.4161515551112151,0.13831834213344296,0.13687866107981386,0.003532459779235462
829,0.8289958550000001,0.1710041449999999,-0.003353870911502,-0.003163739050190,0.41567141440679845,0.13748865233156352,0.13593500218577367,0.0033914710889067197
830,0.8299958500000001,0.1700041499999999,-0.003353805227312,-0.003163739014450,0.41519181780639,0.1366639179227875,0.13499228930400287,0.00325454637534057
831,0.830995845,0.169004155,-0.0033537406829431,-0.0031637389815993,0.41471276456803263,0.1358441092483598,0.13405052825161326,0.003121623814708131
832,0.83199584,0.16800416,-0.0033536772677794,-0.0031637389515211,0.41423425396356284,0.1350291968408826,0.13310972490723227,0.0029926410565506174
833,0.8329958350000001,0.1670041649999999,-0.003353614965593,-0.003163738923940,0.4137562852533833,0.13421915141227939,0.13216988520951042,0.0028675353662972144
834,0.83399583,0.16600417,-0.0033535537625551,-0.0031637388987171,0.4132788577153395,0.13341394385418445,0.1312310151596882,0.0027462435503651326
835,0.834995825,0.165004175,-0.0033534936458467,-0.0031637388756647,0.41280197061288965,0.13261354524322838,0.13029312082200745,0.002628702049878955
836,0.8359958200000001,0.1640041799999999,-0.0033534345989048,-0.003163738854589,0.4123256232289144,0.131817926825763,0.12935620832396721,0.002514846938160423
837,0.8369958150000001,0.1630041849999999,-0.0033533766117483,-0.0031637388354318,0.41184981483099287,0.13102706003696027,0.12842028385932072,0.0024046139283555833
838,0.83799581,0.16200419,-0.003353319666630,-0.0031637388179167,0.4113745447057018,0.13024091647215974,0.1274853536860492,0.0022979384749187933
839,0.838995805,0.161004195,-0.0033532637534346,-0.0031637388020976,0.4108998121261688,0.12945946792419769,0.12655142413091064,0.002194755676192397
840,0.8399958000000001,0.1600041999999999,-0.0033532088570824,-0.0031637387876593,0.410425616380969,0.12868268632872862,0.1256185015874166,0.0020950004647071366
841,0.840995795,0.159004205,-0.0033531549641966,-0.0031637387746886,0.409951956750564,0.12791054383060962,0.1246865925187913,0.001998607461982707
842,0.84199579,0.15800421,-0.0033531020631461,-0.0031637387629076,0.40947883252444234,0.12714301270376208,0.12375570345890949,0.0019055111759292724
843,0.842995785,0.157004215,-0.0033530501378664,-0.0031637387523644,0.4090062429896357,0.12638006543761576,0.1228258410117964,0.0018156458846436546
844,0.8439957800000001,0.1560042199999999,-0.0033529991792141,-0.0031637387427715,0.40853418743770065,0.1256216746420095,0.12189701185624571,0.0017289458048657142
845,0.844995775,0.155004225,-0.0033529491704520,-0.0031637387342883,0.4080626651617955,0.12486781314398879,0.12096922274229596,0.001645344972541668
846,0.84599577,0.15400423,-0.0033529001017936,-0.003163738726482,0.4075916754554181,0.12411845388666884,0.1200424804975505,0.001564777450754961
847,0.8469957650000001,0.1530042349999999,-0.003352851959263,-0.003163738719538,0.407121217618057,0.1233735700282267,0.11911679202428942,0.0014871771813109425
848,0.8479957600000001,0.1520042399999999,-0.0033528047299223,-0.0031637387131193,0.40665129094487174,0.12263313483796474,0.11819216430287063,0.0014124781850714248
849,0.848995755,0.151004245,-0.0033527584033014,-0.0031637387075024,0.406181894741687,0.12189712181485163,0.11726860439361772,0.001340614452384099
850,0.84999575,0.15000425,-0.003352712963876,-0.003163738702325,0.40571302830541817,0.12116550453643764,0.1163461194348733,0.001271520096974221
851,0.8509957450000001,0.1490042549999999,-0.0033526684032517,-0.003163738697809,0.405244690947861,0.12043825682300435,0.11542471665023113,0.0012051292978381815
852,0.85199574,0.14800426,-0.0033526247058271,-0.0031637386936474,0.4047768819681495,0.11971535259389168,0.11450440334265351,0.001141376400590894
853,0.852995735,0.147004265,-0.0033525818621223,-0.0031637386900292,0.40430960068332145,0.11899676595519217,0.11358518690321254,0.00108019591317261
854,0.8539957300000001,0.1460042699999999,-0.0033525398593997,-0.003163738686724,0.4038428463955548,0.1182824711789138,0.1126670748071967,0.0010215225597575675
855,0.8549957250000001,0.1450042749999999,-0.0033524986850667,-0.003163738683858,0.4033766184260402,0.11757244265067066,0.11175007461774787,0.0009652913163263883
856,0.85599572,0.14400428,-0.0033524583296114,-0.0031637386812535,0.40291091608118373,0.11686665498234103,0.11083419398941208,0.0009114374347044578
857,0.856995715,0.143004285,-0.003352418778393,-0.0031637386790233,0.4024457386848848,0.11616508285322778,0.10991944066402738,0.0008598965022326815
858,0.8579957100000001,0.1420042899999999,-0.0033523800233547,-0.0031637386770026,0.4019810855493147,0.1154677011791288,0.1090058224811619,0.0008106044467319001
859,0.858995705,0.141004295,-0.0033523420499524,-0.0031637386752937,0.4015169559995056,0.11477448496491825,0.10809334736950386,0.000763497612605395
860,0.8599957,0.1400043,-0.0033523048494194,-0.0031637386737499,0.40105334935462617,0.11408540939899194,0.10718202335894975,0.0007185127528262981
861,0.8609956950000001,0.1390043049999999,-0.0033522684093250,-0.0031637386724627,0.40059026494041855,0.1134004498237631,0.10627185857408969,0.0006755871177121169
862,0.8619956900000001,0.1380043099999999,-0.0033522327187713,-0.0031637386712736,0.40012770208187154,0.11271958169364146,0.10536286124091807,0.000634658422964619
863,0.862995685,0.137004315,-0.0033521977675907,-0.0031637386703105,0.39966566010668225,0.11204278067636476,0.10445503968803221,0.0005956649835603711
864,0.86399568,0.13600432,-0.0033521635431677,-0.0031637386693847,0.3992041383455575,0.1113700225046147,0.10354840234517973,0.0005585456200157771
865,0.8649956750000001,0.1350043249999999,-0.0033521300373644,-0.0031637386686456,0.39874313612765305,0.1107012831391611,0.10264295775324932,0.000523239854134873
866,0.86599567,0.13400433,-0.003352097236365,-0.003163738667908,0.3982826527896261,0.11003653862114324,0.1017387145540702,0.0004896877644415016
867,0.866995665,0.133004335,-0.0033520651328090,-0.0031637386673040,0.39782268766196366,0.10937576517171038,0.10083568150813774,0.0004578302101003918
868,0.8679956600000001,0.1320043399999999,-0.0033520337136257,-0.0031637386666907,0.39736324008714013,0.10871893915506915,0.09993386748042188,0.00042760868053810336
869,0.8689956550000001,0.1310043449999999,-0.0033520029702557,-0.0031637386661593,0.3969043093972098,0.1080660370459084,0.09903328145720586,0.00039896550161933427
870,0.86999565,0.13000435,-0.0033519728917347,-0.0031637386656317,0.39644589493997157,0.10741703551991229,0.09813393253816029,0.00037184372256331166
871,0.870995645,0.129004355,-0.003351943467564,-0.0031637386651366,0.3959879960496412,0.10677191131574082,0.09723582994312654,0.0003461872582847491
872,0.8719956400000001,0.1280043599999999,-0.0033519146890013,-0.0031637386646772,0.39553061207849405,0.10613064139168962,0.09633898301707076,0.0003219408595496929
873,0.872995635,0.127004365,-0.0033518865439017,-0.0031637386642177,0.3950737423638553,0.1054932027788541,0.09544340122319521,0.00029905015470698375
874,0.87399563,0.12600437,-0.0033518590252636,-0.0031637386638379,0.3946173862612783,0.10485957268456624,0.09454909416205001,0.00027746172898214543
875,0.874995625,0.125004375,-0.0033518321202050,-0.0031637386634404,0.39416154311249385,0.10422972844912867,0.0936560715519497,0.0002571230283901519
876,0.8759956200000001,0.1240043799999999,-0.003351805821873,-0.0031637386631537,0.3937062122747907,0.10360364752186126,0.09276434325717396,0.00023798259342782793
877,0.876995615,0.123004385,-0.0033517801188717,-0.0031637386628787,0.3932513930959443,0.10298130754133121,0.09187391926743209,0.00021998983767295742
878,0.87799561,0.12200439,-0.0033517550026384,-0.0031637386627076,0.392797084933744,0.10236268620753959,0.09098480971785174,0.0002030953148362413
879,0.8789956050000001,0.1210043949999999,-0.0033517304637253,-0.0031637386626043,0.39234328714204275,0.10174776143165874,0.09009702488328641,0.0001872505513372397
880,0.8799956,0.1200044,-0.003351706491982,-0.0031637386625724,0.3918899990796443,0.10113651119110491,0.08921057518155096,0.00017240818749636173
881,0.880995595,0.119004405,-0.0033516830799623,-0.003163738662645,0.3914372201057814,0.1005289136355166,0.08832547118667933,0.000158521972595913
882,0.88199559,0.11800441,-0.0033516602160314,-0.0031637386627361,0.3909849495806745,0.09992494703823082,0.08744172361167411,0.00014554670916595532
883,0.8829955850000001,0.1170044149999999,-0.0033516378940664,-0.0031637386629087,0.39053318686901833,0.09932458978014859,0.08655934334250574,0.00013343844900866704
884,0.88399558,0.11600442,-0.0033516161021892,-0.0031637386630150,0.39008193133210817,0.09872782042023799,0.08567834140462507,0.00012215426011894846
885,0.884995575,0.115004425,-0.0033515948338523,-0.0031637386630714,0.38963118234019106,0.09813461757771019,0.08479872900503481,0.00011165252136882544
886,0.8859955700000001,0.1140044299999999,-0.0033515740790490,-0.0031637386630461,0.3891809392556545,0.09754496007450396,0.08392051750434228,0.00010189268356726779
887,0.8869955650000001,0.1130044349999999,-0.0033515538295136,-0.0031637386630322,0.3887312014546182,0.09695882679314767,0.08304371843981188,9.283546115219692e-05
888,0.88799556,0.11200444,-0.0033515340771366,-0.0031637386630373,0.38828196829873146,0.09637619678416055,0.08216834352471016,8.444276334059776e-05
889,0.888995555,0.111004445,-0.0033515148121031,-0.0031637386630017,0.3878332391712591,0.09579704921324751,0.08129440464344438,7.667766909893161e-05
890,0.8899955500000001,0.1100044499999999,-0.0033514960281397,-0.003163738663007,0.38738501343655035,0.09522136335220696,0.08042191388029855,6.950457748536156e-05
891,0.890995545,0.109004455,-0.0033514777142624,-0.0031637386629597,0.3869372904771466,0.09464911864027568,0.0795508834843468,6.288897153422873e-05
892,0.89199554,0.10800446,-0.0033514598650847,-0.0031637386629588,0.38649006966800836,0.09408029457602796,0.07868132592614994,5.679772450711012e-05
893,0.8929955350000001,0.1070044649999999,-0.0033514424699966,-0.0031637386629342,0.3860433503857924,0.09351487085237391,0.07781325384566079,5.119879100359225e-05
894,0.8939955300000001,0.1060044699999999,-0.003351425522774,-0.0031637386629383,0.38559713201698576,0.0929528272179601,0.07694668011022014,4.606146214742108e-05
895,0.894995525,0.105004475,-0.003351409014621,-0.003163738662961,0.3851514139341992,0.09239414358499813,0.07608161778032232,4.135619100632892e-05
896,0.89599552,0.10400448,-0.0033513929375613,-0.0031637386629838,0.38470619553184415,0.09183879997308277,0.0752180801342694,3.705465881392095e-05
897,0.8969955150000001,0.1030044849999999,-0.0033513772847312,-0.0031637386630607,0.3842614761849923,0.09128677650639046,0.07435608067736153,3.312979717217348e-05
898,0.89799551,0.10200449,-0.0033513620466945,-0.0031637386631116,0.38381725528753013,0.09073805346644323,0.07349563312146556,2.955563695720651e-05
899,0.898995505,0.101004495,-0.0033513472181857,-0.0031637386632265,0.38337353222485443,0.09019261119342394,0.07263675144047206,2.6307544300649336e-05
900,0.8999955000000001,0.1000044999999999,-0.003351332788959,-0.0031637386632983,0.38293030638485226,0.08965043021354045,0.07177944980669276,2.3361881450748128e-05
901,0.9009954950000001,0.0990045049999999,-0.0033513187541015,-0.003163738663419,0.3824875771642789,0.08911149110459245,0.07092374267999531,2.069635074036872e-05
902,0.90199549,0.09800451,-0.003351305104355,-0.0031637386634946,0.38204534394681144,0.08857577460335019,0.07006964473405265,1.8289622759760546e-05
903,0.902995485,0.097004515,-0.0033512918335348,-0.003163738663584,0.381603606137324,0.08804326154682712,0.06921717092737735,1.6121627210338683e-05
904,0.9039954800000001,0.0960045199999999,-0.003351278934109,-0.0031637386636323,0.3811623631212595,0.08751393287504776,0.06836633647174511,1.41732825179885e-05
905,0.904995475,0.095004525,-0.0033512663984015,-0.0031637386636571,0.3807216143033976,0.08698776967581029,0.06751715684920996,1.2426653844840737e-05
906,0.90599547,0.09400453,-0.003351254220686,-0.003163738663648,0.38028135907920396,0.08646475309507634,0.06666964784393274,1.0864808970682016e-05
907,0.9069954650000001,0.0930045349999999,-0.0033512423919635,-0.0031637386635870,0.3798415968473848,0.08594486445662863,0.06582382549203662,9.471853832355155e-06
908,0.9079954600000001,0.0920045399999999,-0.0033512309078033,-0.0031637386635009,0.3794023270145718,0.08542808513232436,0.06497970618130201,8.232889392852512e-06
909,0.908995455,0.091004545,-0.0033512197588399,-0.0031637386633493,0.3789635489751295,0.0849143966482513,0.06413730654462552,7.133958030761386e-06
910,0.90999545,0.09000455,-0.003351208940488,-0.003163738663187,0.3785252621439742,0.08440378062422059,0.0632966435929243,6.162065001585272e-06
911,0.9109954450000001,0.0890045549999999,-0.0033511984448744,-0.0031637386629637,0.37808746591658304,0.08389621878140945,0.06245773461929188,5.305073240816385e-06
912,0.9119954400000001,0.0880045599999999,-0.0033511882658481,-0.0031637386627517,0.37765015970819293,0.08339169297970488,0.06162059727525812,4.551755543613857e-06
913,0.912995435,0.087004565,-0.003351178397118,-0.0031637386624984,0.37721334292398756,0.0828901851367956,0.060785249558280637,3.891668808774321e-06
914,0.91399543,0.08600457,-0.003351168831426,-0.003163738662286,0.37677701497309474,0.08239167734011876,0.05995170980658201,3.3152104515248906e-06
915,0.9149954250000001,0.0850045749999999,-0.0033511595638922,-0.0031637386620682,0.3763411752716474,0.08189615172222074,0.05911999676838327,2.813497630918347e-06
916,0.91599542,0.08400458,-0.003351150586333,-0.003163738661917,0.3759058232243319,0.08140359056501759,0.05829012951346423,2.3784036025462512e-06
917,0.916995415,0.083004585,-0.0033511418947882,-0.0031637386618084,0.37547095825570476,0.080913976238207,0.057462127585396275,2.002469214742861e-06
918,0.9179954100000001,0.0820045899999999,-0.003351133480876,-0.003163738661776,0.37503657977095123,0.08042729121112545,0.05663601084624385,1.678890068005128e-06
919,0.9189954050000001,0.0810045949999999,-0.0033511253405418,-0.0031637386618335,0.37460268719534684,0.07994351808324693,0.05581179966959148,1.4014936458023704e-06
920,0.9199954,0.0800046,-0.003351117466470,-0.003163738661947,0.37416927994345767,0.07946263951158436,0.05498951479382118,1.1646439081950673e-06
921,0.920995395,0.079004605,-0.0033511098535002,-0.0031637386621737,0.37373635743444905,0.07898463831498002,0.054169177455688215,9.633160815774932e-07
922,0.9219953900000001,0.0780046099999999,-0.0033511024955528,-0.0031637386623884,0.37330391909359634,0.0785094973549051,0.053350809338279494,7.928962408680148e-07
923,0.922995385,0.077004615,-0.003351095386485,-0.0031637386626757,0.37287196433555503,0.0780371996372404,0.05253443260395831,6.493617600609806e-07
924,0.92399538,0.07600462,-0.0033510885214626,-0.0031637386628206,0.3724404925941362,0.07756772825024752,0.05172006995362022,5.289927151418181e-07
925,0.9249953750000001,0.0750046249999999,-0.0033510818933528,-0.0031637386629000,0.37200950328391963,0.07710106638000971,0.05090774453892836,4.2861130018985595e-07
926,0.9259953700000001,0.0740046299999999,-0.003351075498598,-0.003163738662887,0.3715789958398176,0.07663719733465311,0.050097480154209735,3.452892407201648e-07
927,0.926995365,0.073004635,-0.0033510693296535,-0.0031637386629325,0.3711489696854563,0.07617610447964723,0.04928930102393055,2.765332183605401e-07
928,0.92799536,0.07200464,-0.0033510633831942,-0.0031637386629324,0.3707194242496682,0.07571777133454388,0.04848323209933661,2.2010406683042668e-07
929,0.9289953550000001,0.0710046449999999,-0.003351057652116,-0.003163738662919,0.370290358966528,0.07526218145939027,0.04767929879549268,1.7406294277820876e-07
930,0.92999535,0.07000465,-0.0033510521324645,-0.0031637386629325,0.3698617732603204,0.07480931855391641,0.046877527272538085,1.3674233799398371e-07
931,0.930995345,0.069004655,-0.0033510468183873,-0.0031637386628783,0.3694336665737411,0.07435916639487226,0.04607794426723177,1.0666127627149453e-07
932,0.9319953400000001,0.0680046599999999,-0.003351041704855,-0.0031637386629056,0.3690060383304625,0.07391170885522799,0.04528057722321011,8.260571048259725e-08
933,0.9329953350000001,0.0670046649999999,-0.0033510367872483,-0.0031637386628667,0.3685788879746475,0.07346692992228729,0.04448545431101667,6.34769245613451e-08
934,0.93399533,0.06600467,-0.0033510320596463,-0.0031637386629146,0.3681522149386745,0.07302481364054235,0.04369260436864972,4.839720480280466e-08
935,0.934995325,0.065004675,-0.0033510275184962,-0.0031637386629253,0.3677260186606855,0.07258534420100861,0.04290205712196988,3.659095418121158e-08
936,0.9359953200000001,0.0640046799999999,-0.0033510231574336,-0.0031637386629701,0.36730029858322666,0.0721485058329288,0.04211384294106527,2.742319981884994e-08
937,0.936995315,0.063004685,-0.003351018973213,-0.0031637386630643,0.36687505413988303,0.07171428290246441,0.04132799320851413,2.0368525863966548e-08
938,0.93799531,0.06200469,-0.0033510149595837,-0.0031637386631207,0.36645028478188213,0.07128265984487865,0.04054453998968068,1.497928410745927e-08
939,0.9389953050000001,0.0610046949999999,-0.0033510111134492,-0.0031637386632691,0.3660259899416979,0.07085362119197602,0.03976351646679601,1.091040718421751e-08
940,0.9399953000000001,0.0600046999999999,-0.0033510074286860,-0.0031637386633569,0.36560216907237236,0.07042715158212955,0.038984956557744664,7.85927496742873e-09
941,0.940995295,0.059004705,-0.0033510039022637,-0.0031637386635119,0.3651788216147424,0.0700032357107619,0.038208895407039055,5.601026219300406e-09
942,0.94199529,0.05800471,-0.0033510005283146,-0.003163738663610,0.36475594701591374,0.06958185841246373,0.0374353689716442,3.944717092862515e-09
943,0.9429952850000001,0.0570047149999999,-0.0033509973037403,-0.003163738663696,0.3643335447265909,0.06916300455818004,0.036664414536047935,2.7438623378339165e-09
944,0.94399528,0.05600472,-0.0033509942230688,-0.003163738663788,0.36391161418934304,0.06874665915267272,0.03589607031273879,1.8849950723686873e-09
945,0.944995275,0.055004725,-0.0033509912829907,-0.0031637386637890,0.3634901548635907,0.06833280726277853,0.035130375922536095,1.2761574097259872e-09
946,0.94599527,0.05400473,-0.0033509884785826,-0.0031637386638192,0.36306916619032914,0.06792143405179987,0.034367372086353674,8.526020609496622e-10
947,0.9469952650000001,0.0530047349999999,-0.0033509858062515,-0.0031637386637395,0.3626486476311238,0.0675125247823499,0.03360710099081006,5.603053414776408e-10
948,0.94799526,0.05200474,-0.0033509832615257,-0.0031637386636638,0.36222859863498846,0.06710606477395084,0.03284960612404262,3.6261779872850724e-10
949,0.948995255,0.051004745,-0.0033509808407635,-0.0031637386634987,0.36180901865765924,0.06670203947815277,0.03209493254376193,2.306553345641726e-10
950,0.9499952500000001,0.0500047499999999,-0.0033509785395678,-0.0031637386632833,0.36138990715770003,0.06630043438132949,0.03134312675822551,1.4398054825764177e-10
951,0.9509952450000001,0.0490047549999999,-0.0033509763546925,-0.003163738663066,0.3609712635863582,0.06590123510028596,0.030594237084209264,8.825214871918556e-11
952,0.95199524,0.04800476,-0.0033509742815618,-0.0031637386627644,0.3605530874109246,0.06550442730768322,0.02984831335683941,5.288828547284732e-11
953,0.952995235,0.047004765,-0.0033509723172962,-0.0031637386625152,0.36013537808064583,0.06510999677221097,0.02910540753459929,3.0992991241084907e-11
954,0.9539952300000001,0.0460047699999999,-0.0033509704573329,-0.0031637386622104,0.3597181350652686,0.06471792935509812,0.02836557320697404,1.7760124785385156e-11
955,0.954995225,0.045004775,-0.003350968698932,-0.0031637386619715,0.35930135782171485,0.06432821097432195,0.02762886638130358,9.857598968048778e-12
956,0.95599522,0.04400478,-0.0033509670377293,-0.0031637386617436,0.3588850458140296,0.0639408276729727,0.026895344909195325,5.332730659991801e-12
957,0.9569952150000001,0.0430047849999999,-0.003350965470920,-0.0031637386615654,0.3584691985083507,0.06355576552772899,0.02616506931717159,2.775520710795626e-12
958,0.9579952100000001,0.0420047899999999,-0.0033509639946332,-0.0031637386615051,0.3580538153643094,0.06317301074208043,0.025438102359691038,1.3350161260168222e-12
959,0.958995205,0.041004795,-0.0033509626056318,-0.0031637386614848,0.35763889585675734,0.06279254956988337,0.02471450958727716,6.38209211875587e-13
960,0.9599952,0.0400048,-0.0033509613007503,-0.0031637386616227,0.35722443944293214,0.062414368360262325,0.023994359407249952,1.5774382234844014e-13
961,0.9609951950000001,0.0390048049999999,-0.003350960076329,-0.003163738661799,0.3568104456004348,0.06203845354856985,0.023277723077688755,5.860074321964824e-14
962,0.96199519,0.03800481,-0.0033509589295615,-0.0031637386620869,0.3563969137938386,0.061664791626714156,0.022564675393000475,1.1051471389470898e-13
963,0.962995185,0.037004815,-0.0033509578569734,-0.0031637386623927,0.35598384349518636,0.06129336920503482,0.021855294382782216,1.126244514231775e-13
964,0.9639951800000001,0.0360048199999999,-0.0033509568555053,-0.0031637386626606,0.3555712341779187,0.06092417292647603,0.021149661974122103,1.697547705112269e-13
965,0.9649951750000001,0.0350048249999999,-0.0033509559221287,-0.0031637386628591,0.3551590853097658,0.060557189556983235,0.020447864153244656,2.720743495752381e-13
966,0.96599517,0.03400483,-0.0033509550536436,-0.0031637386628506,0.35474739637284525,0.06019240590803915,0.019749991140123185,2.8554638348148213e-13
967,0.966995165,0.033004835,-0.0033509542473626,-0.0031637386628913,0.3543361668321355,0.05982980888534224,0.019056138013387115,9.295473202158895e-13
968,0.9679951600000001,0.0320048399999999,-0.0033509535005290,-0.0031637386628752,0.35392539617290925,0.059469385474947366,0.018366405000788646,2.570850089247222e-13
969,0.968995155,0.031004845,-0.0033509528101833,-0.003163738662885,0.3535150838667499,0.05911112271922771,0.01768089774156004,1.0773391657309343e-13
970,0.96999515,0.03000485,-0.0033509521736574,-0.0031637386628817,0.35310522939379474,0.05875500777254677,0.01699972810821482,3.415952561499655e-14
971,0.9709951450000001,0.0290048549999999,-0.0033509515882866,-0.0031637386628569,0.3526958322343958,0.058401027821101424,0.016323014579517767,7.621420282514213e-14
972,0.9719951400000001,0.0280048599999999,-0.003350951051456,-0.0031637386628735,0.3522868918641084,0.058049170170131836,0.01565088292329998,1.0716407257376111e-13
973,0.972995135,0.027004865,-0.0033509505605452,-0.0031637386628544,0.35187840777203355,0.057699422166180674,0.01498346683879614,2.0009647239928424e-13
974,0.97399513,0.02600487,-0.0033509501130542,-0.0031637386628983,0.35147037943065,0.05735177124869286,0.014320908918066377,1.0635753874277341e-12
975,0.9749951250000001,0.0250048749999999,-0.003350949706580,-0.0031637386628905,0.3510628063326391,0.057006204932015705,0.01366336160882608,2.1004603959963368e-13
976,0.9759951200000001,0.0240048799999999,-0.0033509493387074,-0.0031637386629200,0.3506556879562454,0.05666271078652525,0.01301098814481089,1.9953283896715757e-13
977,0.976995115,0.023004885,-0.0033509490071033,-0.0031637386629546,0.35024902378952705,0.05632127648838995,0.01236396393766019,1.9361220039029294e-14
978,0.9779951100000001,0.0220048899999999,-0.0033509487094817,-0.0031637386629717,0.3498428133194619,0.05598188974502013,0.011722477993944056,7.456005235181654e-14
979,0.9789951050000001,0.0210048949999999,-0.0033509484436207,-0.0031637386630310,0.3494370560291659,0.0556445383787998,0.011086734668938345,1.3458014331827296e-13
980,0.9799951,0.0200049,-0.003350948207361,-0.003163738663052,0.3490317514144549,0.05530921024971459,0.01045695571080818,4.6711372126992655e-14
981,0.9802450987500001,0.0197549012499999,-0.0033509481526627,-0.0031637386630576,0.3489304959296652,0.05522569293345762,0.010300470697606801,6.728382047485126e-14
982,0.9804950975000001,0.0195049024999999,-0.0033509480996585,-0.0031637386630723,0.34882926869652936,0.05514230112824501,0.010144377457146404,2.1144231752108906e-13
983,0.9807450962500001,0.0192549037499999,-0.0033509480483166,-0.0031637386630955,0.34872806970755615,0.0550590346496739,0.009988680060250991,3.6918132571120307e-13
984,0.980995095,0.019004905,-0.0033509479985946,-0.0031637386631168,0.3486268989550755,0.054975893309108965,0.00983338265091021,5.236730180076676e-13
985,0.98124509375,0.01875490625,-0.0033509479504521,-0.0031637386631091,0.3485257564312379,0.054892876918599356,0.009678489452219281,2.6881748271600353e-13
986,0.9814950925,0.0185049075,-0.0033509479038754,-0.003163738663112,0.3484246421280122,0.05480998529087889,0.009524004910827874,5.177521236516021e-14
987,0.9817450912500001,0.0182549087499999,-0.0033509478588329,-0.0031637386631174,0.3483235560371844,0.05472721823936744,0.009369933501373112,2.87101613421877e-14
988,0.9819950900000001,0.0180049099999999,-0.0033509478152807,-0.0031637386631167,0.34822249815081896,0.05464457557817068,0.009216279752323864,1.75653984171885e-14
989,0.98224508875,0.01775491125,-0.003350947773190,-0.0031637386631124,0.34812146846125713,0.054562057122081606,0.009063048370206266,4.2771549154343926e-14
990,0.9824950875,0.0175049125,-0.0033509477325437,-0.0031637386631087,0.34802046695884675,0.05447966268658027,0.008910244239101481,1.045449338319836e-13
991,0.98274508625,0.01725491375,-0.0033509476933072,-0.0031637386631123,0.3479194936363616,0.05439739208354211,0.008757872287163848,1.267192044002781e-13
992,0.9829950850000001,0.0170049149999999,-0.0033509476554355,-0.0031637386631252,0.34781854848639926,0.05431524513376781,0.008605937494851652,8.245392531727984e-14
993,0.9832450837500001,0.0167549162499999,-0.003350947618911,-0.0031637386631416,0.34771763150137963,0.054233221651030866,0.008454445138474721,1.8020383510227528e-13
994,0.9834950825000001,0.0165049174999999,-0.003350947583711,-0.003163738663145,0.3476167426735438,0.05415132144974999,0.008303400597746676,1.9817527637530388e-13
995,0.98374508125,0.01625491875,-0.0033509475497984,-0.0031637386631421,0.34751588199495254,0.054069544345019455,0.008152809319986158,6.129205387351473e-14
996,0.98399508,0.01600492,-0.003350947517136,-0.0031637386631364,0.3474150494574844,0.05398789015260961,0.008002676892118091,6.905185593482343e-14
997,0.98424507875,0.01575492125,-0.0033509474857092,-0.0031637386631304,0.3473142450528348,0.05390635868896734,0.007853009201225149,3.754721088500584e-14
998,0.9844950775000001,0.0155049224999999,-0.0033509474554881,-0.0031637386631256,0.3472134687742773,0.053824949771216796,0.007703812203639758,1.2088840193259617e-13
999,0.9847450762500001,0.0152549237499999,-0.003350947426432,-0.003163738663119,0.34711272061162146,0.05374366321715996,0.007555091942464323,2.6480855631630544e-14
1000,0.984995075,0.015004925,-0.0033509473985234,-0.003163738663109,0.34701200055745446,0.053662498842204566,0.007406854815236643,2.4737801988559935e-14
1001,0.98524507375,0.01475492625,-0.003350947371738,-0.0031637386630975,0.3469113086044621,0.053581456467570274,0.007259107350826041,2.174733925295885e-14
1002,0.9854950725,0.0145049275,-0.0033509473460382,-0.0031637386630860,0.34681064474515333,0.05350053591118867,0.007111856176129483,2.374813503150938e-14
1003,0.9857450712500001,0.0142549287499999,-0.0033509473213988,-0.0031637386630754,0.346710008971859,0.053419736989819035,0.0069651082046044924,8.847920287701405e-14
1004,0.9859950700000001,0.0140049299999999,-0.0033509472978017,-0.0031637386630625,0.3466094012767308,0.053339059520886356,0.006818870646431063,3.3929440102984043e-14
1005,0.9862450687500001,0.0137549312499999,-0.0033509472752114,-0.003163738663046,0.346508821651739,0.05325850332248241,0.006673150799096892,3.549398810488334e-14
1006,0.9864950675,0.0135049325,-0.003350947253602,-0.003163738663030,0.3464082700886721,0.053178068213365945,0.006527956212732348,2.126388685447053e-14
1007,0.98674506625,0.01325493375,-0.003350947232952,-0.003163738663012,0.34630774658034724,0.053097754012963516,0.006383294829606187,4.077421591772093e-14
1008,0.986995065,0.013004935,-0.003350947213234,-0.003163738662997,0.34620725111758743,0.05301756054136996,0.006239174716873412,1.1495752292626884e-13
1009,0.9872450637500001,0.0127549362499999,-0.003350947194417,-0.003163738662979,0.3461067836921697,0.05293748761753967,0.006095604213322752,3.9478694020789566e-14
1010,0.9874950625000001,0.0125049374999999,-0.003350947176483,-0.003163738662958,0.34600634429686655,0.05285753506263867,0.005952592112264082,2.1862374685802652e-14
1011,0.9877450612500001,0.0122549387499999,-0.003350947159405,-0.003163738662936,0.3459059329242752,0.05277770269909544,0.005810147355958111,1.3883115855543831e-14
1012,0.98799506,0.01200494,-0.003350947143151,-0.0031637386629145,0.3458055495668157,0.05269799034598068,0.005668279218708965,1.7835241351849683e-14
1013,0.98824505875,0.01175494125,-0.003350947127707,-0.003163738662895,0.34570519421672935,0.05261839782302109,0.005526997495601258,7.87450285143865e-14
1014,0.9884950575,0.0115049425,-0.0033509471130435,-0.0031637386628735,0.3456048668660779,0.05253892495060099,0.005386312151459513,4.1108246987716907e-14
1015,0.9887450562500001,0.0112549437499999,-0.003350947099134,-0.0031637386628505,0.3455045675067412,0.052459571549762135,0.005246233617382581,4.194762869224008e-14
1016,0.9889950550000001,0.0110049449999999,-0.003350947085961,-0.003163738662825,0.3454042961310303,0.052380337442205056,0.005106772829100727,2.295451547911782e-14
1017,0.98924505375,0.01075494625,-0.003350947073495,-0.003163738662803,0.34530405273104386,0.052301222450288815,0.004967940946194033,6.976813212317203e-14
1018,0.9894950525,0.0105049475,-0.003350947061716,-0.003163738662780,0.34520383729753834,0.05222222639663002,0.004829749858112571,2.0636200101223139e-13
1019,0.98974505125,0.01025494875,-0.00335094705060,-0.003163738662758,0.3451036498233726,0.05214334910168182,0.0046922117976269185,8.424683659160843e-14
1020,0.9899950500000001,0.0100049499999999,-0.0033509470401235,-0.0031637386627335,0.3450034903012309,0.0520645903927959,0.004555339513783033,7.59446110346245e-14
1021,0.9902450487500001,0.0097549512499999,-0.0033509470302675,-0.003163738662710,0.34490335872362154,0.05198595009132499,0.004419146500740079,5.3572143701808254e-14
1022,0.9904950475000001,0.0095049524999999,-0.003350947021005,-0.003163738662687,0.3448032550828753,0.05190742801926938,0.004283646600999077,3.9996699364801936e-14
1023,0.99074504625,0.00925495375,-0.003350947012318,-0.003163738662667,0.34470317937114364,0.05182902399927715,0.004148854608648812,9.460820077285614e-14
1024,0.990995045,0.009004955,-0.003350947004183,-0.003163738662646,0.3446031315803978,0.051750737854644936,0.004014785815088043,1e-14
1025,0.99124504375,0.00875495625,-0.003350946996579,-0.003163738662626,0.3445031117024271,0.05167256940931846,0.003881456360774089,1.0400603426168659e-14
1026,0.9914950425000001,0.0085049574999999,-0.0033509469894845,-0.0031637386626075,0.3444031197307109,0.05159451848789345,0.0037488832302884755,2.082963028648268e-14
1027,0.9917450412500001,0.0082549587499999,-0.003350946982880,-0.0031637386625895,0.34430315565498165,0.051516584915615574,0.003617084203351276,1e-14
1028,0.99199504,0.00800496,-0.003350946976744,-0.003163738662573,0.3442032194680993,0.051438768515121414,0.003486078206240293,1.545923272439594e-14
1029,0.99224503875,0.00775496125,-0.0033509469710565,-0.003163738662558,0.34410331116283444,0.05136106911546335,0.0033558849858700483,1e-14
1030,0.9924950375,0.0075049625,-0.003350946965798,-0.003163738662544,0.34400343073178263,0.05128348654149115,0.0032265256993302526,1e-14
1031,0.9927450362500001,0.0072549637499999,-0.003350946960948,-0.003163738662531,0.34390357816736283,0.05120602061744987,0.0030980224793653536,1.5342784118229898e-14
1032,0.9929950350000001,0.0070049649999999,-0.003350946956489,-0.003163738662522,0.34380375346181596,0.0511286711682235,0.0029703991331584234,1e-14
1033,0.9932450337500001,0.0067549662499999,-0.003350946952402,-0.003163738662513,0.34370395660720354,0.05105143801933551,0.00284368069095355,1e-14
1034,0.9934950325,0.0065049675,-0.003350946948667,-0.003163738662507,0.3436041875954058,0.050974320996949145,0.0027178941041989466,1e-14
1035,0.99374503125,0.00625496875,-0.0033509469452635,-0.003163738662502,0.34350444641945416,0.050897319927868556,0.0025930679793864245,1e-14
1036,0.99399503,0.00600497,-0.0033509469421775,-0.0031637386624995,0.3434047330700364,0.05082043463953893,0.0024692331080208214,2.3823533940270697e-14
1037,0.9942450287500001,0.0057549712499999,-0.003350946939389,-0.0031637386625004,0.34330504753925095,0.05074366495797278,0.002346422548720395,1e-14
1038,0.9944950275000001,0.0055049724999999,-0.003350946936882,-0.003163738662503,0.34320538981995435,0.05066701071231595,0.002224671814529571,1e-14
1039,0.99474502625,0.00525497375,-0.003350946934638,-0.003163738662509,0.3431057599048286,0.05059047173161773,0.002104019559444224,1e-14
1040,0.994995025,0.005004975,-0.003350946932642,-0.003163738662515,0.34300615778638016,0.05051404784233989,0.0019845074635963227,1e-14
1041,0.99524502375,0.00475497625,-0.003350946930875,-0.003163738662525,0.34290658345693814,0.05043773887157442,0.0018661810992413482,4.767926425158315e-14
1042,0.9954950225000001,0.0045049774999999,-0.003350946929322,-0.003163738662535,0.3428070369086535,0.0503615446470438,0.0017490903543243242,1.9471995237352872e-14
1043,0.9957450212500001,0.0042549787499999,-0.0033509469279694,-0.0031637386625494,0.34270751813349687,0.050285464997101625,0.001633289946248232,2.2144705601106e-14
1044,0.9959950200000001,0.0040049799999999,-0.003350946926798,-0.003163738662565,0.34260802712401334,0.05020949975073298,0.0015188403964673128,1e-14
1045,0.99624501875,0.00375498125,-0.003350946925797,-0.003163738662583,0.34250856387208267,0.05013364873755509,0.0014058091014035796,1.0783460845676344e-14
1046,0.9964950175,0.0035049825,-0.003350946924947,-0.0031637386626025,0.3424091283688458,0.05005791178704041,0.0012942713965619368,1e-14
1047,0.99674501625,0.00325498375,-0.0033509469242365,-0.003163738662625,0.3423097206072436,0.049982288727847414,0.0011843122525646615,1e-14
1048,0.9969950150000001,0.0030049849999999,-0.0033509469236515,-0.0031637386626475,0.34221034058004385,0.049906779393608526,0.0010760283111773616,1e-14
1049,0.9972450137500001,0.0027549862499999,-0.003350946923179,-0.003163738662671,0.34211098827983966,0.04983138361297522,0.0009695306408002875,1e-14
1050,0.9974950125000001,0.0025049874999999,-0.003350946922803,-0.003163738662696,0.34201166369904773,0.04975610121522014,0.0008649483440143714,1.886399278955918e-14
1051,0.99774501125,0.00225498875,-0.003350946922516,-0.003163738662722,0.3419123668299075,0.04968093203023726,0.0007624335871199707,1e-14
1052,0.99799501,0.00200499,-0.003350946922300,-0.003163738662748,0.3418130976644792,0.049605875888543094,0.0006621687549138936,1e-14
1053,0.99824500875,0.00175499125,-0.003350946922147,-0.003163738662772,0.34171385619468264,0.04953093262127668,0.0005643769473222523,1e-14
1054,0.9984950075000001,0.0015049924999999,-0.003350946922044,-0.003163738662797,0.3416146424131562,0.04945610206020054,0.00046933804707109157,1e-14
1055,0.9987450062500001,0.0012549937499999,-0.003350946921981,-0.003163738662819,0.34151545631139685,0.0493813840377011,0.0003774154974581146,1e-14
1056,0.998995005,0.001004995,-0.003350946921949,-0.003163738662840,0.34141629788218947,0.04930677838580707,0.0002891024678466318,1e-14
1057,0.99924500375,0.00075499625,-0.0033509469219365,-0.0031637386628535,0.3413171671181442,0.049232284936602116,0.00020511341928261214,1e-14
1058,0.9994950025,0.0005049975,-0.003350946921938,-0.003163738662866,0.3412180640116956,0.04915790352196768,0.0001265938695289612,1e-14
1059,0.9997450012500001,0.0002549987499999,-0.0033509469219425,-0.0031637386628685,0.341118988555101,0.049083633974304326,5.5759179875923366e-05,1e-14
1060,0.999995,0.000005,-0.0033509469219446,-0.003163738662862,0.3410199407404392,0.04900947612662962,4.980185540319142e-07,1e-14
