t,tau,continuous_phase,sampled_unwrap_phase
0.0,0.0,0.05667116443808617,0.05667116443808617
0.0004999975,0.0002500300048966567,0.05715973165787692,0.057159731657876925
0.000999995,0.0005001225404316379,0.05764846711459389,0.05764846711459385
0.0014999925,0.0007502776378896379,0.05813737073747832,0.058137370737478274
0.00199999,0.0010004953285785549,0.05862644245624577,0.05862644245624573
0.0024999875,0.0012507756438302855,0.059115682201086144,0.05911568220108613
0.002999985,0.001501118615000185,0.05960508990266104,0.05960508990266104
0.0034999825,0.0017515242734669745,0.06009466549210205,0.060094665492102024
0.00399998,0.0020019926506330897,0.06058440890100988,0.06058440890100982
0.0044999775,0.002252523777924365,0.061074320061452185,0.06107432006145212
0.004999975,0.002503117686790381,0.061564398905962735,0.06156439890596269
0.0054999725,0.0027537744087043716,0.062054645367539706,0.062054645367539726
0.00599997,0.0030044939751633485,0.06254505937964439,0.06254505937964433
0.0064999675,0.0032552764176880075,0.06303564087619952,0.06303564087619944
0.006999965,0.003506121767822634,0.06352638979158756,0.06352638979158745
0.0074999625,0.0037570300571352277,0.06401730606064945,0.06401730606064936
0.00799996,0.00400800131721785,0.06450838961868384,0.06450838961868371
0.0084999575,0.0042590355796856445,0.06499964040144361,0.06499964040144349
0.008999955,0.00451013287617851,0.06549105834513771,0.06549105834513759
0.0094999525,0.004761293238359901,0.06598264338642738,0.0659826433864272
0.00999995,0.005012516697916507,0.06647439546242395,0.06647439546242365
0.0104999475,0.005263803286559489,0.06696631451068989,0.06696631451068959
0.010999945,0.0055151530360241525,0.06745840046923668,0.06745840046923632
0.0114999425,0.005766565978068979,0.06795065327652146,0.06795065327652103
0.01199994,0.006018042144476846,0.068443072871448,0.06844307287144757
0.0124999375,0.006269581567054937,0.06893565919336508,0.06893565919336463
0.012999935,0.006521184277633978,0.06942841218206358,0.06942841218206312
0.0134999325,0.006772850308068583,0.06992133177777565,0.06992133177777518
0.01399993,0.007024579690238043,0.07041441792117498,0.07041441792117453
0.0144999275,0.007276372456045123,0.07090767055337291,0.07090767055337248
0.014999925,0.007528228637416848,0.07140108961591862,0.07140108961591823
0.0154999225,0.007780148266305067,0.07189467505079883,0.07189467505079851
0.01599992,0.008032131374684372,0.07238842680043234,0.07238842680043216
0.016499917500000003,0.008284177994554864,0.07288234480767403,0.07288234480767396
0.016999915,0.0085362881579403,0.07337642901580987,0.07337642901580986
0.0174999125,0.008788461896888642,0.07387067936855664,0.07387067936855682
0.01799991,0.009040699243471976,0.07436509581006034,0.07436509581006066
0.018499907500000003,0.009293000229787062,0.07485967828489598,0.07485967828489644
0.018999905,0.009545364887954579,0.07535442673806467,0.07535442673806529
0.0194999025,0.009797793250119912,0.07584934111499389,0.07584934111499471
0.0199999,0.010050285348452167,0.07634442136153413,0.07634442136153509
0.020499897500000003,0.010302841215145615,0.07683966742396045,0.07683966742396152
0.020999895,0.010555460882418495,0.07733507924896874,0.07733507924896989
0.0214998925,0.010808144382513353,0.07783065678367508,0.07783065678367625
0.02199989,0.011060891747697385,0.07832639997561512,0.07832639997561629
0.022499887500000003,0.011313703010262334,0.07882230877274249,0.07882230877274363
0.022999885,0.011566578202524179,0.07931838312342693,0.0793183831234279
0.0234998825,0.011819517356823685,0.07981462297645406,0.07981462297645485
0.02399988,0.012072520505526091,0.08031102828102342,0.08031102828102402
0.024499877500000003,0.01232558768102101,0.08080759898674704,0.08080759898674743
0.024999875,0.012578718915722983,0.08130433504364919,0.08130433504364937
0.0254998725,0.012831914242070726,0.0818012364021636,0.08180123640216364
0.02599987,0.013085173692527907,0.08229830301313376,0.08229830301313375
0.026499867500000003,0.013338497299583264,0.08279553482781193,0.08279553482781189
0.026999865,0.01359188509574919,0.083292931797855,0.08329293179785478
0.0274998625,0.013845337113563823,0.08379049387532736,0.08379049387532693
0.02799986,0.014098853385589414,0.08428822101269638,0.08428822101269567
0.028499857500000003,0.014352433944413325,0.08478611316283316,0.08478611316283222
0.028999855,0.014606078822647483,0.08528417027901025,0.08528417027900904
0.0294998525,0.014859788052928938,0.08578239231490141,0.08578239231489994
0.02999985,0.015113561667919112,0.08628077922457898,0.08628077922457723
0.030499847500000003,0.015367399700304785,0.08677933096251456,0.08677933096251264
0.030999845,0.015621302182797343,0.08727804748357627,0.0872780474835742
0.0314998425,0.015875269148133326,0.08777692874302868,0.08777692874302655
0.03199984,0.016129300629073896,0.08827597469653047,0.08827597469652823
0.0324998375,0.01638339665840561,0.08877518530013476,0.08877518530013247
0.032999835000000005,0.016637557268939434,0.089274560510286,0.08927456051028368
0.0334998325,0.016891782493511972,0.08977410028382114,0.08977410028381881
0.03399983,0.017146072364984465,0.0902738045779665,0.09027380457796423
0.034499827500000003,0.017400426916243366,0.09077367335033767,0.09077367335033544
0.034999825,0.01765484618020067,0.091273706558939,0.09127370655893675
0.0354998225,0.01790933018979249,0.09177390416215962,0.0917739041621573
0.03599982,0.018163878977980923,0.0922742661187759,0.09227426611877353
0.036499817500000004,0.01841849257775288,0.092774792387948,0.09277479238794552
0.036999815000000005,0.01867317102212081,0.09327548292922014,0.09327548292921746
0.0374998125,0.018927914344121995,0.09377633770251798,0.09377633770251509
0.03799981,0.019182722576819498,0.09427735666814945,0.09427735666814616
0.038499807500000004,0.019437595753300767,0.09477853978680072,0.09477853978679694
0.038999805,0.019692533906679275,0.09527988701953835,0.09527988701953405
0.0394998025,0.019947537070093762,0.09578139832780665,0.09578139832780169
0.0399998,0.020202605276708353,0.09628307367342673,0.09628307367342102
0.040499797500000004,0.020457738559712228,0.09678491301859479,0.09678491301858821
0.040999795000000006,0.020712936952319964,0.0972869163258816,0.09728691632587402
0.0414997925,0.020968200487772072,0.09778908355823242,0.09778908355822372
0.04199979,0.021223529199334255,0.09829141467896446,0.09829141467895464
0.042499787500000004,0.021478923120297297,0.09879390965176557,0.09879390965175451
0.042999785,0.021734382283978473,0.09929656844069584,0.09929656844068344
0.0434997825,0.021989906723719498,0.09979939101018245,0.09979939101016869
0.04399978,0.02224549647288838,0.1003023773250223,0.10030237732500721
0.044499777500000004,0.02250115156487844,0.10080552735037888,0.10080552735036238
0.044999775000000006,0.022756872033108857,0.10130884105178234,0.1013088410517645
0.0454997725,0.023012657911023922,0.10181231839512683,0.10181231839510765
0.04599977,0.02326850923209423,0.1023159593466719,0.10231595934665154
0.046499767500000004,0.023524426029815478,0.10281976387303891,0.1028197638730174
0.046999765,0.02378040833770969,0.10332373194121244,0.10332373194119002
0.0474997625,0.024036456189324214,0.10382786351853726,0.10382786351851397
0.04799976,0.0242925696182325,0.10433215857271871,0.10433215857269486
0.048499757500000004,0.024548748658033342,0.10483661707182029,0.10483661707179609
0.048999755000000006,0.024804993342351637,0.10534123898426391,0.10534123898423955
0.0494997525,0.02506130370483828,0.10584602427882878,0.10584602427880462
0.04999975,0.025317679779169842,0.10635097292464966,0.10635097292462604
0.050499747500000004,0.025574121599048892,0.10685608489121647,0.10685608489119369
0.050999745,0.02583062919820368,0.10736136014837258,0.10736136014835095
0.0514997425,0.0260872026103889,0.10786679866631536,0.10786679866629528
0.05199974,0.026343841869384925,0.10837240041559354,0.1083724004155754
0.052499737500000004,0.02660054700899813,0.10887816536710689,0.10887816536709112
0.052999735000000006,0.026857318063060808,0.10938409349210498,0.10938409349209192
0.0534997325,0.027114155065431897,0.10989018476218765,0.10989018476217768
0.05399973,0.027371058049995595,0.11039643914930122,0.11039643914929477
0.054499727500000004,0.027628027050663195,0.11090285662574108,0.11090285662573846
0.054999725,0.027885062101370817,0.11140943716414625,0.11140943716414771
0.0554997225,0.028142163236082318,0.11191618073750412,0.11191618073751002
0.05599972,0.028399330488786602,0.11242308731914408,0.11242308731915462
0.056499717500000005,0.028656563893499017,0.11293015688273932,0.11293015688275472
0.056999715000000006,0.028913863484261903,0.11343738940230694,0.11343738940232732
0.0574997125,0.029171229295142737,0.11394478485220327,0.11394478485222873
0.05799971,0.02942866136023621,0.11445234320712701,0.11445234320715755
0.058499707500000005,0.029686159713663025,0.1149600644421158,0.11496006444215127
0.058999705,0.02994372438957,0.11546794853254555,0.11546794853258589
0.0594997025,0.03020135542213083,0.11597599545413093,0.11597599545417583
0.0599997,0.03045905284554533,0.11648420518292282,0.116484205182972
0.060499697500000005,0.030716816694039754,0.11699257769530816,0.11699257769536114
0.06099969500000001,0.03097464700186691,0.11750111296800902,0.11750111296806531
0.0614996925,0.03123254380330603,0.11800981097808153,0.11800981097814055
0.06199969,0.03149050713266334,0.11851867170291591,0.11851867170297696
0.062499687500000005,0.03174853702427062,0.11902769512023284,0.11902769512029511
0.062999685,0.032006633512487496,0.11953688120808686,0.11953688120814958
0.0634996825,0.032264796631698935,0.12004622994486065,0.1200462299449229
0.06399968,0.03252302641631753,0.1205557413092685,0.12055574130932929
0.0644996775,0.03278132290078186,0.12106541528035208,0.12106541528041052
0.064999675,0.0330396861195579,0.12157525183748244,0.12157525183753762
0.06549967250000001,0.033298116107137815,0.1220852509603566,0.12208525096040755
0.06599967000000001,0.033556612898040315,0.12259541262899736,0.12259541262904322
0.0664996675,0.03381517652681158,0.12310573682375411,0.12310573682379419
0.066999665,0.03407380702802411,0.12361622352529977,0.12361622352533348
0.0674996625,0.03433250443627743,0.12412687271463123,0.12412687271465817
0.06799966,0.03459126878619761,0.12463768437306738,0.12463768437308755
0.0684996575,0.03485010011243838,0.12514865848225054,0.1251486584822642
0.06899965500000001,0.03510899844967912,0.12565979502414154,0.12565979502414934
0.06949965250000001,0.035367963832627546,0.12617109398102405,0.12617109398102716
0.06999965,0.0356269962960172,0.1266825553354988,0.12668255533549908
0.0704996475,0.03588609587460953,0.12719417907048688,0.1271941790704866
0.070999645,0.03614526260319245,0.12770596516922733,0.12770596516922703
0.0714996425,0.03640449651658091,0.12821791361527524,0.1282179136152748
0.07199964,0.03666379764961717,0.12873002439250184,0.12873002439250134
0.0724996375,0.03692316603717052,0.1292422974850935,0.12924229748509278
0.07299963500000001,0.037182601714137536,0.1297547328775512,0.1297547328775503
0.07349963250000001,0.03744210471544182,0.1302673305546892,0.13026733055468812
0.07399963000000001,0.037701675076034065,0.1307800905016343,0.13078009050163306
0.0744996275,0.03796131283089236,0.1312930127038256,0.13129301270382418
0.074999625,0.03822101801502188,0.13180609714701302,0.13180609714701144
0.0754996225,0.03848079066345542,0.1323193438172575,0.13231934381725577
0.07599962,0.03874063081125263,0.1328327527009285,0.1328327527009267
0.0764996175,0.039000538493500755,0.13334632378470493,0.133346323784703
0.07699961500000001,0.03926051374531431,0.1338600570555733,0.13386005705557133
0.07749961250000001,0.0395205566018356,0.13437395250082815,0.13437395250082612
0.07799961,0.039780667098233566,0.13488801010806878,0.13488801010806675
0.0784996075,0.040040845269705125,0.13540222986520117,0.1354022298651991
0.078999605,0.04030109115147488,0.1359166117604365,0.13591661176043437
0.0794996025,0.040561404778794746,0.1364311557822896,0.1364311557822875
0.0799996,0.040821786186943466,0.13694586191957714,0.13694586191957503
0.0804995975,0.041082235411228595,0.13746073016142082,0.1374607301614187
0.08099959500000001,0.04134275248698424,0.13797576049724192,0.13797576049723978
0.08149959250000001,0.04160333744957269,0.1384909529167639,0.13849095291676164
0.08199959000000001,0.04186399033438383,0.13900630741001016,0.13900630741000775
0.0824995875,0.04212471117683508,0.13952182396730345,0.13952182396730087
0.082999585,0.042385500012371645,0.14003750257926523,0.14003750257926242
0.0834995825,0.04264635687646622,0.14055334323681448,0.14055334323681135
0.08399958,0.04290728180461995,0.1410693459311687,0.1410693459311652
0.0844995775,0.043168274832361006,0.14158551065384034,0.14158551065383643
0.08499957500000001,0.04342933599524576,0.14210183739663831,0.1421018373966339
0.08549957250000001,0.043690465328858466,0.14261832615166656,0.14261832615166153
0.08599957,0.043951662868810915,0.1431349769113226,0.14313497691131694
0.0864995675,0.04421292865074339,0.14365178966829856,0.14365178966829212
0.086999565,0.04447426271032369,0.14416876441557858,0.1441687644155714
0.0874995625,0.04473566508324767,0.14468590114643895,0.14468590114643087
0.08799956,0.044997135805239306,0.14520319985444766,0.14520319985443866
0.0884995575,0.0452586749120502,0.14572066053346236,0.14572066053345248
0.08899955500000001,0.04552028243946067,0.14623828317763204,0.14623828317762122
0.08949955250000001,0.04578195842327864,0.14675606778139388,0.14675606778138214
0.08999955000000001,0.04604370289934032,0.14727401433947387,0.14727401433946113
0.0904995475,0.04630551590350992,0.14779212284688545,0.14779212284687182
0.090999545,0.04656739747168011,0.14831039329892978,0.14831039329891535
0.0914995425,0.046829347639771327,0.14882882569119343,0.14882882569117817
0.09199954,0.04709136644373288,0.14934742001954998,0.14934742001953408
0.0924995375,0.04735345391954161,0.14986617628015653,0.14986617628014
0.09299953500000001,0.047615610103203206,0.15038509446945544,0.15038509446943854
0.09349953250000001,0.047877835030751686,0.15090417458417285,0.15090417458415561
0.09399953,0.04814012873824864,0.15142341662131614,0.1514234166212989
0.0944995275,0.048402491261785224,0.15194282057817735,0.15194282057816008
0.094999525,0.04866492263748015,0.1524623864523283,0.15246238645231142
0.0954995225,0.048927422901480826,0.1529821142416222,0.15298211424160596
0.09599952,0.049189992089963226,0.15350200394419267,0.1535020039441772
0.0964995175,0.049452630239131774,0.15402205555845266,0.15402205555843831
0.09699951500000001,0.04971533738521926,0.1545422690830938,0.15454226908308089
0.09749951250000001,0.04997811356448709,0.15506264451708587,0.15506264451707463
0.09799951000000001,0.05024095881322582,0.15558318185967737,0.15558318185966802
0.0984995075,0.05050387316775359,0.15610388111039153,0.15610388111038442
0.098999505,0.05076685666441825,0.15662474226902998,0.15662474226902534
0.0994995025,0.05102990933959565,0.15714576533566846,0.15714576533566665
0.0999995,0.05129303122969048,0.15766695031065792,0.15766695031065905
0.1004994975,0.05155622237113621,0.1581882971946236,0.158188297194628
0.10099949500000001,0.05181948280039517,0.15870980598846454,0.15870980598847242
0.10149949250000001,0.0520828125539586,0.15923147669335297,0.15923147669336438
0.10199949,0.05234621166834639,0.159753309310733,0.15975330931074816
0.1024994875,0.0526096801801073,0.16027530384232053,0.16027530384233948
0.102999485,0.05287321812581869,0.16079746029010183,0.16079746029012462
0.1034994825,0.05313682554208763,0.1613197786563352,0.16131977865636188
0.10399948,0.05340050246554952,0.16184225894354748,0.16184225894357782
0.10449947750000001,0.053664248932868815,0.16236490115453475,0.1623649011545687
0.10499947500000001,0.05392806498073912,0.1628877052923619,0.1628877052923993
0.10549947250000001,0.054191950645883245,0.16341067136036208,0.16341067136040255
0.10599947000000001,0.05445590596505251,0.16393379936213454,0.1639337993621778
0.1064994675,0.05471993097502803,0.16445708930154662,0.16445708930159217
0.106999465,0.05498402571261978,0.16498054118273103,0.16498054118277855
0.1074994625,0.055248190214666926,0.1655041550100861,0.16550415501013502
0.10799946,0.05551242451803741,0.1660279307882741,0.16602793078832379
0.10849945750000001,0.05577672865962897,0.1665518685222226,0.16655186852227236
0.10899945500000001,0.05604110267636872,0.16707596821712303,0.16707596821717224
0.10949945250000001,0.056305546605212274,0.16760022987842824,0.16760022987847614
0.10999945,0.056570060483145626,0.16812465351185557,0.1681246535119015
0.1104994475,0.05683464434718323,0.16864923912338245,0.1686492391234257
0.110999445,0.05709929823436927,0.16917398671924816,0.16917398671928802
0.1114994425,0.05736402218177737,0.16969889630595267,0.16969889630598842
0.11199944,0.05762881622651087,0.17022396789025643,0.1702239678902876
0.11249943750000001,0.05789368040570188,0.170749201479178,0.1707492014792042
0.11299943500000001,0.058158614756512794,0.1712745970799963,0.17127459708001727
0.11349943250000001,0.05842361931613517,0.17180015470024773,0.17180015470026339
0.11399943000000001,0.05868869412178998,0.17232587434772614,0.17232587434773666
0.1144994275,0.058953839210728144,0.17285175603048303,0.17285175603048902
0.114999425,0.059219054620229944,0.17337779975682602,0.17337779975682832
0.1154994225,0.0594843403876058,0.17390400553531948,0.17390400553531957
0.11599942,0.05974969655019502,0.1744303733747817,0.1744303733747813
0.11649941750000001,0.06001512314536763,0.17495690328428862,0.1749569032842882
0.11699941500000001,0.06028062021052253,0.17548359527316826,0.1754835952731678
0.11749941250000001,0.06054618778308904,0.1760104493510034,0.1760104493510028
0.11799941,0.06081182590052597,0.1765374655276293,0.17653746552762867
0.1184994075,0.061077534600322295,0.17706464381313444,0.1770646438131336
0.118999405,0.06134331391999621,0.17759198421785796,0.17759198421785702
0.1194994025,0.061609163897096655,0.17811948675239223,0.1781194867523911
0.1199994,0.06187508456920219,0.1786471514275798,0.1786471514275786
0.12049939750000001,0.06214107597392122,0.17917497825451337,0.17917497825451192
0.12099939500000001,0.06240713814889255,0.17970296724453627,0.17970296724453474
0.12149939250000001,0.06267327113178418,0.18023111840923942,0.18023111840923772
0.12199939000000001,0.06293947496029548,0.18075943176046502,0.1807594317604633
0.1224993875,0.06320574967215477,0.1812879073103013,0.18128790731029942
0.122999385,0.06347209530512107,0.18181654507108516,0.18181654507108322
0.1234993825,0.06373851189698358,0.18234534505540068,0.18234534505539868
0.12399938,0.06400499948556189,0.18287430727607898,0.18287430727607684
0.12449937750000001,0.0642715581087051,0.18340343174619575,0.18340343174619367
0.12499937500000001,0.06453818780429332,0.18393271847907372,0.1839327184790716
0.1254993725,0.06480488861023673,0.18446216748828023,0.18446216748827815
0.12599937,0.06507166056447582,0.18499177878762701,0.1849917787876249
0.12649936750000002,0.0653385037049813,0.18552155239116952,0.18552155239116738
0.126999365,0.06560541806975462,0.18605148831320734,0.1860514883132052
0.12749936250000002,0.06587240369682712,0.18658158656828194,0.18658158656827972
0.12799936,0.06613946062426149,0.18711184717117899,0.1871118471711767
0.1284993575,0.06640658889015025,0.1876422701369247,0.18764227013692236
0.128999355,0.06667378853261657,0.18817285548078697,0.18817285548078447
0.1294993525,0.06694105958981408,0.1887036032182744,0.18870360321827176
0.12999935,0.06720840209992757,0.18923451336513708,0.18923451336513417
0.1304993475,0.06747581610117162,0.18976558593736337,0.18976558593736023
0.13099934500000002,0.06774330163179236,0.19029682095118275,0.1902968209511793
0.1314993425,0.06801085873006565,0.19082821842306166,0.19082821842305783
0.13199934000000002,0.06827848743429903,0.19135977836970683,0.19135977836970253
0.1324993375,0.06854618778283035,0.19189150080806208,0.19189150080805736
0.132999335,0.06881395981402784,0.19242338575530768,0.19242338575530235
0.1334993325,0.06908180356629164,0.19295543322886308,0.19295543322885716
0.13399933,0.06934971907805158,0.19348764324638174,0.19348764324637518
0.13449932750000002,0.0696177063877694,0.1940200158257551,0.1940200158257479
0.134999325,0.06988576553393702,0.19455255098510865,0.19455255098510071
0.13549932250000002,0.07015389655507762,0.1950852487428033,0.19508524874279468
0.13599932,0.07042209948974554,0.19561810911743496,0.19561810911742558
0.1364993175,0.07069037437652567,0.19615113212783247,0.19615113212782237
0.136999315,0.07095872125403428,0.1966843177930589,0.19668431779304807
0.1374993125,0.0712271401609191,0.19721766613241104,0.19721766613239963
0.13799931000000001,0.0714956311358584,0.19775117716541718,0.19775117716540513
0.1384993075,0.07176419421756157,0.19828485091183762,0.19828485091182496
0.13899930500000002,0.07203282944476976,0.19881868739166544,0.19881868739165237
0.1394993025,0.07230153685625482,0.19935268662512387,0.1993526866251105
0.1399993,0.07257031649082021,0.19988684863266748,0.19988684863265385
0.1404992975,0.07283916838730049,0.20042117343498078,0.2004211734349671
0.140999295,0.07310809258456177,0.2009556610529785,0.20095566105296483
0.1414992925,0.07337708912150118,0.20149031150780394,0.20149031150779056
0.14199929,0.07364615803704753,0.20202512482083004,0.20202512482081708
0.14249928750000002,0.07391529937016102,0.20256010101365787,0.20256010101364552
0.142999285,0.07418451315983306,0.2030952401081161,0.20309524010810462
0.14349928250000002,0.07445379944508698,0.20363054212626172,0.20363054212625128
0.14399928,0.07472315826497727,0.20416600709037805,0.2041660070903689
0.1444992775,0.07499258965859028,0.20470163502297561,0.20470163502296804
0.144999275,0.07526209366504366,0.20523742594679054,0.20523742594678474
0.1454992725,0.07553167032348704,0.20577337988478533,0.2057733798847815
0.14599927000000001,0.07580131967310148,0.20630949686014743,0.2063094968601458
0.1464992675,0.07607104175310002,0.20684577689628958,0.20684577689629036
0.14699926500000002,0.07634083660272678,0.20738222001684764,0.20738222001685108
0.1474992625,0.07661070426125843,0.20791882624568306,0.20791882624568928
0.14799926000000002,0.07688064476800292,0.20845559560687976,0.2084555956068889
0.1484992575,0.07715065816230038,0.20899252812474542,0.20899252812475774
0.148999255,0.07742074448352279,0.20952962382381046,0.20952962382382598
0.1494992525,0.07769090377107347,0.21006688272882632,0.21006688272884505
0.14999925,0.07796113606438874,0.21060430486476844,0.21060430486479045
0.15049924750000002,0.07823144140293574,0.21114189025683133,0.21114189025685662
0.150999245,0.07850181982621453,0.21167963893043232,0.21167963893046082
0.15149924250000002,0.07877227137375659,0.21221755091120803,0.21221755091123962
0.15199924,0.07904279608512624,0.21275562622501676,0.21275562622505126
0.1524992375,0.0793133939999189,0.2132938648979345,0.2132938648979717
0.152999235,0.07958406515776298,0.21383226695625826,0.2138322669562978
0.1534992325,0.07985480959831874,0.21437083242650315,0.21437083242654484
0.15399923000000001,0.08012562736127858,0.21490956133540273,0.2149095613354461
0.1544992275,0.08039651848636764,0.2154484537099096,0.21544845370995414
0.15499922500000002,0.08066748301334249,0.21598750957719218,0.21598750957723756
0.1554992225,0.08093852098199288,0.21652672896463798,0.21652672896468364
0.15599922,0.08120963243214023,0.21706611189984998,0.2170661118998953
0.1564992175,0.08148081740363909,0.217605658410649,0.21760565841069332
0.156999215,0.08175207593637583,0.2181453685250707,0.21814536852511354
0.1574992125,0.08202340807026963,0.21868524227136707,0.2186852422714077
0.15799921,0.08229481384527186,0.21922527967800476,0.21922527967804267
0.15849920750000002,0.0825662933013666,0.2197654807736656,0.21976548077370017
0.158999205,0.08283784647857088,0.22030584558724658,0.22030584558727734
0.15949920250000002,0.08310947341693352,0.22084637414785718,0.2208463741478837
0.1599992,0.08338117415653704,0.22138706648482256,0.22138706648484457
0.1604991975,0.08365294873749526,0.22192792262767855,0.22192792262769584
0.160999195,0.08392479719995603,0.22246894260617633,0.2224689426061889
0.1614991925,0.08419671958409924,0.2230101264502782,0.22301012645028645
0.16199919000000002,0.08446871593013791,0.22355147419015933,0.22355147419016372
0.1624991875,0.08474078627831763,0.22409298585620607,0.2240929858562075
0.16299918500000002,0.08501293066891683,0.22463466147901598,0.22463466147901576
0.1634991825,0.08528514914224705,0.2251765010893983,0.2251765010893978
0.16399918000000002,0.0855574417386526,0.22571850471837307,0.22571850471837257
0.1644991775,0.08582980849851096,0.22626067239717063,0.22626067239717013
0.164999175,0.08610224946223217,0.2268030041572301,0.2268030041572296
0.1654991725,0.08637476467025974,0.227345500030201,0.22734550003020043
0.16599917,0.08664735416307025,0.22788816004794193,0.2278881600479413
0.16649916750000002,0.08692001798117284,0.22843098424251926,0.2284309842425185
0.166999165,0.08719275616511067,0.22897397264620933,0.22897397264620845
0.16749916250000002,0.08746556875545941,0.22951712529149518,0.2295171252914942
0.16799916,0.08773845579282799,0.23006044221106767,0.23006044221106653
0.1684991575,0.08801141731785904,0.2306039234378257,0.23060392343782446
0.168999155,0.0882844533712281,0.23114756900487451,0.23114756900487315
0.1694991525,0.08855756399364417,0.231691378945526,0.23169137894552455
0.16999915000000002,0.08883074922584928,0.23223535329329767,0.23223535329329606
0.1704991475,0.08910400910861939,0.23277949208191398,0.23277949208191234
0.17099914500000002,0.08937734368276404,0.2333237953453051,0.23332379534530337
0.1714991425,0.08965075298912499,0.2338682631176039,0.23386826311760214
0.17199914,0.08992423706857913,0.23441289543315125,0.23441289543314942
0.1724991375,0.09019779596203586,0.23495769232649033,0.23495769232648855
0.172999135,0.09047142971043842,0.23550265383236904,0.23550265383236718
0.17349913250000001,0.09074513835476365,0.2360477799857389,0.23604777998573706
0.17399913,0.09101892193602237,0.23659307082175549,0.23659307082175368
0.17449912750000002,0.09129278049525894,0.23713852637577715,0.23713852637577537
0.174999125,0.09156671407355071,0.23768414668336346,0.23768414668336163
0.17549912250000002,0.09184072271200977,0.2382299317802783,0.23822993178027652
0.17599912,0.09211480645178172,0.23877588170248695,0.2387758817024851
0.1764991175,0.09238896533404574,0.23932199648615596,0.2393219964861541
0.176999115,0.09266319940001563,0.23986827616765463,0.23986827616765274
0.1774991125,0.09293750869093775,0.24041472078355058,0.24041472078354864
0.17799911000000002,0.09321189324809394,0.2409613303706152,0.24096133037061312
0.1784991075,0.09348635311279886,0.2415081049658179,0.2415081049658157
0.17899910500000002,0.09376088832640186,0.2420550446063294,0.242055044606327
0.1794991025,0.09403549893028615,0.2426021493295197,0.24260214932951707
0.17999910000000002,0.09431018496586913,0.2431494191729584,0.24314941917295552
0.1804990975,0.09458494647460197,0.24369685417441336,0.2436968541744102
0.180999095,0.09485978349797054,0.2442444543718522,0.24424445437184866
0.18149909250000001,0.09513469607749464,0.24479221980344035,0.2447922198034364
0.18199909,0.0954096842547284,0.24534015050754152,0.24534015050753719
0.18249908750000002,0.09568474807126036,0.24588824652271735,0.24588824652271263
0.182999085,0.09595988756871275,0.24643650788772564,0.2464365078877204
0.18349908250000002,0.09623510278874292,0.24698493464152288,0.2469849346415172
0.18399908,0.09651039377304257,0.24753352682326218,0.24753352682325605
0.1844990775,0.09678576056333724,0.24808228447229191,0.24808228447228525
0.184999075,0.09706120320138771,0.24863120762815824,0.2486312076281511
0.1854990725,0.09733672172898891,0.24918029633060235,0.2491802963305947
0.18599907000000002,0.09761231618796991,0.24972955061956015,0.24972955061955218
0.1864990675,0.09788798662019502,0.2502789705351642,0.2502789705351558
0.18699906500000002,0.09816373306756278,0.250828556117741,0.25082855611773236
0.1874990625,0.09843955557200687,0.25137830740781286,0.2513783074078039
0.18799906,0.09871545417549553,0.2519282244460958,0.2519282244460867
0.1884990575,0.09899142892003099,0.2524783072734986,0.25247830727348936
0.188999055,0.09926747984765116,0.2530285559311255,0.25302855593111634
0.18949905250000001,0.09954360700042846,0.2535789704602734,0.2535789704602644
0.18999905,0.09981981042047022,0.2541295509024326,0.25412955090242384
0.19049904750000002,0.1000960901499186,0.2546802972992859,0.25468029729927755
0.190999045,0.100372446230951,0.2552312096927093,0.25523120969270163
0.19149904250000002,0.1006488787057791,0.25578228812476966,0.2557822881247628
0.19199904,0.10092538761665014,0.2563335326377269,0.25633353263772085
0.1924990375,0.10120197300584653,0.25688494327403266,0.2568849432740277
0.192999035,0.1014786349156855,0.25743652007632956,0.2574365200763258
0.1934990325,0.10175537338851935,0.25798826308745093,0.25798826308744865
0.19399903000000002,0.10203218846673553,0.2585401723504211,0.2585401723504204
0.1944990275,0.10230908019275704,0.2590922479084554,0.2590922479084565
0.19499902500000002,0.10258604860904207,0.2596444898049592,0.2596444898049623
0.1954990225,0.10286309375808346,0.2601968980835267,0.26019689808353175
0.19599902000000002,0.10314021568241037,0.2607494727879435,0.2607494727879508
0.1964990175,0.10341741442458671,0.26130221396218345,0.26130221396219305
0.196999015,0.10369469002721153,0.261855121650409,0.261855121650421
0.19749901250000002,0.10397204253292035,0.2624081958969732,0.2624081958969876
0.19799901,0.10424947198438292,0.2629614367464153,0.26296143674643224
0.19849900750000002,0.10452697842430533,0.26351484424346444,0.2635148442434838
0.198999005,0.10480456189542943,0.26406841843303797,0.26406841843305995
0.19949900250000002,0.10508222244053163,0.2646221593602389,0.2646221593602633
0.199999,0.10535996010242502,0.2651760670703599,0.26517606707038655
0.2004989975,0.10563777492395793,0.26573014160887964,0.26573014160890845
0.200998995,0.10591566694801426,0.2662843830214635,0.2662843830214943
0.2014989925,0.1061936362175142,0.2668387913539645,0.2668387913539971
0.20199899000000002,0.10647168277541322,0.2673933666524209,0.26739336665245494
0.2024989875,0.10674980666470278,0.26794810896305743,0.2679481089630926
0.20299898500000002,0.10702800792841026,0.2685030183322847,0.26850301833232076
0.2034989825,0.10730628660959891,0.26905809480669857,0.26905809480673515
0.20399898,0.10758464275136821,0.269613338433081,0.2696133384331175
0.2044989775,0.10786307639685339,0.27016874925839823,0.2701687492584344
0.204998975,0.10814158758922554,0.2707243273298011,0.27072432732983637
0.20549897250000002,0.10842017637169223,0.2712800726946255,0.27128007269465937
0.20599897,0.10869884278749692,0.27183598540039133,0.27183598540042336
0.20649896750000002,0.10897758687991908,0.272392065494802,0.2723920654948318
0.206998965,0.10925640869227495,0.27294831302574585,0.272948313025773
0.20749896250000002,0.10953530826791656,0.2735047280412939,0.27350472804131787
0.20799896,0.10981428565023207,0.2740613105896998,0.27406131058972044
0.2084989575,0.11009334088264652,0.2746180607194015,0.2746180607194185
0.20899895500000001,0.11037247400862067,0.27517497847901834,0.27517497847903166
0.2094989525,0.11065168507165211,0.27573206391735294,0.2757320639173626
0.20999895000000002,0.11093097411527499,0.27628931708339033,0.2762893170833965
0.2104989475,0.11121034118305954,0.27684673802629683,0.27684673802630005
0.21099894500000002,0.1114897863186125,0.27740432679542026,0.27740432679542126
0.2114989425,0.11176930956557787,0.2779620834402914,0.27796208344029105
0.21199894000000002,0.11204891096763525,0.2785200080106204,0.2785200080106199
0.2124989375,0.11232859056850183,0.2790781005563005,0.27907810055630006
0.212998935,0.11260834841193082,0.27963636112740436,0.27963636112740387
0.21349893250000002,0.11288818454171269,0.280194789774186,0.2801947897741855
0.21399893,0.11316809900167418,0.28075338654707865,0.2807533865470781
0.21449892750000002,0.11344809183567901,0.2813121514966961,0.2813121514966954
0.214998925,0.11372816308762781,0.2818710846738318,0.2818710846738312
0.21549892250000002,0.11400831280145844,0.28243018612945986,0.2824301861294591
0.21599892,0.11428854102114495,0.2829894559147318,0.28298945591473096
0.2164989175,0.11456884779069909,0.28354889408097994,0.283548894080979
0.21699891500000001,0.11484923315416909,0.2841085006797144,0.28410850067971327
0.2174989125,0.11512969715564066,0.28466827576262466,0.28466827576262355
0.21799891000000002,0.11541023983923651,0.2852282193815786,0.2852282193815773
0.2184989075,0.11569086124911615,0.2857883315886214,0.28578833158862
0.21899890500000002,0.11597156142947665,0.2863486124359771,0.28634861243597554
0.2194989025,0.11625234042455236,0.28690906197604754,0.28690906197604593
0.2199989,0.11653319827861432,0.2874696802614109,0.2874696802614092
0.2204988975,0.11681413503597184,0.2880304673448246,0.2880304673448229
0.220998895,0.11709515074097061,0.28859142327922127,0.28859142327921955
0.22149889250000002,0.11737624543799466,0.2891525481177121,0.28915254811771024
0.22199889,0.11765741917146443,0.28971384191358296,0.2897138419135811
0.22249888750000002,0.11793867198583874,0.29027530472029794,0.2902753047202961
0.222998885,0.11822000392561315,0.29083693659149573,0.29083693659149396
0.22349888250000002,0.1185014150353216,0.2913987375809927,0.291398737580991
0.22399888,0.11878290535953524,0.29196070774278005,0.2919607077427783
0.2244988775,0.11906447494286247,0.2925228471310239,0.2925228471310221
0.22499887500000001,0.11934612382995011,0.293085155800067,0.2930851558000653
0.2254988725,0.11962785206548235,0.29364763380442666,0.293647633804425
0.22599887000000002,0.11990965969418099,0.2942102811987946,0.2942102811987929
0.2264988675,0.1201915467608059,0.29477309803803786,0.2947730980380362
0.22699886500000002,0.12047351331015499,0.2953360843771984,0.29533608437719666
0.2274988625,0.12075555938706349,0.295899240271491,0.29589924027148923
0.22799886000000003,0.12103768503640536,0.2964625657763065,0.2964625657763046
0.2284988575,0.12131989030309166,0.29702606094720746,0.2970260609472056
0.228998855,0.12160217523207208,0.2975897258399315,0.2975897258399295
0.22949885250000002,0.12188453986833445,0.29815356051038977,0.2981535605103876
0.22999885,0.12216698425690448,0.2987175650146663,0.29871756501466395
0.23049884750000002,0.12244950844284588,0.29928173940901776,0.29928173940901515
0.230998845,0.12273211247126103,0.29984608374987454,0.29984608374987176
0.23149884250000002,0.12301479638728986,0.30041059809383847,0.3004105980938353
0.23199884,0.12329756023611152,0.3009752824976856,0.30097528249768224
0.2324988375,0.12358040406294298,0.30154013701836324,0.30154013701835947
0.23299883500000002,0.12386332791303911,0.30210516171298973,0.3021051617129856
0.2334988325,0.12414633183169421,0.30267035663885744,0.3026703566388531
0.23399883000000002,0.12442941586424017,0.30323572185342856,0.30323572185342385
0.2344988275,0.12471258005604806,0.3038012574143382,0.30380125741433306
0.23499882500000002,0.12499582445252706,0.30436696337939184,0.30436696337938635
0.2354988225,0.12527914909912538,0.30493283980656677,0.304932839806561
0.23599882,0.12556255404132916,0.30549888675401005,0.305498886754004
0.2364988175,0.12584603932466376,0.3060651042800404,0.30606510428003414
0.236998815,0.12612960499469317,0.30663149244314686,0.30663149244314036
0.23749881250000002,0.12641325109702026,0.3071980513019891,0.30719805130198236
0.23799881,0.12669697767728672,0.30776478091539683,0.3077647809153902
0.23849880750000002,0.12698078478117253,0.3083316813423688,0.30833168134236216
0.238998805,0.12726467245439718,0.3088987526420746,0.308898752642068
0.23949880250000002,0.12754864074271913,0.30946599487385357,0.30946599487384724
0.2399988,0.12783268969193548,0.31003340809721375,0.3100334080972077
0.2404987975,0.1281168193478826,0.3106009923718328,0.31060099237182726
0.24099879500000002,0.12840102975643594,0.31116874775755765,0.31116874775755266
0.2414987925,0.12868532096350982,0.31173667431440344,0.31173667431439916
0.24199879000000002,0.1289696930150581,0.3123047721025548,0.3123047721025514
0.2424987875,0.1292541459570737,0.31287304118236464,0.31287304118236225
0.24299878500000002,0.1295386798355886,0.3134414816143537,0.3134414816143525
0.2434987825,0.1298232946966744,0.31401009345921177,0.3140100934592118
0.24399878000000003,0.13010799058644176,0.3145788767777959,0.3145788767777973
0.24449877750000001,0.1303927675510411,0.3151478316311316,0.3151478316311346
0.244998775,0.13067762563666183,0.31571695808041145,0.31571695808041617
0.24549877250000002,0.13096256488953323,0.316286256186996,0.3162862561870025
0.24599877,0.13124758535592393,0.3168557260124131,0.3168557260124214
0.24649876750000002,0.13153268708214227,0.3174253676183576,0.317425367618368
0.246998765,0.1318178701145358,0.31799518106669095,0.31799518106670327
0.24749876250000002,0.13210313449949235,0.31856516641944227,0.31856516641945676
0.24799876,0.13238848028343908,0.31913532373880693,0.3191353237388235
0.2484987575,0.13267390751284278,0.3197056530871462,0.31970565308716486
0.24899875500000002,0.13295941623421037,0.32027615452698865,0.32027615452700936
0.2494987525,0.13324500649408832,0.32084682812102816,0.320846828121051
0.24999875000000002,0.1335306783390634,0.32141767393212556,0.32141767393215037
0.2504987475,0.1338164318157619,0.3219886920233066,0.32198869202333336
0.250998745,0.1341022669708503,0.3225598824577633,0.32255988245779166
0.25149874250000004,0.13438818385103504,0.32313124529885284,0.32313124529888276
0.25199874,0.13467418250306268,0.32370278061009794,0.32370278061012897
0.2524987375,0.13496026297372005,0.32427448845518686,0.32427448845521895
0.25299873500000003,0.1352464253098335,0.32484636889797147,0.3248463688980043
0.2534987325,0.13553266955827042,0.3254184220024704,0.3254184220025034
0.25399873,0.13581899576593798,0.32599064783286574,0.325990647832899
0.2544987275,0.13610540397978396,0.32656304645350515,0.32656304645353806
0.25499872500000004,0.13639189424679604,0.3271356179288995,0.3271356179289316
0.2554987225,0.13667846661400262,0.3277083623237247,0.3277083623237557
0.25599872,0.13696512112847264,0.32828127970282095,0.32828127970285037
0.25649871750000003,0.1372518578373152,0.3288543701311917,0.32885437013121926
0.256998715,0.13753867678768034,0.3294276336740052,0.3294276336740305
0.2574987125,0.13782557802675807,0.33000107039659193,0.3300010703966146
0.25799871,0.13811256160177995,0.33057468036444787,0.3305746803644675
0.25849870750000004,0.13839962756001717,0.33114846364323014,0.3311484636432468
0.258998705,0.13868677594878218,0.3317224202987603,0.3317224202987736
0.2594987025,0.13897400681542854,0.3322965503970236,0.3322965503970337
0.2599987,0.13926132020735008,0.3328708540041671,0.3328708540041741
0.2604986975,0.13954871617198136,0.33344533118650044,0.33344533118650455
0.260998695,0.13983619475679854,0.3340199820104972,0.334019982010499
0.2614986925,0.14012375600931817,0.33459480654279244,0.33459480654279256
0.26199869000000003,0.1404113999770981,0.335169804850184,0.33516980485018355
0.2624986875,0.14069912670773696,0.3357449769996319,0.33574497699963146
0.262998685,0.14098693624887484,0.3363203230582588,0.33632032305825843
0.2634986825,0.14127482864819266,0.33689584309334863,0.3368958430933482
0.26399868000000004,0.14156280395341245,0.33747153717234696,0.3374715371723465
0.2644986775,0.14185086221229776,0.33804740536286143,0.33804740536286104
0.264998675,0.14213900347265365,0.33862344773266195,0.3386234477326615
0.26549867250000003,0.1424272277823259,0.33919966434967835,0.3391996643496778
0.26599867,0.14271553518920196,0.33977605528200244,0.3397760552820019
0.2664986675,0.1430039257412109,0.3403526205978875,0.34035262059788685
0.266998665,0.14329239948632294,0.34092936036574717,0.34092936036574645
0.26749866250000004,0.14358095647254995,0.3415062746541562,0.3415062746541554
0.26799866,0.14386959674794564,0.34208336353185076,0.3420833635318498
0.2684986575,0.14415832036060505,0.3426606270677268,0.3426606270677257
0.26899865500000003,0.1444471273586649,0.34323806533084106,0.34323806533083984
0.2694986525,0.14473601779030365,0.3438156783904104,0.3438156783904091
0.26999865,0.14502499170374145,0.3443934663158119,0.3443934663158106
0.2704986475,0.14531404914724053,0.3449714291765834,0.344971429176582
0.27099864500000004,0.1456031901691048,0.3455495670424222,0.3455495670424207
0.2714986425,0.14589241481768012,0.3461278799831855,0.34612787998318395
0.27199864,0.1461817231413542,0.3467063680688902,0.34670636806888866
0.27249863750000003,0.14647111518855682,0.3472850313697128,0.34728503136971123
0.272998635,0.14676059100776007,0.3478638699559898,0.34786386995598817
0.2734986325,0.14705015064747784,0.3484428838982164,0.34844288389821493
0.27399863,0.14733979415626622,0.34902207326704743,0.3490220732670458
0.27449862750000004,0.14762952158272377,0.349601438133297,0.3496014381332955
0.274998625,0.14791933297549073,0.35018097856793734,0.35018097856793595
0.2754986225,0.14820922838324999,0.35076069464210013,0.35076069464209875
0.27599862000000003,0.1484992078547272,0.35134058642707683,0.3513405864270755
0.2764986175,0.14878927143868959,0.35192065399431566,0.3519206539943144
0.276998615,0.14907941918394776,0.35250089741542545,0.35250089741542423
0.2774986125,0.14936965113935372,0.35308131676217114,0.35308131676217
0.27799861000000003,0.14965996735380285,0.3536619121064778,0.35366191210647674
0.2784986075,0.14995036787623311,0.3542426835204284,0.3542426835204273
0.278998605,0.15024085275562454,0.3548236310762632,0.3548236310762622
0.2794986025,0.15053142204100042,0.3554047548463812,0.3554047548463802
0.2799986,0.15082207578142637,0.35598605490333873,0.3559860549033376
0.2804985975,0.15111281402601154,0.3565675313198512,0.35656753131985003
0.280998595,0.15140363682390692,0.35714918416878966,0.35714918416878844
0.28149859250000003,0.15169454422430695,0.35773101352318387,0.3577310135231826
0.28199859,0.15198553627644884,0.35831301945622074,0.3583130194562193
0.2824985875,0.15227661302961348,0.35889520204124564,0.35889520204124403
0.282998585,0.15256777453312353,0.35947756135175885,0.3594775613517571
0.28349858250000004,0.15285902083634564,0.3600600974614195,0.36006009746141765
0.28399858,0.15315035198868962,0.3606428104440436,0.36064281044404145
0.2844985775,0.15344176803960807,0.3612257003736036,0.3612257003736012
0.28499857500000003,0.1537332690385971,0.36180876732422884,0.3618087673242263
0.2854985725,0.154024855035196,0.36239201137020555,0.3623920113702028
0.28599857,0.15431652607898771,0.362975432585977,0.362975432585974
0.2864985675,0.15460828221959783,0.3635590310461413,0.3635590310461381
0.28699856500000004,0.15490012350669635,0.36414280682545525,0.3641428068254518
0.2874985625,0.1551920499899959,0.3647267599988298,0.36472675999882626
0.28799856,0.15548406171925344,0.36531089064133415,0.3653108906413303
0.28849855750000003,0.1557761587442688,0.36589519882819166,0.3658951988281879
0.288998555,0.1560683411148861,0.3664796846347833,0.3664796846347794
0.2894985525,0.15636060888099274,0.367064348136645,0.36706434813664124
0.28999855,0.15665296209252003,0.3676491894094689,0.36764918940946517
0.29049854750000004,0.1569454007994429,0.3682342085291024,0.3682342085290988
0.290998545,0.1572379250517806,0.36881940557154946,0.36881940557154613
0.2914985425,0.15753053489959618,0.3694047806129695,0.36940478061296655
0.29199854000000003,0.1578232303929957,0.36999033372967544,0.3699903337296728
0.2924985375,0.1581160115821306,0.3705760649981382,0.3705760649981362
0.292998535,0.15840887851719568,0.3711619744949827,0.37116197449498134
0.2934985325,0.15870183124842996,0.3717480622969892,0.37174806229698854
0.29399853000000004,0.15899486982611646,0.3723343284810927,0.37233432848109294
0.2944985275,0.15928799430058266,0.3729207731243837,0.3729207731243849
0.294998525,0.15958120472220003,0.3735073963041071,0.37350739630410923
0.2954985225,0.15987450114138488,0.37409419809766364,0.374094198097667
0.29599852000000004,0.16016788360859743,0.37468117858260785,0.37468117858261246
0.2964985175,0.16046135217434251,0.3752683378366493,0.37526833783665536
0.296998515,0.1607549068891695,0.37585567593765234,0.37585567593765984
0.29749851250000003,0.16104854780367175,0.37644319296363465,0.3764431929636437
0.29799851,0.16134227496848802,0.37703088899277,0.37703088899278053
0.2984985075,0.1616360884343013,0.3776187641033856,0.3776187641033979
0.298998505,0.16192998825183919,0.3782068183739628,0.3782068183739767
0.29949850250000004,0.16222397447187403,0.37879505188313717,0.3787950518831528
0.2999985,0.16251804714522308,0.3793834647096986,0.3793834647097159
0.3004984975,0.16281220632274843,0.37997205693259084,0.3799720569326097
0.30099849500000003,0.1631064520553573,0.3805608286309122,0.3805608286309327
0.3014984925,0.16340078439400132,0.38114977988391363,0.38114977988393567
0.30199849,0.16369520338967744,0.3817389107710006,0.381738910771024
0.3024984875,0.1639897090934279,0.38232822137173256,0.3823282213717573
0.30299848500000004,0.16428430155633947,0.3829177117658217,0.38291771176584743
0.3034984825,0.16457898082954453,0.38350738203313434,0.38350738203316104
0.30399848,0.16487374696422047,0.3840972322536901,0.3840972322537174
0.30449847750000003,0.16516860001159028,0.3846872625076625,0.38468726250769036
0.304998475,0.16546354002292177,0.38527747287537745,0.3852774728754055
0.3054984725,0.16575856704952838,0.3858678634373146,0.3858678634373426
0.30599847,0.1660536811427691,0.38645843427410714,0.3864584342741347
0.30649846750000004,0.1663488823540484,0.3870491854665411,0.3870491854665679
0.306998465,0.1666441707348158,0.38764011709555474,0.3876401170955805
0.3074984625,0.16693954633656713,0.38823122924224074,0.38823122924226516
0.30799846000000003,0.1672350092108433,0.38882252198784356,0.3888225219878664
0.3084984575,0.1675305594092313,0.3894139954137612,0.389413995413782
0.308998455,0.16782619698336365,0.3900056496015439,0.39000564960156253
0.3094984525,0.1681219219849185,0.39059748463289434,0.3905974846329105
0.30999845000000004,0.16841773446562067,0.3911895005896695,0.39118950058968316
0.3104984475,0.16871363447723958,0.39178169755387626,0.3917816975538871
0.310998445,0.1690096220715918,0.3923740756076762,0.3923740756076843
0.31149844250000003,0.16930569730053963,0.3929666348333829,0.39296663483338856
0.31199844,0.16960186021599089,0.3935593753134612,0.39355937531346447
0.3124984375,0.1698981108699002,0.3941522971305295,0.3941522971305309
0.312998435,0.17019444931426805,0.3947454003673579,0.39474540036735817
0.31349843250000003,0.1704908756011415,0.3953386851068692,0.3953386851068689
0.31399843,0.17078738978261318,0.3959321514321372,0.39593215143213695
0.3144984275,0.17108399191082274,0.3965257994263892,0.39652579942638894
0.314998425,0.17138068203795617,0.39711962917300403,0.39711962917300386
0.31549842250000004,0.1716774602162459,0.39771364075551263,0.39771364075551235
0.31599842,0.1719743264979703,0.3983078342575965,0.39830783425759636
0.3164984175,0.17227128093545507,0.3989022097630907,0.39890220976309043
0.31699841500000003,0.1725683235810721,0.39949676735598094,0.3994967673559807
0.3174984125,0.17286545448724047,0.40009150712040586,0.4000915071204056
0.31799841,0.17316267370642535,0.40068642914065444,0.4006864291406542
0.3184984075,0.17345998129113901,0.4012815335011679,0.4012815335011675
0.31899840500000004,0.17375737729394072,0.4018768202865392,0.4018768202865387
0.3194984025,0.17405486176743645,0.4024722895815126,0.40247228958151204
0.3199984,0.17435243476427897,0.40306794147098335,0.4030679414709826
0.32049839750000003,0.17465009633716835,0.4036637760399987,0.40366377603999787
0.320998395,0.17494784653885193,0.40425979337375767,0.40425979337375695
0.3214983925,0.1752456854221238,0.40485599355760993,0.40485599355760893
0.32199839,0.175543613039825,0.4054523766770557,0.40545237667705464
0.32249838750000004,0.1758416294448447,0.4060489428177484,0.4060489428177474
0.322998385,0.1761397346901183,0.4066456920654904,0.4066456920654892
0.3234983825,0.17643792882862952,0.4072426245062371,0.407242624506236
0.32399838000000003,0.17673621191340902,0.40783974022609404,0.4078397402260928
0.3244983775,0.17703458399753466,0.4084370393113172,0.408437039311316
0.324998375,0.17733304513413248,0.4090345218483149,0.40903452184831374
0.3254983725,0.17763159537637552,0.4096321879236453,0.40963218792364414
0.32599837000000004,0.1779302347774847,0.4102300376240178,0.4102300376240168
0.3264983675,0.17822896339072875,0.4108280710362928,0.41082807103629193
0.326998365,0.17852778126942404,0.41142628824748156,0.4114262882474807
0.32749836250000003,0.17882668846693453,0.41202468934474545,0.41202468934474457
0.32799836000000004,0.17912568503667256,0.41262327441539753,0.4126232744153968
0.3284983575,0.17942477103209784,0.4132220435469006,0.4132220435468999
0.328998355,0.1797239465067184,0.4138209968268688,0.41382099682686824
0.32949835250000004,0.1800232115140903,0.41442013434306646,0.414420134343066
0.32999835,0.18032256610781755,0.41501945618340874,0.4150194561834084
0.3304983475,0.1806220103415525,0.4156189624359613,0.415618962435961
0.330998345,0.18092154426899532,0.41621865318893947,0.4162186531889393
0.33149834250000004,0.18122116794389503,0.4168185285307105,0.41681852853071033
0.33199834,0.18152088142004855,0.41741858854979086,0.4174185885497907
0.3324983375,0.18182068475130145,0.41801883333484813,0.418018833334848
0.33299833500000003,0.18212057799154724,0.41861926297469915,0.418619262974699
0.3334983325,0.18242056119472855,0.41921987755831225,0.419219877558312
0.33399833,0.18272063441483644,0.41982067717480587,0.4198206771748057
0.3344983275,0.18302079770591023,0.4204216619134479,0.4204216619134476
0.33499832500000004,0.18332105112203814,0.4210228318636568,0.42102283186365647
0.3354983225,0.18362139471735728,0.42162418711500166,0.4216241871150013
0.33599832,0.18392182854605355,0.4222257277572016,0.42222572775720113
0.33649831750000003,0.18422235266236128,0.42282745388012505,0.4228274538801244
0.336998315,0.1845229671205639,0.42342936557379085,0.42342936557379013
0.3374983125,0.1848236719749942,0.42403146292836863,0.4240314629283678
0.33799831,0.18512446728003384,0.4246337460341779,0.424633746034177
0.33849830750000004,0.18542535309011304,0.4252362149816869,0.42523621498168584
0.338998305,0.1857263294597116,0.42583886986151476,0.42583886986151354
0.3394983025,0.18602739644335856,0.4264417107644306,0.42644171076442927
0.33999830000000003,0.1863285540956323,0.42704473778135366,0.42704473778135227
0.3404982975,0.18662980247116007,0.4276479510033521,0.4276479510033507
0.340998295,0.18693114162461916,0.42825135052164526,0.42825135052164387
0.3414982925,0.187232571610736,0.42885493642760164,0.4288549364276002
0.34199829000000004,0.1875340924842859,0.4294587088127384,0.42945870881273707
0.3424982875,0.18783570430009483,0.4300626677687246,0.4300626677687234
0.342998285,0.18813740711303745,0.4306668133873772,0.4306668133873762
0.34349828250000003,0.18843920097803918,0.43127114576066516,0.4312711457606643
0.34399828,0.18874108595007383,0.4318756649807043,0.43187566498070373
0.3444982775,0.189043062084166,0.4324803711397621,0.432480371139762
0.344998275,0.18934512943538973,0.43308526433025507,0.4330852643302554
0.34549827250000004,0.18964728805886935,0.4336903446447499,0.4336903446447508
0.34599827,0.18994953800977873,0.4342956121759622,0.43429561217596363
0.3464982675,0.190251879343342,0.4349010670167574,0.43490106701675957
0.34699826500000003,0.19055431211483354,0.435506709260151,0.43550670926015383
0.34749826250000004,0.19085683637957748,0.43611253899930724,0.43611253899931113
0.34799826,0.19115945219294858,0.43671855632754064,0.43671855632754525
0.3484982575,0.19146215961037172,0.437324761338315,0.43732476133832066
0.34899825500000003,0.19176495868732216,0.4379311541252437,0.43793115412525035
0.3494982525,0.1920678494793256,0.43853773478208974,0.4385377347820975
0.34999825,0.192370832041958,0.4391445034027652,0.4391445034027741
0.3504982475,0.19267390643084614,0.439751460081332,0.4397514600813421
0.35099824500000004,0.19297707270166717,0.44035860491200146,0.44035860491201273
0.3514982425,0.19328033091014907,0.4409659379891345,0.44096593798914707
0.35199824,0.19358368111207047,0.4415734594072414,0.441573459407255
0.35249823750000003,0.1938871233632609,0.4421811692609821,0.442181169260997
0.352998235,0.19419065771960034,0.44278906764516524,0.4427890676451812
0.3534982325,0.19449428423701998,0.4433971546547495,0.44339715465476653
0.35399823,0.19479800297150207,0.4440054303848431,0.44400543038486107
0.35449822750000004,0.19510181397907966,0.4446138949307032,0.44461389493072206
0.354998225,0.1954057173158367,0.44522254838773606,0.4452225483877557
0.3554982225,0.19570971303790874,0.44583139085149825,0.44583139085151857
0.35599822000000003,0.19601380120148237,0.44644042241769527,0.44644042241771603
0.3564982175,0.19631798186279553,0.4470496431821822,0.4470496431822032
0.356998215,0.1966222550781373,0.4476590532409631,0.44765905324098415
0.3574982125,0.19692662090384802,0.448268652690191,0.44826865269021193
0.35799821000000004,0.19723107939632015,0.4488784416261698,0.44887844162619045
0.3584982075,0.1975356306119969,0.449488420145351,0.449488420145371
0.358998205,0.19784027460737347,0.45009858834433647,0.4500985883443557
0.35949820250000003,0.1981450114389966,0.4507089463198769,0.450708946319895
0.35999820000000005,0.198449841163465,0.4513194941688731,0.45131949416888995
0.3604981975,0.19875476383742885,0.45193023198837445,0.4519302319883898
0.360998195,0.19905977951759013,0.45254115987557975,0.4525411598755934
0.36149819250000004,0.19936488826070284,0.4531522779278371,0.45315227792784885
0.36199819,0.19967009012357323,0.4537635862426447,0.4537635862426545
0.3624981875,0.19997538516305888,0.45437508491764866,0.45437508491765655
0.36299818500000003,0.20028077343607037,0.45498677405064625,0.454986774050652
0.36349818250000004,0.2005862549995697,0.4555986537395824,0.4555986537395864
0.36399818,0.20089182991057125,0.45621072408255203,0.4562107240825543
0.3644981775,0.2011974982261418,0.45682298517779935,0.45682298517780023
0.36499817500000004,0.2015032600034005,0.457435437123718,0.4574354371237179
0.3654981725,0.20180911529951895,0.45804808001885117,0.458048080018851
0.36599817,0.20211506417172095,0.4586609139618909,0.4586609139618906
0.3664981675,0.2024211066772831,0.4592739390516791,0.45927393905167896
0.36699816500000004,0.20272724287353458,0.459887155387207,0.4598871553872069
0.3674981625,0.2030334728178571,0.4605005630676148,0.4605005630676146
0.36799816,0.20333979656768522,0.46111416219219226,0.4611141621921921
0.36849815750000003,0.20364621418050627,0.46172795286037865,0.46172795286037854
0.368998155,0.20395272571386025,0.46234193517176214,0.4623419351717619
0.3694981525,0.20425933122534068,0.46295610922608144,0.46295610922608127
0.36999815,0.20456603077259322,0.4635704751232229,0.4635704751232227
0.37049814750000004,0.20487282441331725,0.4641850329632239,0.4641850329632236
0.370998145,0.2051797122052651,0.46479978284627044,0.4647997828462701
0.3714981425,0.20548669420624205,0.46541472487269797,0.46541472487269764
0.37199814000000003,0.2057937704741069,0.46602985914299155,0.46602985914299105
0.3724981375,0.2061009410667718,0.46664518575778585,0.4666451857577854
0.372998135,0.20640820604220186,0.46726070481786436,0.46726070481786375
0.3734981325,0.20671556545841618,0.46787641642416083,0.46787641642416017
0.37399813000000004,0.20702301937348713,0.46849232067775815,0.4684923206777575
0.3744981275,0.20733056784554055,0.46910841767988853,0.46910841767988776
0.374998125,0.20763821093275633,0.46972470753193446,0.4697247075319336
0.37549812250000003,0.2079459486933674,0.4703411903354266,0.4703411903354259
0.37599812,0.20825378118566124,0.4709578661920467,0.470957866192046
0.3764981175,0.20856170846797842,0.47157473520362475,0.471574735203624
0.376998115,0.2088697305987141,0.47219179747214135,0.4721917974721406
0.37749811250000004,0.20917784763631672,0.4728090530997255,0.47280905309972465
0.37799811,0.2094860596392896,0.47342650218865745,0.47342650218865673
0.3784981075,0.2097943666661895,0.47404414484136587,0.47404414484136526
0.37899810500000003,0.2101027687756275,0.47466198116042907,0.47466198116042857
0.37949810250000005,0.21041126602626917,0.47528001124857583,0.47528001124857544
0.3799981,0.2107198584768341,0.4758982352086839,0.4758982352086836
0.3804980975,0.21102854618609668,0.4765166531437815,0.47651665314378133
0.38099809500000004,0.21133732921288503,0.4771352651570453,0.4771352651570452
0.3814980925,0.21164620761608235,0.4777540713518028,0.47775407135180276
0.38199809,0.21195518145462638,0.47837307183153116,0.47837307183153116
0.38249808750000003,0.2122642507875095,0.47899226669985734,0.4789922666998574
0.38299808500000004,0.21257341567377822,0.47961165606055706,0.47961165606055733
0.3834980825,0.21288267617253478,0.48023124001755757,0.48023124001755785
0.38399808,0.21319203234293563,0.48085101867493485,0.4808510186749352
0.38449807750000004,0.2135014842441923,0.4814709921369151,0.48147099213691547
0.384998075,0.21381103193557136,0.4820911605078744,0.4820911605078748
0.3854980725,0.21412067547639446,0.48271152389233907,0.48271152389233946
0.38599807,0.2144304149260384,0.48333208239498515,0.4833320823949856
0.38649806750000004,0.21474025034393474,0.48395283612063805,0.48395283612063844
0.386998065,0.2150501817895707,0.4845737851742739,0.48457378517427435
0.3874980625,0.2153602093224891,0.48519492966101946,0.48519492966101996
0.38799806000000003,0.21567033300228758,0.48581626968615044,0.4858162696861509
0.3884980575,0.2159805528886196,0.48643780535509323,0.4864378053550936
0.388998055,0.2162908690411938,0.48705953677342384,0.4870595367734242
0.3894980525,0.21660128151977492,0.4876814640468693,0.4876814640468696
0.38999805000000004,0.21691179038418287,0.48830358728130585,0.48830358728130596
0.3904980475,0.21722239569429394,0.4889259065827613,0.48892590658276136
0.390998045,0.21753309751003944,0.489548422057412,0.48954842205741195
0.39149804250000003,0.21784389589140735,0.4901711338115864,0.4901711338115864
0.39199804000000005,0.2181547908984409,0.4907940419517617,0.49079404195176163
0.3924980375,0.21846578259123975,0.49141714658456626,0.49141714658456614
0.392998035,0.2187768710299595,0.4920404478167786,0.4920404478167785
0.39349803250000004,0.21908805627481215,0.49266394575532824,0.49266394575532824
0.39399803,0.21939933838606548,0.493287640507294,0.4932876405072941
0.3944980275,0.21971071742404394,0.49391153217990624,0.49391153217990624
0.39499802500000003,0.22002219344912816,0.49453562088054526,0.4945356208805455
0.39549802250000005,0.22033376652175538,0.49515990671674237,0.4951599067167427
0.39599802,0.22064543670241932,0.49578438979617934,0.49578438979617995
0.3964980175,0.22095720405167013,0.49640907022668834,0.4964090702266892
0.39699801500000004,0.22126906863011458,0.4970339481162522,0.4970339481162534
0.3974980125,0.22158103049841643,0.49765902357300484,0.4976590235730064
0.39799801,0.221893089717296,0.49828429670523067,0.49828429670523255
0.39849800750000003,0.22220524634753044,0.4989097676213648,0.4989097676213672
0.39899800500000004,0.2225175004499543,0.49953543642999393,0.49953543642999687
0.3994980025,0.2228298520854584,0.5001613032398544,0.5001613032398579
0.399998,0.22314230131499113,0.5007873681598342,0.500787368159838
0.40049799750000004,0.22345484819955774,0.5014136312989719,0.5014136312989765
0.400997995,0.2237674928002214,0.5020400927664583,0.5020400927664637
0.4014979925,0.22408023517810152,0.5026667526716335,0.5026667526716395
0.40199799,0.22439307539437556,0.5032936111239897,0.5032936111239963
0.40249798750000004,0.22470601351027844,0.5039206682331704,0.5039206682331777
0.402997985,0.22501904958710198,0.5045479241089689,0.504547924108977
0.4034979825,0.2253321836861964,0.5051753788613317,0.5051753788613405
0.40399798000000003,0.22564541586896888,0.5058030326003549,0.5058030326003644
0.4044979775,0.2259587461968846,0.5064308854362866,0.5064308854362969
0.404997975,0.22627217473146694,0.5070589374795269,0.5070589374795378
0.4054979725,0.22658570153429627,0.5076871888406258,0.5076871888406373
0.40599797000000004,0.22689932666701154,0.5083156396302859,0.5083156396302978
0.4064979675,0.22721305019130947,0.5089442899593608,0.5089442899593732
0.406997965,0.22752687216894515,0.5095731399388561,0.5095731399388689
0.40749796250000003,0.22784079266173146,0.5102021896799285,0.5102021896799414
0.40799796,0.22815481173153984,0.5108314392938867,0.5108314392938998
0.4084979575,0.22846892944029967,0.5114608888921908,0.5114608888922038
0.408997955,0.22878314584999906,0.5120905385864528,0.5120905385864656
0.40949795250000004,0.22909746102268416,0.512720388488436,0.5127203884884486
0.40999795,0.2294118750204601,0.5133504387100565,0.5133504387100687
0.4104979475,0.22972638790549074,0.5139806893633825,0.513980689363394
0.41099794500000003,0.23004099973999748,0.5146111405606315,0.5146111405606424
0.41149794250000005,0.2303557105862619,0.5152417924141766,0.5152417924141864
0.41199794,0.23067052050662362,0.5158726450365407,0.5158726450365496
0.4124979375,0.23098542956348117,0.5165036985403993,0.5165036985404071
0.41299793500000004,0.2313004378192923,0.5171349530385804,0.5171349530385869
0.4134979325,0.23161554533657372,0.5177664086440638,0.517766408644069
0.41399793,0.23193075217790127,0.518398065469982,0.518398065469986
0.41449792750000003,0.23224605840590964,0.519029923629619,0.5190299236296215
0.41499792500000005,0.23256146408329337,0.5196619832364121,0.5196619832364137
0.4154979225,0.23287696927280577,0.5202942444039503,0.520294244403951
0.41599792,0.23319257403726032,0.5209267072459765,0.5209267072459765
0.41649791750000004,0.23350827843952895,0.5215593718763837,0.5215593718763835
0.416997915,0.23382408254254416,0.52219223840922,0.5221922384092198
0.4174979125,0.2341399864092973,0.5228253069586847,0.5228253069586845
0.41799791000000003,0.23445599010284002,0.5234585776391304,0.5234585776391304
0.41849790750000004,0.23477209368628357,0.5240920505650628,0.5240920505650628
0.418997905,0.23508829722279878,0.5247257258511393,0.5247257258511393
0.4194979025,0.23540460077561717,0.5253596036121719,0.5253596036121719
0.41999790000000004,0.23572100440802918,0.5259936839631235,0.5259936839631235
0.4204978975,0.23603750818338617,0.5266279670191116,0.5266279670191116
0.420997895,0.2363541121650996,0.5272624528954065,0.5272624528954064
0.4214978925,0.23667081641664098,0.5278971417074315,0.5278971417074313
0.42199789000000004,0.23698762100154216,0.5285320335707631,0.5285320335707628
0.4224978875,0.23730452598339524,0.5291671286011305,0.5291671286011302
0.422997885,0.23762153142585327,0.5298024269144177,0.5298024269144174
0.42349788250000003,0.23793863739262952,0.5304379286266611,0.5304379286266606
0.42399788000000005,0.23825584394749766,0.5310736338540502,0.5310736338540497
0.4244978775,0.23857315115429256,0.531709542712929,0.5317095427129285
0.424997875,0.23889055907690995,0.5323456553197955,0.5323456553197949
0.42549787250000004,0.23920806777930553,0.5329819717912992,0.5329819717912986
0.42599787,0.23952567732549704,0.533618492244246,0.5336184922442453
0.4264978675,0.2398433877795623,0.5342552167955933,0.5342552167955926
0.42699786500000003,0.2401611992056412,0.5348921455624546,0.5348921455624538
0.42749786250000005,0.2404791116679338,0.5355292786620953,0.5355292786620947
0.42799786,0.24079712523070196,0.5361666162119361,0.5361666162119354
0.4284978575,0.24111523995826886,0.5368041583295514,0.5368041583295506
0.42899785500000004,0.241433455915019,0.5374419051326699,0.5374419051326692
0.4294978525,0.24175177316539845,0.5380798567391746,0.538079856739174
0.42999785,0.24207019177391464,0.5387180132671023,0.5387180132671018
0.43049784750000003,0.2423887118051369,0.539356374834645,0.5393563748346446
0.43099784500000005,0.24270733332369598,0.5399949415601483,0.5399949415601479
0.4314978425,0.24302605639428465,0.5406337135621128,0.5406337135621125
0.43199784,0.2433448810816576,0.5412726909591937,0.5412726909591936
0.43249783750000004,0.24366380745063135,0.541911873870201,0.541911873870201
0.432997835,0.2439828355660844,0.5425512624140989,0.5425512624140991
0.4334978325,0.2443019654929572,0.5431908567100063,0.5431908567100068
0.43399783000000003,0.2446211972962531,0.5438306568771983,0.5438306568771988
0.43449782750000004,0.24494053104103708,0.544470663035104,0.5444706630351047
0.434997825,0.24525996679243656,0.5451108753033074,0.5451108753033079
0.4354978225,0.24557950461564168,0.5457512938015481,0.5457512938015487
0.43599782000000004,0.24589914457590484,0.5463919186497208,0.5463919186497217
0.4364978175,0.24621888673854092,0.547032749967875,0.5470327499678759
0.436997815,0.24653873116892777,0.5476737878762161,0.5476737878762171
0.4374978125,0.24685867793250577,0.5483150324951047,0.5483150324951058
0.43799781000000004,0.24717872709477856,0.5489564839450577,0.5489564839450589
0.4384978075,0.24749887872131182,0.5495981423467458,0.5495981423467471
0.438997805,0.24781913287773513,0.5502400078209971,0.5502400078209985
0.43949780250000003,0.2481394896297405,0.5508820804887945,0.5508820804887957
0.4399978,0.24845994904308377,0.5515243604712776,0.551524360471279
0.4404977975,0.24878051118358338,0.5521668478897412,0.5521668478897425
0.440997795,0.24910117611712135,0.5528095428656361,0.5528095428656373
0.44149779250000004,0.24942194390964315,0.5534524455205697,0.553452445520571
0.44199779,0.2497428146271574,0.5540955559763048,0.5540955559763059
0.4424977875,0.25006378833573667,0.5547388743547609,0.5547388743547621
0.44299778500000003,0.2503848651015172,0.5553824007780145,0.5553824007780156
0.44349778250000005,0.2507060449906989,0.5560261353682978,0.5560261353682988
0.44399778,0.25102732806954486,0.5566700782479987,0.5566700782479997
0.4444977775,0.2513487144043828,0.557314229539663,0.557314229539664
0.44499777500000004,0.25167020406160434,0.5579585893659932,0.5579585893659942
0.4454977725,0.2519917971076649,0.5586031578498476,0.5586031578498486
0.44599777,0.2523134936090842,0.5592479351142422,0.5592479351142432
0.44649776750000003,0.252635293632446,0.5598929212823492,0.5598929212823504
0.44699776500000005,0.2529571972443987,0.5605381164774988,0.5605381164775001
0.4474977625,0.25327920451165453,0.5611835208231774,0.5611835208231785
0.44799776,0.2536013155009908,0.561829134443029,0.5618291344430305
0.44849775750000004,0.2539235302792489,0.5624749574608547,0.5624749574608564
0.448997755,0.254245848913335,0.5631209900006132,0.563120990000615
0.4494977525,0.25456827147022054,0.5637672321864214,0.5637672321864237
0.44999775000000003,0.2548907980169405,0.5644136841425518,0.5644136841425542
0.45049774750000005,0.2552134286205959,0.5650603459934364,0.5650603459934392
0.450997745,0.25553616334835216,0.5657072178636641,0.5657072178636673
0.4514977425,0.25585900226744,0.5663542998779819,0.5663542998779855
0.45199774000000004,0.2561819454451552,0.5670015921612948,0.5670015921612989
0.4524977375,0.2565049929488587,0.5676490948386655,0.5676490948386701
0.452997735,0.25682814484597694,0.5682968080353156,0.5682968080353207
0.45349773250000003,0.2571514012040012,0.5689447318766234,0.5689447318766292
0.45399773000000004,0.2574747620904891,0.5695928664881275,0.5695928664881338
0.4544977275,0.25779822757306287,0.5702412119955229,0.5702412119955298
0.454997725,0.2581217977194113,0.5708897685246651,0.5708897685246727
0.45549772250000004,0.25844547259728806,0.5715385362015664,0.5715385362015747
0.45599772000000005,0.25876925227451336,0.572187515152399,0.5721875151524078
0.4564977175,0.2590931368189727,0.5728367055034932,0.5728367055035027
0.456997715,0.2594171262986181,0.5734861073813387,0.5734861073813489
0.45749771250000004,0.25974122078146733,0.5741357209125842,0.5741357209125948
0.45799771,0.26006542033560415,0.5747855462240367,0.5747855462240476
0.4584977075,0.26038972502917923,0.5754355834426638,0.5754355834426753
0.45899770500000003,0.26071413493040846,0.5760858326955901,0.5760858326956022
0.45949770250000005,0.2610386501075755,0.5767362941101027,0.5767362941101152
0.4599977,0.2613632706290293,0.5773869678136454,0.5773869678136581
0.4604976975,0.26168799656318625,0.5780378539338235,0.5780378539338362
0.46099769500000004,0.26201282797852876,0.5786889525984004,0.5786889525984131
0.4614976925,0.26233776494360656,0.5793402639353008,0.5793402639353133
0.46199769,0.26266280752703586,0.5799917880726083,0.5799917880726206
0.46249768750000003,0.26298795579749995,0.580643525138567,0.580643525138579
0.46299768500000005,0.26331320982374884,0.5812954752615803,0.5812954752615918
0.4634976825,0.2636385696746003,0.5819476385702134,0.5819476385702241
0.46399768,0.2639640354189389,0.5826000151931907,0.5826000151932007
0.46449767750000004,0.2642896071257162,0.5832526052593965,0.5832526052594057
0.464997675,0.26461528486395147,0.5839054088978767,0.5839054088978848
0.4654976725,0.26494106870273154,0.5845584262378374,0.5845584262378445
0.46599767000000003,0.26526695871121053,0.5852116574086456,0.5852116574086513
0.46649766750000005,0.26559295495861024,0.5858651025398286,0.5858651025398331
0.466997665,0.26591905751422024,0.5865187617610752,0.5865187617610786
0.4674976625,0.26624526644739793,0.5871726352022352,0.5871726352022375
0.46799766000000004,0.2665715818275687,0.5878267229933196,0.587826722993321
0.4684976575,0.2668980037242255,0.5884810252645001,0.5884810252645006
0.468997655,0.2672245322069302,0.5891355421461111,0.5891355421461111
0.46949765250000003,0.267551167345312,0.589790273768647,0.589790273768647
0.46999765000000004,0.26787790920906845,0.5904452202627645,0.5904452202627645
0.4704976475,0.26820475786796577,0.591100381759282,0.5911003817592821
0.470997645,0.2685317133918386,0.5917557583891804,0.5917557583891804
0.47149764250000004,0.2688587758505901,0.5924113502836015,0.5924113502836017
0.47199764,0.2691859453141916,0.5930671575738494,0.5930671575738498
0.4724976375,0.2695132218526835,0.5937231803913904,0.5937231803913906
0.472997635,0.2698406055361751,0.5943794188678535,0.5943794188678537
0.47349763250000004,0.27016809643484446,0.5950358731350299,0.59503587313503
0.47399763,0.2704956946189385,0.5956925433248731,0.5956925433248733
0.4744976275,0.2708234001587732,0.596349429569499,0.5963494295694991
0.47499762500000003,0.271151213124734,0.597006532001187,0.5970065320011871
0.47549762250000005,0.27147913358727505,0.5976638507523786,0.5976638507523786
0.47599762,0.2718071616169202,0.5983213859556785,0.5983213859556786
0.4764976175,0.2721352972842628,0.598979137743855,0.5989791377438548
0.47699761500000004,0.2724635406599656,0.5996371062498391,0.5996371062498389
0.4774976125,0.2727918918147607,0.600295291606725,0.6002952916067247
0.47799761,0.2731203508194503,0.6009536939477707,0.6009536939477704
0.47849760750000003,0.2734489177449061,0.6016123134063974,0.601612313406397
0.47899760500000005,0.2737775926620699,0.6022711501161906,0.60227115011619
0.4794976025,0.2741063756419535,0.6029302042108992,0.6029302042108985
0.4799976,0.27443526675563845,0.6035894758244358,0.6035894758244351
0.48049759750000004,0.2747642660742767,0.6042489650908774,0.6042489650908769
0.480997595,0.2750933736690903,0.6049086721444649,0.6049086721444643
0.4814975925,0.27542258961137167,0.6055685971196033,0.6055685971196028
0.48199759000000003,0.27575191397248405,0.6062287401508633,0.6062287401508627
0.48249758750000005,0.27608134682386093,0.6068891013729788,0.6068891013729784
0.482997585,0.2764108882370058,0.6075496809208479,0.6075496809208476
0.4834975825,0.2767405382834941,0.6082104789295355,0.6082104789295352
0.48399758000000004,0.2770702970349709,0.6088714955342691,0.6088714955342689
0.4844975775,0.277400164563153,0.6095327308704429,0.6095327308704429
0.484997575,0.2777301409398278,0.6101941850736158,0.6101941850736159
0.48549757250000003,0.27806022623685406,0.6108558582795118,0.6108558582795122
0.48599757000000005,0.27839042052616125,0.6115177506240201,0.6115177506240206
0.4864975675,0.27872072387975066,0.612179862243196,0.6121798622431966
0.486997565,0.2790511363696943,0.6128421932732594,0.6128421932732602
0.48749756250000004,0.2793816580681365,0.6135047438505976,0.6135047438505985
0.48799756000000005,0.27971228904729256,0.614167514111763,0.6141675141117641
0.4884975575,0.28004302937944936,0.614830504193473,0.6148305041934743
0.48899755500000003,0.28037387913696576,0.6154937142326127,0.615493714232614
0.48949755250000004,0.28070483839227245,0.6161571443662326,0.6161571443662344
0.48999755,0.2810359072178724,0.6168207947315509,0.6168207947315529
0.4904975475,0.2813670856863398,0.6174846654659505,0.6174846654659525
0.49099754500000004,0.2816983738703215,0.618148756706982,0.6181487567069841
0.49149754250000005,0.28202977184253697,0.6188130685923637,0.6188130685923661
0.49199754,0.2823612796757769,0.6194776012599786,0.6194776012599812
0.4924975375,0.2826928974429052,0.6201423548478786,0.6201423548478812
0.49299753500000004,0.2830246252168583,0.6208073294942823,0.620807329494285
0.4934975325,0.28335646307064494,0.6214725253375757,0.6214725253375784
0.49399753,0.2836884110773468,0.6221379425163123,0.6221379425163149
0.49449752750000003,0.284020469310118,0.6228035811692126,0.6228035811692154
0.49499752500000005,0.2843526378421861,0.6234694414351662,0.6234694414351691
0.4954975225,0.2846849167468512,0.6241355234532293,0.6241355234532321
0.49599752,0.28501730609748643,0.6248018273626262,0.624801827362629
0.49649751750000004,0.28534980596753884,0.6254683533027507,0.6254683533027536
0.496997515,0.28568241643052783,0.6261351014131634,0.6261351014131661
0.4974975125,0.28601513756004693,0.6268020718335942,0.6268020718335969
0.49799751000000003,0.28634796942976265,0.627469264703941,0.6274692647039437
0.49849750750000005,0.2866809121134151,0.6281366801642706,0.6281366801642734
0.498997505,0.2870139656848187,0.6288043183548192,0.628804318354822
0.4994975025,0.28734713021786085,0.6294721794159912,0.6294721794159938
0.49999750000000004,0.2876804057865033,0.6301402634883606,0.6301402634883633
0.5004974975,0.2880137924647813,0.6308085707126702,0.6308085707126728
0.500997495,0.288347290326805,0.6314771012298329,0.6314771012298356
0.5014974925,0.2886808994467578,0.6321458551809305,0.6321458551809331
0.50199749,0.289014619898898,0.6328148327072148,0.6328148327072176
0.5024974875,0.28934845175755824,0.6334840339501081,0.6334840339501111
0.5029974850000001,0.28968239509714516,0.6341534590512012,0.6341534590512042
0.5034974825,0.2900164499921404,0.6348231081522561,0.6348231081522593
0.50399748,0.29035061651710004,0.6354929813952047,0.6354929813952082
0.5044974775000001,0.29068489474665515,0.6361630789221496,0.6361630789221532
0.504997475,0.2910192847555112,0.6368334008753631,0.6368334008753669
0.5054974725,0.2913537866184493,0.6375039473972893,0.6375039473972937
0.5059974700000001,0.2916884004103253,0.6381747186305431,0.6381747186305478
0.5064974675,0.29202312620606996,0.6388457147179092,0.6388457147179143
0.506997465,0.29235796408068976,0.6395169358023446,0.6395169358023499
0.5074974625,0.2926929141092663,0.6401883820269771,0.6401883820269831
0.50799746,0.29302797636695666,0.6408600535351062,0.6408600535351126
0.5084974575,0.2933631509289935,0.6415319504702025,0.6415319504702094
0.508997455,0.29369843787068545,0.6422040729759092,0.6422040729759166
0.5094974525,0.2940338372674161,0.6428764211960396,0.6428764211960476
0.5099974500000001,0.2943693491946462,0.6435489952745819,0.6435489952745905
0.5104974475,0.2947049737279111,0.6442217953556935,0.6442217953557027
0.510997445,0.295040710942823,0.6448948215837055,0.6448948215837152
0.5114974425000001,0.2953765609150703,0.6455680741031218,0.6455680741031322
0.51199744,0.2957125237204176,0.6462415530586185,0.6462415530586294
0.5124974375,0.29604859943470574,0.6469152585950446,0.6469152585950559
0.5129974350000001,0.29638478813385205,0.6475891908574216,0.6475891908574334
0.5134974325,0.2967210898938508,0.6482633499909451,0.6482633499909574
0.51399743,0.2970575047907724,0.6489377361409825,0.6489377361409951
0.5144974275,0.2973940329007646,0.6496123494530758,0.6496123494530888
0.514997425,0.2977306743000518,0.6502871900729402,0.6502871900729535
0.5154974225000001,0.2980674290649354,0.6509622581464645,0.6509622581464777
0.51599742,0.2984042972717935,0.6516375538197104,0.6516375538197238
0.5164974175,0.2987412789970824,0.6523130772389159,0.652313077238929
0.5169974150000001,0.2990783743173351,0.6529888285504915,0.6529888285505046
0.5174974125,0.2994155833091618,0.6536648079010218,0.6536648079010345
0.51799741,0.29975290604925076,0.6543410154372671,0.6543410154372794
0.5184974075000001,0.3000903426143674,0.6550174513061613,0.6550174513061728
0.518997405,0.30042789308135537,0.6556941156548138,0.6556941156548248
0.5194974025,0.30076555752713585,0.6563710086305088,0.656371008630519
0.5199974,0.30110333602870804,0.6570481303807054,0.6570481303807145
0.5204973975,0.3014412286631488,0.6577254810530375,0.6577254810530455
0.520997395,0.30177923550761393,0.6584030607953155,0.6584030607953226
0.5214973925,0.3021173566393371,0.6590808697555254,0.6590808697555312
0.52199739,0.30245559213562984,0.6597589080818271,0.6597589080818318
0.5224973875000001,0.302793942073883,0.6604371759225587,0.6604371759225621
0.522997385,0.3031324065315658,0.6611156734262336,0.6611156734262361
0.5234973825,0.3034709855862256,0.6617944007415406,0.661794400741542
0.5239973800000001,0.30380967931548924,0.6624733580173462,0.6624733580173469
0.5244973775,0.3041484877970621,0.6631525454026926,0.663152545402693
0.524997375,0.3044874111087288,0.6638319630467996,0.6638319630467997
0.5254973725000001,0.3048264493283528,0.664511611099063,0.664511611099063
0.52599737,0.30516560253387676,0.6651914897090558,0.6651914897090561
0.5264973675,0.30550487080332284,0.6658715990265288,0.6658715990265288
0.526997365,0.30584425421479294,0.6665519392014103,0.6665519392014106
0.5274973625,0.3061837528464677,0.6672325103838049,0.6672325103838052
0.5279973600000001,0.3065233667766082,0.6679133127239963,0.6679133127239967
0.5284973575,0.30686309608355505,0.668594346372446,0.6685943463724464
0.528997355,0.3072029408457284,0.6692756114797924,0.6692756114797928
0.5294973525000001,0.30754290114162885,0.6699571081968535,0.6699571081968537
0.52999735,0.3078829770498368,0.6706388366746249,0.6706388366746252
0.5304973475,0.30822316864901295,0.6713207970642809,0.6713207970642813
0.5309973450000001,0.3085634760178982,0.672002989517175,0.6720029895171752
0.5314973425,0.3089038992353141,0.6726854141848392,0.6726854141848393
0.53199734,0.30924443838016236,0.6733680712189843,0.6733680712189845
0.5324973375000001,0.30958509353142566,0.6740509607715013,0.6740509607715012
0.532997335,0.3099258647681673,0.6747340829944598,0.6747340829944595
0.5334973325,0.3102667521695314,0.6754174380401093,0.675417438040109
0.53399733,0.3106077558147431,0.6761010260608793,0.6761010260608789
0.5344973275,0.3109488757831086,0.6767848472093788,0.6767848472093783
0.5349973250000001,0.3112901121540151,0.6774689016383971,0.6774689016383966
0.5354973225,0.3116314650069317,0.6781531895009046,0.6781531895009041
0.53599732,0.3119729344214081,0.678837710950051,0.6788377109500503
0.5364973175000001,0.3123145204770763,0.6795224661391674,0.6795224661391668
0.536997315,0.31265622325364895,0.6802074552217648,0.6802074552217642
0.5374973125,0.31299804283092153,0.6808926783515367,0.6808926783515361
0.5379973100000001,0.313339979288771,0.6815781356823574,0.6815781356823568
0.5384973075,0.31368203270715556,0.6822638273682807,0.6822638273682802
0.538997305,0.31402420316611634,0.6829497535635443,0.6829497535635438
0.5394973025,0.31436649074577666,0.6836359144225669,0.6836359144225668
0.5399973,0.3147088955263418,0.684322310099949,0.6843223100999489
0.5404972975,0.3150514175880993,0.6850089407504727,0.6850089407504727
0.540997295,0.31539405701141976,0.6856958065291032,0.6856958065291037
0.5414972925,0.3157368138767559,0.6863829075909875,0.686382907590988
0.5419972900000001,0.3160796882646439,0.6870702440914562,0.6870702440914569
0.5424972875,0.3164226802557019,0.6877578161860215,0.6877578161860223
0.542997285,0.31676578993063154,0.6884456240303788,0.6884456240303798
0.5434972825000001,0.3171090173702177,0.6891336677804077,0.6891336677804091
0.54399728,0.317452362655328,0.68982194759217,0.6898219475921715
0.5444972775,0.3177958258669138,0.6905104636219117,0.6905104636219135
0.5449972750000001,0.31813940708600963,0.6911992160260622,0.6911992160260643
0.5454972725,0.31848310639373384,0.6918882049612353,0.6918882049612376
0.54599727,0.3188269238712882,0.6925774305842283,0.6925774305842309
0.5464972675,0.31917085959995833,0.693266893052023,0.6932668930520258
0.546997265,0.319514913661114,0.6939565925217863,0.6939565925217893
0.5474972625000001,0.3198590861362086,0.6946465291508688,0.6946465291508721
0.54799726,0.3202033771067798,0.6953367030968063,0.6953367030968097
0.5484972575,0.32054778665444966,0.6960271145173198,0.6960271145173235
0.5489972550000001,0.32089231486092457,0.6967177635703159,0.6967177635703197
0.5494972525,0.32123696180799505,0.6974086504138854,0.6974086504138894
0.54999725,0.3215817275775366,0.6980997752063058,0.69809977520631
0.5504972475000001,0.3219266122515094,0.6987911381060402,0.6987911381060445
0.550997245,0.32227161591195835,0.6994827392717375,0.6994827392717419
0.5514972425,0.32261673864101326,0.7001745788622328,0.7001745788622372
0.5519972400000001,0.3229619805208891,0.7008666570365476,0.700866657036552
0.5524972375,0.323307341633886,0.7015589739538901,0.7015589739538947
0.552997235,0.3236528220623895,0.7022515297736552,0.7022515297736598
0.5534972325,0.32399842188887035,0.7029443246554248,0.7029443246554292
0.55399723,0.3243441411958849,0.7036373587589677,0.7036373587589722
0.5544972275000001,0.32468998006607536,0.7043306322442405,0.704330632244245
0.554997225,0.32503593858216906,0.7050241452713862,0.7050241452713907
0.5554972225,0.32538201682698,0.705717898000737,0.7057178980007417
0.5559972200000001,0.32572821488340786,0.7064118905928124,0.7064118905928168
0.5564972175,0.32607453283443844,0.7071061232083199,0.7071061232083242
0.556997215,0.326420970763144,0.7078005960081559,0.7078005960081603
0.5574972125000001,0.3267675287526826,0.708495309153404,0.7084953091534085
0.55799721,0.3271142068862996,0.7091902628053384,0.7091902628053428
0.5584972075,0.3274610052473263,0.7098854571254207,0.7098854571254251
0.558997205,0.32780792391918123,0.7105808922753027,0.7105808922753072
0.5594972025,0.3281549629853689,0.7112765684168237,0.7112765684168282
0.5599972,0.3285021225294821,0.7119724857120153,0.7119724857120198
0.5604971975,0.3288494026351996,0.7126686443230964,0.712668644323101
0.560997195,0.32919680338628776,0.713365044412477,0.7133650444124816
0.5614971925000001,0.3295443248666005,0.7140616861427569,0.7140616861427616
0.56199719,0.3298919671600789,0.7147585696767262,0.7147585696767311
0.5624971875,0.3302397303507517,0.715455695177366,0.7154556951773711
0.5629971850000001,0.33058761452273533,0.7161530628078473,0.7161530628078525
0.5634971825,0.3309356197602341,0.7168506727315328,0.7168506727315384
0.56399718,0.33128374614754014,0.7175485251119759,0.717548525111982
0.5644971775000001,0.331631993769034,0.7182466201129221,0.7182466201129284
0.564997175,0.3319803627091836,0.7189449578983066,0.7189449578983131
0.5654971725,0.3323288530525462,0.7196435386322588,0.7196435386322657
0.56599717,0.3326774648837668,0.7203423624790983,0.7203423624791057
0.5664971675,0.333026198287579,0.7210414296033374,0.7210414296033453
0.5669971650000001,0.33337505334880535,0.7217407401696809,0.7217407401696891
0.5674971625,0.3337240301523572,0.7224402943430264,0.722440294343035
0.56799716,0.3340731287832346,0.7231400922884639,0.723140092288473
0.5684971575000001,0.3344223493265267,0.7238401341712762,0.7238401341712858
0.568997155,0.33477169186741207,0.7245404201569403,0.7245404201569503
0.5694971525,0.33512115649115826,0.7252409504111256,0.7252409504111359
0.5699971500000001,0.3354707432831224,0.7259417250996956,0.7259417250997063
0.5704971475,0.3358204523287513,0.7266427443887079,0.7266427443887189
0.570997145,0.33617028371358093,0.727344008444413,0.7273440084444244
0.5714971425,0.336520237523238,0.7280455174332578,0.7280455174332696
0.57199714,0.3368703138434379,0.7287472715218812,0.7287472715218932
0.5724971375,0.33722051275998716,0.7294492708771187,0.7294492708771307
0.572997135,0.33757083435878205,0.730151515666,0.7301515156660123
0.5734971325,0.3379212787258091,0.73085400605575,0.7308540060557622
0.5739971300000001,0.33827184594714543,0.731556742213789,0.7315567422138008
0.5744971275,0.33862253610895865,0.7322597243077328,0.7322597243077447
0.574997125,0.33897334929750705,0.7329629525053931,0.7329629525054047
0.5754971225000001,0.3393242855991397,0.7336664269747775,0.7336664269747887
0.57599712,0.33967534510029634,0.7343701478840893,0.7343701478841
0.5764971175,0.3400265278875085,0.7350741154017293,0.7350741154017394
0.5769971150000001,0.3403778340473984,0.7357783296962948,0.735778329696304
0.5774971125,0.3407292636666795,0.7364827909365786,0.7364827909365871
0.57799711,0.341080816832157,0.7371874992915726,0.7371874992915801
0.5784971075,0.34143249363072736,0.7378924549304638,0.7378924549304705
0.578997105,0.3417842941493794,0.7385976580226394,0.738597658022645
0.5794971025000001,0.3421362184751928,0.7393031087376818,0.7393031087376863
0.5799971,0.3424882666953401,0.740008807245373,0.7400088072453765
0.5804970975,0.3428404388970856,0.7407147537156928,0.7407147537156952
0.5809970950000001,0.3431927351677857,0.7414209483188192,0.7414209483188208
0.5814970925,0.3435451555948892,0.7421273912251286,0.7421273912251296
0.58199709,0.34389770026593763,0.7428340826051972,0.7428340826051977
0.5824970875000001,0.34425036926856484,0.7435410226297995,0.7435410226297997
0.582997085,0.34460316269049757,0.7442482114699096,0.7442482114699098
0.5834970825,0.34495608061955524,0.7449556492967009,0.7449556492967012
0.5839970800000001,0.34530912314365086,0.7456633362815477,0.7456633362815481
0.5844970775,0.34566229035079,0.7463712725960231,0.7463712725960234
0.584997075,0.3460155823290717,0.7470794584119007,0.747079458411901
0.5854970725,0.3463689991666884,0.7477878939011547,0.7477878939011553
0.58599707,0.3467225409519262,0.7484965792359602,0.7484965792359608
0.5864970675000001,0.34707620777316467,0.749205514588693,0.7492055145886938
0.586997065,0.34742999971887706,0.7499147001319293,0.7499147001319298
0.5874970625,0.3477839168776311,0.7506241360384482,0.7506241360384488
0.5879970600000001,0.3481379593380882,0.7513338224812296,0.7513338224812303
0.5884970575,0.348492127189004,0.7520437596334552,0.7520437596334555
0.588997055,0.34884642051922826,0.7527539476685081,0.7527539476685086
0.5894970525000001,0.34920083941770586,0.7534643867599756,0.753464386759976
0.58999705,0.3495553839734755,0.7541750770816457,0.754175077081646
0.5904970475,0.34991005427567135,0.7548860188075103,0.7548860188075103
0.590997045,0.35026485041352173,0.7555972121117633,0.7555972121117633
0.5914970425,0.3506197724763508,0.7563086571688036,0.7563086571688035
0.5919970400000001,0.3509748205535772,0.7570203541532318,0.7570203541532317
0.5924970375,0.35132999473471493,0.7577323032398526,0.7577323032398524
0.592997035,0.3516852951093735,0.7584445046036752,0.7584445046036747
0.5934970325000001,0.3520407217672584,0.7591569584199132,0.7591569584199127
0.59399703,0.3523962747981699,0.7598696648639832,0.7598696648639828
0.5944970275,0.35275195429200484,0.7605826241115083,0.7605826241115079
0.5949970250000001,0.35310776033875557,0.761295836338315,0.7612958363383144
0.5954970225,0.35346369302851105,0.7620093017204362,0.7620093017204357
0.59599702,0.35381975245145586,0.7627230204341092,0.7627230204341088
0.5964970175000001,0.3541759386978715,0.7634369926557777,0.7634369926557775
0.596997015,0.3545322518581355,0.7641512185620907,0.7641512185620903
0.5974970125,0.35488869202272244,0.7648656983299036,0.7648656983299036
0.59799701,0.3552452592822034,0.7655804321362781,0.7655804321362782
0.5984970075,0.35560195372724646,0.7662954201584825,0.7662954201584828
0.5989970050000001,0.3559587754486167,0.7670106625739919,0.7670106625739925
0.5994970025,0.3563157245371766,0.7677261595604886,0.7677261595604894
0.599997,0.35667280108388544,0.7684419112958617,0.7684419112958628
0.6004969975000001,0.357030005179801,0.7691579179582093,0.7691579179582106
0.600996995,0.3573873369160775,0.7698741797258355,0.7698741797258369
0.6014969925,0.3577447963839678,0.770590696777254,0.7705906967772559
0.6019969900000001,0.358102383674822,0.7713074692911857,0.7713074692911878
0.6024969875,0.3584600988800888,0.7720244974465608,0.7720244974465632
0.602996985,0.3588179420913148,0.7727417814225184,0.7727417814225213
0.6034969825000001,0.35917591340014493,0.7734593213984061,0.7734593213984093
0.60399698,0.3595340128983224,0.7741771175537808,0.7741771175537845
0.6044969775,0.3598922406776892,0.7748951700684096,0.7748951700684135
0.604996975,0.3602505968301862,0.7756134791222689,0.775613479122273
0.6054969725,0.36060908144785275,0.7763320448955451,0.7763320448955495
0.6059969700000001,0.3609676946228277,0.7770508675686355,0.7770508675686404
0.6064969675,0.3613264364473487,0.7777699473221477,0.7777699473221529
0.606996965,0.36168530701375273,0.7784892843368997,0.7784892843369051
0.6074969625000001,0.36204430641447655,0.7792088787939213,0.7792088787939269
0.60799696,0.3624034347420561,0.7799287308744531,0.7799287308744591
0.6084969575,0.3627626920891272,0.7806488407599473,0.7806488407599536
0.6089969550000001,0.36312207854842593,0.7813692086320692,0.7813692086320755
0.6094969525,0.3634815942127875,0.7820898346726936,0.7820898346727001
0.60999695,0.36384123917514793,0.7828107190639098,0.7828107190639165
0.6104969475,0.3642010135285437,0.7835318619880196,0.7835318619880264
0.610996945,0.3645609173661114,0.7842532636275368,0.7842532636275439
0.6114969425000001,0.36492095078108794,0.7849749241651882,0.7849749241651953
0.61199694,0.3652811138668118,0.7856968437839157,0.7856968437839227
0.6124969375,0.3656414067167215,0.7864190226668727,0.7864190226668798
0.6129969350000001,0.3660018294243571,0.7871414609974278,0.7871414609974348
0.6134969325,0.3663623820833597,0.7878641589591635,0.7878641589591706
0.61399693,0.3667230647874719,0.7885871167358771,0.7885871167358841
0.6144969275000001,0.36708387763053735,0.7893103345115798,0.7893103345115868
0.614996925,0.36744482070650175,0.7900338124704985,0.7900338124705055
0.6154969225,0.367805894109412,0.7907575507970743,0.7907575507970812
0.6159969200000001,0.3681670979334179,0.7914815496759657,0.7914815496759725
0.6164969175,0.36852843227277005,0.7922058092920446,0.7922058092920513
0.616996915,0.36888989722182225,0.7929303298304007,0.7929303298304072
0.6174969125,0.3692514928750302,0.793655111476339,0.7936551114763456
0.61799691,0.3696132193269523,0.7943801544153821,0.7943801544153885
0.6184969075000001,0.3699750766722493,0.795105458833268,0.7951054588332742
0.618996905,0.3703370650056853,0.7958310249159534,0.7958310249159597
0.6194969025,0.3706991844221267,0.7965568528496106,0.7965568528496169
0.6199969000000001,0.37106143501654354,0.7972829428206315,0.7972829428206375
0.6204968975,0.37142381688400855,0.7980092950156238,0.7980092950156297
0.620996895,0.37178633011969836,0.7987359096214148,0.7987359096214208
0.6214968925000001,0.372148974818893,0.7994627868250501,0.7994627868250561
0.62199689,0.3725117510769761,0.8001899268137938,0.8001899268137999
0.6224968875,0.372874658989435,0.8009173297751283,0.8009173297751343
0.6229968850000001,0.37323769865186135,0.8016449958967563,0.8016449958967624
0.6234968825,0.3736008701599508,0.8023729253665995,0.8023729253666058
0.62399688,0.37396417360950357,0.8031011183728002,0.8031011183728065
0.6244968775,0.37432760909642376,0.8038295751037193,0.8038295751037257
0.624996875,0.37469117671672053,0.8045582957479394,0.8045582957479458
0.6254968725000001,0.3750548765665078,0.8052872804942632,0.80528728049427
0.62599687,0.37541870874200406,0.806016529531714,0.806016529531721
0.6264968675,0.37578267333953286,0.8067460430495362,0.8067460430495432
0.6269968650000001,0.3761467704555237,0.8074758212371973,0.8074758212372045
0.6274968625,0.37651100018651057,0.8082058642843845,0.8082058642843919
0.62799686,0.3768753626291332,0.8089361723810075,0.8089361723810151
0.6284968575000001,0.37723985788013725,0.809666745717199,0.809666745717207
0.628996855,0.3776044860363743,0.8103975844833144,0.8103975844833226
0.6294968525,0.3779692471948014,0.8111286888699308,0.8111286888699392
0.62999685,0.37833414145248206,0.8118600590678492,0.8118600590678577
0.6304968475,0.3786991689065861,0.812591695268094,0.8125916952681028
0.6309968450000001,0.37906432965438985,0.8133235976619136,0.8133235976619224
0.6314968425,0.37942962379327594,0.8140557664407796,0.8140557664407885
0.63199684,0.379795051420734,0.8147882017963884,0.8147882017963974
0.6324968375000001,0.38016061263436074,0.8155209039206613,0.8155209039206704
0.632996835,0.3805263075318593,0.8162538730057433,0.8162538730057524
0.6334968325,0.3808921362110407,0.8169871092440054,0.8169871092440144
0.6339968300000001,0.381258098769823,0.817720612828044,0.8177206128280525
0.6344968275,0.3816241953062321,0.8184543839506812,0.8184543839506896
0.634996825,0.3819904259184014,0.819188422804965,0.8191884228049733
0.6354968225000001,0.382356790704572,0.8199227295841693,0.8199227295841769
0.63599682,0.38272328976309333,0.8206573044817952,0.8206573044818024
0.6364968175,0.38308992319242297,0.8213921476915707,0.8213921476915773
0.636996815,0.38345669109112673,0.8221272594074504,0.8221272594074566
0.6374968125,0.38382359355787843,0.8228626398236158,0.8228626398236214
0.6379968100000001,0.3841906306914616,0.8235982891344782,0.823598289134483
0.6384968075,0.3845578025907676,0.8243342075346748,0.8243342075346787
0.638996805,0.3849251093547973,0.8250703952190721,0.8250703952190753
0.6394968025000001,0.3852925510826604,0.825806852382765,0.8258068523827675
0.6399968,0.38566012787357634,0.8265435792210777,0.8265435792210796
0.6404967975,0.38602783982687366,0.8272805759295634,0.8272805759295646
0.6409967950000001,0.3863956870419904,0.8280178427040044,0.828017842704005
0.6414967925,0.3867636696184745,0.8287553797404127,0.828755379740413
0.64199679,0.38713178765598416,0.8294931872350316,0.8294931872350318
0.6424967875,0.38750004125428733,0.8302312653843339,0.8302312653843342
0.642996785,0.3878684305132623,0.8309696143850235,0.8309696143850237
0.6434967825000001,0.3882369555328977,0.8317082344340347,0.8317082344340351
0.64399678,0.38860561641329266,0.8324471257285332,0.8324471257285337
0.6444967775,0.38897441325465726,0.8331862884659166,0.8331862884659171
0.6449967750000001,0.3893433461573128,0.8339257228438148,0.8339257228438155
0.6454967725,0.38971241522169103,0.8346654290600892,0.8346654290600901
0.64599677,0.39008162054833523,0.8354054073128337,0.8354054073128345
0.6464967675000001,0.3904509622379001,0.8361456578003753,0.8361456578003762
0.646996765,0.3908204403911519,0.8368861807212742,0.836886180721275
0.6474967625,0.3911900551089687,0.8376269762743238,0.8376269762743247
0.6479967600000001,0.3915598064923404,0.8383680446585515,0.8383680446585523
0.6484967575,0.39192969464236854,0.8391093860732177,0.8391093860732184
0.648996755,0.3922997196602677,0.8398510007178186,0.8398510007178192
0.6494967525,0.3926698816473645,0.8405928887920845,0.8405928887920849
0.64999675,0.3930401807050977,0.8413350504959798,0.8413350504959801
0.6504967475000001,0.39341061693501933,0.8420774860297051,0.8420774860297053
0.650996745,0.3937811904387943,0.8428201955936969,0.842820195593697
0.6514967425,0.39415190131820016,0.8435631793886262,0.8435631793886262
0.6519967400000001,0.3945227496751282,0.8443064376154016,0.8443064376154015
0.6524967375,0.3948937356115828,0.8450499704751674,0.8450499704751672
0.652996735,0.39526485922968185,0.8457937781693046,0.8457937781693045
0.6534967325000001,0.3956361206316576,0.8465378608994327,0.8465378608994323
0.65399673,0.3960075199198551,0.8472822188674063,0.847282218867406
0.6544967275,0.39637905719673433,0.8480268522753194,0.8480268522753189
0.6549967250000001,0.3967507325648695,0.8487717613255041,0.8487717613255038
0.6554967225,0.3971225461269488,0.8495169462205304,0.8495169462205302
0.6559967200000001,0.397494497985775,0.8502624071632062,0.8502624071632061
0.6564967175,0.3978665882442663,0.8510081443565805,0.8510081443565803
0.656996715,0.398238817005455,0.8517541580039395,0.8517541580039395
0.6574967125000001,0.3986111843724891,0.8525004483088104,0.8525004483088107
0.65799671,0.39898369044863163,0.8532470154749602,0.8532470154749607
0.6584967075,0.39935633533726106,0.8539938597063956,0.8539938597063963
0.6589967050000001,0.39972911914187154,0.8547409812073645,0.8547409812073655
0.6594967025,0.40010204196607274,0.8554883801823552,0.8554883801823566
0.6599967,0.4004751039135905,0.8562360568360973,0.8562360568360988
0.6604966975000001,0.4008483050882673,0.8569840113735635,0.8569840113735655
0.660996695,0.40122164559406065,0.8577322439999653,0.8577322439999678
0.6614966925,0.40159512553504584,0.8584807549207596,0.8584807549207623
0.66199669,0.4019687450154141,0.8592295443416439,0.8592295443416471
0.6624966875,0.40234250413947364,0.8599786124685594,0.8599786124685631
0.6629966850000001,0.4027164030116497,0.86072795950769,0.8607279595076942
0.6634966825,0.40309044173648495,0.8614775856654642,0.8614775856654688
0.66399668,0.40346462041863884,0.8622274911485528,0.8622274911485579
0.6644966775000001,0.40383893916288893,0.8629776761638721,0.8629776761638775
0.664996675,0.40421339807413004,0.863728140918582,0.8637281409185881
0.6654966725,0.40458799725737504,0.8644788856200876,0.8644788856200941
0.6659966700000001,0.4049627368177551,0.8652299104760396,0.8652299104760465
0.6664966675,0.40533761686051906,0.8659812156943334,0.8659812156943408
0.666996665,0.40571263749103464,0.8667328014831106,0.8667328014831184
0.6674966625000001,0.406087798814788,0.8674846680507592,0.8674846680507674
0.66799666,0.40646310093738414,0.8682368156059136,0.8682368156059221
0.6684966575,0.406838543964547,0.868989244357455,0.8689892443574638
0.668996655,0.40721412800211965,0.869741954514512,0.8697419545145213
0.6694966525,0.40758985315606416,0.8704949462864597,0.8704949462864693
0.6699966500000001,0.4079657195324627,0.8712482198829229,0.8712482198829328
0.6704966475,0.4083417272375162,0.8720017755137722,0.8720017755137822
0.670996645,0.40871787637754636,0.8727556133891289,0.872755613389139
0.6714966425000001,0.4090941670589946,0.8735097337193622,0.8735097337193726
0.67199664,0.40947059938842206,0.8742641367150903,0.8742641367151006
0.6724966375,0.40984717347251093,0.8750188225871812,0.8750188225871919
0.6729966350000001,0.41022388941806365,0.8757737915467532,0.8757737915467638
0.6734966325,0.41060074733200336,0.8765290438051738,0.8765290438051844
0.67399663,0.4109777473213744,0.8772845795740624,0.8772845795740729
0.6744966275000001,0.4113548894933418,0.878040399065288,0.8780403990652985
0.674996625,0.4117321739551924,0.8787965024909719,0.8787965024909823
0.6754966225000001,0.4121096008143343,0.8795528900634866,0.8795528900634969
0.67599662,0.4124871701782968,0.8803095619954558,0.8803095619954658
0.6764966175,0.4128648821547317,0.8810665184997569,0.8810665184997669
0.6769966150000001,0.4132427368514129,0.8818237597895194,0.8818237597895293
0.6774966125,0.4136207343762355,0.8825812860781246,0.8825812860781339
0.67799661,0.41399887483721826,0.883339097579209,0.883339097579218
0.6784966075000001,0.41437715834250166,0.8840971945066614,0.8840971945066702
0.678996605,0.4147555850003494,0.8848555770746255,0.8848555770746338
0.6794966025,0.4151341549191481,0.885614245497499,0.8856142454975071
0.6799966000000001,0.41551286820740735,0.8863731999899345,0.8863731999899424
0.6804965975,0.41589172497375987,0.887132440766839,0.8871324407668465
0.680996595,0.41627072532696247,0.8878919680433759,0.8878919680433831
0.6814965925,0.4166498693758954,0.8886517820349643,0.8886517820349713
0.68199659,0.4170291572295626,0.8894118829572788,0.8894118829572853
0.6824965875000001,0.4174085889970922,0.8901722710262508,0.890172271026257
0.682996585,0.4177881647877365,0.8909329464580682,0.890932946458074
0.6834965825,0.4181678847108727,0.891693909469177,0.8916939094691826
0.6839965800000001,0.4185477488760022,0.8924551602762804,0.8924551602762856
0.6844965775,0.41892775739275134,0.8932166990963389,0.8932166990963439
0.684996575,0.4193079103708716,0.8939785261465722,0.893978526146577
0.6854965725000001,0.4196882079202397,0.8947406416444584,0.894740641644463
0.68599657,0.4200686501508573,0.8955030458077339,0.8955030458077381
0.6864965675,0.4204492371728523,0.8962657388543953,0.8962657388543993
0.6869965650000001,0.42082996909647824,0.897028721002699,0.897028721002703
0.6874965625,0.4212108460321143,0.897791992471161,0.8977919924711649
0.68799656,0.42159186809026583,0.8985555534785574,0.8985555534785612
0.6884965575,0.4219730353815651,0.8993194042439263,0.89931940424393
0.688996555,0.4223543480167703,0.9000835449865658,0.9000835449865695
0.6894965525000001,0.42273580610676686,0.9008479759260365,0.9008479759260399
0.68999655,0.4231174097625668,0.9016126972821602,0.9016126972821639
0.6904965475,0.4234991590953095,0.9023777092750216,0.9023777092750251
0.6909965450000001,0.42388105421626154,0.9031430121249676,0.903143012124971
0.6914965425,0.4242630952368171,0.9039086060526083,0.9039086060526116
0.69199654,0.4246452822684981,0.9046744912788173,0.9046744912788207
0.6924965375000001,0.42502761542295453,0.9054406680247322,0.9054406680247356
0.692996535,0.4254100948119637,0.9062071365117532,0.9062071365117568
0.6934965325,0.4257927205474324,0.9069738969615476,0.9069738969615511
0.6939965300000001,0.42617549274139505,0.9077409495960455,0.9077409495960489
0.6944965275,0.4265584115060152,0.9085082946374431,0.9085082946374463
0.6949965250000001,0.42694147695358503,0.909275932308202,0.9092759323082054
0.6954965225,0.42732468919652583,0.9100438628310497,0.9100438628310528
0.69599652,0.4277080483473887,0.9108120864289807,0.9108120864289838
0.6964965175000001,0.42809155451885345,0.9115806033252557,0.9115806033252586
0.696996515,0.42847520782373033,0.912349413743403,0.9123494137434058
0.6974965125,0.4288590083749587,0.9131185179072174,0.91311851790722
0.6979965100000001,0.429242956285609,0.9138879160407636,0.9138879160407659
0.6984965075,0.4296270516688806,0.9146576083683715,0.9146576083683736
0.698996505,0.4300112946381047,0.9154275951146429,0.9154275951146448
0.6994965025000001,0.4303956853067426,0.916197876504447,0.9161978765044485
0.6999965,0.4307802237883863,0.916968452762922,0.9169684527629232
0.7004964975,0.4311649101967592,0.9177393241154769,0.9177393241154778
0.700996495,0.4315497446457158,0.9185104907877905,0.9185104907877909
0.7014964925,0.43193472724924237,0.9192819530058122,0.9192819530058125
0.7019964900000001,0.4323198581214568,0.9200537109957627,0.9200537109957629
0.7024964875,0.43270513737660843,0.9208257649841332,0.9208257649841333
0.702996485,0.43309056512907945,0.9215981151976879,0.921598115197688
0.7034964825000001,0.4334761414933839,0.9223707618634625,0.9223707618634627
0.70399648,0.43386186658416814,0.9231437052087645,0.923143705208765
0.7044964775,0.4342477405162117,0.9239169454611758,0.9239169454611762
0.7049964750000001,0.43463376340442694,0.9246904828485506,0.9246904828485509
0.7054964725,0.43501993536385913,0.9254643175990168,0.9254643175990177
0.70599647,0.43540625650968706,0.9262384499409769,0.9262384499409777
0.7064964675000001,0.4357927269572228,0.927012880103107,0.9270128801031079
0.706996465,0.4361793468219127,0.9277876083143594,0.9277876083143604
0.7074964625000001,0.4365661162193364,0.9285626348039604,0.9285626348039613
0.70799646,0.4369530352652083,0.9293379598014129,0.9293379598014136
0.7084964575,0.43734010407537677,0.9301135835364952,0.9301135835364961
0.7089964550000001,0.437727322765825,0.9308895062392627,0.9308895062392637
0.7094964525,0.4381146914526706,0.9316657281400469,0.9316657281400477
0.70999645,0.4385022102521666,0.9324422494694572,0.9324422494694579
0.7104964475000001,0.4388898792807012,0.9332190704583807,0.9332190704583813
0.710996445,0.4392776986547975,0.9339961913379815,0.9339961913379818
0.7114964425,0.43966566849111477,0.9347736123397037,0.934773612339704
0.7119964400000001,0.4400537889064479,0.9355513336952692,0.9355513336952695
0.7124964375,0.440442060017728,0.9363293556366801,0.9363293556366801
0.712996435,0.4408304819420222,0.937107678396217,0.9371076783962169
0.7134964325,0.44121905479653395,0.9378863022064412,0.9378863022064411
0.71399643,0.4416077786986041,0.9386652273001952,0.9386652273001951
0.7144964275000001,0.4419966537657097,0.9394444539106013,0.9394444539106012
0.714996425,0.4423856801154649,0.9402239822710632,0.9402239822710629
0.7154964225,0.4427748578656216,0.941003812615267,0.9410038126152668
0.7159964200000001,0.44316418713406913,0.9417839451771809,0.9417839451771807
0.7164964175,0.4435536680388342,0.9425643801910547,0.9425643801910547
0.716996415,0.4439433006980817,0.9433451178914217,0.9433451178914218
0.7174964125000001,0.444333085230115,0.9441261585130993,0.9441261585130994
0.71799641,0.4447230217533754,0.9449075022911876,0.9449075022911879
0.7184964075,0.44511311038644313,0.9456891494610714,0.9456891494610722
0.7189964050000001,0.445503351248037,0.94647110025842,0.9464711002584211
0.7194964025,0.4458937444570151,0.9472533549191878,0.947253354919189
0.7199964000000001,0.44628429013237464,0.9480359136796148,0.9480359136796165
0.7204963975,0.44667498839325215,0.9488187767762263,0.9488187767762284
0.720996395,0.4470658393589242,0.9496019444458345,0.9496019444458369
0.7214963925000001,0.4474568431488073,0.9503854169255384,0.9503854169255413
0.72199639,0.44784799988245727,0.9511691944527226,0.9511691944527263
0.7224963875,0.44823930967957143,0.9519532772650615,0.9519532772650658
0.7229963850000001,0.44863077265998696,0.9527376656005161,0.952737665600521
0.7234963825,0.44902238894368207,0.9535223596973361,0.9535223596973413
0.72399638,0.4494141586507759,0.9543073597940599,0.9543073597940659
0.7244963775000001,0.44980608190152865,0.955092666129515,0.9550926661295217
0.724996375,0.4501981588163426,0.9558782789428195,0.9558782789428268
0.7254963725,0.45059038951576097,0.9566641984733805,0.9566641984733883
0.7259963700000001,0.4509827741204694,0.9574504249608962,0.9574504249609047
0.7264963675,0.45137531275129517,0.9582369586453552,0.9582369586453643
0.7269963650000001,0.4517680055292084,0.9590237997670383,0.9590237997670482
0.7274963625,0.45216085257532135,0.9598109485665172,0.9598109485665276
0.72799636,0.4525538540108893,0.9605984052846566,0.9605984052846676
0.7284963575000001,0.4529470099573107,0.9613861701626136,0.9613861701626253
0.728996355,0.4533403205361268,0.9621742434418382,0.9621742434418503
0.7294963525,0.4537337858690228,0.9629626253640746,0.9629626253640874
0.7299963500000001,0.4541274060778273,0.9637513161713602,0.9637513161713734
0.7304963475,0.4545211812845129,0.9645403161060274,0.9645403161060411
0.730996345,0.45491511161119624,0.9653296254107029,0.9653296254107168
0.7314963425000001,0.4553091971801387,0.9661192443283094,0.9661192443283237
0.73199634,0.4557034381137457,0.9669091731020647,0.9669091731020795
0.7324963375,0.4560978345345678,0.9676994119754829,0.9676994119754979
0.732996335,0.4564923865653009,0.9684899611923754,0.9684899611923903
0.7334963325,0.4568870943287853,0.969280820996849,0.9692808209968641
0.7339963300000001,0.45728195794800786,0.9700719916333098,0.970071991633325
0.7344963275,0.4576769775461006,0.9708634733464612,0.9708634733464763
0.734996325,0.45807215324634176,0.971655266381305,0.9716552663813202
0.7354963225000001,0.4584674851721555,0.9724473709831413,0.9724473709831563
0.73599632,0.45886297344711263,0.9732397873975701,0.973239787397585
0.7364963175,0.45925861819493063,0.9740325158704912,0.9740325158705059
0.7369963150000001,0.4596544195394739,0.9748255566481043,0.9748255566481188
0.7374963125,0.4600503776047538,0.9756189099769098,0.9756189099769237
0.73799631,0.4604464925149291,0.9764125761037086,0.9764125761037221
0.7384963075000001,0.4608427643943066,0.9772065552756047,0.9772065552756177
0.738996305,0.46123919336734026,0.9780008477400023,0.9780008477400148
0.7394963025000001,0.46163577955863233,0.9787954537446086,0.9787954537446205
0.7399963,0.4620325230929337,0.9795903735374344,0.9795903735374456
0.7404962975,0.4624294240951436,0.9803856073667935,0.980385607366804
0.7409962950000001,0.46282648269030985,0.9811811554813028,0.9811811554813127
0.7414962925,0.4632236990036295,0.9819770181298842,0.9819770181298935
0.74199629,0.463621073160449,0.9827731955617648,0.9827731955617731
0.7424962875000001,0.4640186052862638,0.9835696880264755,0.9835696880264829
0.742996285,0.4644162955067194,0.9843664957738534,0.9843664957738603
0.7434962825,0.4648141439476112,0.9851636190540422,0.9851636190540481
0.7439962800000001,0.46521215073488514,0.9859610581174921,0.9859610581174972
0.7444962775,0.46561031599463676,0.9867588132149592,0.9867588132149636
0.744996275,0.466008639853113,0.9875568845975085,0.9875568845975119
0.7454962725000001,0.4664071224367116,0.9883552725165121,0.9883552725165149
0.74599627,0.46680576387198147,0.9891539772236514,0.9891539772236534
0.7464962675000001,0.46720456428562257,0.9899529989709153,0.9899529989709166
0.746996265,0.467603523804487,0.9907523380106035,0.990752338010604
0.7474962625,0.46800264255557855,0.9915519945953247,0.9915519945953245
0.7479962600000001,0.4684019206660531,0.9923519689779983,0.9923519689779974
0.7484962575,0.46880135826321856,0.9931522614118535,0.993152261411852
0.748996255,0.46920095547453616,0.9939528721504322,0.9939528721504302
0.7494962525000001,0.46960071242761964,0.9947538014475872,0.9947538014475846
0.74999625,0.4700006292502357,0.9955550495574834,0.9955550495574803
0.7504962475,0.4704007060703044,0.9963566167345983,0.9963566167345949
0.7509962450000001,0.4708009430158998,0.9971585032337233,0.9971585032337195
0.7514962425,0.4712013402152495,0.9979607093099631,0.997960709309959
0.75199624,0.4716018977967351,0.9987632352187358,0.9987632352187316
0.7524962375,0.4720026158888927,0.9995660812157747,0.9995660812157703
0.752996235,0.47240349462041287,1.0003692475571282,1.0003692475571235
0.7534962325000001,0.4728045341201414,1.0011727344991606,1.001172734499156
0.75399623,0.47320573451707837,1.0019765422985507,1.001976542298546
0.7544962275,0.4736070959403798,1.002780671212295,1.0027806712122906
0.7549962250000001,0.4740086185193574,1.0035851214977078,1.0035851214977034
0.7554962225,0.47441030238347803,1.004389893412419,1.0043898934124145
0.75599622,0.4748121476623651,1.0051949872143768,1.0051949872143728
0.7564962175000001,0.4752141544857987,1.00600040316185,1.0060004031618461
0.756996215,0.4756163229837146,1.0068061415134233,1.0068061415134197
0.7574962125,0.47601865328620613,1.0076122025280028,1.0076122025279999
0.7579962100000001,0.47642114552352355,1.0084185864648143,1.0084185864648116
0.7584962075,0.4768237998260741,1.0092252935834032,1.0092252935834007
0.7589962050000001,0.47722661632442326,1.0100323241436366,1.0100323241436346
0.7594962025,0.4776295951492937,1.0108396784057028,1.010839678405701
0.7599962,0.4780327364315664,1.0116473566301112,1.0116473566301099
0.7604961975000001,0.4784360403022811,1.012455359077695,1.012455359077694
0.760996195,0.47883950689263544,1.013263686009609,1.0132636860096083
0.7614961925,0.4792431363339865,1.0140723376873322,1.0140723376873317
0.7619961900000001,0.4796469287578502,1.0148813143726672,1.014881314372667
0.7624961875,0.48005088429590187,1.0156906163277406,1.0156906163277404
0.762996185,0.48045500307997674,1.016500243815005,1.016500243815005
0.7634961825000001,0.4808592852420695,1.0173101970972371,1.0173101970972371
0.76399618,0.4812637309143354,1.0181204764375404,1.0181204764375407
0.7644961775,0.48166834022908983,1.0189310820993451,1.0189310820993454
0.7649961750000001,0.4820731133188091,1.0197420143464073,1.0197420143464075
0.7654961725,0.48247805031613,1.0205532734428107,1.020553273442811
0.7659961700000001,0.4828831513538513,1.0213648596529679,1.0213648596529685
0.7664961675,0.48328841656493193,1.0221767732416178,1.0221767732416187
0.766996165,0.483693846082494,1.0229890144738307,1.0229890144738318
0.7674961625000001,0.48409944003982075,1.023801583615005,1.023801583615006
0.76799616,0.48450519857035784,1.0246144809308693,1.0246144809308704
0.7684961575,0.4849111218077136,1.0254277066874828,1.0254277066874842
0.7689961550000001,0.48531720988565874,1.0262412611512355,1.0262412611512366
0.7694961525,0.4857234629381274,1.0270551445888487,1.02705514458885
0.76999615,0.48612988109921695,1.0278693572673767,1.027869357267378
0.7704961475000001,0.48653646450318827,1.0286838994542058,1.028683899454207
0.770996145,0.48694321328446577,1.0294987714170543,1.0294987714170551
0.7714961425000001,0.48735012757763857,1.0303139734239757,1.0303139734239766
0.77199614,0.4877572075174593,1.031129505743356,1.0311295057433567
0.7724961375,0.4881644532388463,1.031945368643918,1.0319453686439184
0.7729961350000001,0.4885718648768819,1.0327615623947175,1.032761562394718
0.7734961325,0.48897944256681414,1.0335780872651472,1.0335780872651474
0.77399613,0.4893871864440562,1.0343949435249356,1.0343949435249358
0.7744961275000001,0.4897950966441872,1.035212131444148,1.035212131444148
0.774996125,0.490203173302952,1.036029651293187,1.036029651293187
0.7754961225,0.4906114165562618,1.0368475033427926,1.0368475033427924
0.7759961200000001,0.4910198265401947,1.0376656878640442,1.0376656878640442
0.7764961175,0.49142840339099486,1.0384842051283587,1.0384842051283587
0.776996115,0.491837147245074,1.039303055407493,1.039303055407493
0.7774961125000001,0.4922460582390112,1.0401222389735438,1.040122238973544
0.77799611,0.49265513650955295,1.040941756098949,1.0409417560989491
0.7784961075000001,0.4930643821936135,1.0417616070564855,1.0417616070564861
0.778996105,0.49347379542827574,1.042581792119274,1.0425817921192748
0.7794961025,0.4938833763507907,1.0434023115607762,1.0434023115607773
0.7799961000000001,0.49429312509857815,1.0442231656547962,1.0442231656547978
0.7804960975,0.4947030418092268,1.045044354675482,1.045044354675484
0.780996095,0.49511312662049467,1.045865878897324,1.0458658788973265
0.7814960925000001,0.4955233796703096,1.0466877385951587,1.0466877385951618
0.78199609,0.49593380109676877,1.0475099340441656,1.0475099340441691
0.7824960875,0.49634439103813954,1.0483324655198698,1.048332465519874
0.7829960850000001,0.49675514963286027,1.0491553332981438,1.049155333298149
0.7834960825,0.497166077019539,1.0499785376552044,1.04997853765521
0.7839960800000001,0.49757717333695567,1.050802078867617,1.0508020788676231
0.7844960775,0.49798843872406073,1.051625957212293,1.0516259572123001
0.784996075,0.4983998733199766,1.0524501729664935,1.0524501729665015
0.7854960725000001,0.4988114772639971,1.053274726407827,1.0532747264078357
0.78599607,0.4992232506955886,1.0540996178142519,1.0540996178142614
0.7864960675,0.49963519375438936,1.0549248474640756,1.054924847464086
0.7869960650000001,0.5000473065802109,1.055750415635957,1.0557504156359683
0.7874960625,0.5004595893130367,1.056576322608904,1.0565763226089162
0.78799606,0.500872042093024,1.057402568662277,1.0574025686622899
0.7884960575000001,0.501284665060504,1.0582291540757887,1.0582291540758026
0.788996055,0.5016974583559809,1.059056079129504,1.0590560791295187
0.7894960525,0.5021104221201332,1.05988334410384,1.0598833441038555
0.7899960500000001,0.5025235564938141,1.0607109492795688,1.060710949279585
0.7904960475,0.502936861618051,1.0615388949378155,1.0615388949378326
0.7909960450000001,0.5033503376340465,1.0623671813600613,1.0623671813600788
0.7914960425,0.5037639846831783,1.0631958088281415,1.0631958088281597
0.79199604,0.5041778029069998,1.0640247776242477,1.0640247776242666
0.7924960375000001,0.5045917924472401,1.0648540880309287,1.0648540880309483
0.792996035,0.505005953445804,1.065683740331089,1.0656837403311086
0.7934960325,0.5054202860447734,1.0665137348079918,1.0665137348080116
0.7939960300000001,0.5058347903864066,1.067344071745258,1.0673440717452782
0.7944960275,0.5062494666131383,1.0681747514268671,1.0681747514268876
0.794996025,0.5066643148675811,1.069005774137158,1.0690057741371781
0.7954960225000001,0.5070793352925256,1.0698371401608306,1.0698371401608509
0.79599602,0.5074945280309392,1.070668849782944,1.0706688497829642
0.7964960175,0.5079098932259679,1.0715009032889184,1.0715009032889384
0.7969960150000001,0.5083254310209364,1.0723333009645366,1.0723333009645564
0.7974960125,0.508741141559348,1.0731660430959433,1.0731660430959626
0.7979960100000001,0.5091570249848848,1.0739991299696452,1.0739991299696638
0.7984960075,0.5095730814414084,1.0748325618725132,1.0748325618725312
0.798996005,0.5099893110729601,1.0756663390917818,1.075666339091799
0.7994960025000001,0.5104057140237612,1.0765004619150509,1.0765004619150675
0.799996,0.5108222904382129,1.0773349306302842,1.0773349306303
0.8004959975,0.5112390404608974,1.0781697455258126,1.0781697455258272
0.8009959950000001,0.5116559642365772,1.0790049068903318,1.0790049068903456
0.8014959925,0.5120730619101965,1.079840415012906,1.0798404150129186
0.80199599,0.5124903336268807,1.080676270182966,1.0806762701829773
0.8024959875000001,0.5129077795319368,1.0815124726903107,1.081512472690321
0.802995985,0.513325399770854,1.0823490228251085,1.0823490228251174
0.8034959825000001,0.5137431944893041,1.0831859208778962,1.0831859208779038
0.80399598,0.5141611638331408,1.0840231671395808,1.084023167139587
0.8044959775,0.5145793079484017,1.0848607619014403,1.084860761901445
0.8049959750000001,0.5149976269813071,1.0856987054551235,1.0856987054551266
0.8054959725,0.5154161210782608,1.08653699809265,1.0865369980926518
0.80599597,0.5158347903858508,1.0873756401064132,1.0873756401064134
0.8064959675000001,0.5162536350508493,1.0882146317891788,1.0882146317891777
0.806995965,0.516672655220213,1.0890539734340863,1.0890539734340838
0.8074959625,0.5170918510410829,1.0898936653346485,1.0898936653346447
0.8079959600000001,0.5175112226607859,1.090733707784754,1.0907337077847488
0.8084959575,0.5179307702268336,1.0915741010786664,1.0915741010786597
0.808995955,0.518350493886924,1.0924148455110245,1.092414845511017
0.8094959525000001,0.5187703937889411,1.0932559413768461,1.093255941376837
0.80999595,0.5191904700809542,1.0940973889715222,1.094097388971512
0.8104959475000001,0.5196107229112209,1.0949391885908257,1.0949391885908146
0.810995945,0.5200311524281842,1.0957813405309047,1.0957813405308927
0.8114959425,0.520451758780476,1.096623845088289,1.0966238450882764
0.8119959400000001,0.5208725421169144,1.097466702559886,1.0974667025598728
0.8124959375,0.5212935025865064,1.098309913242985,1.0983099132429712
0.812995935,0.5217146403384467,1.099153477435255,1.0991534774352407
0.8134959325000001,0.5221359555221191,1.099997395434747,1.0999973954347326
0.81399593,0.5225574482870957,1.1008416675398947,1.10084166753988
0.8144959275,0.5229791187831383,1.1016862940495136,1.101686294049499
0.8149959250000001,0.5234009671601981,1.1025312752628038,1.1025312752627894
0.8154959225,0.5238229935684158,1.1033766114793477,1.1033766114793335
0.81599592,0.5242451981581228,1.1042223029991145,1.1042223029991005
0.8164959175000001,0.5246675810798405,1.1050683501224567,1.1050683501224436
0.816995915,0.5250901424842813,1.1059147531501143,1.1059147531501015
0.8174959125000001,0.5255128825223492,1.1067615123832133,1.1067615123832013
0.81799591,0.5259358013451388,1.1076086281232664,1.1076086281232556
0.8184959075,0.5263588991039373,1.1084561006721751,1.1084561006721654
0.8189959050000001,0.5267821759502234,1.109303930332229,1.10930393033222
0.8194959025,0.5272056320356686,1.1101521174061066,1.1101521174060989
0.8199959,0.527629267512137,1.1110006621968764,1.1110006621968698
0.8204958975000001,0.5280530825316859,1.1118495650079976,1.111849565007992
0.820995895,0.5284770772465658,1.1126988261433195,1.112698826143315
0.8214958925,0.5289012518092211,1.1135484459070841,1.113548445907081
0.8219958900000001,0.5293256063722906,1.114398424603926,1.1143984246039238
0.8224958875,0.5297501410886065,1.115248762538871,1.1152487625388696
0.8229958850000001,0.5301748561111969,1.1160994600173404,1.1160994600173397
0.8234958825,0.5305997515932842,1.1169505173451493,1.116950517345149
0.82399588,0.5310248276882865,1.1178019348285073,1.117801934828507
0.8244958775000001,0.5314500845498177,1.1186537127740206,1.1186537127740206
0.824995875,0.5318755223316873,1.1195058514886904,1.1195058514886906
0.8254958725,0.532301141187902,1.1203583512799165,1.120358351279917
0.8259958700000001,0.5327269412726645,1.1212112124554952,1.1212112124554956
0.8264958675,0.5331529227403747,1.1220644353236204,1.1220644353236213
0.826995865,0.5335790857456301,1.1229180201928861,1.122918020192887
0.8274958625000001,0.5340054304432261,1.1237719673722861,1.123771967372287
0.82799586,0.5344319569881554,1.1246262771712123,1.1246262771712137
0.8284958575,0.5348586655356099,1.12548094989946,1.1254809498994613
0.8289958550000001,0.53528555624098,1.1263359858672248,1.1263359858672264
0.8294958525,0.5357126292598551,1.1271913853851052,1.1271913853851065
0.8299958500000001,0.5361398847480242,1.128047148764102,1.1280471487641033
0.8304958475,0.5365673228614758,1.1289032763156195,1.1289032763156208
0.830995845,0.5369949437563989,1.129759768351467,1.1297597683514682
0.8314958425000001,0.5374227475891828,1.130616625183859,1.13061662518386
0.83199584,0.5378507345164171,1.131473847125413,1.131473847125414
0.8324958375,0.5382789046948931,1.1323314344891564,1.132331434489157
0.8329958350000001,0.538707258281604,1.133189387588522,1.1331893875885224
0.8334958325,0.5391357954337436,1.1340477067373487,1.1340477067373491
0.83399583,0.5395645163087087,1.134906392249886,1.1349063922498865
0.8344958275000001,0.5399934210640988,1.135765444440792,1.1357654444407923
0.834995825,0.5404225098577157,1.136624863625134,1.136624863625134
0.8354958225000001,0.5408517828475647,1.1374846501183893,1.1374846501183893
0.8359958200000001,0.541281240191855,1.1383448042364472,1.1383448042364475
0.8364958175,0.5417108820489989,1.1392053262956083,1.1392053262956083
0.8369958150000001,0.5421407085776139,1.1400662166125861,1.1400662166125863
0.8374958125,0.5425707199365212,1.140927475504506,1.1409274755045062
0.83799581,0.5430009162847476,1.1417891032889087,1.141789103288909
0.8384958075000001,0.5434312977815253,1.1426511002837492,1.1426511002837496
0.838995805,0.5438618645862916,1.1435134668073965,1.1435134668073976
0.8394958025,0.5442926168586903,1.1443762031786373,1.1443762031786384
0.8399958000000001,0.5447235547585716,1.1452393097166735,1.1452393097166753
0.8404957975,0.5451546784459922,1.1461027867411255,1.1461027867411278
0.840995795,0.5455859880812161,1.146966634572031,1.1469666345720337
0.8414957925000001,0.5460174838247144,1.1478308535298465,1.1478308535298498
0.84199579,0.5464491658371667,1.1486954439354486,1.1486954439354526
0.8424957875000001,0.5468810342794602,1.1495604061101334,1.149560406110138
0.842995785,0.5473130893126907,1.150425740375618,1.1504257403756233
0.8434957825,0.5477453310981631,1.151291447054041,1.1512914470540476
0.8439957800000001,0.5481777597973917,1.1521575264679642,1.1521575264679715
0.8444957775,0.5486103755720998,1.1530239789403711,1.1530239789403796
0.844995775,0.549043178584221,1.1538908047946694,1.1538908047946785
0.8454957725000001,0.5494761689958997,1.154758004354692,1.154758004354702
0.84599577,0.5499093469694903,1.1556255779446958,1.1556255779447073
0.8464957675,0.5503427126675589,1.156493525889365,1.1564935258893771
0.8469957650000001,0.5507762662528825,1.1573618485138089,1.1573618485138224
0.8474957625,0.5512100078884502,1.1582305461435651,1.1582305461435798
0.8479957600000001,0.5516439377374636,1.1590996191046,1.1590996191046157
0.8484957575000001,0.5520780559633359,1.1599690677233063,1.1599690677233232
0.848995755,0.5525123627296941,1.1608388923265085,1.1608388923265265
0.8494957525000001,0.5529468582003783,1.161709093241461,1.16170909324148
0.84999575,0.5533815425394418,1.1625796707958485,1.1625796707958682
0.8504957475,0.5538164159111524,1.1634506253177874,1.163450625317808
0.8509957450000001,0.5542514784799922,1.1643219571358274,1.164321957135849
0.8514957425,0.554686730410658,1.1651936665789508,1.165193666578973
0.85199574,0.5551221718680619,1.1660657539765744,1.1660657539765973
0.8524957375000001,0.5555578030173314,1.166938219658549,1.1669382196585725
0.852995735,0.5559936240238096,1.1678110639551604,1.1678110639551846
0.8534957325,0.5564296350530566,1.1686842871971328,1.1686842871971572
0.8539957300000001,0.5568658362708487,1.169557889715625,1.1695578897156498
0.8544957275,0.5573022278431788,1.1704318718422337,1.1704318718422584
0.8549957250000001,0.5577388099362584,1.1713062339089957,1.1713062339090208
0.8554957225,0.5581755827165152,1.1721809762483848,1.1721809762484097
0.85599572,0.5586125463505964,1.173056099193316,1.173056099193341
0.8564957175000001,0.5590497010053673,1.1739316030771454,1.1739316030771698
0.856995715,0.5594870468479122,1.1748074882336694,1.1748074882336932
0.8574957125,0.5599245840455344,1.175683754997127,1.1756837549971502
0.8579957100000001,0.5603623127657571,1.1765604037022002,1.1765604037022226
0.8584957075,0.5608002331763239,1.177437434684015,1.1774374346840366
0.858995705,0.5612383454451983,1.1783148482781414,1.1783148482781618
0.8594957025000001,0.5616766497405653,1.179192644820595,1.1791926448206143
0.8599957,0.5621151462308304,1.1800708246478366,1.1800708246478546
0.8604956975,0.5625538350846213,1.180949388096775,1.1809493880967916
0.8609956950000001,0.5629927164707877,1.181828335504766,1.1818283355047812
0.8614956925,0.5634317905584011,1.1827076672096128,1.182707667209626
0.8619956900000001,0.5638710575167568,1.1835873835495696,1.1835873835495812
0.8624956875,0.5643105175153724,1.1844674848633385,1.1844674848633485
0.862995685,0.5647501707239895,1.1853479714900734,1.1853479714900814
0.8634956825000001,0.5651900173125738,1.1862288437693798,1.1862288437693858
0.86399568,0.5656300574513149,1.187110102041314,1.187110102041318
0.8644956775,0.5660702913106278,1.1879917466463872,1.187991746646389
0.8649956750000001,0.5665107190611524,1.188873777925563,1.1888737779255627
0.8654956725,0.5669513408737537,1.1897561962202594,1.1897561962202572
0.86599567,0.5673921569195232,1.1906390018723507,1.1906390018723463
0.8664956675000001,0.5678331673697788,1.191522195224167,1.1915221952241606
0.866995665,0.5682743723960647,1.1924057766184946,1.1924057766184861
0.8674956625000001,0.5687157721701529,1.1932897463985788,1.1932897463985683
0.8679956600000001,0.5691573668640422,1.1941741049081218,1.1941741049081094
0.8684956575,0.5695991566499599,1.1950588524912864,1.1950588524912722
0.8689956550000001,0.5700411417003617,1.1959439894926953,1.195943989492679
0.8694956525,0.5704833221879317,1.1968295162574316,1.1968295162574139
0.86999565,0.5709256982855835,1.1977154331310402,1.1977154331310211
0.8704956475000001,0.5713682701664601,1.198601740459529,1.1986017404595086
0.870995645,0.5718110380039345,1.1994884385893687,1.1994884385893472
0.8714956425,0.5722540019716101,1.2003755278674941,1.2003755278674715
0.8719956400000001,0.5726971622433215,1.2012630086413054,1.201263008641282
0.8724956375,0.5731405189931333,1.2021508812586674,1.2021508812586434
0.872995635,0.5735840723953435,1.2030391460679133,1.2030391460678889
0.8734956325000001,0.5740278226244806,1.2039278034178416,1.203927803417817
0.87399563,0.5744717698553063,1.2048168536577206,1.204816853657696
0.8744956275000001,0.5749159142628151,1.2057062971372865,1.205706297137262
0.874995625,0.5753602560222346,1.2065961342067462,1.2065961342067224
0.8754956225,0.5758047953090262,1.2074863652167764,1.2074863652167536
0.8759956200000001,0.5762495322988855,1.2083769905185267,1.2083769905185047
0.8764956175,0.5766944671677421,1.209268010463616,1.2092680104635951
0.876995615,0.5771396000917612,1.2101594254041397,1.21015942540412
0.8774956125000001,0.5775849312473432,1.2110512356926653,1.2110512356926475
0.87799561,0.5780304608111239,1.2119434416822352,1.211943441682219
0.8784956075,0.5784761889599753,1.2128360437263674,1.212836043726353
0.8789956050000001,0.5789221158710068,1.2137290421790572,1.2137290421790445
0.8794956025,0.579368241721564,1.2146224373947758,1.2146224373947652
0.8799956,0.5798145666892304,1.215516229728474,1.2155162297284654
0.8804955975000001,0.5802610909518271,1.2164104195355803,1.2164104195355736
0.880995595,0.5807078146874137,1.2173050071720035,1.2173050071719986
0.8814955925000001,0.5811547380742889,1.2181999929941336,1.2181999929941303
0.88199559,0.5816018612909893,1.2190953773588402,1.219095377358838
0.8824955875,0.5820491845162927,1.2199911606234775,1.2199911606234763
0.8829955850000001,0.582496707929216,1.2208873431458818,1.2208873431458813
0.8834955825,0.5829444317090164,1.221783925284373,1.2217839252843725
0.88399558,0.5833923560351926,1.222680907397757,1.2226809073977565
0.8844955775000001,0.5838404810874842,1.2235782898453247,1.2235782898453247
0.884995575,0.5842888070458726,1.224476072986854,1.224476072986854
0.8854955725,0.5847373340905818,1.2253742571826105,1.2253742571826107
0.8859955700000001,0.5851860624020777,1.2262728427933471,1.2262728427933476
0.8864955675,0.5856349921610696,1.2271718301803065,1.2271718301803072
0.8869955650000001,0.5860841235485108,1.2280712197052222,1.2280712197052228
0.8874955625000001,0.5865334567455973,1.2289710117303163,1.2289710117303174
0.88799556,0.5869829919337705,1.2298712066183053,1.2298712066183062
0.8884955575000001,0.5874327292947165,1.2307718047323977,1.2307718047323988
0.888995555,0.5878826690103661,1.2316728064362943,1.2316728064362952
0.8894955525,0.5883328112628962,1.2325742120941912,1.232574212094192
0.8899955500000001,0.5887831562347297,1.2334760220707797,1.2334760220707808
0.8904955475,0.5892337041085361,1.234378236731248,1.2343782367312488
0.890995545,0.5896844550672321,1.2352808564412798,1.2352808564412805
0.8914955425000001,0.5901354092939817,1.2361838815670585,1.2361838815670592
0.89199554,0.5905865669721965,1.2370873124752646,1.237087312475265
0.8924955375,0.5910379282855369,1.2379911495330798,1.23799114953308
0.8929955350000001,0.5914894934179122,1.2388953931081854,1.2388953931081854
0.8934955325,0.5919412625534803,1.2398000435687644,1.2398000435687644
0.8939955300000001,0.5923932358766496,1.2407051012835029,1.2407051012835026
0.8944955275,0.5928454135720778,1.2416105666215884,1.2416105666215884
0.894995525,0.5932977958246739,1.242516439952715,1.2425164399527149
0.8954955225000001,0.5937503828195978,1.2434227216470808,1.2434227216470806
0.89599552,0.5942031747422609,1.2443294120753894,1.2443294120753892
0.8964955175,0.5946561717783263,1.2452365116088515,1.2452365116088515
0.8969955150000001,0.5951093741137098,1.2461440206191858,1.246144020619186
0.8974955125,0.5955627819345803,1.2470519394786208,1.2470519394786215
0.89799551,0.5960163954273595,1.2479602685598923,1.2479602685598932
0.8984955075000001,0.5964702147787235,1.2488690082362488,1.2488690082362504
0.898995505,0.596924240175602,1.2497781588814483,1.2497781588814503
0.8994955025000001,0.5973784718051802,1.2506877208697633,1.250687720869766
0.8999955000000001,0.5978329098548975,1.251597694575977,1.2515976945759804
0.9004954975,0.5982875545124497,1.252508080375389,1.252508080375393
0.9009954950000001,0.598742405965789,1.2534188786438134,1.2534188786438183
0.9014954925,0.5991974644031233,1.2543300897575798,1.2543300897575855
0.90199549,0.5996527300129182,1.2552417140935355,1.2552417140935423
0.9024954875000001,0.6001082029838966,1.2561537520290451,1.256153752029053
0.902995485,0.6005638835050392,1.2570662039419924,1.257066203942001
0.9034954825,0.6010197717655856,1.2579790702107807,1.2579790702107907
0.9039954800000001,0.6014758679550344,1.2588923512143348,1.258892351214346
0.9044954775,0.6019321722631426,1.2598060473320993,1.2598060473321118
0.904995475,0.6023886848799282,1.2607201589440438,1.2607201589440573
0.9054954725000001,0.6028454059956694,1.2616346864306596,1.2616346864306744
0.90599547,0.6033023358009044,1.262549630172963,1.262549630172979
0.9064954675000001,0.6037594744864337,1.2634649905524962,1.2634649905525135
0.9069954650000001,0.6042168222433189,1.2643807679513264,1.2643807679513448
0.9074954625,0.6046743792628844,1.2652969627520503,1.26529696275207
0.9079954600000001,0.6051321457367168,1.2662135753377908,1.2662135753378116
0.9084954575,0.6055901218566666,1.2671306060922016,1.2671306060922234
0.908995455,0.6060483078148474,1.2680480553994657,1.2680480553994884
0.9094954525000001,0.6065067038036372,1.268965923644297,1.2689659236443207
0.90999545,0.6069653100156789,1.2698842112119424,1.2698842112119668
0.9104954475,0.6074241266438799,1.2708029184881808,1.270802918488206
0.9109954450000001,0.6078831538814141,1.2717220458593261,1.271722045859352
0.9114954425,0.608342391921721,1.272641593712227,1.2726415937122533
0.9119954400000001,0.6088018409585069,1.2735615624342678,1.2735615624342942
0.9124954375000001,0.6092615011857452,1.2744819524133701,1.2744819524133968
0.912995435,0.6097213727976766,1.2754027640379928,1.2754027640380197
0.9134954325000001,0.6101814559888107,1.2763239976971352,1.2763239976971619
0.91399543,0.6106417509539248,1.2772456537803347,1.277245653780361
0.9144954275,0.611102257888066,1.278167732677671,1.278167732677697
0.9149954250000001,0.6115629769865506,1.279090234779765,1.2790902347797901
0.9154954225,0.6120239084449647,1.2800131604777796,1.2800131604778042
0.91599542,0.6124850524591656,1.2809365101634234,1.280936510163447
0.9164954175000001,0.6129464092252817,1.2818602842289488,1.281860284228971
0.916995415,0.6134079789397119,1.2827844830671533,1.2827844830671742
0.9174954125,0.6138697617991286,1.2837091070713824,1.283709107071402
0.9179954100000001,0.6143317580004759,1.2846341566355295,1.2846341566355473
0.9184954075,0.6147939677409715,1.285559632154036,1.2855596321540521
0.9189954050000001,0.6152563912181063,1.2864855340218933,1.2864855340219075
0.9194954025000001,0.6157190286296452,1.2874118626346438,1.287411862634656
0.9199954,0.6161818801736283,1.2883386183883818,1.288338618388392
0.9204953975000001,0.6166449460483705,1.2892658016797551,1.289265801679763
0.920995395,0.6171082264524618,1.2901934129059631,1.2901934129059687
0.9214953925,0.6175717215847691,1.291121452464763,1.2911214524647658
0.9219953900000001,0.6180354316444361,1.2920499207544662,1.292049920754467
0.9224953875,0.6184993568308826,1.292978818173941,1.292978818173939
0.922995385,0.618963497343807,1.2939081451226138,1.293908145122609
0.9234953825000001,0.6194278533831854,1.2948379020004706,1.2948379020004634
0.92399538,0.6198924251492731,1.2957680892080568,1.295768089208047
0.9244953775,0.6203572128426043,1.2966987071464788,1.2966987071464668
0.9249953750000001,0.6208222166639926,1.297629756217405,1.2976297562173906
0.9254953725,0.6212874368145329,1.2985612368230681,1.2985612368230512
0.9259953700000001,0.6217528734956002,1.2994931493662636,1.2994931493662445
0.9264953675,0.6222185269088502,1.3004254942503513,1.3004254942503302
0.926995365,0.6226843972562216,1.3013582718792596,1.3013582718792365
0.9274953625000001,0.6231504847399351,1.302291482657483,1.3022914826574579
0.92799536,0.6236167895624936,1.303225126990083,1.3032251269900565
0.9284953575,0.6240833119266843,1.3041592052826927,1.304159205282665
0.9289953550000001,0.6245500520355781,1.3050937179415145,1.3050937179414854
0.9294953525,0.6250170100925302,1.3060286653733222,1.3060286653732922
0.92999535,0.625484186301181,1.3069640479854625,1.306964047985432
0.9304953475000001,0.6259515808654561,1.307899866185855,1.3078998661858243
0.930995345,0.6264191939895676,1.3088361203829946,1.308836120382964
0.9314953425000001,0.6268870258780143,1.3097728109859523,1.309772810985922
0.9319953400000001,0.6273550767355812,1.310709938404374,1.3107099384043441
0.9324953375,0.6278233467673423,1.3116475030484858,1.311647503048457
0.9329953350000001,0.6282918361786589,1.312585505329091,1.3125855053290634
0.9334953325,0.6287605451751812,1.3135239456575731,1.313523945657547
0.93399533,0.6292294739628492,1.314462824445898,1.3144628244458734
0.9344953275000001,0.6296986227478921,1.3154021421066115,1.3154021421065891
0.934995325,0.63016799173683,1.316341899052845,1.3163418990528246
0.9354953225,0.6306375811364736,1.3172820956983124,1.3172820956982945
0.9359953200000001,0.6311073911539253,1.3182227324573141,1.3182227324572986
0.9364953175,0.6315774219965795,1.3191638097447365,1.3191638097447234
0.936995315,0.6320476738721232,1.3201053279760535,1.320105327976043
0.9374953125000001,0.6325181469885365,1.321047287567328,1.32104728756732
0.93799531,0.6329888415540927,1.3219896889352118,1.321989688935206
0.9384953075000001,0.6334597577773604,1.3229325324969492,1.3229325324969454
0.9389953050000001,0.633930895867202,1.3238758186703747,1.3238758186703725
0.9394953025,0.6344022560327756,1.3248195478739166,1.3248195478739155
0.9399953000000001,0.6348738384835354,1.325763720526598,1.3257637205265975
0.9404952975,0.6353456434292319,1.3267083370480368,1.3267083370480364
0.940995295,0.6358176710799127,1.3276533978584473,1.3276533978584468
0.9414952925000001,0.6362899216459228,1.3285989033786414,1.3285989033786412
0.94199529,0.6367623953379056,1.3295448540300296,1.3295448540300296
0.9424952875,0.6372350923668029,1.330491250234622,1.3304912502346222
0.9429952850000001,0.6377080129438563,1.3314380924150304,1.3314380924150309
0.9434952825,0.6381811572806063,1.332385380994467,1.3323853809944675
0.94399528,0.6386545255888949,1.3333331163967488,1.3333331163967495
0.9444952775000001,0.6391281180808646,1.3342812990462962,1.334281299046297
0.944995275,0.6396019349689591,1.3352299293681353,1.3352299293681362
0.9454952725000001,0.6400759764659246,1.3361790077878983,1.336179007787899
0.94599527,0.6405502427848101,1.3371285347318258,1.3371285347318265
0.9464952675,0.6410247341389679,1.3380785106267672,1.3380785106267676
0.9469952650000001,0.6414994507420535,1.3390289359001808,1.3390289359001812
0.9474952625,0.6419743928080277,1.3399798109801375,1.339979810980138
0.94799526,0.6424495605511557,1.3409311362953196,1.3409311362953198
0.9484952575000001,0.6429249541860087,1.3418829122750238,1.3418829122750238
0.948995255,0.6434005739274635,1.3428351393491595,1.3428351393491593
0.9494952525,0.6438764199907042,1.3437878179482534,1.3437878179482532
0.9499952500000001,0.6443524925912221,1.3447409485034494,1.344740948503449
0.9504952475,0.6448287919448159,1.3456945314465076,1.3456945314465074
0.9509952450000001,0.6453053182675936,1.3466485672098096,1.3466485672098092
0.9514952425000001,0.6457820717759718,1.347603056226356,1.3476030562263555
0.95199524,0.6462590526866769,1.3485579989297694,1.3485579989297691
0.9524952375000001,0.6467362612167455,1.3495133957542949,1.3495133957542949
0.952995235,0.6472136975835253,1.3504692471348023,1.3504692471348025
0.9534952325,0.6476913620046753,1.3514255535067863,1.3514255535067867
0.9539952300000001,0.6481692546981664,1.3523823153063672,1.352382315306368
0.9544952275,0.6486473758822825,1.3533395329702935,1.3533395329702949
0.954995225,0.6491257257756202,1.354297206935942,1.3542972069359438
0.9554952225000001,0.6496043045970906,1.35525533764132,1.3552553376413223
0.95599522,0.6500831125659187,1.3562139255250647,1.3562139255250678
0.9564952175,0.6505621499016448,1.3571729710264469,1.3571729710264508
0.9569952150000001,0.6510414168241251,1.3581324745853705,1.3581324745853751
0.9574952125,0.6515209135535315,1.3590924366423733,1.359092436642379
0.9579952100000001,0.6520006403103532,1.3600528576386306,1.360052857638637
0.9584952075000001,0.6524805973153969,1.3610137380159533,1.361013738015961
0.958995205,0.6529607847897869,1.3619750782167914,1.3619750782168
0.9594952025000001,0.6534412029549671,1.3629368786842346,1.3629368786842446
0.9599952,0.6539218520326995,1.3638991398620124,1.3638991398620235
0.9604951975,0.654402732245067,1.3648618621944972,1.3648618621945094
0.9609951950000001,0.6548838438144727,1.365825046126705,1.3658250461267183
0.9614951925,0.6553651869636407,1.3667886921042942,1.3667886921043086
0.96199519,0.655846761915617,1.367752800573571,1.3677528005735868
0.9624951875000001,0.6563285688937702,1.3687173719814882,1.368717371981505
0.962995185,0.6568106081217917,1.369682406775646,1.3696824067756634
0.9634951825000001,0.6572928798236967,1.3706479054042942,1.3706479054043128
0.9639951800000001,0.6577753842238243,1.3716138683163335,1.371613868316353
0.9644951775,0.6582581215468389,1.3725802959613163,1.3725802959613367
0.9649951750000001,0.6587410920177306,1.3735471887894488,1.37354718878947
0.9654951725,0.6592242958618146,1.37451454725159,1.3745145472516118
0.96599517,0.6597077333047339,1.3754823717992557,1.3754823717992781
0.9664951675000001,0.660191404572459,1.3764506628846196,1.3764506628846422
0.966995165,0.6606753098912873,1.3774194209605108,1.3774194209605337
0.9674951625,0.6611594494878461,1.3783886464804203,1.3783886464804431
0.9679951600000001,0.6616438235890915,1.3793583398984985,1.3793583398985214
0.9684951575,0.6621284324223093,1.3803285016695583,1.380328501669581
0.968995155,0.6626132762151167,1.3812991322490762,1.3812991322490986
0.9694951525000001,0.6630983551954611,1.382270232093192,1.3822702320932136
0.96999515,0.6635836695916228,1.3832418016587131,1.383241801658734
0.9704951475000001,0.664069219632214,1.3842138414031122,1.3842138414031322
0.9709951450000001,0.6645550055461799,1.385186351784531,1.38518635178455
0.9714951425,0.6650410275627999,1.3861593332617812,1.386159333261799
0.9719951400000001,0.6655272859116882,1.3871327862943459,1.387132786294362
0.9724951375,0.6660137808227931,1.3881067113423784,1.388106711342393
0.972995135,0.6665005125263995,1.3890811088667079,1.3890811088667208
0.9734951325000001,0.6669874812531287,1.3900559793288374,1.3900559793288485
0.97399513,0.6674746872339385,1.391031323190946,1.3910313231909548
0.9744951275,0.6679621307001253,1.3920071409158907,1.3920071409158976
0.9749951250000001,0.668449811883323,1.3929834329672066,1.3929834329672113
0.9754951225,0.668937731015505,1.3939601998091098,1.393960199809112
0.9759951200000001,0.669425888328985,1.394937441906498,1.3949374419064977
0.9764951175000001,0.6699142840564155,1.395915159724949,1.3959151597249466
0.976995115,0.6704029184307916,1.3968933537307284,1.3968933537307233
0.9774951125000001,0.6708917916854494,1.397872024390785,1.3978720243907774
0.9779951100000001,0.6713809040540675,1.3988511721727543,1.3988511721727444
0.9784951075,0.6718702557706675,1.399830797544961,1.3998307975449484
0.9789951050000001,0.6723598470696148,1.400810900976418,1.4008109009764032
0.9794951025,0.6728496781856192,1.4017914829368299,1.4017914829368128
0.9799951,0.6733397493537359,1.4027725438965932,1.402772543896574
0.9804950975000001,0.6738300608093649,1.4037540843267968,1.4037540843267755
0.980995095,0.6743206127882536,1.404736104699226,1.4047361046992028
0.9814950925,0.6748114055264962,1.4057186054863613,1.4057186054863364
0.9819950900000001,0.6753024392605347,1.406701587161381,1.4067015871613548
0.9824950875,0.6757937142271592,1.4076850501981617,1.4076850501981344
0.9829950850000001,0.6762852306635095,1.4086689950712814,1.408668995071253
0.9834950825000001,0.6767769888070747,1.4096534222560175,1.4096534222559884
0.98399508,0.6772689888956952,1.4106383322283533,1.410638332228324
0.9844950775000001,0.6777612311675619,1.4116237254649746,1.4116237254649453
0.984995075,0.6782537158612179,1.4126096024432726,1.4126096024432437
0.9854950725,0.678746443215559,1.4135959636413475,1.4135959636413191
0.9859950700000001,0.6792394134698341,1.4145828095380057,1.4145828095379784
0.9864950675,0.6797326268636463,1.4155701406127656,1.4155701406127394
0.986995065,0.6802260836369535,1.4165579573458553,1.4165579573458307
0.9874950625000001,0.6807197840300686,1.4175462602182165,1.4175462602181939
0.98799506,0.6812137282836608,1.4185350497115041,1.4185350497114835
0.9884950575,0.681707916638756,1.4195243263080892,1.4195243263080708
0.9889950550000001,0.6822023493367382,1.42051409049106,1.4205140904910443
0.9894950525,0.6826970266193486,1.421504342744222,1.4215043427442084
0.9899950500000001,0.6831919487286882,1.4224950835521009,1.42249508355209
0.9904950475000001,0.6836871159072172,1.4234863133999438,1.4234863133999354
0.990995045,0.6841825283977563,1.4244780327737199,1.4244780327737139
0.9914950425000001,0.6846781864434874,1.425470242160123,1.425470242160119
0.99199504,0.685174090287954,1.4264629420465718,1.4264629420465693
0.9924950375,0.6856702401750621,1.4274561329212119,1.4274561329212105
0.9929950350000001,0.6861666363490811,1.4284498152729173,1.4284498152729164
0.9934950325,0.686663279054644,1.4294439895912912,1.4294439895912903
0.99399503,0.6871601685367484,1.4304386563666682,1.4304386563666676
0.9944950275000001,0.6876573050407585,1.431433816090117,1.4314338160901168
0.994995025,0.6881546888124026,1.4324294692534374,1.4324294692534376
0.9954950225000001,0.6886523200977775,1.433425616349167,1.4334256163491674
0.9959950200000001,0.689150199143347,1.4344222578705792,1.4344222578705803
0.9964950175,0.689648326195943,1.4354193943116866,1.435419394311688
0.9969950150000001,0.6901467015027669,1.4364170261672413,1.4364170261672429
0.9974950125000001,0.6906453253113896,1.4374151539327364,1.4374151539327382
0.99799501,0.6911441978697523,1.438413778104408,1.43841377810441
0.9984950075000001,0.6916433194261684,1.4394128991792376,1.4394128991792396
0.998995005,0.6921426902293218,1.4404125176549503,1.440412517654952
0.9994950025,0.6926423105282705,1.44141263403002,1.4414126340300217
0.9999950000000001,0.6931421805724455,1.4424132488036694,1.442413248803671
1.0004949975000001,0.6936423006116514,1.4434143624758697,1.443414362475871
1.000994995,0.6941426708960691,1.4444159755473465,1.4444159755473476
1.0014949925,0.6946432916762538,1.445418088519576,1.4454180885195769
1.00199499,0.6951441632031387,1.4464207018947914,1.4464207018947919
1.0024949875,0.6956452857280327,1.4474238161759803,1.4474238161759803
1.002994985,0.696146659502624,1.4484274318668888,1.4484274318668886
1.0034949825000001,0.696648284778979,1.449431549472023,1.4494315494720225
1.00399498,0.6971501618095431,1.4504361694966472,1.4504361694966468
1.0044949775,0.697652290847143,1.4514412924467912,1.4514412924467908
1.004994975,0.6981546721449857,1.4524469188292466,1.4524469188292461
1.0054949725,0.6986573059566604,1.4534530491515707,1.4534530491515705
1.0059949700000002,0.6991601925361391,1.454459683922089,1.4544596839220891
1.0064949675000001,0.6996633321377759,1.4554668236498916,1.4554668236498922
1.006994965,0.7001667250163105,1.4564744688448432,1.4564744688448443
1.0074949625,0.7006703714268671,1.4574826200175777,1.4574826200175797
1.00799496,0.7011742716249547,1.458491277679501,1.4584912776795038
1.0084949575,0.70167842586647,1.4595004423427957,1.4595004423428
1.0089949550000001,0.7021828344076965,1.4605101145204202,1.4605101145204256
1.0094949525,0.7026874975053049,1.4615202947261086,1.4615202947261154
1.00999495,0.7031924154163558,1.4625309834743765,1.4625309834743847
1.0104949475,0.703697588398299,1.4635421812805192,1.4635421812805294
1.010994945,0.7042030167089743,1.4645538886606146,1.4645538886606266
1.0114949425000002,0.7047087006066136,1.4655661061315255,1.4655661061315395
1.0119949400000001,0.7052146403498394,1.4665788342108979,1.466578834210914
1.0124949375,0.7057208361976679,1.467592073417167,1.4675920734171854
1.012994935,0.7062272884095087,1.468605824269556,1.4686058242695768
1.0134949325,0.7067339972451654,1.469620087288079,1.469620087288102
1.01399493,0.7072409629648373,1.4706348629935408,1.4706348629935664
1.0144949275000001,0.7077481858291191,1.471650151907541,1.4716501519075689
1.014994925,0.7082556660990027,1.4726659545524734,1.4726659545525038
1.0154949225,0.7087634040358768,1.4736822714515285,1.4736822714515614
1.01599492,0.7092713999015291,1.4746991031286953,1.4746991031287306
1.0164949175,0.7097796539581465,1.4757164501087632,1.475716450108801
1.016994915,0.7102881664683157,1.4767343129173234,1.4767343129173633
1.0174949125000001,0.7107969376950242,1.4777526920807689,1.4777526920808108
1.01799491,0.7113059679016608,1.4787715881262982,1.4787715881263424
1.0184949075,0.7118152573520171,1.4797910015819165,1.4797910015819624
1.018994905,0.712324806310288,1.4808109329764372,1.4808109329764847
1.0194949025,0.712834615041072,1.4818313828394822,1.481831382839531
1.0199949000000001,0.7133446838093735,1.4828523517014873,1.4828523517015373
1.0204948975,0.7138550128806009,1.4838738400936975,1.4838738400937483
1.020994895,0.7143656025205711,1.4848958485481765,1.484895848548228
1.0214948925,0.7148764529955068,1.485918377597801,1.485918377597853
1.02199489,0.7153875645720397,1.4869414277762676,1.4869414277763198
1.0224948875,0.7158989375172108,1.487964999618093,1.4879649996181448
1.0229948850000001,0.7164105720984701,1.4889890936586134,1.4889890936586645
1.0234948825,0.7169224685836791,1.490013710433989,1.490013710434039
1.02399488,0.7174346272411103,1.491038850481204,1.4910388504812528
1.0244948775,0.717947048339449,1.4920645143380702,1.4920645143381173
1.024994875,0.7184597321477936,1.4930907025432265,1.4930907025432714
1.0254948725000002,0.718972678935657,1.4941174156361423,1.4941174156361847
1.0259948700000001,0.719485888972966,1.4951446541571167,1.4951446541571565
1.0264948675,0.719999362530064,1.4961724186472838,1.4961724186473202
1.026994865,0.7205130998777115,1.4972007096486122,1.497200709648645
1.0274948625,0.7210271012870852,1.4982295277039055,1.4982295277039346
1.02799486,0.7215413670297813,1.4992588733568075,1.4992588733568326
1.0284948575000001,0.7220558973778152,1.5002887471518018,1.5002887471518225
1.028994855,0.7225706926036213,1.5013191496342122,1.501319149634228
1.0294948525,0.7230857529800561,1.5023500813502069,1.5023500813502177
1.02999485,0.7236010787803976,1.5033815428467996,1.5033815428468054
1.0304948475,0.724116670278346,1.5044135346718495,1.5044135346718501
1.0309948450000002,0.7246325277480263,1.5054460573740671,1.5054460573740622
1.0314948425000001,0.7251486514639864,1.5064791115030098,1.5064791115029996
1.03199484,0.7256650417012006,1.50751269760909,1.5075126976090742
1.0324948375,0.7261816987350689,1.508546816243572,1.5085468162435507
1.032994835,0.7266986228414186,1.509581467958577,1.5095814679585502
1.0334948325,0.7272158142965051,1.5106166533070833,1.5106166533070513
1.0339948300000001,0.7277332733770125,1.5116523728429287,1.5116523728428917
1.0344948275,0.7282510003600544,1.5126886271208109,1.5126886271207687
1.034994825,0.7287689955231751,1.5137254166962901,1.5137254166962433
1.0354948225,0.729287259144351,1.5147627421257934,1.5147627421257424
1.03599482,0.7298057915019902,1.5158006039666116,1.5158006039665566
1.0364948175,0.7303245928749345,1.516839002776905,1.5168390027768461
1.0369948150000001,0.73084366354246,1.5178779391157036,1.5178779391156416
1.0374948125,0.7313630037842774,1.5189174135429078,1.5189174135428436
1.03799481,0.7318826138805339,1.519957426619293,1.5199574266192268
1.0384948075,0.7324024941118135,1.5209979789065096,1.5209979789064418
1.038994805,0.7329226447591379,1.5220390709670844,1.522039070967016
1.0394948025000001,0.7334430661039681,1.5230807033644242,1.5230807033643556
1.0399948,0.733963758428204,1.5241228766628154,1.5241228766627475
1.0404947975,0.7344847220141861,1.525165591427427,1.5251655914273603
1.040994795,0.7350059571446975,1.5262088482243141,1.5262088482242493
1.0414947925,0.7355274641029623,1.5272526476204158,1.5272526476203536
1.04199479,0.7360492431726486,1.5282969901835601,1.5282969901835013
1.0424947875000001,0.7365712946378694,1.5293418764824667,1.5293418764824118
1.042994785,0.7370936187831815,1.5303873070867438,1.5303873070866933
1.0434947825,0.737616215893589,1.5314332825668957,1.5314332825668502
1.04399478,0.7381390862545423,1.5324798034943212,1.532479803494281
1.0444947775,0.7386622301519402,1.5335268704413165,1.5335268704412819
1.0449947750000002,0.7391856478721307,1.534574483981078,1.5345744839810491
1.0454947725000001,0.7397093397019111,1.535622644687702,1.5356226446876786
1.04599477,0.7402333059285295,1.5366713531361875,1.53667135313617
1.0464947675,0.7407575468396864,1.53772060990244,1.5377206099024276
1.046994765,0.7412820627235343,1.5387704155632707,1.5387704155632627
1.0474947625,0.74180685386868,1.5398207706963998,1.5398207706963953
1.0479947600000001,0.7423319205641845,1.5408716758804581,1.5408716758804557
1.0484947575,0.7428572630995642,1.5419231316949882,1.5419231316949864
1.048994755,0.7433828817647926,1.542975138720448,1.5429751387204464
1.0494947525,0.7439087768503003,1.544027697538212,1.5440276975382108
1.04999475,0.7444349486469765,1.5450808087305719,1.5450808087305712
1.0504947475000002,0.7449613974461696,1.5461344728807402,1.5461344728807402
1.0509947450000001,0.7454881235396883,1.5471886905728507,1.5471886905728511
1.0514947425,0.7460151272198033,1.5482434623919625,1.5482434623919636
1.05199474,0.7465424087792468,1.5492987889240593,1.5492987889240608
1.0524947375,0.7470699685112151,1.550354670756054,1.550354670756056
1.052994735,0.7475978067093682,1.5514111084757887,1.551411108475791
1.0534947325000001,0.7481259236678317,1.5524681026720377,1.5524681026720402
1.05399473,0.7486543196811968,1.553525653934508,1.5535256539345101
1.0544947275,0.7491829950445229,1.5545837628538437,1.554583762853846
1.054994725,0.749711950053337,1.555642430021626,1.555642430021628
1.0554947225,0.7502411850036352,1.556701656030376,1.5567016560303775
1.0559947200000002,0.7507707001918849,1.557761441473557,1.5577614414735583
1.0564947175000001,0.7513004959150227,1.558821786945574,1.558821786945575
1.056994715,0.7518305724704594,1.5598826930417808,1.5598826930417813
1.0574947125,0.7523609301560774,1.5609441603584755,1.5609441603584755
1.05799471,0.7528915692702348,1.562006189492909,1.5620061894929085
1.0584947075,0.7534224901117638,1.5630687810432815,1.5630687810432808
1.0589947050000001,0.7539536929799732,1.5641319356087484,1.5641319356087475
1.0594947025,0.754485178174649,1.5651956537894203,1.5651956537894192
1.0599947,0.7550169459960557,1.5662599361863656,1.5662599361863647
1.0604946975,0.7555489967449365,1.567324783401612,1.5673247834016113
1.060994695,0.7560813307225155,1.56839019603815,1.5683901960381497
1.0614946925,0.7566139482304978,1.5694561746999338,1.569456174699934
1.0619946900000001,0.7571468495710709,1.570522719991883,1.5705227199918839
1.0624946875,0.7576800350469055,1.5715898325198847,1.5715898325198867
1.062994685,0.7582135049611568,1.5726575128907974,1.5726575128908005
1.0634946825,0.7587472596174656,1.5737257617124505,1.5737257617124552
1.06399468,0.759281299319959,1.5747945795936487,1.5747945795936549
1.0644946775000002,0.759815624373252,1.5758639671441725,1.5758639671441808
1.0649946750000001,0.7603502350824473,1.5769339249747798,1.5769339249747902
1.0654946725,0.7608851317531378,1.57800445369721,1.5780044536972229
1.06599467,0.761420314691407,1.5790755539241847,1.5790755539242003
1.0664946675,0.7619557842038301,1.5801472262694105,1.5801472262694287
1.066994665,0.7624915405974749,1.5812194713475796,1.5812194713476009
1.0674946625000001,0.7630275841799034,1.5822922897743745,1.582292289774399
1.06799466,0.7635639152591716,1.5833656821664672,1.583365682166495
1.0684946575,0.7641005341438323,1.5844396491415238,1.5844396491415549
1.068994655,0.7646374411429349,1.585514191318205,1.5855141913182396
1.0694946525,0.765174636566027,1.5865893093161691,1.5865893093162073
1.0699946500000002,0.7657121207231555,1.5876650037560744,1.5876650037561162
1.0704946475000001,0.7662498939248668,1.5887412752595789,1.5887412752596242
1.070994645,0.7667879564822093,1.5898181244493468,1.5898181244493956
1.0714946425,0.7673263087067334,1.5908955519490462,1.5908955519490982
1.07199464,0.7678649509104931,1.5919735583833543,1.5919735583834098
1.0724946375,0.7684038834060468,1.5930521443779584,1.5930521443780168
1.0729946350000001,0.768943106506459,1.5941313105595587,1.59413131055962
1.0734946325,0.7694826205253001,1.5952110575558687,1.5952110575559326
1.07399463,0.7700224257766488,1.5962913859956194,1.5962913859956855
1.0744946275,0.7705625225750926,1.5973722965085606,1.597372296508629
1.074994625,0.7711029112357289,1.5984537897254638,1.5984537897255338
1.0754946225000002,0.771643592074167,1.599535866278124,1.5995358662781956
1.0759946200000001,0.7721845654065265,1.6006185267993596,1.6006185267994317
1.0764946175,0.7727258315494424,1.6017017719230195,1.6017017719230924
1.076994615,0.7732673908200629,1.6027856022839813,1.602785602284054
1.0774946125,0.7738092435360524,1.6038700185181551,1.6038700185182275
1.07799461,0.7743513900155914,1.604955021262485,1.6049550212625565
1.0784946075000001,0.7748938305773788,1.6060406111549532,1.6060406111550232
1.078994605,0.7754365655406316,1.6071267888345786,1.6071267888346463
1.0794946025,0.7759795952250873,1.6082135549414227,1.608213554941488
1.0799946,0.7765229199510048,1.6093009101165905,1.6093009101166527
1.0804945975,0.777066540039165,1.6103888550022327,1.6103888550022913
1.080994595,0.7776104558108722,1.6114773902415476,1.611477390241602
1.0814945925000001,0.7781546675879558,1.6125665164787846,1.6125665164788343
1.08199459,0.7786991756927698,1.6136562343592438,1.6136562343592884
1.0824945875,0.779243980448196,1.6147465445292817,1.6147465445293205
1.082994585,0.7797890821776438,1.615837447636311,1.615837447636344
1.0834945825,0.7803344812050521,1.6169289443288057,1.6169289443288322
1.0839945800000002,0.7808801778548901,1.6180210352562996,1.6180210352563191
1.0844945775000001,0.781426172452158,1.6191137210693909,1.619113721069403
1.084994575,0.7819724653223887,1.620207002419744,1.6202070024197488
1.0854945725,0.7825190567916496,1.6213008799600928,1.62130087996009
1.08599457,0.7830659471865423,1.622395354344242,1.6223953543442313
1.0864945675,0.7836131368342052,1.6234904262270695,1.6234904262270509
1.0869945650000001,0.7841606260623134,1.6245860962645287,1.624586096264502
1.0874945625,0.7847084151990805,1.6256823651136507,1.625682365113616
1.08799456,0.7852565045732603,1.626779233432548,1.6267792334325055
1.0884945575,0.7858048945141473,1.6278767018804154,1.6278767018803653
1.088994555,0.7863535853515776,1.628974771117533,1.6289747711174756
1.0894945525000002,0.7869025774159313,1.6300734418052685,1.630073441805204
1.0899945500000001,0.7874518710381319,1.6311727146060784,1.6311727146060073
1.0904945475,0.7880014665496492,1.6322725901835127,1.6322725901834356
1.090994545,0.7885513642825001,1.6333730692022161,1.6333730692021335
1.0914945425,0.7891015645692488,1.6344741523279303,1.634474152327843
1.09199454,0.7896520677430092,1.6355758402274958,1.6355758402274043
1.0924945375000001,0.7902028741374459,1.6366781335688563,1.6366781335687617
1.092994535,0.7907539840867741,1.637781033021058,1.6377810330209608
1.0934945325,0.7913053979257628,1.6388845392542553,1.6388845392541567
1.09399453,0.7918571159897351,1.639988652939712,1.6399886529396128
1.0944945275,0.7924091386145687,1.6410933747498024,1.6410933747497036
1.0949945250000002,0.7929614661366992,1.6421987053580167,1.6421987053579197
1.0954945225000001,0.7935140988931179,1.6433046454389588,1.6433046454388642
1.09599452,0.7940670372213767,1.6444111956683543,1.644411195668263
1.0964945175,0.7946202814595879,1.6455183567230496,1.6455183567229628
1.096994515,0.7951738319464242,1.6466261292810145,1.6466261292809332
1.0974945125,0.7957276890211215,1.647734514021345,1.6477345140212702
1.0979945100000001,0.7962818530234803,1.6488435116242686,1.6488435116242008
1.0984945075,0.7968363242938651,1.6499531227711404,1.6499531227710802
1.098994505,0.7973911031732076,1.6510633481444514,1.6510633481443995
1.0994945025,0.7979461900030076,1.6521741884278305,1.6521741884277867
1.0999945,0.7985015851253333,1.653285644306043,1.653285644306008
1.1004944975,0.7990572888828231,1.654397716464997,1.6543977164649701
1.1009944950000001,0.7996133016186877,1.6555104055917453,1.655510405591726
1.1014944925,0.8001696236767096,1.6566237123744856,1.656623712374473
1.10199449,0.8007262554012461,1.6577376375025659,1.6577376375025585
1.1024944875,0.8012831971372295,1.6588521816664856,1.6588521816664816
1.102994485,0.801840449230169,1.6599673455578983,1.6599673455578954
1.1034944825000002,0.8023980120261517,1.6610831298696156,1.661083129869613
1.1039944800000001,0.8029558858718435,1.6621995352956067,1.6621995352956045
1.1044944775,0.8035140711144911,1.6633165625310034,1.6633165625310018
1.104994475,0.8040725681019236,1.6644342122721032,1.6644342122721025
1.1054944725,0.8046313771825521,1.6655524852163692,1.6655524852163692
1.10599447,0.8051904987053728,1.666671382062435,1.666671382062436
1.1064944675000001,0.805749933019968,1.6677909035101075,1.667790903510109
1.106994465,0.8063096804765055,1.6689110502603657,1.6689110502603677
1.1074944625,0.8068697414257433,1.6700318230153697,1.670031823015372
1.10799446,0.8074301162190278,1.6711532224784575,1.67115322247846
1.1084944575,0.8079908052082971,1.6722752493541515,1.672275249354154
1.1089944550000002,0.8085518087460815,1.6733979043481595,1.6733979043481615
1.1094944525000001,0.8091131271855042,1.6745211881673758,1.6745211881673776
1.10999445,0.8096747608802842,1.6756451015198872,1.6756451015198885
1.1104944475,0.8102367101847368,1.6767696451149743,1.6767696451149752
1.110994445,0.8107989754537744,1.677894819663113,1.6778948196631132
1.1114944425,0.8113615570429089,1.6790206258759781,1.679020625875978
1.1119944400000001,0.8119244553082527,1.6801470644664478,1.6801470644664471
1.1124944375,0.8124876706065192,1.6812741361486019,1.6812741361486006
1.112994435,0.8130512032950251,1.6824018416377289,1.682401841637727
1.1134944325,0.8136150537316921,1.6835301816503268,1.6835301816503248
1.11399443,0.8141792222750469,1.6846591569041058,1.6846591569041038
1.1144944275000002,0.8147437092842242,1.6857887681179924,1.6857887681179906
1.1149944250000001,0.8153085151189662,1.686919016012129,1.6869190160121277
1.1154944225,0.8158736401396255,1.68804990130788,1.6880499013078791
1.11599442,0.8164390847071664,1.6891814247278338,1.6891814247278338
1.1164944175,0.8170048491831653,1.6903135869958037,1.6903135869958053
1.116994415,0.8175709339298127,1.691446388836833,1.691446388836836
1.1174944125000001,0.818137339309915,1.6925798309771964,1.692579830977201
1.11799441,0.8187040656868946,1.6937139141444026,1.6937139141444097
1.1184944075,0.819271113424793,1.6948486390671988,1.6948486390672084
1.118994405,0.8198384828882708,1.6959840064755713,1.6959840064755838
1.1194944025,0.8204061744426099,1.6971200171007503,1.6971200171007659
1.1199944,0.8209741884537143,1.6982566716752105,1.6982566716752294
1.1204943975000001,0.8215425252881129,1.6993939709326775,1.6993939709327002
1.120994395,0.8221111853129581,1.7005319156081249,1.7005319156081515
1.1214943925,0.8226801688960305,1.7016705064377833,1.7016705064378141
1.12199439,0.8232494764057385,1.70280974415914,1.7028097441591754
1.1224943875,0.8238191082111198,1.703949629510942,1.7039496295109817
1.1229943850000002,0.8243890646818437,1.7050901632331994,1.7050901632332438
1.1234943825,0.8249593461882107,1.7062313460671865,1.7062313460672356
1.12399438,0.8255299531011563,1.7073731787554485,1.7073731787555022
1.1244943775,0.826100885792251,1.7085156620418007,1.7085156620418591
1.124994375,0.8266721446337026,1.709658796671334,1.709658796671397
1.1254943725,0.8272437299983562,1.7108025833904152,1.7108025833904827
1.1259943700000001,0.8278156422596971,1.7119470229466922,1.711947022946764
1.1264943675,0.8283878817918517,1.713092116089096,1.7130921160891717
1.126994365,0.8289604489695892,1.7142378635678432,1.7142378635679227
1.1274943625,0.8295333441683228,1.7153842661344405,1.7153842661345233
1.12799436,0.8301065677641112,1.7165313245416856,1.7165313245417715
1.1284943575000002,0.8306801201336603,1.7176790395436718,1.7176790395437602
1.1289943550000001,0.8312540016543245,1.71882741189579,1.7188274118958804
1.1294943525,0.831828212704108,1.7199764423547315,1.7199764423548234
1.12999435,0.832402753661667,1.7211261316784927,1.7211261316785855
1.1304943475,0.8329776249063103,1.7222764806263755,1.7222764806264688
1.130994345,0.8335528268180019,1.7234274899589934,1.7234274899590862
1.1314943425000001,0.8341283597773612,1.7245791604382716,1.7245791604383636
1.13199434,0.8347042241656651,1.7257314928274512,1.7257314928275413
1.1324943375,0.8352804203648498,1.7268844878910918,1.7268844878911795
1.132994335,0.8358569487575123,1.7280381463950765,1.728038146395161
1.1334943325,0.8364338097269116,1.7291924691066127,1.7291924691066933
1.1339943300000002,0.8370110036569702,1.7303474567942354,1.7303474567943113
1.1344943275000001,0.8375885309322758,1.7315031102278113,1.7315031102278817
1.134994325,0.8381663919380827,1.7326594301785407,1.7326594301786051
1.1354943225,0.838744587060314,1.733816417418962,1.7338164174190198
1.13599432,0.8393231166855618,1.7349740727229537,1.7349740727230039
1.1364943175,0.8399019812010903,1.7361323968657376,1.7361323968657796
1.1369943150000001,0.8404811809948364,1.7372913906238827,1.737291390623916
1.1374943125,0.8410607164554107,1.738451054775306,1.73845105477533
1.13799431,0.8416405879721012,1.7396113900992798,1.7396113900992942
1.1384943075,0.8422207959348722,1.74077239737643,1.7407723973764344
1.138994305,0.8428013407343683,1.7419340773887437,1.7419340773887377
1.1394943025000002,0.8433822227619143,1.7430964309195696,1.7430964309195531
1.1399943000000001,0.8439634424095167,1.74425945875362,1.744259458753593
1.1404942975,0.8445450000698672,1.7454231616769786,1.7454231616769407
1.140994295,0.8451268961363424,1.7465875404770999,1.7465875404770512
1.1414942925,0.8457091310030056,1.747752595942812,1.747752595942753
1.14199429,0.8462917050646096,1.748918328864323,1.7489183288642538
1.1424942875000001,0.8468746187165972,1.7500847400332222,1.7500847400331432
1.142994285,0.8474578723551025,1.7512518302424818,1.7512518302423934
1.1434942825,0.8480414663769543,1.7524196002864638,1.7524196002863668
1.14399428,0.8486254011796757,1.75358805096092,1.7535880509608153
1.1444942775,0.849209677161487,1.7547571830629978,1.7547571830628859
1.144994275,0.8497942947213069,1.755926997391241,1.755926997391123
1.1454942725000001,0.8503792542587539,1.7570974947455948,1.7570974947454716
1.14599427,0.8509645561741485,1.758268675927408,1.7582686759272808
1.1464942675,0.8515502008685139,1.7594405417394368,1.759440541739307
1.146994265,0.8521361887435792,1.760613092985849,1.760613092985718
1.1474942625,0.8527225202017796,1.7617863304722259,1.7617863304720947
1.1479942600000002,0.8533091956462591,1.762960255005566,1.7629602550054364
1.1484942575000001,0.8538962154808705,1.764134867394288,1.7641348673941613
1.148994255,0.8544835801101793,1.7653101684482353,1.7653101684481127
1.1494942525,0.855071289939464,1.766486158978678,1.7664861589785612
1.14999425,0.8556593453747184,1.7676628397983183,1.7676628397982084
1.1504942475,0.8562477468226521,1.7688402117212898,1.768840211721188
1.1509942450000001,0.8568364946906941,1.7700182755631664,1.770018275563074
1.1514942425,0.8574255893869926,1.7711970321409607,1.7711970321408785
1.15199424,0.8580150313204178,1.7723764822731298,1.7723764822730586
1.1524942375,0.8586048209005634,1.7735566267795793,1.7735566267795193
1.152994235,0.8591949585377484,1.7747374664816646,1.7747374664816165
1.1534942325000002,0.8597854446430189,1.7759190022021978,1.7759190022021607
1.1539942300000001,0.8603762796281482,1.777101234765445,1.777101234765418
1.1544942275,0.8609674639056416,1.7782841649971364,1.7782841649971188
1.154994225,0.8615589978887359,1.7794677937244674,1.7794677937244572
1.1554942225,0.8621508819914009,1.7806521217760989,1.7806521217760933
1.15599422,0.8627431166283428,1.781837149982166,1.7818371499821617
1.1564942175000001,0.863335702215005,1.7830228791742786,1.7830228791742746
1.156994215,0.8639286391675691,1.7842093101855239,1.7842093101855205
1.1574942125,0.8645219279029583,1.7853964438504728,1.7853964438504701
1.15799421,0.865115568838838,1.786584281005181,1.7865842810051789
1.1584942075,0.8657095623936177,1.7877728224871936,1.7877728224871923
1.1589942050000002,0.8663039089864537,1.7889620691355492,1.7889620691355486
1.1594942025000001,0.8668986090372486,1.7901520217907805,1.7901520217907803
1.1599942,0.8674936629666562,1.7913426812949227,1.791342681294923
1.1604941975,0.8680890711960806,1.7925340484915124,1.7925340484915127
1.160994195,0.8686848341476798,1.7937261242255946,1.7937261242255949
1.1614941925,0.8692809522443662,1.794918909343724,1.794918909343724
1.1619941900000001,0.8698774259098094,1.7961124046939696,1.7961124046939694
1.1624941875,0.8704742555684374,1.7973066111259188,1.7973066111259182
1.162994185,0.8710714416454381,1.7985015294906794,1.7985015294906783
1.1634941825,0.8716689845667626,1.799697160640885,1.7996971606408831
1.16399418,0.8722668847591253,1.8008935054306978,1.8008935054306956
1.1644941775,0.8728651426500067,1.8020905647158123,1.8020905647158096
1.1649941750000001,0.8734637586676554,1.8032883393534598,1.8032883393534567
1.1654941725,0.8740627332410882,1.8044868302024086,1.8044868302024053
1.16599417,0.8746620668000946,1.8056860381229733,1.80568603812297
1.1664941675,0.8752617597752369,1.8068859639770145,1.806885963977011
1.166994165,0.8758618125978525,1.8080866086279432,1.8080866086279404
1.1674941625000002,0.8764622257000556,1.8092879729407259,1.8092879729407234
1.1679941600000001,0.8770629995147394,1.810490057781886,1.8104900577818845
1.1684941575,0.8776641344755776,1.8116928640195098,1.8116928640195096
1.168994155,0.8782656310170264,1.8128963925232489,1.81289639252325
1.1694941525,0.8788674895743269,1.814100644164325,1.8141006441643281
1.16999415,0.879469710583506,1.8153056198155324,1.8153056198155375
1.1704941475000001,0.8800722944813796,1.8165113203512435,1.816511320351251
1.170994145,0.8806752417055524,1.8177177466474097,1.81771774664742
1.1714941425,0.8812785526944222,1.818924899581568,1.8189248995815814
1.17199414,0.8818822278871806,1.8201327800328448,1.8201327800328617
1.1724941375,0.882486267723815,1.821341388881958,1.8213413888819785
1.1729941350000002,0.8830906726451105,1.822550727011222,1.8225507270112464
1.1734941325000001,0.8836954430926518,1.8237607953045503,1.8237607953045785
1.17399413,0.8843005795088253,1.8249715946474607,1.8249715946474931
1.1744941275,0.8849060823368216,1.82618312592708,1.8261831259271168
1.174994125,0.8855119520206359,1.8273953900321456,1.8273953900321867
1.1754941225,0.8861181890050714,1.8286083878530097,1.828608387853055
1.1759941200000001,0.8867247937357413,1.8298221202816463,1.8298221202816962
1.1764941175,0.8873317666590688,1.83103658821165,1.831036588211704
1.176994115,0.8879391082222917,1.8322517925382447,1.8322517925383028
1.1774941125,0.888546818873463,1.8334677341582855,1.8334677341583474
1.17799411,0.8891548990614524,1.8346844139702616,1.8346844139703269
1.1784941075000002,0.8897633492359502,1.8359018328743035,1.8359018328743721
1.1789941050000001,0.8903721698474665,1.8371199917721823,1.8371199917722538
1.1794941025,0.8909813613473356,1.8383388915673182,1.838338891567392
1.1799941,0.8915909241877171,1.8395585331647817,1.8395585331648574
1.1804940975,0.8922008588215983,1.8407789174713003,1.8407789174713771
1.180994095,0.8928111657027948,1.8420000453952579,1.8420000453953356
1.1814940925000001,0.8934218452859553,1.8432219178467053,1.8432219178467832
1.18199409,0.8940328980265599,1.8444445357373576,1.8444445357374346
1.1824940875,0.8946443243809256,1.8456678999806022,1.8456678999806782
1.182994085,0.8952561248062066,1.8468920114915037,1.8468920114915774
1.1834940825,0.8958682997603968,1.848116871186805,1.848116871186876
1.1839940800000002,0.8964808497023314,1.8493424799849327,1.8493424799850002
1.1844940775000001,0.8970937750916892,1.8505688388060015,1.8505688388060648
1.184994075,0.8977070763889953,1.8517959485718187,1.8517959485718771
1.1854940725,0.8983207540556222,1.8530238102058871,1.85302381020594
1.18599407,0.8989348085537926,1.854252424633411,1.854252424633457
1.1864940675,0.8995492403465811,1.8554817927812977,1.855481792781337
1.1869940650000002,0.9001640498979164,1.8567119155781644,1.856711915578196
1.1874940625000001,0.9007792376725833,1.8579427939543405,1.8579427939543638
1.18799406,0.901394804136225,1.8591744288418728,1.8591744288418874
1.1884940575,0.9020107497553452,1.8604068211745302,1.8604068211745357
1.188994055,0.9026270749973102,1.861639971887806,1.861639971887802
1.1894940525,0.9032437803303508,1.8628738819189241,1.8628738819189103
1.1899940500000001,0.9038608662235652,1.8641085522068437,1.8641085522068201
1.1904940475,0.9044783331469192,1.865343983692259,1.8653439836922252
1.190994045,0.9050961815712509,1.8665801773176098,1.8665801773175663
1.1914940425,0.9057144119682716,1.8678171340270828,1.8678171340270295
1.19199404,0.9063330248105675,1.869054854766615,1.8690548547665524
1.1924940375000002,0.9069520205716031,1.8702933404839,1.8702933404838282
1.1929940350000001,0.9075713997257214,1.8715325921283898,1.8715325921283097
1.1934940325,0.9081911627481487,1.8727726106513027,1.8727726106512146
1.19399403,0.9088113101149946,1.8740133970056243,1.8740133970055295
1.1944940275,0.9094318423032556,1.8752549521461148,1.8752549521460138
1.194994025,0.9100527597908161,1.8764972770293105,1.8764972770292043
1.1954940225000001,0.910674063056452,1.8777403726135309,1.8777403726134207
1.19599402,0.9112957525798313,1.8789842398588803,1.8789842398587675
1.1964940175,0.9119178288415174,1.8802288797272548,1.8802288797271407
1.196994015,0.912540292322972,1.881474293182347,1.8814742931822326
1.1974940125,0.9131631435065549,1.8827204811896463,1.8827204811895335
1.1979940100000002,0.9137863828755295,1.8839674447164496,1.8839674447163397
1.1984940075000001,0.9144100109140614,1.8852151847318592,1.8852151847317535
1.198994005,0.9150340281072242,1.8864637022067936,1.8864637022066937
1.1994940025,0.9156584349409995,1.8877129981139873,1.8877129981138943
1.199994,0.9162832319022799,1.8889630734279979,1.888963073427913
1.2004939975,0.9169084194788711,1.8902139291252096,1.8902139291251339
1.2009939950000001,0.9175339981594945,1.8914655661838378,1.891465566183772
1.2014939925,0.9181599684337888,1.8927179855839336,1.8927179855838783
1.20199399,0.9187863307923132,1.8939711883073895,1.8939711883073451
1.2024939875,0.9194130857265492,1.895225175337943,1.895225175337909
1.202993985,0.9200402337289033,1.8964799476611816,1.8964799476611574
1.2034939825000002,0.9206677752927085,1.897735506264547,1.897735506264531
1.2039939800000001,0.9212957109122272,1.898991852137339,1.89899185213733
1.2044939775,0.9219240410826535,1.9002489862707228,1.9002489862707175
1.204993975,0.9225527663001158,1.9015069096577317,1.9015069096577268
1.2054939725,0.9231818870616789,1.9027656232932721,1.9027656232932677
1.20599397,0.923811403865346,1.9040251281741285,1.9040251281741245
1.2064939675000002,0.924441317210062,1.9052854252989686,1.9052854252989653
1.2069939650000001,0.9250716275957138,1.9065465156683445,1.9065465156683419
1.2074939625,0.9257023355231359,1.9078084002847042,1.907808400284702
1.20799396,0.9263334414941101,1.9090710801523905,1.9090710801523891
1.2084939575,0.926964946011369,1.9103345562776481,1.910334556277647
1.208993955,0.9275968495785986,1.9115988296686293,1.9115988296686282
1.2094939525000001,0.9282291527004397,1.9128639013353963,1.9128639013353952
1.20999395,0.9288618558824913,1.9141297722899278,1.9141297722899266
1.2104939475,0.9294949596313127,1.9153964435461242,1.9153964435461224
1.210993945,0.9301284644544259,1.9166639161198107,1.9166639161198087
1.2114939425,0.930762370860318,1.9179321910287441,1.9179321910287417
1.2119939400000002,0.9313966793584442,1.9192012692926175,1.9192012692926146
1.2124939375000001,0.9320313904592287,1.920471151933062,1.9204711519330586
1.212993935,0.9326665046740691,1.9217418399736563,1.9217418399736526
1.2134939325,0.9333020225153378,1.9230133344399292,1.9230133344399252
1.21399393,0.9339379444963849,1.924285636359365,1.9242856363593608
1.2144939275,0.93457427113154,1.9255587467614075,1.9255587467614033
1.2149939250000001,0.9352110029361157,1.9268326666774669,1.926832666677463
1.2154939225,0.9358481404264088,1.9281073971409222,1.928107397140919
1.21599392,0.9364856841197045,1.9293829391871296,1.929382939187127
1.2164939175,0.9371236345342772,1.9306592938534242,1.9306592938534228
1.216993915,0.9377619921893946,1.931936462179128,1.9319364621791282
1.2174939125000002,0.9384007576053193,1.933214445205553,1.933214445205555
1.2179939100000001,0.9390399313033105,1.9344932439760052,1.9344932439760094
1.2184939075,0.9396795138056288,1.9357728595357933,1.9357728595357997
1.218993905,0.940319505635537,1.937053292932231,1.9370532929322404
1.2194939025,0.9409599073173037,1.938334545214644,1.9383345452146565
1.2199939,0.9416007193762045,1.9396166174343725,1.9396166174343883
1.2204938975000001,0.9422419423385263,1.9408995106447797,1.9408995106447988
1.220993895,0.9428835767315681,1.9421832259012526,1.9421832259012755
1.2214938925,0.9435256230836455,1.943467764261213,1.9434677642612397
1.22199389,0.9441680819240921,1.9447531267841178,1.9447531267841487
1.2224938875,0.944810953783262,1.9460393145314665,1.9460393145315016
1.2229938850000002,0.9454542391925336,1.947326328566807,1.9473263285668458
1.2234938825000001,0.94609793868431,1.9486141699557364,1.9486141699557793
1.22399388,0.9467420527920246,1.9499028397659135,1.9499028397659601
1.2244938775,0.9473865820501416,1.951192339067059,1.951192339067109
1.224993875,0.9480315269941592,1.9524826689309613,1.9524826689310149
1.2254938725,0.9486768881606128,1.953773830431485,1.9537738304315417
1.2259938700000002,0.9493226660870769,1.9550658246445713,1.9550658246446309
1.2264938675000001,0.9499688613121677,1.9563586526482468,1.9563586526483083
1.226993865,0.9506154743755472,1.9576523155226289,1.9576523155226921
1.2274938625,0.9512625058179244,1.95894681434993,1.9589468143499946
1.22799386,0.9519099561810583,1.9602421502144631,1.9602421502145284
1.2284938575,0.9525578260077617,1.961538324202648,1.9615383242027133
1.2289938550000001,0.9532061158419025,1.9628353374030165,1.962835337403081
1.2294938525,0.9538548262284066,1.9641331909062152,1.9641331909062782
1.22999385,0.9545039577132619,1.9654318858050166,1.9654318858050774
1.2304938475,0.95515351084352,1.9667314231943194,1.9667314231943773
1.230993845,0.9558034861672992,1.9680318041711573,1.9680318041712115
1.2314938425000002,0.9564538842337871,1.9693330298347023,1.969333029834752
1.2319938400000001,0.9571047055932437,1.9706351012862717,1.9706351012863164
1.2324938375,0.9577559507970042,1.9719380196293332,1.9719380196293719
1.232993835,0.9584076203974813,1.9732417859695104,1.9732417859695426
1.2334938325,0.9590597149481687,1.9745464014145886,1.9745464014146137
1.23399383,0.9597122350036437,1.975851867074521,1.9758518670745384
1.2344938275000001,0.96036518111957,1.9771581840614343,1.9771581840614434
1.234993825,0.9610185538526994,1.9784653534896306,1.978465353489631
1.2354938225,0.9616723537608769,1.9797733764755996,1.979773376475591
1.23599382,0.9623265814030422,1.9810822541380204,1.9810822541380027
1.2364938175,0.9629812373392321,1.982391987597767,1.98239198759774
1.2369938150000002,0.963636322130585,1.983702577977916,1.9837025779778799
1.2374938125000001,0.964291836339342,1.985014026403751,1.9850140264037055
1.23799381,0.9649477805288504,1.986326334002767,1.9863263340027126
1.2384938075,0.9656041552635678,1.9876395019046806,1.987639501904618
1.238993805,0.9662609611090633,1.988953531241432,1.988953531241361
1.2394938025,0.9669181986320211,1.9902684231471908,1.9902684231471128
1.2399938000000001,0.9675758684002443,1.991584178758366,1.9915841787582813
1.2404937975,0.9682339709826558,1.9929007992136054,1.9929007992135153
1.240993795,0.968892506949303,1.9942182856538067,1.9942182856537118
1.2414937925,0.9695514768713606,1.9955366392221223,1.9955366392220242
1.24199379,0.9702108813211328,1.9968558610639642,1.996855861063864
1.2424937875000002,0.9708707208720571,1.9981759523270106,1.9981759523269098
1.2429937850000001,0.9715309960987057,1.99949691416121,1.99949691416111
1.2434937825,0.9721917075767915,2.0008187477187924,2.0008187477186943
1.24399378,0.9728528558831678,2.0021414541542684,2.002141454154174
1.2444937775,0.9735144415958333,2.003465034624441,2.0034650346243517
1.244993775,0.9741764652939352,2.0047894902884082,2.004789490288325
1.2454937725000002,0.9748389275577709,2.006114822307571,2.006114822307496
1.2459937700000001,0.9755018289687921,2.0074410318456386,2.0074410318455715
1.2464937675,0.9761651701096073,2.0087681200686327,2.0087681200685754
1.246993765,0.9768289515639863,2.0100960881448997,2.010096088144852
1.2474937625,0.9774931739168606,2.0114249372451085,2.011424937245071
1.24799376,0.9781578377543292,2.012754668542264,2.012754668542236
1.2484937575000001,0.9788229436636604,2.0140852832117093,2.0140852832116902
1.248993755,0.9794884922332944,2.0154167824311315,2.01541678243112
1.2494937525,0.9801544840528473,2.016749167380571,2.0167491673805635
1.24999375,0.9808209197131149,2.0180824392424257,2.01808243924242
1.2504937475,0.981487799806074,2.0194165992014583,2.0194165992014534
1.2509937450000002,0.9821551249248872,2.020751648444802,2.020751648444798
1.2514937425000001,0.9828228956639044,2.0220875881619644,2.022087588161962
1.25199374,0.9834911126186678,2.023424419544839,2.0234244195448388
1.2524937375,0.9841597763859141,2.024762143787708,2.024762143787709
1.252993735,0.984828887563578,2.0261007620872493,2.0261007620872515
1.2534937325,0.9854984467507948,2.0274402756425434,2.027440275642547
1.2539937300000001,0.9861684545479048,2.02878068565508,2.0287806856550845
1.2544937275,0.9868389115564546,2.0301219933287626,2.030121993328767
1.254993725,0.9875098183792027,2.031464199869918,2.031464199869922
1.2554937225,0.9881811756201212,2.0328073064873005,2.032807306487304
1.25599372,0.9888529838843994,2.034151314392099,2.034151314392102
1.2564937175000002,0.9895252437784473,2.035496224797945,2.0354962247979467
1.2569937150000001,0.9901979559098982,2.036842038920915,2.036842038920916
1.2574937125,0.9908711208876132,2.038188757979543,2.0381887579795426
1.25799371,0.9915447393216835,2.0395363831948226,2.039536383194821
1.2584937075,0.9922188118234341,2.0408849157902154,2.0408849157902127
1.258993705,0.992893339005427,2.0422343569916572,2.0422343569916537
1.2594937025000001,0.9935683214814649,2.0435847080275655,2.043584708027562
1.2599937,0.9942437598665933,2.0449359701288436,2.04493597012884
1.2604936975,0.994919654777106,2.0462881445288916,2.046288144528888
1.260993695,0.9955960068305468,2.0476412324636097,2.047641232463607
1.2614936925,0.9962728166457133,2.048995235171406,2.0489952351714047
1.2619936900000002,0.996950084842661,2.0503501538932043,2.0503501538932056
1.2624936875000001,0.9976278120427045,2.0517059898724472,2.0517059898724517
1.262993685,0.9983059988684242,2.0530627443551097,2.0530627443551177
1.2634936825,0.9989846459436673,2.054420418589699,2.0544204185897117
1.26399368,0.9996637538935521,2.055779013827266,2.0557790138272836
1.2644936775,1.0003433233444712,2.0571385313214097,2.0571385313214336
1.2649936750000002,1.0010233549240957,2.058498972328287,2.0584989723283176
1.2654936725,1.0017038492613766,2.059860338106614,2.0598603381066525
1.26599367,1.0023848069865515,2.061222629917681,2.061222629917727
1.2664936675,1.0030662287311454,2.062585849025352,2.0625858490254068
1.266993665,1.0037481151279755,2.0639499966960773,2.0639499966961417
1.2674936625000002,1.0044304668111543,2.0653150741988973,2.0653150741989705
1.2679936600000001,1.0051132844160933,2.0666810828054496,2.0666810828055326
1.2684936575,1.005796568579506,2.068048023789977,2.0680480237900705
1.268993655,1.006480319939413,2.069415898429337,2.0694158984294404
1.2694936525,1.007164539135144,2.0707847080030044,2.0707847080031176
1.26999365,1.0078492268073413,2.0721544537930803,2.0721544537932033
1.2704936475000002,1.0085343835979657,2.073525137084302,2.0735251370844345
1.2709936450000001,1.0092200101502962,2.074896759164045,2.074896759164186
1.2714936425,1.0099061071089372,2.076269321322334,2.076269321322483
1.27199364,1.010592675119821,2.0776428248518504,2.0776428248520076
1.2724936375,1.0112797148302108,2.0790172710479378,2.0790172710481016
1.272993635,1.0119672268887048,2.08039266120861,2.080392661208779
1.2734936325000001,1.01265521194524,2.081768996634558,2.0817689966347315
1.27399363,1.0133436706510954,2.0831462786291572,2.0831462786293335
1.2744936275,1.0140326036588965,2.0845245084984763,2.0845245084986543
1.274993625,1.0147220116226185,2.0859036875512835,2.085903687551462
1.2754936225,1.01541189519759,2.087283817099054,2.087283817099231
1.2759936200000002,1.0161022550404968,2.088664898455978,2.088664898456152
1.2764936175000001,1.016793091809386,2.0900469329389675,2.0900469329391367
1.276993615,1.0174844061636685,2.091429921867663,2.0914299218678254
1.2774936125,1.0181761987641254,2.0928138665644442,2.0928138665645992
1.27799361,1.0188684702729085,2.0941987683544347,2.0941987683545795
1.2784936075,1.0195612213535465,2.095584628565511,2.0955846285656436
1.2789936050000001,1.0202544526709483,2.096971448528308,2.0969714485284277
1.2794936025,1.0209481648914056,2.0983592295762303,2.098359229576335
1.2799936,1.0216423586825985,2.0997479730454565,2.0997479730455444
1.2804935975,1.0223370347135985,2.1011376802749493,2.101137680275019
1.280993595,1.023032193654872,2.1025283526064613,2.1025283526065115
1.2814935925000002,1.0237278361782856,2.103919991384544,2.103919991384574
1.2819935900000001,1.0244239629571072,2.105312597956555,2.1053125979565634
1.2824935875,1.0251205746660137,2.106706173672667,2.106706173672653
1.282993585,1.0258176719810914,2.108100719885873,2.108100719885836
1.2834935825,1.026515255579843,2.109496237951998,2.109496237951938
1.28399358,1.0272133261411884,2.110892729229704,2.1108927292296205
1.2844935775000001,1.0279118843454718,2.1122901950804973,2.112290195080391
1.284993575,1.0286109308744629,2.11368863686874,2.1136886368686114
1.2854935725,1.0293104664113628,2.1150880559616545,2.115088055961504
1.28599357,1.0300104916408073,2.1164884537293327,2.1164884537291617
1.2864935675,1.0307110072488712,2.117889831544746,2.117889831544556
1.2869935650000002,1.031412013923072,2.1192921907837494,2.119292190783542
1.2874935625000001,1.0321135123523737,2.1206955328250934,2.12069553282487
1.28799356,1.0328155032271917,2.122099859050429,2.122099859050193
1.2884935575,1.0335179872393963,2.123505170844319,2.123505170844072
1.288993555,1.0342209650823166,2.124911469594243,2.1249114695939886
1.2894935525,1.0349244374507456,2.126318756690608,2.126318756690349
1.2899935500000002,1.035628405040943,2.127727033526756,2.1277270335264955
1.2904935475000001,1.03633286855064,2.129136301498971,2.1291363014987126
1.290993545,1.037037828679044,2.130546562006489,2.130546562006236
1.2914935425,1.0377432861268416,2.1319578164515067,2.131957816451262
1.29199354,1.0384492415962034,2.133370066239186,2.133370066238954
1.2924935375,1.0391556957907884,2.134783312777668,2.1347833127774507
1.2929935350000001,1.0398626494157484,2.136197557478078,2.1361975574778795
1.2934935325,1.0405701031777304,2.137612801754533,2.137612801754355
1.29399353,1.0412780577848835,2.139029047024153,2.1390290470239988
1.2944935275,1.0419865139468611,2.140446294707068,2.1404462947069383
1.294993525,1.0426954723748267,2.141864546226427,2.141864546226323
1.2954935225000002,1.0434049337814575,2.1432838030084076,2.143283803008328
1.2959935200000001,1.0441148988809472,2.14470406648222,2.1447040664821637
1.2964935175,1.044825368389013,2.1461253380801213,2.1461253380800853
1.296993515,1.0455363430228983,2.1475476192374208,2.1475476192374012
1.2974935125,1.046247823501378,2.1489709113924915,2.1489709113924818
1.29799351,1.046959810544761,2.150395215986775,2.150395215986767
1.2984935075000001,1.0476723048748975,2.1518205344647945,2.151820534464788
1.298993505,1.0483853072151799,2.1532468682741586,2.1532468682741546
1.2994935025,1.0490988182905505,2.1546742188655754,2.1546742188655745
1.2999935,1.049812838827504,2.1561025876928577,2.15610258769286
1.3004934975,1.050527369554092,2.157531976212932,2.157531976212937
1.3009934950000002,1.0512424111999292,2.158962385885851,2.158962385885859
1.3014934925000001,1.0519579644961943,2.160393818174797,2.160393818174806
1.30199349,1.0526740301756385,2.1618262745460948,2.161826274546106
1.3024934875,1.0533906089725877,2.163259756469221,2.163259756469232
1.302993485,1.0541077016229479,2.16469426541681,2.1646942654168213
1.3034934825,1.0548253088642083,2.1661298028646665,2.1661298028646763
1.3039934800000001,1.0555434314354488,2.167566370291772,2.1675663702917802
1.3044934775,1.0562620700773402,2.169003969180293,2.1690039691802996
1.304993475,1.0569812255321533,2.1704426010155955,2.1704426010155995
1.3054934725,1.0577008985437608,2.1718822672862483,2.1718822672862506
1.30599347,1.0584210898576423,2.1733229694840355,2.173322969484035
1.3064934675000002,1.05914180022089,2.1747647091039655,2.1747647091039637
1.3069934650000001,1.0598630303822116,2.1762074876442776,2.176207487644274
1.3074934625,1.0605847810919364,2.1776513066064553,2.1776513066064505
1.30799346,1.06130705310202,2.1790961674952336,2.1790961674952287
1.3084934575,1.0620298471660476,2.1805420718186084,2.1805420718186044
1.308993455,1.0627531640392405,2.1819890210878454,2.1819890210878428
1.3094934525000002,1.0634770044784596,2.1834370168174915,2.183437016817492
1.3099934500000001,1.06420136924221,2.1848860605253817,2.184886060525386
1.3104934475,1.0649262590906474,2.1863361537326513,2.186336153732661
1.310993445,1.0656516747855809,2.187787297963743,2.18778729796376
1.3114934425,1.066377617090479,2.18923949474642,2.1892394947464453
1.3119934400000002,1.0671040867704749,2.1906927456117713,2.1906927456118064
1.3124934375000001,1.0678310845923684,2.1921470520942226,2.1921470520942683
1.312993435,1.068558611324635,2.1936024157315486,2.193602415731607
1.3134934325,1.0692866677374278,2.195058838064881,2.1950588380649534
1.31399343,1.0700152546025836,2.1965163206387177,2.196516320638805
1.3144934275,1.0707443726936272,2.1979748650009334,2.197974865001037
1.3149934250000002,1.071474022785777,2.1994344727027895,2.19943447270291
1.3154934225000001,1.0722042056559487,2.200895145298942,2.2008951452990804
1.31599342,1.0729349220827618,2.202356884347455,2.2023568843476116
1.3164934175,1.073666172846544,2.2038196914098087,2.2038196914099837
1.316993415,1.0743979587293357,2.2052835680509086,2.2052835680511027
1.3174934125,1.075130280514896,2.2067485158390974,2.2067485158393105
1.3179934100000001,1.0758631389887063,2.208214536346164,2.2082145363463956
1.3184934075,1.0765965349379767,2.2096816311473524,2.209681631147602
1.318993405,1.0773304691516503,2.2111498018213736,2.2111498018216404
1.3194934025,1.0780649424204094,2.2126190499504177,2.2126190499507006
1.3199934,1.0787999555366787,2.2140893771201586,2.2140893771204566
1.3204933975000002,1.0795355092946326,2.2155607849197705,2.2155607849200813
1.3209933950000001,1.0802716044901979,2.2170332749419313,2.2170332749422537
1.3214933925,1.0810082419210614,2.2185068487828397,2.218506848783171
1.32199339,1.0817454223866736,2.2199815080422214,2.21998150804256
1.3224933875,1.0824831466882547,2.221457254323342,2.2214572543236852
1.322993385,1.0832214156287991,2.222934089233015,2.2229340892333598
1.3234933825000001,1.0839602300130815,2.2244120143816146,2.2244120143819583
1.32399338,1.0846995906476604,2.225891031383083,2.225891031383423
1.3244933775,1.0854394983408855,2.2273711418549444,2.2273711418552766
1.324993375,1.0861799539029027,2.2288523474183153,2.228852347418637
1.3254933725,1.086920958145658,2.2303346496979124,2.23033464969822
1.3259933700000002,1.0876625118829042,2.231818050322066,2.2318180503223566
1.3264933675000001,1.0884046159302052,2.2333025509227293,2.2333025509229993
1.326993365,1.0891472711049424,2.234788153135489,2.2347881531357356
1.3274933625,1.0898904782263195,2.2362748585995784,2.2362748585997982
1.32799336,1.0906342381153682,2.237762668957885,2.2377626689580747
1.3284933575,1.0913785515949534,2.2392515858569637,2.2392515858571205
1.3289933550000002,1.0921234194897793,2.2407416109470466,2.2407416109471683
1.3294933525000001,1.0928688426263928,2.242232745882053,2.2422327458821374
1.32999335,1.0936148218331925,2.243724992319605,2.243724992319649
1.3304933475,1.0943613579404312,2.2452183519210323,2.245218351921035
1.330993345,1.0951084517802225,2.246712826351387,2.2467128263513465
1.3314933425000002,1.0958561041865476,2.2482084172794554,2.2482084172793715
1.3319933400000001,1.0966043159952572,2.2497051263777643,2.2497051263776364
1.3324933375,1.0973530880440823,2.2512029553225994,2.2512029553224275
1.332993335,1.0981024211726353,2.252701905794011,2.2527019057937956
1.3334933325,1.0988523162224184,2.2542019794758272,2.254201979475569
1.33399333,1.0996027740368282,2.2557031780556653,2.255703178055367
1.3344933275000002,1.100353795461161,2.257205503224943,2.257205503224606
1.3349933250000001,1.1011053813426197,2.25870895667889,2.2587089566785172
1.3354933225,1.1018575325303184,2.2602135401165584,2.2602135401161534
1.33599332,1.1026102498752886,2.261719255240836,2.2617192552404024
1.3364933175,1.1033635342304855,2.2632261037584573,2.2632261037579995
1.336993315,1.1041173864507932,2.264734087380014,2.2647340873795376
1.3374933125000001,1.1048718073930301,2.2662432078199677,2.2662432078194774
1.33799331,1.1056267979159555,2.2677534667966603,2.2677534667961625
1.3384933075,1.106382358880276,2.269264866032329,2.26926486603183
1.338993305,1.107138491148649,2.2707774072531133,2.2707774072526186
1.3394933025,1.1078951955856922,2.272291092189071,2.272291092188588
1.3399933000000002,1.108652473057986,2.273805922574188,2.2738059225737226
1.3404932975000001,1.1094103244340818,2.27532190014639,2.2753219001459484
1.340993295,1.1101687505845068,2.2768390266475547,2.2768390266471434
1.3414932925,1.1109277523817704,2.278357303823525,2.2783573038231495
1.34199329,1.111687330700371,2.279876733424121,2.279876733423786
1.3424932875,1.1124474864168001,2.2813973172031488,2.2813973172028583
1.3429932850000001,1.1132082204095508,2.282919056918418,2.2829190569181748
1.3434932825,1.113969533559121,2.284441954331748,2.2844419543315526
1.34399328,1.1147314267480228,2.2859660112089855,2.285966011208837
1.3444932775,1.1154939008607858,2.2874912293200125,2.287491229319909
1.344993275,1.116256956783965,2.2890176104387625,2.2890176104386977
1.3454932725000002,1.1170205954061465,2.2905451563432297,2.290545156343195
1.3459932700000001,1.1177848176179532,2.2920738688154834,2.292073868815468
1.3464932675,1.1185496243120516,2.293603749641679,2.293603749641667
1.346993265,1.1193150163831582,2.295134800612073,2.295134800612063
1.3474932625,1.1200809947280452,2.2966670235210325,2.2966670235210263
1.34799326,1.1208475602455472,2.298200420167049,2.298200420167048
1.3484932575000002,1.1216147138365682,2.2997349923527537,2.2997349923527572
1.3489932550000001,1.122382456404085,2.3012707418849216,2.30127074188493
1.3494932525,1.1231507888531582,2.3028076705744973,2.3028076705745093
1.34999325,1.1239197120909348,2.304345780236596,2.304345780236611
1.3504932475,1.1246892270266564,2.3058850726905233,2.30588507269054
1.3509932450000002,1.1254593345716657,2.307425549759787,2.307425549759804
1.3514932425000001,1.1262300356394113,2.3089672132721057,2.3089672132721217
1.35199324,1.1270013311454563,2.310510065059428,2.310510065059442
1.3524932375,1.1277732220074839,2.312054106957941,2.312054106957953
1.352993235,1.128545709145304,2.313599340808087,2.3135993408080964
1.3534932325,1.1293187934808593,2.3151457684545727,2.3151457684545784
1.3539932300000002,1.1300924759382331,2.3166933917463863,2.316693391746388
1.3544932275000001,1.1308667574436546,2.3182422125368074,2.318242212536806
1.354993225,1.1316416389255062,2.319792232683422,2.3197922326834175
1.3554932225,1.1324171213143308,2.321343454048137,2.32134345404813
1.35599322,1.1331932055428366,2.3228958784971896,2.3228958784971816
1.3564932175,1.1339698925459065,2.324449507901167,2.324449507901159
1.3569932150000001,1.1347471832606029,2.326004344135014,2.326004344135008
1.3574932125,1.135525078626174,2.327560389078048,2.3275603890780454
1.35799321,1.1363035795840626,2.329117644613976,2.3291176446139783
1.3584932075,1.1370826870779125,2.330676112630905,2.330676112630915
1.358993205,1.1378624020535735,2.332235795021355,2.3322357950213743
1.3594932025000002,1.1386427254591112,2.333796693682278,2.3337966936823094
1.3599932000000001,1.1394236582448098,2.3353588105150616,2.335358810515107
1.3604931975,1.1402052013631845,2.3369221474255566,2.3369221474256188
1.360993195,1.1409873557689834,2.3384867063240793,2.33848670632416
1.3614931925,1.1417701224191978,2.3400524891254317,2.3400524891255334
1.36199319,1.1425535022730677,2.3416194977489133,2.3416194977490377
1.3624931875000001,1.1433374962920895,2.3431877341183363,2.3431877341184855
1.362993185,1.1441221054400215,2.3447572001620363,2.3447572001622117
1.3634931825,1.1449073306828939,2.346327897812894,2.346327897813097
1.36399318,1.1456931729890139,2.3478998290083415,2.3478998290085733
1.3644931775,1.1464796333289728,2.3494729956903813,2.3494729956906424
1.3649931750000002,1.1472667126756546,2.351047399805599,2.35104739980589
1.3654931725000001,1.148054412004241,2.352623043305178,2.352623043305499
1.36599317,1.148842732292221,2.3541999281449137,2.3541999281452646
1.3664931675,1.149631674519397,2.3557780562852297,2.3557780562856094
1.366993165,1.1504212396678923,2.357357429691191,2.3573574296915982
1.3674931625,1.1512114287221578,2.358938050332517,2.35893805033295
1.3679931600000002,1.1520022426689809,2.3605199201836005,2.3605199201840574
1.3684931575000001,1.152793682497491,2.362103041223518,2.362103041223997
1.368993155,1.1535857491991681,2.363687415436048,2.363687415436545
1.3694931525,1.1543784437678506,2.3652730448096833,2.3652730448101957
1.36999315,1.155171767199742,2.366859931337649,2.366859931338173
1.3704931475000002,1.1559657204934182,2.368448077017914,2.368448077018446
1.3709931450000001,1.1567603046498351,2.3700374838532077,2.3700374838537432
1.3714931425,1.157555520672338,2.3716281538510366,2.371628153851571
1.37199314,1.1583513695666665,2.373220089023697,2.373220089024225
1.3724931375,1.1591478523409637,2.374813291388292,2.3748132913888087
1.372993135,1.1599449700057838,2.3764077629667453,2.3764077629672458
1.3734931325000002,1.160742723574099,2.378003505785819,2.378003505786298
1.3739931300000001,1.161541114061308,2.379600521877126,2.3796005218775775
1.3744931275,1.1623401424852438,2.3811988132771473,2.381198813277566
1.374993125,1.1631398098661805,2.3827983820272483,2.3827983820276293
1.3754931225,1.1639401172268424,2.3843992301736923,2.38439923017403
1.37599312,1.1647410655924109,2.3860013597676577,2.386001359767948
1.3764931175000001,1.1655426559905333,2.3876047728652545,2.387604772865493
1.376993115,1.1663448894513293,2.389209471527537,2.389209471527719
1.3774931125,1.1671477670074002,2.390815457820523,2.3908154578206444
1.37799311,1.1679512896938364,2.392422733815208,2.392422733815266
1.3784931075,1.1687554585482256,2.3940313015875816,2.3940313015875736
1.3789931050000002,1.169560274610661,2.395641163218645,2.395641163218569
1.3794931025000001,1.170365738923748,2.3972523207944234,2.3972523207942773
1.3799931,1.1711718525326145,2.3988647764059863,2.3988647764057696
1.3804930975,1.171978616484917,2.4004785321494606,2.400478532149174
1.380993095,1.1727860318308507,2.4020935901260505,2.402093590125695
1.3814930925,1.1735940996231562,2.4037099524420507,2.403709952441628
1.3819930900000001,1.1744028209171278,2.405327621208863,2.4053276212083765
1.3824930875,1.1752121967706226,2.4069465985430147,2.4069465985424685
1.382993085,1.1760222282440682,2.4085668865661747,2.4085668865655725
1.3834930825,1.1768329164004716,2.410188487405169,2.4101884874045174
1.38399308,1.177644262305427,2.4118114031919986,2.4118114031913045
1.3844930775000002,1.1784562670271248,2.4134356360638565,2.4134356360631273
1.3849930750000001,1.1792689316363583,2.415061188163142,2.415061188162386
1.3854930725,1.1800822572065348,2.4166880616374815,2.416688061636708
1.38599307,1.1808962448136826,2.4183162586397438,2.4183162586389617
1.3864930675,1.1817108955364595,2.419945781328055,2.419945781327275
1.386993065,1.1825262104561616,2.4215766318658196,2.4215766318650522
1.3874930625000002,1.183342190656733,2.423208812421737,2.423208812420992
1.3879930600000001,1.1841588372247713,2.424842325169813,2.4248423251691014
1.3884930575,1.18497615124954,2.4264771722893848,2.4264771722887173
1.388993055,1.1857941338229752,2.4281133559651353,2.428113355964521
1.3894930525,1.186612786039695,2.429750878387112,2.429750878386559
1.3899930500000002,1.1874321089970077,2.4313897417507406,2.4313897417502566
1.3904930475000001,1.1882521037949203,2.4330299482568454,2.4330299482564346
1.390993045,1.1890727715361493,2.4346715001116688,2.434671500111335
1.3914930425,1.1898941133261278,2.436314399526886,2.4363143995266285
1.39199304,1.190716130273015,2.437958648719625,2.4379586487194405
1.3924930375,1.1915388234877047,2.4396042499124824,2.439604249912363
1.3929930350000002,1.1923621940838356,2.4412512053335433,2.4412512053334776
1.3934930325000001,1.1931862431777982,2.4428995172163983,2.4428995172163677
1.39399303,1.1940109718887466,2.444549187800163,2.4445491878001433
1.3944930275,1.194836381338605,2.4462002193294943,2.4462002193294774
1.394993025,1.1956624726520786,2.4478526140546126,2.4478526140546006
1.3954930225000002,1.1964892469566628,2.4495063742313152,2.44950637423131
1.3959930200000001,1.1973167053826503,2.451161502120996,2.451161502120997
1.3964930175,1.1981448490631432,2.452817999990665,2.452817999990673
1.396993015,1.198973679134061,2.4544758701129696,2.4544758701129825
1.3974930125,1.1998031967341496,2.456135114766208,2.4561351147662247
1.39799301,1.2006334030049908,2.45779573623435,2.457795736234369
1.3984930075000002,1.2014642990910132,2.45945773680706,2.4594577368070794
1.3989930050000001,1.2022958861394988,2.4611211187797077,2.461121118779726
1.3994930025,1.2031281653005952,2.4627858844533943,2.4627858844534103
1.399993,1.2039611377273245,2.4644520361349698,2.4644520361349818
1.4004929975,1.2047948045755914,2.4661195761370487,2.4661195761370562
1.400992995,1.205629167004195,2.4677885067780347,2.4677885067780374
1.4014929925000001,1.206464226174837,2.4694588303821363,2.469458830382134
1.40199299,1.207299983252131,2.471130549279385,2.471130549279378
1.4024929875,1.208136439403614,2.4728036658056602,2.4728036658056496
1.402992985,1.2089735957997554,2.4744781823027044,2.4744781823026907
1.4034929825,1.2098114536139661,2.4761541011181434,2.476154101118129
1.4039929800000002,1.2106500140226093,2.477831424605507,2.477831424605494
1.4044929775000001,1.211489278205009,2.4795101551242476,2.4795101551242382
1.404992975,1.2123292473434626,2.481190295039762,2.4811902950397595
1.4054929725,1.213169922623248,2.4828718467234108,2.482871846723417
1.40599297,1.2140113052326358,2.4845548125525365,2.484554812552555
1.4064929675,1.2148533963628978,2.486239194910486,2.48623919491052
1.4069929650000002,1.2156961972083187,2.48792499618663,2.487924996186684
1.4074929625,1.216539708966204,2.489612218776383,2.489612218776459
1.40799296,1.217383932836893,2.4913008650812243,2.4913008650813255
1.4084929575,1.2182288700237665,2.4929909375087167,2.4929909375088473
1.408992955,1.2190745217332593,2.494682438472532,2.494682438472694
1.4094929525000002,1.2199208891748687,2.496375370392465,2.496375370392662
1.4099929500000001,1.2207679735611656,2.498069735694459,2.498069735694692
1.4104929475,1.2216157761078055,2.499765536810624,2.499765536810896
1.410992945,1.2224642980335378,2.5014627761792605,2.501462776179573
1.4114929425,1.2233135405602176,2.5031614562448774,2.5031614562452313
1.41199294,1.2241635049128154,2.5048615794582165,2.5048615794586118
1.4124929375000002,1.2250141923194278,2.506563148276269,2.5065631482767063
1.4129929350000001,1.2258656040112879,2.508266165162301,2.50826616516278
1.4134929325,1.2267177412227763,2.5099706325858726,2.5099706325863913
1.41399293,1.227570605191433,2.511676553022862,2.5116765530234186
1.4144929275,1.2284241971579661,2.513383928955484,2.5133839289560753
1.4149929250000002,1.2292785183662642,2.515092762872313,2.515092762872937
1.4154929225000001,1.2301335700634053,2.516803057268304,2.5168030572689557
1.41599292,1.2309893534996708,2.5185148146448157,2.518514814645491
1.4164929175,1.2318458699285535,2.5202280375096318,2.5202280375103268
1.416992915,1.232703120606771,2.521942728376984,2.521942728377692
1.4174929125,1.2335611067942744,2.5236588897675722,2.523658889768287
1.4179929100000002,1.2344198297542621,2.525376524208588,2.5253765242093036
1.4184929075000001,1.235279290753188,2.527095634233736,2.5270956342344446
1.418992905,1.2361394910607748,2.528816222383257,2.528816222383952
1.4194929025,1.2370004319500252,2.530538291203952,2.5305382912046257
1.4199929,1.2378621146972322,2.5322618432492026,2.532261843249847
1.4204928975,1.2387245405819904,2.5339868810789925,2.5339868810795996
1.4209928950000001,1.2395877108872098,2.535713407259936,2.5357134072604985
1.4214928925,1.2404516268991228,2.5374414243652925,2.5374414243658023
1.42199289,1.2413162899072998,2.539170934974997,2.5391709349754468
1.4224928875,1.2421817012046592,2.54090194167568,2.5409019416760628
1.422992885,1.243047862087479,2.5426344470606907,2.5426344470609994
1.4234928825000002,1.2439147738554082,2.54436845373012,2.5443684537303493
1.4239928800000001,1.244782437811478,2.546103964290824,2.5461039642909675
1.4244928775,1.2456508552621162,2.54784098135645,2.5478409813565035
1.424992875,1.2465200275171557,2.5495795075474574,2.549579507547417
1.4254928725,1.2473899558898485,2.55131954549114,2.5513195454910034
1.42599287,1.2482606416968758,2.553061097821654,2.5530610978214185
1.4264928675000002,1.2491320862583633,2.5548041671800403,2.5548041671797064
1.426992865,1.250004290897888,2.5565487562142453,2.5565487562138136
1.4274928625,1.2508772569424949,2.5582948675791495,2.558294867578622
1.42799286,1.2517509857227078,2.5600425039365904,2.5600425039359704
1.4284928575,1.2526254785725406,2.5617916679553865,2.5617916679546795
1.4289928550000002,1.25350073682951,2.5635423623113605,2.5635423623105726
1.4294928525000001,1.2543767618346469,2.565294589687364,2.5652945896865034
1.42999285,1.2552535549325112,2.567048352773306,2.5670483527723817
1.4304928475,1.2561311174712015,2.5688036542661723,2.568803654265195
1.430992845,1.2570094508023693,2.5705604968700544,2.570560496869036
1.4314928425,1.2578885562812305,2.572318883296173,2.572318883295127
1.4319928400000002,1.2587684352665789,2.574078816262903,2.5740788162618427
1.4324928375000001,1.2596490891207963,2.5758402984957955,2.575840298494736
1.432992835,1.2605305192098692,2.577603332727611,2.5776033327265675
1.4334928325,1.2614127269033986,2.579367921698338,2.579367921697326
1.43399283,1.262295713574613,2.58113406815522,2.581134068154255
1.4344928275000002,1.2631794806003827,2.582901774852785,2.5829017748518814
1.4349928250000001,1.2640640293612306,2.5846710445528633,2.584671044552035
1.4354928225,1.264949361241347,2.5864418800246214,2.5864418800238806
1.43599282,1.2658354776286018,2.5882142840445845,2.5882142840439415
1.4364928175,1.2667223799145575,2.589988259396662,2.5899882593961236
1.436992815,1.2676100694944825,2.591763808872175,2.591763808871745
1.4374928125000002,1.2684985477673647,2.5935409352698837,2.593540935269561
1.4379928100000001,1.2693878161359227,2.595319641396009,2.595319641395786
1.4384928075,1.2702778760066222,2.5970999300642656,2.59709993006413
1.438992805,1.271168728789687,2.5988818040958837,2.5988818040958144
1.4394928025,1.272060375899113,2.600665266319638,2.600665266319605
1.4399928000000002,1.272952818752683,2.6024503195718767,2.6024503195718482
1.4404927975000001,1.2738460587719773,2.6042369666965435,2.60423696669652
1.440992795,1.2747400973823904,2.6060252105452095,2.6060252105451935
1.4414927925,1.275634936013143,2.6078150539770975,2.607815053977091
1.44199279,1.2765305760972954,2.60960649985911,2.6096064998591113
1.4424927875,1.2774270190717627,2.6113995510658574,2.611399551065866
1.4429927850000002,1.2783242663773278,2.6131942104796857,2.6131942104796995
1.4434927825000001,1.2792223194586538,2.6149904809907016,2.614990480990719
1.44399278,1.2801211797643017,2.616788365496807,2.616788365496825
1.4444927775,1.2810208487467403,2.618587866903719,2.6185878669037352
1.444992775,1.2819213278623636,2.6203889881250038,2.620388988125017
1.4454927725,1.2828226185715021,2.6221917320821024,2.6221917320821104
1.4459927700000001,1.2837247223384403,2.6239961017043614,2.6239961017043636
1.4464927675,1.2846276406314263,2.6258020999290554,2.625802099929051
1.446992765,1.2855313749226918,2.627609729701425,2.6276097297014145
1.4474927625,1.2864359266884615,2.6294189939746975,2.629418993974681
1.44799276,1.2873412974089713,2.631229895710121,2.6312298957101
1.4484927575000002,1.2882474885684805,2.6330424378769917,2.633042437876968
1.4489927550000001,1.2891545016552863,2.6348566234526793,2.6348566234526563
1.4494927525,1.2900623381617409,2.636672455422664,2.6366724554226444
1.44999275,1.2909709995842635,2.6384899367805605,2.638489936780547
1.4504927475,1.2918804874233565,2.640309070528148,2.6403090705281453
1.450992745,1.2927908031836204,2.642129859675403,2.642129859675415
1.4514927425000002,1.2937019483737686,2.643952307240526,2.643952307240557
1.4519927400000001,1.2946139245066408,2.6457764162499706,2.6457764162500252
1.4524927375,1.2955267330992213,2.647602189738479,2.6476021897385618
1.452992735,1.296440375672651,2.6494296307491068,2.649429630749222
1.4534927325,1.297354853752245,2.651258742333256,2.6512587423334084
1.4539927300000002,1.2982701688675067,2.653089527550707,2.6530895275509
1.4544927275000001,1.299186322552142,2.6549219894696434,2.6549219894698806
1.454992725,1.3001033163440774,2.656756131166689,2.6567561311669743
1.4554927225,1.3010211517854735,2.658591955726938,2.6585919557272732
1.45599272,1.3019398304227416,2.6604294662439827,2.66042946624437
1.4564927175,1.302859353806558,2.6622686658199473,2.6622686658203873
1.4569927150000002,1.3037797234918822,2.66410955756552,2.6641095575660136
1.4574927125000001,1.3047009410379689,2.6659521445999803,2.665952144600528
1.45799271,1.3056230080083873,2.6677964300512365,2.667796430051836
1.4584927075,1.3065459259710361,2.669642417055855,2.669642417056504
1.458992705,1.3074696964981583,2.6714901087590897,2.6714901087597855
1.4594927025000002,1.3083943211663585,2.673339508314919,2.6733395083156575
1.4599927000000001,1.3093198015566183,2.6751906188860737,2.67519061888685
1.4604926975,1.3102461392543134,2.6770434436440724,2.677043443644881
1.460992695,1.311173335849229,2.678897985769253,2.678897985770087
1.4614926925,1.3121013929355767,2.680754248450805,2.680754248451657
1.46199269,1.3130303121120104,2.6826122348868027,2.682612234887664
1.4624926875000002,1.3139600949816446,2.6844719482842416,2.6844719482851036
1.4629926850000001,1.3148907431520669,2.6863333918590615,2.6863333918599146
1.4634926825,1.31582225823536,2.6881965688361937,2.6881965688370277
1.46399268,1.3167546418481146,2.690061482449584,2.690061482450389
1.4644926775,1.317687895611448,2.691928135942231,2.6919281359429963
1.464992675,1.3186220211510198,2.693796532566219,2.6937965325669335
1.4654926725000001,1.3195570200970503,2.6956666755827507,2.6956666755834044
1.46599267,1.3204928940843361,2.6975385682621837,2.697538568262766
1.4664926675,1.3214296447522689,2.699412213884063,2.699412213884564
1.466992665,1.3223672737448509,2.701287615737156,2.7012876157375665
1.4674926625,1.3233057827107133,2.7031647771194875,2.7031647771197984
1.4679926600000002,1.3242451733031346,2.7050437013383752,2.705043701338579
1.4684926575000001,1.3251854471800548,2.706924391710461,2.7069243917105505
1.468992655,1.3261266060040966,2.70880685156175,2.7088068515617203
1.4694926525,1.327068651442581,2.7106910842276455,2.710691084227492
1.46999265,1.3280115851675454,2.712577093052982,2.712577093052702
1.4704926475,1.3289554088557618,2.714464881392063,2.7144648813916556
1.4709926450000002,1.329900124188755,2.7163544526086962,2.716354452608163
1.4714926425000001,1.330845732852818,2.718245810076228,2.7182458100755715
1.47199264,1.331792236539034,2.720138957177582,2.7201389571768066
1.4724926375,1.332739636943292,2.7220338973052938,2.7220338973044074
1.472992635,1.3336879357663058,2.723930633861549,2.7239306338605607
1.4734926325000002,1.3346371347136319,2.725829170258218,2.725829170257138
1.4739926300000001,1.3355872354956875,2.7277295099168906,2.7277295099157324
1.4744926275,1.3365382398277708,2.72963165626892,2.7296316562676983
1.474992625,1.337490149430078,2.7315356127554544,2.7315356127541865
1.4754926225,1.3384429660277222,2.7334413828274746,2.7334413828261788
1.47599262,1.3393966913507527,2.7353489699458353,2.735348969944531
1.4764926175000002,1.3403513271341736,2.737258377581298,2.737258377580006
1.4769926150000001,1.3413068751179613,2.7391696092145694,2.739169609213311
1.4774926125,1.342263337047087,2.741082668336346,2.7410826683351415
1.47799261,1.3432207146715318,2.742997558447343,2.742997558446213
1.4784926075,1.344179009746309,2.744914283058339,2.7449142830573035
1.4789926050000002,1.3451382240314822,2.746832845690214,2.746832845689289
1.4794926025000001,1.3460983592921834,2.7487532498739826,2.7487532498731833
1.4799926,1.3470594172986352,2.7506754991508426,2.750675499150178
1.4804925975,1.3480213998261683,2.752599597072205,2.75259959707168
1.480992595,1.3489843086552422,2.7545255471997394,2.7545255471993526
1.4814925925,1.3499481455714641,2.7564533531054103,2.756453353105151
1.4819925900000002,1.3509129123656105,2.758383018371519,2.758383018371368
1.4824925875000001,1.3518786108336436,2.760314546590739,2.760314546590665
1.482992585,1.3528452427767361,2.762247941366165,2.7622479413661227
1.4834925825,1.3538128100012878,2.764183206311344,2.764183206311305
1.48399258,1.3547813143189473,2.7661203450503224,2.7661203450502914
1.4844925775,1.355750757546632,2.768059361217683,2.7680593612176616
1.4849925750000001,1.356721141506549,2.770000258458586,2.770000258458575
1.4854925725,1.3576924680262143,2.7719430404288103,2.771943040428809
1.48599257,1.3586647389384752,2.7738877107947966,2.7738877107948015
1.4864925675,1.3596379560815304,2.775834273233687,2.7758342732336967
1.486992565,1.36061212129895,2.777782731433368,2.7777827314333785
1.4874925625000002,1.3615872364396984,2.779733089092512,2.779733089092521
1.4879925600000001,1.3625633033581523,2.781685349920617,2.781685349920622
1.4884925575,1.3635403239141255,2.7836395176380537,2.7836395176380533
1.488992555,1.3645182999728875,2.7855955959761056,2.7855955959760976
1.4894925525,1.3654972334051858,2.7875535886770093,2.7875535886769938
1.48999255,1.3664771260872672,2.7895134994940016,2.7895134994939785
1.4904925475000002,1.3674579799009001,2.7914753321913603,2.791475332191331
1.4909925450000001,1.3684397967333943,2.7934390905444473,2.7934390905444135
1.4914925425,1.3694225784776255,2.7954047783397544,2.7954047783397193
1.49199254,1.3704063270320546,2.7973723993749444,2.797372399374911
1.4924925375,1.3713910443007515,2.7993419574588967,2.7993419574588696
1.4929925350000002,1.3723767321934168,2.8013134564117523,2.801313456411736
1.4934925325000001,1.3733633926254025,2.8032869000649536,2.803286900064954
1.49399253,1.3743510275177369,2.805262292261297,2.8052622922613186
1.4944925275,1.3753396387971453,2.80723963685497,2.8072396368550194
1.494992525,1.3763292283960729,2.8092189377116012,2.8092189377116843
1.4954925225,1.3773197982527077,2.811200198708304,2.811200198708426
1.4959925200000002,1.3783113503110034,2.8131834237337223,2.8131834237338884
1.4964925175000001,1.3793038865207012,2.8151686166880747,2.8151686166882905
1.496992515,1.3802974088373543,2.817155781483203,2.817155781483473
1.4974925125,1.3812919192223505,2.819144922042619,2.8191449220429465
1.49799251,1.382287419642935,2.8211360423015464,2.821136042301935
1.4984925075000002,1.3832839120722342,2.823129146206974,2.8231291462074255
1.4989925050000001,1.3842813984892783,2.8251242377176946,2.82512423771821
1.4994925025,1.3852798808790265,2.827121320804361,2.8271213208049404
1.4999925,1.3862793612323896,2.8291203994495264,2.829120399450169
1.5004924975,1.3872798415462535,2.831121477647696,2.831121477648399
1.500992495,1.388281323823504,2.833124559405373,2.833124559406133
1.5014924925000002,1.3892838100730514,2.8351296487411086,2.835129648741921
1.5019924900000001,1.3902873023098514,2.8371367496855466,2.837136749686405
1.5024924875,1.391291802554934,2.839145866281476,2.8391458662823728
1.502992485,1.3922973128354246,2.8411570025838784,2.841157002584805
1.5034924825,1.3933038351845703,2.8431701626599772,2.843170162660924
1.50399248,1.3943113716417634,2.845185350589286,2.8451853505902425
1.5044924775000001,1.3953199242525673,2.8472025704636597,2.847202570464614
1.504992475,1.3963294950687397,2.8492218263873417,2.8492218263882814
1.5054924725,1.3973400861482599,2.851243122477018,2.8512431224779307
1.50599247,1.3983516995553522,2.853266462861865,2.8532664628627367
1.5064924675,1.3993643373605122,2.8552918516835994,2.8552918516844166
1.5069924650000002,1.400378001640532,2.857319293096532,2.857319293097281
1.5074924625000001,1.4013926944785249,2.8593487912676143,2.8593487912682822
1.50799246,1.4024084179639522,2.8613803503764945,2.861380350377068
1.5084924575,1.4034251741926487,2.863413974615566,2.8634139746160328
1.508992455,1.4044429652668489,2.865449668190023,2.8654496681903714
1.5094924525,1.4054617932952118,2.8674874353179054,2.867487435318126
1.5099924500000002,1.4064816603928496,2.869527280230162,2.8695272802302454
1.5104924475000001,1.4075025686813505,2.871569207170691,2.8715692071706305
1.510992445,1.4085245202888084,2.8736132203964018,2.8736132203961926
1.5114924425,1.4095475173498486,2.8756593241772674,2.8756593241769064
1.51199244,1.4105715620056531,2.877707522796373,2.8777075227958595
1.5124924375000002,1.4115966564039906,2.8797578205499748,2.879757820549311
1.5129924350000001,1.4126228026992387,2.88181022174755,2.8818102217467403
1.5134924325,1.4136500030524166,2.883864730711855,2.883864730710907
1.51399243,1.4146782596312082,2.885921351778977,2.885921351777901
1.5144924275,1.4157075746099916,2.8879800892983907,2.8879800892972
1.514992425,1.4167379501698665,2.8900409476330133,2.8900409476317237
1.5154924225000002,1.4177693884986813,2.8921039311592596,2.8921039311578896
1.5159924200000001,1.4188018917910608,2.8941690442670946,2.8941690442656656
1.5164924175,1.4198354622484353,2.896236291360097,2.896236291358632
1.516992415,1.420870102079068,2.8983056768555078,2.898305676854032
1.5174924125,1.4219058134980833,2.900377205184291,2.9003772051828314
1.5179924100000002,1.4229425987274964,2.902450880791193,2.9024508807897753
1.5184924075000001,1.4239804599962396,2.9045267081347905,2.904526708133443
1.518992405,1.4250193995401923,2.9066046916875576,2.906604691686306
1.5194924025,1.4260594196022116,2.908684835935921,2.9086848359347894
1.5199924,1.4271005224321582,2.910767145380315,2.9107671453793236
1.5204923975,1.428142710286928,2.912851624535242,2.912851624534407
1.5209923950000002,1.4291859854304807,2.9149382779293345,2.9149382779286657
1.5214923925000001,1.4302303501338676,2.9170271101054044,2.9170271101049035
1.52199239,1.4312758066752644,2.9191181256205145,2.9191181256201726
1.5224923875,1.4323223573399992,2.92121132904603,2.9212113290458253
1.522992385,1.4333700044205833,2.923306724967682,2.923306724967579
1.5234923825000002,1.4344187502167398,2.925404317985626,2.9254043179855693
1.5239923800000001,1.4354685970354344,2.9275041127145016,2.9275041127144488
1.5244923775,1.436519547190908,2.9296061137834997,2.9296061137834557
1.524992375,1.4375716030047043,2.9317103258364154,2.9317103258363826
1.5254923725,1.438624766805703,2.9338167535317146,2.9338167535316924
1.52599237,1.4396790409301485,2.9359254015425917,2.935925401542579
1.5264923675000002,1.4407344277216831,2.9380362745570374,2.9380362745570316
1.5269923650000001,1.441790929531376,2.9401493772778955,2.9401493772778924
1.5274923625,1.4428485487177574,2.9422647144229304,2.9422647144229273
1.52799236,1.4439072876468482,2.9443822907248878,2.9443822907248816
1.5284923575,1.444967148692192,2.9465021109315592,2.946502110931547
1.528992355,1.4460281342348873,2.9486241798058437,2.9486241798058237
1.5294923525000002,1.4470902466636206,2.9507485021258173,2.950748502125789
1.5299923500000001,1.448153488374696,2.9528750826847894,2.952875082684753
1.5304923475,1.4492178617720701,2.9550039262913748,2.9550039262913317
1.530992345,1.4502833692673842,2.9571350377695573,2.9571350377695094
1.5314923425,1.4513500132799964,2.959268421958752,2.9592684219587038
1.5319923400000002,1.452417796237015,2.961404083713877,2.961404083713832
1.5324923375000001,1.4534867205733302,2.9635420279054103,2.9635420279053735
1.532992335,1.4545567887316502,2.9656822594194674,2.965682259419445
1.5334923325,1.4556280031625333,2.9678247831578624,2.967824783157861
1.53399233,1.4567003663244205,2.9699696040381753,2.9699696040382015
1.5344923275,1.4577738806836704,2.97211672699382,2.9721167269938804
1.5349923250000002,1.4588485487145946,2.9742661569741156,2.9742661569742173
1.5354923225000001,1.459924372899488,2.9764178989443475,2.976417898944497
1.53599232,1.4610013557286676,2.978571957885846,2.978571957886049
1.5364923175,1.4620794997005047,2.9807283387960464,2.9807283387963084
1.536992315,1.4631588073214596,2.982887046688565,2.9828870466888904
1.5374923125000002,1.464239281106119,2.985048086593267,2.9850480865936593
1.5379923100000001,1.4653209235772255,2.9872114635563323,2.9872114635567937
1.5384923075,1.4664037372657204,2.9893771826403346,2.9893771826408653
1.538992305,1.4674877247107738,2.991545248924306,2.9915452489249064
1.5394923025,1.4685728884598224,2.9937156675038112,2.9937156675044787
1.5399923,1.4696592310686045,2.995888443491017,2.995888443491748
1.5404922975000002,1.4707467551011983,2.9980635820147707,2.99806358201556
1.5409922950000001,1.4718354631300543,3.000241088220662,3.0002410882215025
1.5414922925,1.4729253577360357,3.002420967271106,3.0024209672719895
1.54199229,1.4740164415084533,3.0046032243454137,3.0046032243463294
1.5424922875,1.4751087170451023,3.0067878646398616,3.0067878646407986
1.5429922850000002,1.4762021869523003,3.0089748933677734,3.008974893368719
1.5434922825000001,1.4772968538449227,3.011164315759586,3.0111643157605257
1.54399228,1.4783927203464429,3.013356137062932,3.0133561370638517
1.5444922775,1.4794897890889684,3.015550362542712,3.015550362543596
1.544992275,1.4805880627132788,3.01774699748117,3.0177469974820026
1.5454922725,1.4816875438688646,3.0199460471779713,3.019946047178736
1.5459922700000002,1.4827882352139647,3.022147516950278,3.022147516950959
1.5464922675000001,1.4838901394156048,3.024351412132823,3.024351412133405
1.546992265,1.484993259149638,3.0265577380779973,3.026557738078465
1.5474922625,1.4860975971007817,3.028766500155916,3.028766500156256
1.54799226,1.4872031559626582,3.0309777037545054,3.030977703754706
1.5484922575,1.4883099384378327,3.0331913542795768,3.033191354279628
1.5489922550000002,1.4894179472378555,3.0354074571549114,3.0354074571548044
1.5494922525000001,1.4905271850832977,3.0376260178223307,3.0376260178220607
1.54999225,1.4916376547037957,3.0398470417417864,3.0398470417413503
1.5504922475,1.4927493588380887,3.042070534391436,3.042070534390834
1.550992245,1.4938623002340603,3.0442965012677234,3.04429650126696
1.5514922425000002,1.4949764816487798,3.046524947885466,3.046524947884548
1.5519922400000001,1.4960919058485405,3.048755879777926,3.0487558797768646
1.5524922375,1.497208575608904,3.050989302496903,3.0509893024957124
1.552992235,1.498326493714741,3.0532252216128137,3.0532252216115126
1.5534922325,1.4994456629602713,3.0554636427147734,3.055463642713383
1.55399223,1.5005660861491077,3.057704571410681,3.0577045714092264
1.5544922275000002,1.501687766094297,3.059948013327305,3.0599480133258132
1.5549922250000001,1.502810705618362,3.0621939741103623,3.0621939741088635
1.5554922225,1.5039349075533457,3.0644424594246127,3.0644424594231388
1.55599222,1.5050603747408529,3.066693474953937,3.06669347495252
1.5564922175,1.5061871100320932,3.068947026401426,3.068947026400097
1.5569922150000002,1.5073151162879257,3.0712031194894682,3.0712031194882576
1.5574922125000001,1.5084443963789003,3.0734617599598333,3.073461759958767
1.55799221,1.5095749531853038,3.0757229535737647,3.075722953572864
1.5584922075,1.510706789597203,3.077986706112064,3.077986706111343
1.558992205,1.511839908514489,3.080253023375181,3.080253023374643
1.5594922025,1.5129743128469215,3.0825219111833033,3.08252191118294
1.5599922000000002,1.5141100055141747,3.0847933753764454,3.084793375376232
1.5604921975000001,1.5152469894458807,3.0870674218145373,3.08706742181443
1.560992195,1.5163852675816762,3.089344056377518,3.089344056377449
1.5614921925,1.5175248428712482,3.091623284965427,3.09162328496536
1.56199219,1.5186657182743792,3.093905113498495,3.0939051134984314
1.5624921875000002,1.5198078967609934,3.096189547917234,3.096189547917174
1.5629921850000001,1.5209513813112023,3.098476594182531,3.098476594182474
1.5634921825,1.5220961749153534,3.1007662582757427,3.1007662582756876
1.56399218,1.5232422805740757,3.1030585461987896,3.103058546198735
1.5644921775,1.5243897012983274,3.1053534639742493,3.1053534639741933
1.564992175,1.5255384401094423,3.1076510176454506,3.1076510176453924
1.5654921725000002,1.5266885000391797,3.109951213276572,3.1099512132765113
1.5659921700000001,1.527839884129769,3.112254056952732,3.1122540569526684
1.5664921675,1.5289925954339616,3.1145595547800924,3.1145595547800267
1.566992165,1.5301466370150778,3.116867712885952,3.116867712885885
1.5674921625,1.5313020119470555,3.1191785374188443,3.119178537418778
1.5679921600000002,1.5324587233145,3.1214920345486368,3.1214920345485737
1.5684921575000002,1.5336167742127316,3.123808210466627,3.1238082104665694
1.568992155,1.5347761677478382,3.126127071385646,3.126127071385597
1.5694921525,1.535936907036723,3.1284486235401556,3.128448623540118
1.56999215,1.537098995207156,3.1307728731863507,3.1307728731863267
1.5704921475,1.5382624353978243,3.1330998266022583,3.133099826602251
1.5709921450000002,1.539427230758382,3.135429490087841,3.1354294900878537
1.5714921425000001,1.5405933844495026,3.1377618699650984,3.1377618699651317
1.57199214,1.5417608996429295,3.1400969725781684,3.140096972578225
1.5724921375,1.5429297795215295,3.142434804293437,3.1424348042935164
1.572992135,1.5441000272793421,3.1447753714996334,3.144775371499736
1.5734921325,1.545271646121635,3.1471186806079428,3.1471186806080675
1.5739921300000002,1.546444639264954,3.1494647380521066,3.1494647380522522
1.5744921275000001,1.5476190099371772,3.15181355028853,3.1518135502886935
1.574992125,1.5487947613775686,3.154165123796389,3.154165123796567
1.5754921225,1.549971896836831,3.1565194650777366,3.156519465077925
1.57599212,1.5511504195771615,3.1588765806576142,3.1588765806578074
1.5764921175000002,1.5523303328723033,3.161236477084154,3.161236477084347
1.5769921150000001,1.553511640007601,3.1635991609286913,3.163599160928877
1.5774921125,1.5546943442800576,3.165964638785877,3.1659646387860487
1.57799211,1.555878448998387,3.1683329172737826,3.1683329172739345
1.5784921075,1.557063957483071,3.1707040030340163,3.1707040030341407
1.578992105,1.5582508730664146,3.1730779027318308,3.173077902731921
1.5794921025000002,1.5594391990926029,3.175454623056238,3.1754546230562886
1.5799921000000001,1.560628938917756,3.177834170720121,3.177834170720126
1.5804920975,1.5618200959099882,3.1802165524603487,3.180216552460304
1.580992095,1.5630126734494634,3.18260177503789,3.1826017750377917
1.5814920925,1.5642066749284536,3.184989845237928,3.1849898452377743
1.5819920900000002,1.5654021037513965,3.187380769869978,3.187380769869769
1.5824920875000001,1.5665989633349529,3.1897745557679995,3.189774555767736
1.582992085,1.5677972571080667,3.1921712097905184,3.1921712097902044
1.5834920825,1.5689969885120238,3.1945707388207434,3.194570738820384
1.58399208,1.57019816100051,3.1969731497666833,3.196973149766286
1.5844920775,1.5714007780396715,3.199378449561266,3.199378449560839
1.5849920750000002,1.5726048431081758,3.2017866451624615,3.201786645162017
1.5854920725000001,1.57381035969727,3.2041977435533986,3.204197743552948
1.58599207,1.575017331310843,3.2066117517424897,3.2066117517420465
1.5864920675,1.576225761465487,3.209028676763552,3.209028676763129
1.586992065,1.5774356536905578,3.211448525675929,3.21144852567554
1.5874920625000002,1.5786470115282378,3.2138713055646178,3.2138713055642745
1.5879920600000001,1.5798598385335958,3.216297023540387,3.216297023540099
1.5884920575,1.5810741382746532,3.2187256867399108,3.2187256867396834
1.588992055,1.582289914332444,3.221157302325886,3.221157302325719
1.5894920525,1.5835071703010806,3.2235918774871664,3.223591877487052
1.58999205,1.5847259097878148,3.2260294194388845,3.226029419438805
1.5904920475000002,1.585946136413105,3.2284699354225848,3.2284699354225124
1.5909920450000001,1.5871678538106768,3.230913432706346,3.2309134327062767
1.5914920425,1.5883910656275924,3.233359918584919,3.2333599185848536
1.59199204,1.589615775524313,3.2358094003798525,3.235809400379791
1.5924920375,1.5908419871747652,3.2382618854396243,3.2382618854395653
1.592992035,1.5920697042664078,3.240717381139777,3.2407173811397185
1.5934920325000002,1.5932989305002974,3.243175894883047,3.243175894882988
1.5939920300000001,1.5945296695911546,3.2456374340995,3.2456374340994385
1.5944920275,1.5957619252674342,3.248102006246667,3.2481020062466026
1.594992025,1.596995701271391,3.250569618809679,3.250569618809612
1.5954920225,1.5982310013591468,3.2530402793014024,3.2530402793013327
1.5959920200000002,1.5994678293007627,3.2555139952625787,3.2555139952625085
1.5964920175000001,1.6007061888803034,3.257990774261957,3.257990774261888
1.596992015,1.6019460838959105,3.2604706238964405,3.260470623896375
1.5974920125,1.6031875181598714,3.2629535517912216,3.262953551791163
1.59799201,1.6044304954986885,3.2654395655999235,3.265439565599875
1.5984920075,1.6056750197531506,3.2679286730047403,3.2679286730047052
1.5989920050000002,1.6069210947784056,3.2704208817165843,3.2704208817165656
1.5994920025000001,1.6081687244440286,3.272916199475221,3.272916199475222
1.599992,1.609417912634098,3.2754146340494237,3.275414634049446
1.6004919975,1.6106686632472653,3.277916193237108,3.277916193237154
1.600991995,1.6119209801968297,3.280420884865487,3.280420884865557
1.6014919925000002,1.613174867410811,3.2829287167912127,3.2829287167913073
1.6019919900000001,1.6144303288320219,3.285439696900523,3.285439696900641
1.6024919875,1.6156873684181459,3.287953833109396,3.2879538331095355
1.602991985,1.616945990141809,3.2904711333636953,3.290471133363853
1.6034919825,1.6182061979906566,3.292991605639321,3.292991605639493
1.60399198,1.619467995967429,3.295515257942364,3.2955152579425446
1.6044919775000002,1.6207313880900378,3.298042098309256,3.2980420983094394
1.6049919750000001,1.6219963783916411,3.300572134806921,3.300572134807101
1.6054919725,1.6232629709207236,3.303105375532936,3.3031053755331046
1.60599197,1.6245311697411726,3.305641828615683,3.3056418286158324
1.6064919675,1.6258009789323562,3.3081815022145027,3.3081815022146257
1.6069919650000002,1.627072402589203,3.3107244045198585,3.3107244045199478
1.6074919625000001,1.6283454448222787,3.313270543753487,3.3132705437535352
1.60799196,1.6296201097578698,3.315819928168564,3.3158199281685654
1.6084919575,1.6308964015380614,3.318372566049864,3.3183725660498125
1.608991955,1.632174324320818,3.3209284657139175,3.3209284657138105
1.6094919525,1.6334538822800653,3.3234876355091787,3.3234876355090135
1.6099919500000002,1.6347350796057727,3.326050083816187,3.3260500838159635
1.6104919475000001,1.6360179205040328,3.328615819047728,3.328615819047449
1.610991945,1.637302409197148,3.331184849649006,3.3311848496486762
1.6114919425,1.6385885499237116,3.333757184097808,3.333757184097433
1.61199194,1.6398763469386926,3.3363328309046683,3.336332830904259
1.6124919375,1.641165804513519,3.338911798613042,3.3389117986126085
1.6129919350000002,1.6424569269361649,3.3414940957994737,3.3414940957990296
1.6134919325000001,1.6437497185112326,3.344079731073764,3.3440797310733243
1.61399193,1.6450441835600433,3.346668713079151,3.3466687130787305
1.6144919275,1.6463403264207197,3.349261050492475,3.3492610504920886
1.614991925,1.6476381514482759,3.3518567520243576,3.351856752024019
1.6154919225000002,1.6489376630147043,3.3544558264193776,3.354455826419097
1.6159919200000001,1.6502388655090618,3.3570582824562405,3.357058282456024
1.6164919175,1.6515417633375635,3.3596641289479687,3.3596641289478146
1.616991915,1.6528463609236679,3.3622733747420703,3.362273374741967
1.6174919125,1.654152662708169,3.364886028720724,3.3648860287206475
1.61799191,1.655460673149287,3.367502099800958,3.3675020998008844
1.6184919075000002,1.656770396722759,3.3701215969348386,3.370121596934769
1.6189919050000001,1.65808183792193,3.3727445291096427,3.372744529109577
1.6194919025,1.659395001257848,3.3753709053480536,3.375370905347991
1.6199919,1.6607098912593554,3.3780007347083436,3.3780007347082823
1.6204918975,1.6620265124731826,3.380634026284559,3.3806340262844974
1.6209918950000002,1.6633448694640427,3.3832707892067124,3.3832707892066485
1.6214918925000001,1.6646649668147258,3.385911032640968,3.3859110326409008
1.62199189,1.6659868091261958,3.388554765789838,3.3885547657897677
1.6224918875,1.6673104010176862,3.391201997892372,3.3912019978922996
1.622991885,1.6686357471267963,3.3938527382243513,3.3938527382242785
1.6234918825,1.66996285210959,3.396506996098486,3.396506996098415
1.6239918800000002,1.6712917206406923,3.3991647808646066,3.3991647808645404
1.6244918775000001,1.672622357413388,3.401826101909864,3.401826101909806
1.624991875,1.673954767139724,3.40449096865893,3.4044909686588847
1.6254918725,1.6752889545506062,3.407159390574197,3.4071593905741673
1.62599187,1.6766249243959022,3.409831377155977,3.409831377155967
1.6264918675000002,1.6779626814445423,3.4125069379427093,3.4125069379427213
1.6269918650000001,1.6793022304846197,3.415186082511156,3.4151860825111924
1.6274918625,1.680643576323497,3.4178688204766186,3.4178688204766807
1.62799186,1.6819867237879071,3.420555161493138,3.420555161493226
1.6284918575,1.6833316777240586,3.423245115253706,3.423245115253819
1.628991855,1.684678442997739,3.425938691490471,3.425938691490607
1.6294918525000002,1.6860270244944235,3.428635899974957,3.428635899975112
1.6299918500000001,1.6873774271193769,3.4313367505182653,3.4313367505184345
1.6304918475,1.688729655797765,3.4340412529712996,3.4340412529714763
1.630991845,1.6900837154747599,3.4367494172249744,3.436749417225152
1.6314918425,1.6914396111156493,3.4394612532104354,3.4394612532106064
1.63199184,1.6927973477059455,3.4421767708992763,3.442176770899432
1.6324918375000002,1.6941569302514958,3.444895980303761,3.444895980303892
1.6329918350000001,1.695518363778591,3.4476188914770383,3.4476188914771364
1.6334918325,1.6968816533340818,3.4503455145133763,3.4503455145134336
1.63399183,1.6982468039854857,3.4530758595483775,3.453075859548386
1.6344918275,1.6996138208211036,3.4558099367592083,3.455809936759162
1.6349918250000002,1.7009827089501324,3.4585477563648284,3.458547756364723
1.6354918225000001,1.7023534735027774,3.461289328626212,3.461289328626045
1.63599182,1.7037261196303728,3.464034663846591,3.464034663846362
1.6364918175,1.7051006525054933,3.466783772371677,3.4667837723713895
1.636991815,1.7064770773220723,3.4695366645898993,3.4695366645895587
1.6374918125,1.7078553992955208,3.4722933509326412,3.4722933509322553
1.6379918100000002,1.7092356236628454,3.475053841874476,3.475053841874056
1.6384918075000001,1.7106177556827653,3.4778181479334016,3.477818147932962
1.638991805,1.7120018006358366,3.4805862796710896,3.480586279670646
1.6394918025,1.7133877638245714,3.483358247693122,3.483358247692691
1.6399918,1.7147756505735585,3.486134062649234,3.4861340626488335
1.6404917975000002,1.7161654662295889,3.4889137352335644,3.4889137352332096
1.6409917950000001,1.7175572161617756,3.4916972761848943,3.491697276184599
1.6414917925,1.7189509057616819,3.494484696286906,3.494484696286678
1.64199179,1.7203465404434448,3.4972760063684274,3.4972760063682666
1.6424917875,1.721744125643901,3.500071217303686,3.5000712173035797
1.642991785,1.7231436668227151,3.5028703400125627,3.502870340012484
1.6434917825000002,1.7245451694625071,3.50567338546085,3.505673385460775
1.6439917800000001,1.725948639068979,3.508480364660504,3.5084803646604366
1.6444917775,1.7273540811710495,3.5112912886699124,3.5112912886698524
1.644991775,1.7287615013209796,3.514106168594147,3.514106168594093
1.6454917725,1.730170905094508,3.516925015585234,3.5169250155851826
1.6459917700000002,1.731582298090982,3.519747840842417,3.5197478408423644
1.6464917675000001,1.7329956859334892,3.5225746556124182,3.5225746556123614
1.646991765,1.7344110742689958,3.5254054711897167,3.525405471189654
1.6474917625,1.735828468768479,3.528240298916814,3.5282402989167454
1.64799176,1.7372478751270646,3.531079150184505,3.531079150184432
1.6484917575,1.7386692990641643,3.5339220364321595,3.533922036432085
1.6489917550000002,1.7400927463236133,3.53676896914799,3.536768969147919
1.6494917525000001,1.741518222673809,3.539619959869336,3.539619959869274
1.64999175,1.7429457339078536,3.542475020182943,3.542475020182896
1.6504917475,1.7443752858436932,3.5453341617252443,3.54533416172522
1.650991745,1.745806884324261,3.5481973961826476,3.5481973961826525
1.6514917425000002,1.7472405352176212,3.551064735291822,3.5510647352918623
1.6519917400000002,1.7486762444171102,3.553936190839978,3.5539361908400595
1.6524917375000001,1.7501140178414865,3.556811774665171,3.5568117746652987
1.652991735,1.751553861435074,3.5596914986565866,3.559691498656763
1.6534917325,1.7529957811679104,3.5625753747548377,3.5625753747550633
1.65399173,1.754439783035896,3.56546341495226,3.565463414952533
1.6544917275000002,1.7558858730609428,3.5683556312932128,3.56835563129353
1.6549917250000001,1.7573340572911242,3.571252035874378,3.5712520358747324
1.6554917225,1.7587843418008295,3.5741526408450675,3.5741526408454507
1.65599172,1.7602367326909145,3.5770574584075256,3.577057458407926
1.6564917175,1.7616912360888561,3.5799665008172386,3.579966500817644
1.656991715,1.7631478581489077,3.582879780383244,3.5828797803836405
1.6574917125000002,1.7646066050522555,3.5857973094684454,3.5857973094688167
1.6579917100000001,1.766067483007174,3.588719100489922,3.588719100490251
1.6584917075,1.767530498249188,3.5916451659192514,3.5916451659195223
1.658991705,1.7689956570412297,3.5945755182828267,3.594575518283024
1.6594917025,1.7704629656738002,3.5975101701621783,3.5975101701622867
1.6599917000000002,1.7719324304651323,3.6004491341942972,3.600449134194305
1.6604916975000001,1.773404057761351,3.6033924230719605,3.603392423071858
1.660991695,1.7748778539366425,3.606340049544065,3.606340049543847
1.6614916925,1.7763538253934164,3.6092920264159547,3.6092920264156194
1.66199169,1.7778319785624728,3.6122483665497533,3.612248366549304
1.6624916875,1.7793123199031724,3.6152090828647054,3.6152090828641508
1.6629916850000002,1.7807948559036046,3.618174188337511,3.618174188336865
1.6634916825000001,1.7822795930807562,3.621143696002666,3.6211436960019476
1.66399168,1.7837665379806873,3.62411761895281,3.6241176189520443
1.6644916775,1.7852556971787017,3.627095970339071,3.627095970338286
1.664991675,1.786747077279522,3.630078763371413,3.63007876337064
1.6654916725000002,1.7882406849174661,3.633066011318989,3.6330660113182622
1.6659916700000001,1.7897365267566214,3.6360577275104924,3.636057727509842
1.6664916675,1.791234609491028,3.6390539253345193,3.6390539253339726
1.666991665,1.7927349398448547,3.642054618239922,3.642054618239499
1.6674916625,1.794237524572581,3.645059819736175,3.645059819735882
1.66799166,1.7957423704591802,3.648069543393739,3.6480695433935626
1.6684916575000002,1.797249484320303,3.651083802844428,3.65108380284433
1.6689916550000001,1.7987588730024613,3.654102611781778,3.6541026117816955
1.6694916525,1.8002705433832173,3.6571259839614263,3.657125983961353
1.66999165,1.80178450237137,3.6601539332014807,3.6601539332014195
1.6704916475,1.8033007569071442,3.6631864733829027,3.6631864733828516
1.6709916450000002,1.804819313962384,3.6662236184498886,3.6662236184498425
1.6714916425000002,1.8063401805407402,3.6692653824102486,3.669265382410202
1.6719916400000001,1.8078633636778696,3.672311779335804,3.6723117793357525
1.6724916375,1.809388870441627,3.6753628233627715,3.675362823362712
1.672991635,1.8109167079322628,3.6784185286921582,3.67841852869209
1.6734916325,1.812446883282622,3.6814789095901594,3.6814789095900835
1.6739916300000002,1.8139794036583428,3.6845439803885562,3.684543980388477
1.6744916275000001,1.815514276258057,3.687613755485115,3.68761375548504
1.674991625,1.817051508313597,3.690688249344005,3.6906882493439426
1.6754916225,1.8185911070901954,3.693767476496193,3.693767476496153
1.67599162,1.8201330798866948,3.6968514515398647,3.6968514515398576
1.6764916175,1.8216774340357527,3.6999401891408366,3.6999401891408734
1.6769916150000002,1.823224176904053,3.7030337040329755,3.703033704033067
1.6774916125000001,1.8247733158925132,3.706132011018616,3.7061320110187705
1.67799161,1.8263248584365022,3.7092351249689934,3.7092351249692177
1.6784916075,1.8278788120060503,3.712343060824666,3.712343060824964
1.678991605,1.8294351841060659,3.7154558335959464,3.7154558335963195
1.6794916025000002,1.830993982276555,3.7185734583633434,3.718573458363788
1.6799916000000001,1.8325552140928358,3.7216959502779874,3.7216959502784968
1.6804915975,1.834118887165765,3.7248233245620854,3.72482332456265
1.680991595,1.835685009141957,3.7279555965093607,3.7279555965099656
1.6814915925,1.8372535877040093,3.7310927814854997,3.731092781486127
1.68199159,1.8388246305707285,3.7342348949286075,3.734234894929237
1.6824915875000002,1.8403981454973588,3.7373819523496636,3.7373819523502716
1.6829915850000001,1.8419741402758092,3.7405339693329758,3.740533969333537
1.6834915825,1.8435526227348886,3.743690961536651,3.74369096153714
1.68399158,1.845133600740537,3.7468529446930576,3.7468529446934493
1.6844915775,1.8467170821960612,3.750019934609297,3.7500199346095666
1.6849915750000002,1.8483030750423726,3.7531919471676787,3.7531919471678052
1.6854915725000001,1.849891587258223,3.756368998326192,3.756368998326158
1.68599157,1.8514826268604492,3.7595511041189966,3.75955110411879
1.6864915675,1.853076201904215,3.7627382806569036,3.7627382806565186
1.686991565,1.8546723204832547,3.765930544127865,3.765930544127303
1.6874915625,1.8562709907301196,3.769127910797467,3.7691279107967377
1.6879915600000002,1.8578722208164284,3.772330397009428,3.7723303970085507
1.6884915575000001,1.8594760189531154,3.775538019186099,3.7755380191851
1.688991555,1.861082393390685,3.7787507938289675,3.7787507938278826
1.6894915525,1.8626913524194662,3.781968737519172,3.781968737518044
1.68999155,1.8643029043698687,3.7851918669180105,3.785191866916888
1.6904915475000002,1.8659170576126423,3.78842019876746,3.7884201987663935
1.6909915450000002,1.8675338205591356,3.791653749890695,3.7916537498897354
1.6914915425000001,1.869153201661563,3.79489253719262,3.794892537191812
1.69199154,1.8707752094132664,3.7981365776603937,3.79813657765977
1.6924915375,1.8723998523489838,3.801385888363967,3.8013858883635416
1.692991535,1.874027139045119,3.804640486456621,3.8046404864563774
1.6934915325000002,1.8756570781200133,3.8079003891755097,3.807900389175391
1.6939915300000001,1.8772896782342168,3.811165613842206,3.8111656138421144
1.6944915275,1.8789249480907688,3.81443617786326,3.814436177863181
1.694991525,1.8805628964354733,3.8177120987307505,3.8177120987306874
1.6954915225,1.8822035320571806,3.820993394022847,3.820993394022797
1.6959915200000002,1.88384686378807,3.824280081404378,3.824280081404334
1.6964915175000002,1.8854929005039343,3.827572178627395,3.827572178627349
1.6969915150000001,1.8871416511244687,3.8308697035317576,3.8308697035317034
1.6974915125,1.888793124613561,3.834172674045706,3.8341726740456403
1.69799151,1.8904473299795825,3.837481108186449,3.8374811081863713
1.6984915075,1.8921042762756846,3.840795024060754,3.840795024060668
1.6989915050000002,1.893763972600095,3.84411443986554,3.8441144398654536
1.6994915025000001,1.8954264280964157,3.8474393738884736,3.847439373888398
1.6999915,1.8970916519539296,3.850769844508583,3.850769844508531
1.7004914975,1.8987596534079019,3.85410587019686,3.8541058701968467
1.700991495,1.9004304417398885,3.8574474695168766,3.8574474695169174
1.7014914925,1.9021040262780458,3.860794661125405,3.860794661125515
1.7019914900000002,1.9037804163974432,3.8641474637730426,3.8641474637732354
1.7024914875000001,1.905459621520377,3.8675058963048405,3.8675058963051256
1.702991485,1.9071416511166905,3.870869977660942,3.870869977661327
1.7034914825,1.908826514704093,3.8742397268772217,3.8742397268777076
1.70399148,1.9105142218484834,3.877615163085933,3.8776151630865168
1.7044914775000002,1.9122047821642756,3.880996305516358,3.880996305517031
1.7049914750000001,1.9138982053147262,3.884383173495464,3.884383173496211
1.7054914725,1.9155945010122686,3.88777578644857,3.8877757864493714
1.70599147,1.9172936790188453,3.8911741639000135,3.891174163900843
1.7064914675,1.918995749146245,3.8945783254738227,3.894578325474651
1.706991465,1.9207007212564435,3.8979882908944004,3.8979882908951926
1.7074914625000002,1.9224086052619462,3.9014040799872056,3.901404079987927
1.7079914600000001,1.9241194111261313,3.9048257126794446,3.904825712680057
1.7084914575,1.9258331488636038,3.908253209000774,3.908253209001243
1.708991455,1.927549828540543,3.911686589084001,3.911686589084293
1.7094914525,1.929269460275059,3.9151258731657914,3.9151258731658776
1.7099914500000002,1.9309920542375505,3.918571081587387,3.9185710815872463
1.7104914475000002,1.9327176206510635,3.9220222347953255,3.9220222347949445
1.710991445,1.9344461697916588,3.925479353342172,3.9254793533415486
1.7114914425,1.9361777119887773,3.9289424578872514,3.928942457886394
1.71199144,1.937912257625611,3.9324115691973884,3.93241156919632
1.7124914375,1.9396498171394747,3.9358867081476556,3.9358867081464104
1.7129914350000002,1.9413904010221865,3.9393678957221283,3.9393678957207543
1.7134914325000001,1.943134019820443,3.94285515301464,3.9428551530131957
1.71399143,1.9448806841362078,3.9463485012295556,3.94634850122811
1.7144914275,1.9466304046270948,3.9498479616825413,3.949847961681167
1.714991425,1.94838319200676,3.953353555801346,3.953353555800115
1.7154914225000002,1.9501390570452952,3.956865305126589,3.9568653051255653
1.7159914200000002,1.9518980105696224,3.9603832313125493,3.9603832313117793
1.7164914175000001,1.9536600634638985,3.963907356127975,3.9639073561274736
1.716991415,1.9554252266699168,3.9674377014568853,3.967437701456623
1.7174914125,1.9571935111875152,3.9709742892993884,3.9709742892992708
1.71799141,1.9589649280749877,3.9745171417725045,3.974517141772404
1.7184914075000002,1.9607394884494995,3.978066281110995,3.9780662811109133
1.7189914050000001,1.9625172034875034,3.981621729668196,3.9816217296681344
1.7194914025,1.9642980844251665,3.9851835099168715,3.9851835099168227
1.7199914,1.9660821425587927,3.9887516444500566,3.9887516444500104
1.7204913975,1.967869389245254,3.992326155981923,3.99232615598187
1.720991395,1.9696598359024238,3.995907067348645,3.995907067348578
1.7214913925000002,1.9714534940096158,3.999494401509276,3.999494401509193
1.7219913900000001,1.9732503751080226,4.003088181546625,4.00308818154653
1.7224913875,1.9750504908011652,4.0066884306681585,4.00668843066806
1.722991385,1.9768538527553403,4.010295172206893,4.010295172206806
1.7234913825,1.9786604727000736,4.013908429622304,4.013908429622246
1.7239913800000002,1.9804703624285802,4.017528226501241,4.017528226501232
1.7244913775000001,1.9822835337982214,4.021154586558849,4.021154586558909
1.724991375,1.9840999987309764,4.024787533639505,4.024787533639657
1.7254913725,1.98591976921391,4.028427091717758,4.028427091718017
1.72599137,1.987742857299647,4.032073284899275,4.032073284899657
1.7264913675,1.9895692751068517,4.035726137421804,4.035726137422315
1.7269913650000002,1.9913990348207122,4.039385673656136,4.039385673656777
1.7274913625000001,1.9932321486934248,4.043051918107079,4.043051918107842
1.72799136,1.9950686290446906,4.046724895414451,4.046724895415322
1.7284913575,1.99690848826221,4.050404630354064,4.05040463035502
1.728991355,1.9987517388021838,4.0540911478387365,4.054091147839744
1.7294913525000002,2.0005983931898212,4.0577844729192964,4.057784472920316
1.7299913500000001,2.002448464019846,4.061484630785602,4.061484630786591
1.7304913475,2.004301963957018,4.065191646767585,4.065191646768495
1.730991345,2.0061589057366493,4.0689055463362775,4.068905546337059
1.7314913425,2.0080193021651294,4.072626355104869,4.072626355105472
1.73199134,2.0098831661204577,4.076354098829765,4.0763540988301425
1.7324913375000002,2.0117505105527753,4.080088803411655,4.080088803411769
1.7329913350000001,2.013621348484906,4.083830494896593,4.0838304948964135
1.7334913325,2.0154956930129018,4.087579199477088,4.087579199476598
1.73399133,2.0173735573065934,4.091334943493205,4.091334943492403
1.7344913275,2.019254954610144,4.095097753433676,4.095097753432577
1.7349913250000002,2.0211398982426108,4.098867655937017,4.0988676559356545
1.7354913225000002,2.023028401598508,4.102644677792658,4.102644677791085
1.7359913200000001,2.0249204781483834,4.106428845942097,4.106428845940385
1.7364913175,2.02681614143939,4.110220187480039,4.110220187478274
1.736991315,2.0287154050958707,4.114018729655568,4.114018729653846
1.7374913125,2.030618282819944,4.11782449987332,4.117824499871745
1.7379913100000002,2.0325247883920987,4.1216375256946725,4.121637525693334
1.7384913075000001,2.0344349356717903,4.1254578348389295,4.125457834837903
1.738991305,2.0363487385980488,4.129285455184548,4.129285455183869
1.7394913025,2.0382662111900873,4.133120414770349,4.1331204147699925
1.7399913,2.040187367547918,4.136962741796749,4.1369627417966015
1.7404912975,2.042112221852974,4.140812464627009,4.140812464626894
1.7409912950000002,2.04404078836874,4.14466961178849,4.144669611788397
1.7414912925000001,2.045973081441381,4.148534211973913,4.148534211973845
1.74199129,2.047909115500388,4.152406294042653,4.1524062940426
1.7424912875,2.0498489050592243,4.156285887022024,4.156285887021972
1.742991285,2.051792464715974,4.160173020108584,4.1601730201085205
1.7434912825000002,2.0537398091540062,4.164067722669458,4.164067722669376
1.7439912800000001,2.0556909531426344,4.167970024243662,4.1679700242435604
1.7444912775,2.0576459115377954,4.171879954543454,4.171879954543342
1.744991275,2.0596046992827253,4.175797543455692,4.175797543455584
1.7454912725,2.0615673314086425,4.179722821043198,4.179722821043116
1.74599127,2.063533823035443,4.183655817546146,4.183655817546116
1.7464912675000002,2.0655041893723993,4.187596563383466,4.187596563383516
1.7469912650000001,2.067478445718861,4.191545089154237,4.191545089154395
1.7474912625,2.0694566074649754,4.195501425639136,4.195501425639426
1.74799126,2.071438690092402,4.19946560380186,4.1994656038023015
1.7484912575,2.0734247091750415,4.203437654790592,4.203437654791196
1.7489912550000002,2.0754146803797697,4.20741760993946,4.207417609940227
1.7494912525000001,2.0774086194671773,4.211405500770024,4.211405500770944
1.74999125,2.0794065422923222,4.215401358992775,4.2154013589938275
1.7504912475,2.081408464805483,4.2194052165086475,4.219405216509799
1.750991245,2.0834144030529256,4.2234171054105465,4.223417105411751
1.7514912425,2.085424373177672,4.227437057984892,4.227437057986094
1.7519912400000002,2.0874383914202834,4.231465106713176,4.231465106714317
1.7524912375000001,2.089456474119642,4.235501284273538,4.235501284274551
1.752991235,2.0914786377137533,4.2395456235423605,4.239545623543177
1.7534912325,2.093504898740544,4.243598157595866,4.243598157596422
1.75399123,2.095535273838676,4.247658919711748,4.247658919711988
1.7544912275000002,2.0975697797483672,4.2517279433708115,4.251727943370691
1.7549912250000002,2.099608433312215,4.255805262258619,4.255805262258109
1.7554912225000001,2.1016512514760373,4.259890910267173,4.25989091026627
1.75599122,2.103698251289718,4.263984921496609,4.263984921495329
1.7564912175,2.1057494499080573,4.268087330256891,4.268087330255279
1.756991215,2.1078048645916367,4.272198171069547,4.272198171067673
1.7574912125000002,2.1098645127076914,4.276317478669411,4.276317478667373
1.7579912100000001,2.111928411730986,4.2804452880063755,4.280445288004292
1.7584912075,2.113996579244711,4.284581634247182,4.2845816342451855
1.758991205,2.116069032941376,4.288726552777211,4.288726552775435
1.7594912025,2.11814579062372,4.292880079202301,4.292880079200863
1.7599912,2.12022687020563,4.297042249350584,4.297042249349566
1.7604911975000002,2.1223122897130673,4.3012130992743405,4.301213099273755
1.7609911950000001,2.1244020672850015,4.3053926652518655,4.305392665251621
1.7614911925,2.1264962211743614,4.309580983789375,4.309580983789237
1.76199119,2.1285947697489904,4.313778091622909,4.313778091622795
1.7624911875,2.130697731492612,4.317984025720271,4.317984025720189
1.7629911850000002,2.132805125005808,4.32219882328298,4.322198823282918
1.7634911825000001,2.134916969007003,4.326422521748236,4.326422521748176
1.76399118,2.1370332823334657,4.330655158790927,4.330655158790854
1.7644911775,2.1391540839423144,4.334896772325644,4.334896772325548
1.764991175,2.141279392911538,4.339147400508714,4.339147400508594
1.7654911725,2.1434092284410218,4.3434070817402555,4.343407081740126
1.7659911700000002,2.1455436098535956,4.347675854666279,4.347675854666161
1.7664911675000001,2.147682556596074,4.35195375818076,4.3519537581806835
1.766991165,2.149826088240333,4.356240831427796,4.356240831427797
1.7674911625,2.151974224484374,4.360537113803737,4.360537113803853
1.76799116,2.1541269851534146,4.3648426449593645,4.36484264495963
1.7684911575000002,2.1562843902009874,4.369157464802085,4.369157464802529
1.7689911550000001,2.1584464597100443,4.373481613498147,4.373481613498789
1.7694911525,2.1606132138940852,4.377815131474893,4.377815131475736
1.76999115,2.1627846730982867,4.382158059423016,4.382158059424052
1.7704911475,2.1649608578006516,4.386510438298863,4.386510438300065
1.770991145,2.1671417886131645,4.390872309326744,4.390872309328069
1.7714911425000002,2.169327486282967,4.3952437140012774,4.395243714002667
1.7719911400000001,2.171517971693536,4.399624694089759,4.399624694091139
1.7724911375,2.1737132658658886,4.404015291634557,4.404015291635847
1.772991135,2.175913389959787,4.408415548955533,4.408415548956645
1.7734911325,2.178118365274964,4.412825508652488,4.412825508653333
1.7739911300000002,2.180328213252361,4.4172452136076386,4.417245213608135
1.7744911275000002,2.182542955475375,4.421674706988113,4.421674706988192
1.7749911250000001,2.18476261367113,4.426114032248492,4.426114032248105
1.7754911225,2.1869872097117504,4.430563233133355,4.430563233132482
1.77599112,2.189216765615657,4.435022353679876,4.4350223536785265
1.7764911175,2.191451303548874,4.439491438220432,4.439491438218654
1.7769911150000002,2.1936908458263504,4.4439705313852516,4.443970531383131
1.7774911125000001,2.1959354149132966,4.448459678105083,4.448459678102743
1.77799111,2.19818503342654,4.452958923613908,4.452958923611503
1.7784911075,2.2004397241358884,4.45746831345167,4.4574683134493736
1.778991105,2.202699509965515,4.4619878934670405,4.46198789346503
1.7794911025000002,2.2049644139953584,4.46651770982022,4.466517709818646
1.7799911000000002,2.20723445946253,4.471057808985755,4.471057808984713
1.7804910975000001,2.2095096697627534,4.4756082377554165,4.475608237754891
1.780991095,2.211790068451806,4.48016904324108,4.480169043240887
1.7814910925,2.2140756792469833,4.484740272877656,4.484740272877505
1.78199109,2.2163665260285796,4.489321974426055,4.489321974425939
1.7824910875000002,2.2186626328413848,4.493914195976177,4.493914195976091
1.7829910850000001,2.220964023896196,4.498516985949934,4.498516985949857
1.7834910825,2.223270723571354,4.503130393104324,4.503130393104236
1.78399108,2.22558275641429,4.507754466534529,4.507754466534415
1.7844910775,2.2279001471430933,4.51238925567704,4.512389255676901
1.784991075,2.2302229206480964,4.51703481031284,4.517034810312688
1.7854910725000002,2.2325511019934816,4.521691180570604,4.521691180570469
1.7859910700000001,2.234884716418898,4.526358416929948,4.526358416929868
1.7864910675,2.2372237893411113,4.53103657022471,4.531036570224731
1.786991065,2.2395683463556577,4.535725691646278,4.535725691646444
1.7874910625,2.2419184132385293,4.540425832746946,4.540425832747298
1.7879910600000002,2.2442740159478713,4.545137045443313,4.54513704544388
1.7884910575000001,2.246635180625703,4.549859382019726,4.549859382020524
1.788991055,2.249001933599661,4.554592895131766,4.554592895132789
1.7894910525,2.251374301384756,4.559337637809762,4.559337637810982
1.78999105,2.2537523106851607,4.564093663462364,4.5640936634637335
1.7904910475,2.256135988396008,4.568861025880144,4.568861025881592
1.7909910450000002,2.258525361605222,4.5736397792392545,4.573639779240691
1.7914910425000001,2.260920457595356,4.578429978105104,4.578429978106427
1.79199104,2.263321303845472,4.583231677436121,4.58323167743722
1.7924910375,2.265727928033026,4.588044932587517,4.588044932588286
1.792991035,2.268140358035785,4.592869799315128,4.592869799315468
1.7934910325000002,2.2705586219337626,4.597706333779281,4.597706333779118
1.7939910300000002,2.272982748011181,4.602554592548719,4.602554592548007
1.7944910275000001,2.275412764758456,4.607414632604572,4.607414632603307
1.794991025,2.277848700874207,4.612286511344377,4.612286511342601
1.7954910225,2.280290585267291,4.617170286586141,4.617170286583949
1.79599102,2.282738447058857,4.622066016572461,4.622066016569996
1.7964910175000002,2.2851923155844367,4.626973759974693,4.6269737599721426
1.7969910150000001,2.2876522203960445,4.631893575897162,4.63189357589474
1.7974910125,2.290118191264323,4.636825523881443,4.636825523879367
1.79799101,2.2925902581806987,4.641769663910681,4.641769663909132
1.7984910075,2.2950684513595716,4.646726056413968,4.646726056413034
1.7989910050000002,2.2975528012405335,4.651694762270775,4.651694762270383
1.7994910025000002,2.3000433384906054,4.656675842815435,4.656675842815251
1.7999910000000001,2.302540094006516,4.661669359841692,4.661669359841515
1.8004909975,2.3050430989169977,4.6666753756073,4.666675375607129
1.800990995,2.307552384585116,4.671693952838676,4.671693952838505
1.8014909925,2.3100679826106267,4.676725154735617,4.676725154735442
1.8019909900000002,2.3125899248323663,4.681769044976081,4.6817690449758995
1.8024909875000001,2.3151182433306636,4.686825687721009,4.686825687720828
1.802990985,2.3176529704297963,4.691895147619239,4.6918951476190704
1.8034909825,2.3201941387004656,4.696977489812458,4.696977489812314
1.80399098,2.3227417809623083,4.702072779940217,4.702072779940112
1.8044909775,2.325295930286441,4.707181084145032,4.707181084144976
1.8049909750000002,2.3278566199980353,4.712302469077525,4.71230246907752
1.8054909725000001,2.330423883678925,4.717437001901641,4.717437001901684
1.80599097,2.332997755170252,4.7225847502999425,4.722584750300019
1.8064909675,2.3355782685751407,4.727745782478956,4.727745782479041
1.806990965,2.3381654582614106,4.732920167174594,4.73292016717466
1.8074909625000002,2.3407593588643216,4.738107973657653,4.738107973657665
1.8079909600000001,2.3433600052893535,4.743309271739364,4.743309271739292
1.8084909575,2.3459674327150304,4.748524131777052,4.748524131776869
1.808990955,2.348581676595771,4.753752624679826,4.753752624679518
1.8094909525,2.3512027726647844,4.7589948219143725,4.758994821913944
1.80999095,2.3538307569369965,4.764250795510817,4.764250795510291
1.8104909475000002,2.356465665712025,4.769520618068664,4.769520618068084
1.8109909450000001,2.3591075355771807,4.7748043627628025,4.774804362762229
1.8114909425,2.361756403410523,4.780102103349621,4.780102103349119
1.81199094,2.364412306383944,4.78541391417317,4.785413914172792
1.8124909375,2.3670752819663012,4.790739870171429,4.790739870171184
1.8129909350000002,2.3697453679265883,4.796080046882652,4.796080046882465
1.8134909325000002,2.372422602337144,4.801434520451781,4.8014345204516005
1.8139909300000001,2.3751070235769194,4.806803367636981,4.806803367636806
1.8144909275,2.3777986703347724,4.81218666581623,4.8121866658160535
1.814990925,2.3804975816128144,4.817584492994014,4.817584492993831
1.8154909225,2.383203796729802,4.822996927808105,4.822996927807918
1.8159909200000002,2.3859173553245747,4.828424049536442,4.828424049536261
1.8164909175000001,2.3886382973595337,4.833865938104088,4.833865938103926
1.816990915,2.3913666631241814,4.8393226740903055,4.839322674090177
1.8174909125,2.3941024932386945,4.844794338735705,4.844794338735621
1.81799091,2.396845828657555,4.850281013949505,4.850281013949472
1.8184909075000002,2.399596710673229,4.855782782316896,4.855782782316908
1.8189909050000002,2.4023551809198924,4.861299727106483,4.861299727106524
1.8194909025000001,2.4051212813772187,4.866831932277867,4.866831932277913
1.8199909,2.407895054374206,4.872379482489296,4.8723794824893165
1.8204908975,2.4106765425930665,4.877942463105448,4.877942463105407
1.820990895,2.413465789073167,4.883520960205306,4.883520960205173
1.8214908925000002,2.416262837215025,4.889115060590157,4.889115060589911
1.8219908900000001,2.419067730784357,4.894724851791683,4.894724851791318
1.8224908875,2.421880513916195,4.900350422080194,4.900350422079728
1.822990885,2.4247012311190463,4.905991860472954,4.905991860472427
1.8234908825,2.4275299272791235,4.911649256742637,4.9116492567421055
1.8239908800000002,2.4303666476646293,4.91732270142589,4.917322701425425
1.8244908775000002,2.433211437930099,4.923012285832031,4.923012285831685
1.8249908750000001,2.4360643441208176,4.9287181020518736,4.92871810205165
1.8254908725,2.438925412677285,4.9344402429666605,4.934440242966471
1.82599087,2.4417946904397545,4.94017880225714,4.940178802256964
1.8264908675,2.4446722246528325,4.945933874412767,4.945933874412598
1.8269908650000002,2.4475580629701503,4.951705554741044,4.951705554740871
1.8274908625000001,2.4504522534590905,4.957493939376977,4.957493939376793
1.82799086,2.4533548446056015,4.9632991252927,4.963299125292513
1.8284908575,2.4562658853190635,4.969121210307212,4.96912121030704
1.828990855,2.459185424937238,4.974960293096274,4.97496029309614
1.8294908525,2.462113513231283,4.980816473202435,4.980816473202364
1.8299908500000002,2.465050200410844,4.9866898510452256,4.986689851045234
1.8304908475000001,2.467995537129219,4.992580527931473,4.992580527931566
1.830990845,2.4709495744886043,4.998488606065804,4.99848860606597
1.8314908425,2.473912364045412,5.004414188561275,5.0044141885614835
1.83199084,2.4768839578156685,5.010357379450171,5.010357379450376
1.8324908375000002,2.479864408280497,5.016318283694969,5.016318283695113
1.8329908350000002,2.4828537683916725,5.022297007199449,5.022297007199473
1.8334908325000001,2.4858520915772737,5.028293656819997,5.0282936568198515
1.83399083,2.48885943174741,5.034308340377062,5.034308340376715
1.8344908275,2.4918758433000354,5.040341166666777,5.04034116666623
1.834990825,2.4949013811268554,5.04639224547278,5.046392245472074
1.8354908225000002,2.49793610061932,5.052461687578198,5.052461687577411
1.8359908200000001,2.5009800576747048,5.058549604777806,5.058549604777049
1.8364908175,2.5040333087022946,5.064656109890397,5.0646561098897855
1.836990815,2.507095910629653,5.070781316771322,5.07078131677093
1.8374908125,2.5101679209089904,5.076925340325222,5.076925340325011
1.8379908100000002,2.5132493975236323,5.083088296518972,5.083088296518785
1.8384908075000002,2.516340398994582,5.089270302394796,5.089270302394629
1.8389908050000001,2.5194409843871948,5.095471476083626,5.095471476083464
1.8394908025,2.5225512133179477,5.101691936818634,5.101691936818459
1.8399908,2.5256711459613173,5.107931804948991,5.107931804948802
1.8404907975,2.528800843056764,5.114191201953835,5.11419120195365
1.8409907950000002,2.5319403659158306,5.120470250456467,5.120470250456321
1.8414907925000001,2.5350897764293427,5.126769074238753,5.126769074238686
1.84199079,2.538249137074738,5.133087798255785,5.133087798255833
1.8424907875,2.541418510923497,5.139426548650734,5.139426548650916
1.842990785,2.5445979616487,5.1457854527699745,5.145785452770285
1.8434907825000002,2.547787553532703,5.15216463917843,5.152164639178837
1.8439907800000002,2.5509873514749315,5.158564237675164,5.158564237675602
1.8444907775000001,2.5541974209998126,5.164984379309238,5.1649843793096215
1.844990775,2.5574178282648186,5.1714251963958064,5.171425196396039
1.8454907725,2.5606486400686506,5.17788682253248,5.1778868225324715
1.84599077,2.5638899238595525,5.184369392615954,5.184369392615638
1.8464907675000002,2.56714174774376,5.1908730428589065,5.1908730428582635
1.8469907650000001,2.5704041804940836,5.1973979108071635,5.1973979108062345
1.8474907625,2.5736772915586417,5.203944135357166,5.2039441353560605
1.84799076,2.5769611510697272,5.210511856773706,5.210511856772589
1.8484907575,2.5802558298528258,5.217101216707955,5.21710121670702
1.848990755,2.583561399435779,5.223712358215801,5.223712358215197
1.8494907525000002,2.5868779320581066,5.230345425776481,5.230345425776207
1.8499907500000001,2.5902055006804714,5.237000565311524,5.237000565311328
1.8504907475,2.593544178994319,5.243677924204019,5.243677924203851
1.850990745,2.596894041431664,5.250377651318195,5.250377651318036
1.8514907425,2.6002551631750492,5.2570998970193346,5.25709989701916
1.8519907400000002,2.6036276201676696,5.263844813194025,5.26384481319383
1.8524907375000002,2.6070114891236638,5.27061255327074,5.270612553270551
1.852990735,2.6104068475385938,5.277403272240798,5.277403272240663
1.8534907325,2.6138137737000857,5.284217126679646,5.284217126679626
1.85399073,2.617232346698666,5.2910542747685305,5.2910542747686735
1.8544907275,2.6206626464387743,5.297914876316525,5.297914876316854
1.8549907250000002,2.624104753649974,5.304799092782944,5.304799092783447
1.8554907225000001,2.6275587498983457,5.311707087300143,5.311707087300758
1.85599072,2.631024717598092,5.318639024696716,5.318639024697342
1.8564907175,2.6345027400233327,5.325595071521092,5.3255950715215965
1.856990715,2.637992901320111,5.332575396065546,5.33257539606579
1.8574907125000002,2.6414952865186088,5.339580168390627,5.339580168390492
1.8579907100000002,2.6450099815455723,5.346609560350019,5.346609560349436
1.8584907075000001,2.6485370732369695,5.353663745615839,5.353663745614822
1.858990705,2.6520766493508576,5.360742899704389,5.360742899703052
1.8594907025,2.6556287985804854,5.36784720000235,5.367847200000902
1.8599907,2.6591936105676295,5.374976825793459,5.374976825792172
1.8604906975000002,2.662771175916168,5.382131958285654,5.382131958284779
1.8609906950000001,2.666361586205894,5.3893127806387024,5.389312780638313
1.8614906925,2.669964934006589,5.396519477992348,5.396519477992137
1.86199069,2.6735813128923396,5.403752237494944,5.403752237494769
1.8624906875,2.6772108174561176,5.4110112483326125,5.411011248332452
1.8629906850000002,2.680853543324628,5.418296701758941,5.418296701758761
1.8634906825000002,2.6845095871734217,5.425608791125211,5.425608791125006
1.8639906800000001,2.6881790467422992,5.432947711911199,5.432947711911005
1.8644906775,2.6918620208509823,5.440313661756523,5.440313661756409
1.864990675,2.695558609415083,5.447706840492582,5.44770684049263
1.8654906725,2.6992689134623706,5.45512745017509,5.455127450175361
1.8659906700000002,2.7029930351493383,5.462575695117205,5.462575695117719
1.8664906675000001,2.706731077778074,5.470051781923276,5.470051781923993
1.866990665,2.710483145813465,5.477555919523247,5.477555919524061
1.8674906625,2.7142493449007064,5.48508831920768,5.485088319208431
1.86799066,2.7180297818831534,5.492649194663456,5.4926491946639535
1.8684906575,2.7218245648205075,5.500238762010145,5.500238762010208
1.8689906550000002,2.7256338030073524,5.507857239837084,5.507857239836587
1.8694906525000001,2.7294576069920327,5.515504849241128,5.51550484924005
1.86999065,2.733296088595918,5.523181813865183,5.52318181386364
1.8704906475,2.737149360933014,5.530888359937428,5.530888359935682
1.870990645,2.7410175384299684,5.538624716311321,5.538624716309737
1.8714906425000002,2.7449007368464575,5.546391114506378,5.546391114505312
1.8719906400000002,2.748799073295969,5.554187788749738,5.554187788749303
1.8724906375,2.7527126662670045,5.562014976018566,5.562014976018343
1.872990635,2.7566416356446832,5.569872916083262,5.569872916083085
1.8734906325,2.760586102732777,5.5777618515515295,5.577761851551363
1.87399063,2.7645461902761848,5.585682027913327,5.585682027913129
1.8744906275000002,2.7685220224838525,5.593633693586704,5.593633693586483
1.8749906250000001,2.7725137250521414,5.6016170999645425,5.601617099964364
1.8754906225,2.776521425188686,5.609632501462268,5.609632501462235
1.87599062,2.7805452516367066,5.617680155566476,5.61768015556669
1.8764906175,2.784585334699832,5.625760322884583,5.625760322885101
1.8769906150000002,2.7886418062674174,5.633873267195449,5.633873267196256
1.8774906125000002,2.7927147998403727,5.642019255501052,5.642019255502034
1.8779906100000001,2.796804450557536,5.650198558079219,5.650198558080181
1.8784906075,2.800910895222572,5.658411448537432,5.658411448538122
1.878990605,2.8050342723314303,5.666658203867741,5.66665820386791
1.8794906025,2.8091747221003764,5.674939104502829,5.674939104502296
1.8799906000000002,2.8133323864946,5.6832544343732225,5.683254434371952
1.8804905975000001,2.817507409257417,5.691604480965705,5.691604480963857
1.880990595,2.8216999359401,5.6999895353829695,5.6999895353809125
1.8814905925,2.825910113932318,5.708409892404501,5.708409892402738
1.88199059,2.8301380924932302,5.716865850548763,5.71686585054773
1.8824905875000002,2.8343840227832366,5.725357712136702,5.725357712136385
1.8829905850000002,2.838648057896401,5.733885783356589,5.733885783356373
1.8834905825000001,2.842930352893584,5.74245037433029,5.74245037433012
1.88399058,2.847231064836268,5.751051799180914,5.751051799180725
1.8844905775,2.851550352821129,5.759690376101952,5.75969037610172
1.884990575,2.8558883780153455,5.768366427427907,5.768366427427691
1.8854905725000002,2.8602453036926905,5.777080279706462,5.7770802797063885
1.8859905700000001,2.864621295270395,5.78583226377222,5.785832263772431
1.8864905675,2.869016520346843,5.79462271482209,5.794622714822677
1.886990565,2.8734311487400825,5.8034519724923035,5.803451972493259
1.8874905625,2.877865352527195,5.8123203809371615,5.8123203809383455
1.88799056,2.882319306084543,5.821228288909526,5.821228288910676
1.8884905575000002,2.886793186128921,5.830176049843122,5.8301760498439
1.8889905550000001,2.8912871717596156,5.839164021936657,5.8391640219367344
1.8894905525,2.8958014445014424,5.848192568239897,5.848192568239062
1.88999055,2.900336188348732,5.857262056741636,5.857262056739904
1.8904905475,2.904891589810333,5.8663728604597045,5.866372860457386
1.8909905450000002,2.909467837955641,5.875525357533026,5.875525357530704
1.8914905425000001,2.914065124461678,5.884719931315775,5.8847199313141285
1.89199054,2.918683643661278,5.89395697047375,5.893956970473122
1.8924905375,2.923323592592371,5.903236869082937,5.903236869082682
1.892990535,2.9279851710484244,5.912560026730403,5.912560026730215
1.8934905325,2.932668581630066,5.921926848617529,5.921926848617338
1.8939905300000002,2.9373740297979216,5.9313377456656955,5.931337745665451
1.8944905275000001,2.942101723926692,5.94079313462443,5.940793134624195
1.894990525,2.946851875360534,5.95029343818217,5.950293438182107
1.8954905225,2.951624698469745,5.959839085079636,5.959839085079933
1.89599052,2.9564204107088154,5.9694305102259335,5.9694305102267045
1.8964905175000002,2.961239232675878,5.979068154817449,5.979068154818657
1.8969905150000002,2.9660813881735897,5.988752466459619,5.988752466461041
1.8974905125000001,2.9709471042715134,5.998483899291691,5.99848389929294
1.89799051,2.975836611370005,6.008262914114498,6.008262914115112
1.8984905075,2.9807501432656784,6.018089978521386,6.01808997852098
1.898990505,2.985687937218487,6.027965567032382,6.027965567030809
1.8994905025000002,2.99065023402047,6.037890161231683,6.037890161229185
1.8999905000000001,2.995637278066207,6.047864249908565,6.047864249905802
1.9004904975,3.000649317425048,6.057888329201846,6.0578883291997245
1.900990495,3.0056866039151577,6.06796290274797,6.067962902747102
1.9014904925,3.0107493931794296,6.078088481832839,6.078088481832555
1.9019904900000002,3.015837944763341,6.088265585547521,6.088265585547314
1.9024904875000002,3.020952522194786,6.098494740947919,6.098494740947701
1.9029904850000001,3.0260933930659784,6.1087764832185725,6.108776483218297
1.9034904825,3.0312608291174548,6.119111355840667,6.119111355840439
1.90399048,3.0364551063242686,6.129499910764422,6.129499910764458
1.9044904775,3.0416765049844283,6.139942708585963,6.139942708586473
1.9049904750000002,3.046925309809663,6.150440318728858,6.150440318729908
1.9054904725000001,3.052201810018572,6.160993319630415,6.160993319631837
1.90599047,3.057506299432263,6.1716022989329575,6.171602298934344
1.9064904675,3.062839076572523,6.182267853680166,6.1822678536809645
1.906990465,3.0682004447626277,6.1929905905187,6.192990590518403
1.9074904625000002,3.0735907122308728,6.203771125905256,6.203771125903643
1.9079904600000002,3.0790101922168924,6.214610086319206,6.214610086316558
1.9084904575000001,3.0844592030809057,6.225508108481095,6.2255081084782455
1.908990455,3.089938068415926,6.236465839577052,6.2364658395751045
1.9094904525,3.0954471171630757,6.247483937489425,6.2474839374888695
1.90999045,3.100986683730092,6.258563071033788,6.2585630710334845
1.9104904475000002,3.106557108113137,6.269703920202569,6.269703920202271
1.9109904450000001,3.1121587360220064,6.280907176415458,6.2809071764151465
1.9114904425,3.117791919008887,6.29217354277693,6.292173542776651
1.91199044,3.123457014600743,6.30350373434101,6.3035037343408415
1.9124904375,3.1291543864354767,6.314898478383603,6.3148984783835695
1.912990435,3.134884404402,6.32635851468263,6.326358514682652
1.9134904325000002,3.1406474447843307,6.337884595806222,6.337884595806129
1.9139904300000001,3.146443890409865,6.349477487409268,6.3494774874088895
1.9144904275,3.15227413080199,6.361137968538637,6.36113796853794
1.914990425,3.1581385623371463,6.372866831947305,6.372866831946493
1.9154904225,3.1640375884065426,6.384664884417783,6.3846648844172105
1.9159904200000002,3.169971619582659,6.396532947095125,6.396532947094807
1.9164904175000002,3.1759410737907126,6.4084718558298555,6.408471855829553
1.9169904150000001,3.1819463764852993,6.420482461531258,6.420482461530944
1.9174904125,3.1879879608323414,6.432565630531269,6.432565630530972
1.91799041,3.194066267896578,6.444722244959457,6.44472224495925
1.9184904075,3.2001817468347915,6.456953203129474,6.456953203129388
1.9189904050000002,3.206334855094974,6.469259419937393,6.46925941993735
1.9194904025000001,3.2125260586216506,6.4816418272723535,6.481641827272177
1.9199904,3.218755832067626,6.49410137444005,6.494101374439591
1.9204903975,3.225024659012336,6.506639028599443,6.506639028598738
1.920990395,3.231333032187106,6.519255775213265,6.5192557752126055
1.9214903925000002,3.2376814537075562,6.531952618512845,6.53195261851249
1.9219903900000002,3.2440704353134158,6.544730581977722,6.544730581977423
1.9224903875000001,3.2505004986160824,6.557590708830777,6.557590708830472
1.922990385,3.256972175354155,6.5705340625492905,6.5705340625489805
1.9234903825,3.26348600765731,6.583561727392695,6.583561727392498
1.92399038,3.270042548318822,6.596674808947624,6.596674808947642
1.9244903775000002,3.276642361077083,6.60987443469094,6.609874434691109
1.9249903750000001,3.2832860209064583,6.623161754571452,6.623161754571509
1.9254903725,3.2899741143178933,6.636537941611133,6.636537941610761
1.92599037,3.2967072396696206,6.6500041925265245,6.650004192525637
1.9264903675,3.3034860074884036,6.6635617283712305,6.663561728370196
1.9269903650000002,3.3103110408017495,6.677211795200344,6.677211795199766
1.9274903625000002,3.31718297548152,6.690955664757662,6.6909556647573485
1.9279903600000001,3.324102460599457,6.7047946351867465,6.7047946351864525
1.9284903575,3.3310701587950726,6.718730031766694,6.7187300317663725
1.928990355,3.338086746656451,6.732763207673748,6.732763207673537
1.9294903525,3.3451529151145105,6.746895544769819,6.746895544769906
1.9299903500000002,3.3522693698512915,6.761128454419059,6.761128454419415
1.9304903475000001,3.3594368317228653,6.775463378333684,6.775463378333955
1.930990345,3.3666560371975374,6.789901789450374,6.789901789450066
1.9314903425,3.3739277388099516,6.8044451928384895,6.804445192837406
1.93199034,3.3812527056318458,6.8190951266415745,6.81909512664021
1.9324903375,3.3886317237601684,6.833853163053596,6.83385316305288
1.9329903350000002,3.3960655968233446,6.848720909331472,6.848720909331154
1.9334903325000001,3.403555146506484,6.863700008845489,6.863700008845193
1.93399033,3.4111012130964395,6.878792142169421,6.878792142169095
1.9344903275,3.4187046560475522,6.893999028212016,6.893999028211878
1.934990325,3.426366354569089,6.909322425391873,6.909322425392156
1.9354903225000002,3.4340872082353577,6.924764132857673,6.924764132858236
1.9359903200000002,3.441868137619541,6.940325991755846,6.940325991756099
1.9364903175000001,3.4497100849524194,6.956009886548015,6.956009886547327
1.936990315,3.4576140148070906,6.971817746380441,6.97181774637886
1.9374903125,3.465580914810986,6.987751546508047,6.987751546506659
1.93799031,3.47361179638647,7.003813309775624,7.003813309775258
1.9384903075000002,3.4817076955214286,7.020005108159004,7.020005108158713
1.9389903050000001,3.4898696735712815,7.036329064369087,7.036329064368749
1.9394903025,3.49809881809404,7.052787353521957,7.052787353521743
1.9399903,3.5063962437199634,7.069382204878189,7.069382204878462
1.9404902975,3.514763093057623,7.086115903654984,7.0861159036557035
1.9409902950000002,3.52320053763819,7.102990792914745,7.102990792915199
1.9414902925000002,3.5317097788998812,7.120009275533958,7.12000927553326
1.9419902900000001,3.540292049214687,7.137173816256662,7.137173816254807
1.9424902875,3.5489486129595025,7.154486943836703,7.154486943835156
1.942990285,3.557680767634049,7.171951253273581,7.1719512532732175
1.9434902825,3.566489845028027,7.189569408146745,7.189569408146449
1.9439902800000002,3.5753772124401424,7.207344143053667,7.207344143053313
1.9444902775000001,3.584344273951772,7.225278266157149,7.22527826615709
1.944990275,3.5933924717582872,7.243374661847987,7.2433746618486134
1.9454902725,3.6025232875611266,7.261636293529112,7.261636293530018
1.94599027,3.611738244024024,7.280066206528041,7.280066206528033
1.9464902675000002,3.6210389062969637,7.298667531144791,7.298667531143108
1.9469902650000002,3.630426883611648,7.317443485842819,7.31744348584063
1.9474902625000001,3.6399038309526124,7.336397380591246,7.336397380590663
1.94799026,3.6494714508082446,7.355532620366894,7.355532620366591
1.9484902575,3.6591314950063993,7.374852708825519,7.3748527088251485
1.948990255,3.6688857666395425,7.394361252152103,7.3943612521520174
1.9494902525000002,3.678736122084717,7.414061963100775,7.4140619631015365
1.9499902500000001,3.688684473123968,7.433958665235674,7.43395866523678
1.9504902475,3.698732789171351,7.454055297384956,7.454055297384805
1.950990245,3.7088830996129225,7.474355918320777,7.4743559183185635
1.9514902425,3.7191374962667374,7.494864711679293,7.494864711677057
1.9519902400000002,3.729498135970283,7.51558599113552,7.51558599113512
1.9524902375000002,3.7399672433033406,7.536524205849065,7.53652420584874
1.9529902350000001,3.750547113454937,7.557683946198023,7.55768394619768
1.9534902325,3.7612401152435355,7.579069949819361,7.579069949819781
1.95399023,3.7720486943004805,7.600687107975812,7.600687107977141
1.9544902275,3.782975376427367,7.622540472270604,7.622540472271163
1.9549902250000002,3.7940227711388754,7.6446352617331375,7.6446352617311675
1.9554902225000002,3.8051935754034742,7.666976870300389,7.666976870297541
1.9559902200000001,3.8164905775954736,7.689570874721019,7.689570874720568
1.9564902175,3.8279166616728286,7.712423042910973,7.712423042910572
1.956990215,3.839474811596412,7.735539342792035,7.735539342791691
1.9574902125,3.851168116007684,7.7589259516471625,7.758925951647304
1.9579902100000002,3.862999773183097,7.782589266029297,7.782589266029413
1.9584902075000001,3.8749730962851032,7.806535912263378,7.806535912262341
1.958990205,3.887091518931396,7.8307727575848265,7.830772757583556
1.9594902025,3.8993586011057153,7.855306921961158,7.855306921960742
1.9599902,3.9117780354357454,7.880145790647774,7.880145790647342
1.9604901975000002,3.9243536538657793,7.905297027533294,7.905297027533174
1.9609901950000002,3.9370894347542924,7.9307685893347015,7.930768589334955
1.9614901925000001,3.9499895104293974,7.956568740708255,7.956568740707597
1.96199019,3.963058175237977,7.98270607034775,7.982706070346319
1.9624901875,3.976299894127803,8.009189508148761,8.009189508148323
1.962990185,3.9897193118055245,8.03602834352462,8.036028343524178
1.9634901825000002,4.003321262517547,8.063232244968164,8.063232244967956
1.9639901800000001,4.017110780505292,8.090811280962267,8.090811280962082
1.9644901775,4.031093111191527,8.118775942352492,8.118775942351565
1.964990175,4.0452737231598395,8.147137166306043,8.147137166305564
1.9654901725,4.059658320995808,8.175906361994107,8.175906361993668
1.9659901700000002,4.0742528590653215,8.205095438148483,8.20509543814828
1.9664901675000002,4.089063556313269,8.23471683265898,8.234716832659053
1.9669901650000001,4.104096912174785,8.264783544395893,8.264783544394865
1.9674901625,4.119359723700775,8.29530916746106,8.295309167460362
1.96799016,4.1348591040107925,8.326307928093607,8.326307928093177
1.9684901575,4.150602502198594,8.357794724481078,8.357794724480897
1.9689901550000002,4.166597724829839,8.389785169754813,8.389785169755086
1.9694901525000001,4.182852959187194,8.422295638480167,8.422295638478925
1.96999015,4.199376798436191,8.455343316988229,8.455343316987516
1.9704901475,4.216178268905387,8.488946257936135,8.48894625793569
1.970990145,4.233266859697719,8.523123439529781,8.523123439529797
1.9714901425000002,4.25065255487623,8.557894829895274,8.55789482989553
1.9719901400000002,4.2683458684974855,8.593281457145766,8.593281457143934
1.9724901375000001,4.286357882800574,8.629305485759454,8.629305485758987
1.972990135,4.304700289898886,8.665990299963141,8.665990299962695
1.9734901325,4.32338543736756,8.70336059490712,8.703360594907709
1.97399013,4.342426378171676,8.741442476521572,8.741442476520694
1.9744901275000002,4.361836925440844,8.780263571065735,8.780263571064367
1.9749901250000002,4.38163171266585,8.819853145521197,8.819853145520735
1.9754901225000001,4.401826259974571,8.860242240143732,8.860242240144077
1.97599012,4.422437047238947,8.901463814677236,8.901463814677179
1.9764901175,4.44348159487584,8.943552909955448,8.943552909953238
1.976990115,4.464978553334328,8.986546826876543,8.986546826876095
1.9774901125000002,4.486947802414703,9.030485325041118,9.030485325041495
1.9779901100000001,4.509410561744512,9.075410843704283,9.075410843704205
1.9784901075,4.532389513950436,9.121368748119416,9.121368748117245
1.978990105,4.555908942317845,9.168407604857267,9.168407604856759
1.9794901025,4.579994885032447,9.216579490289268,9.216579490290268
1.9799901000000002,4.6046753084601875,9.265940337147326,9.265940337145508
1.9804900975000002,4.62998030235677,9.316550324942856,9.316550324942297
1.9809900950000001,4.6559423004240434,9.368474321079573,9.368474321079194
1.9814900925,4.682596330267924,9.421782380769319,9.421782380768441
1.98199009,4.70998029759047,9.47655031541622,9.476550315415674
1.9824900875,4.738135310401296,9.53286034103952,9.532860341039331
1.9829900850000002,4.76710605020736,9.590801820653141,9.59080182065211
1.9834900825000001,4.796941198594071,9.650472117427915,9.650472117427405
1.98399008,4.827693929422901,9.711977579086795,9.711977579085971
1.9844900775,4.859422479142396,9.775434678526883,9.775434678526327
1.984990075,4.892190810578084,9.840971341399241,9.8409713413992
1.9854900725000002,4.926069389212583,9.908728498669117,9.908728498668532
1.9859900700000002,4.961136095636781,9.978861911518294,9.978861911518392
1.9864900675000001,4.997477303881503,10.05154432800843,10.05154432800692
1.986990065,5.035189163186958,10.12696804661995,10.126968046619771
1.9874900625,5.074379131078944,10.205347982404456,10.205347982402373
1.98799006,5.115167819299472,10.28692535884598,10.286925358845677
1.9884900575000002,5.157691232476737,10.371972185200917,10.37197218519853
1.9889900550000001,5.202103504278658,10.460796728805109,10.460796728805022
1.9894900525,5.248580269908335,10.553750260064763,10.553750260062476
1.98999005,5.29732286123243,10.651235442713206,10.651235442714013
1.9904900475,5.348563577739636,10.753716875727836,10.753716875727203
1.9909900450000002,5.402572382384942,10.861734485018626,10.86173448501837
1.9914900425000002,5.459665511093849,10.97592074243659,10.975920742436033
1.9919900400000001,5.520216692232102,11.09702310471322,11.097023104712523
1.9924900375,5.5846719871207275,11.22593369449057,11.225933694489878
1.992990035,5.653569751375388,11.363729222999968,11.363729222999295
1.9934900325,5.727567995653576,11.511725711556405,11.511725711555709
1.9939900300000002,5.807482702687989,11.671555125625279,11.671555125624566
1.9944900275000002,5.894342827315331,11.845275374879998,11.845275374879321
1.9949900250000001,5.989471534477741,12.035532789204845,12.035532789204098
1.9954900225,6.0946102949534815,12.245810310156346,12.245810310156783
1.99599002,6.212116205767222,12.48082213178384,12.480822131781267
1.9964900175,6.34529140783172,12.747172535912846,12.74717253591226
1.9969900150000002,6.4989673641824774,13.054524448614366,13.054524448613932
1.9974900125000001,6.680624686490525,13.417839093230464,13.417839093228006
1.99799001,6.902772712607899,13.862135145465212,13.862135145465663
1.9984900075,7.188797775615037,14.434185271479489,14.434185271478253
1.998990005,7.590957079196231,15.238503878641877,15.23850387863905
1.9994900025000002,8.274251914779033,16.605093549807478,16.60509354980751
1.99999,12.206072645523623,24.46873501129666,18.185549704115285
