graph,predicted_rho,t,s,disagreement,fit_selected
path,0.6,1.6,0.2,1.3217504433004645,0
path,0.6,1.6073153190899125,0.1963423404550437,1.2836682114769176,0
path,0.6,1.6144968534463568,0.1927515732768216,1.2512568137823568,0
path,0.6,1.6215470497643696,0.1892264751178152,1.2232026458167113,0
path,0.6,1.6284683099931003,0.1857658450034498,1.1985091437176514,0
path,0.6,1.6352629921541375,0.18236850392293127,1.176422251410273,0
path,0.6,1.6419334111448682,0.17903329442756588,1.1563719925909777,0
path,0.6,1.6484818395271477,0.17575908023642622,1.1379273431425732,0
path,0.6,1.6549105083015423,0.17254474584922885,1.120761780612201,0
path,0.6,1.6612216076674169,0.16938919616629156,1.1046272135569357,0
path,0.6,1.6674172877691178,0.16629135611544113,1.0893343755166585,0
path,0.6,1.6734996594285112,0.16325017028574443,1.0747381425019062,0
path,0.6,1.6794707948641248,0.1602646025679376,1.0607265655091986,0
path,0.6,1.6853327283971367,0.15733363580143167,1.0472126878226409,0
path,0.6,1.6910874571444543,0.15445627142777288,1.034128440603976,0
path,0.6,1.6967369416991156,0.15163152915044223,1.0214200852316226,0
path,0.6,1.7022831067982496,0.1488584466008752,1.0090448051539551,0
path,0.6,1.70772784197882,0.14613607901059,0.9969681516402977,0
path,0.6,1.7130730022213754,0.14346349888931229,0.9851621241568252,0
path,0.6,1.7183204085820285,0.14083979570898578,0.9736037228721518,0
path,0.6,1.7234718488128749,0.13826407559356257,0.9622738530085176,0
path,0.6,1.7285290779710683,0.13573546101446593,0.9511564919561574,0
path,0.6,1.733493819016754,0.133253090491623,0.940238053129675,0
path,0.6,1.7383677634000698,0.13081611829996506,0.9295068975731686,0
path,0.6,1.7431525716374097,0.12842371418129517,0.9189529568903113,0
path,0.6,1.7478498738771489,0.12607506306142552,0.9085674403671389,0
path,0.6,1.7524612704550246,0.12376936477248768,0.8983426060231755,0
path,0.6,1.7569883324393571,0.12150583378032144,0.8882715804194021,0
path,0.6,1.7614326021663016,0.11928369891684922,0.8783482158264768,0
path,0.6,1.7657955937653105,0.11710220311734477,0.8685669761653825,0
path,0.6,1.770078793674986,0.11496060316250703,0.8589228452238716,0
path,0.6,1.7742836611494985,0.11285816942525075,0.8494112522232854,0
path,0.6,1.7784116287557439,0.11079418562212802,0.8400280109727655,0
path,0.6,1.782464102861408,0.10876794856929593,0.8307692697336448,0
path,0.6,1.786442464114106,0.10677876794294702,0.8216314695897331,0
path,0.6,1.7903480679117578,0.10482596604412114,0.8126113095952304,0
path,0.6,1.794182244864363,0.1029088775678185,0.8037057173952965,0
path,0.6,1.7979463012473296,0.10102684937633524,0.794911824260654,0
path,0.6,1.8016415194465116,0.09917924027674424,0.7862269437336411,0
path,0.6,1.8052691583951088,0.09736542080244559,0.7776485532351367,0
path,0.6,1.8088304540025761,0.09558477299871192,0.7691742781265396,0
path,0.6,1.8123266195756882,0.09383669021215589,0.7608018778140988,0
path,0.6,1.815758846231904,0.09212057688404798,0.7525292335646235,0
path,0.6,1.8191283033051722,0.09043584834741396,0.744354337772042,0
path,0.6,1.8224361387443133,0.08878193062784334,0.7362752844585555,0
path,0.6,1.825683479504119,0.08715826024794052,0.7282902608065984,0
path,0.6,1.8288714319292954,0.08556428403535227,0.7203975396313814,0
path,0.6,1.832001082131388,0.08399945893430605,0.7125954726044291,0
path,0.6,1.83507349635881,0.08246325182059497,0.7048824841818309,0
path,0.6,1.8380897213601073,0.08095513931994637,0.6972570661034181,0
path,0.6,1.8410507847405757,0.07947460762971209,0.6897177724317315,0
path,0.6,1.8439576953123604,0.0780211523438198,0.6822632150503122,0
path,0.6,1.8468114434381488,0.07659427828092555,0.6748920595934463,0
path,0.6,1.8496130013685814,0.07519349931570929,0.667603021686149,0
path,0.6,1.8523633235734889,0.07381833821325551,0.6603948635094641,0
path,0.6,1.855063347067074,0.07246832646646294,0.6532663907706896,0
path,0.6,1.8577139917271448,0.07114300413642766,0.646216449766874,0
path,0.6,1.8603161606085092,0.06984191969574537,0.6392439247640486,0
path,0.6,1.8628707402506413,0.06856462987467936,0.6323477357012661,0
path,0.6,1.8653786009797164,0.06731069951014182,0.6255268357476516,0
path,0.6,1.8678405972051257,0.0660797013974371,0.6187802095501193,0
path,0.6,1.8702575677105677,0.06487121614471617,0.6121068710210622,0
path,0.6,1.872630335939814,0.06368483203009301,0.6055058619276488,0
path,0.6,1.874959710277252,0.06252014486137401,0.5989762499731074,0
path,0.6,1.8772464843232943,0.061376757838352856,0.5925171275131288,0
path,0.6,1.8794914371647535,0.06025428141762329,0.5861276101490286,0
path,0.6,1.8816953336402698,0.059152333179865076,0.5798068352679772,0
path,0.6,1.8838589246008874,0.058070537699556286,0.573553961089388,0
path,0.6,1.8859829471658627,0.0570085264170687,0.5673681654889258,0
path,0.6,1.8880681249737954,0.055965937513102325,0.5612486448054076,0
path,0.6,1.8901151684291675,0.05494241578541624,0.5551946130896268,0
path,0.6,1.8921247749443724,0.05393761252781386,0.5492053011467414,0
path,0.6,1.8940976291773173,0.05295118541134134,0.5432799557568698,0
path,0.6,1.8960344032646828,0.051982798367658664,0.5374178387477334,0
path,0.6,1.8979357570509126,0.05103212147454368,0.5316182263971345,0
path,0.6,1.8998023383130198,0.05009883084349005,0.5258804087602948,0
path,0.6,1.9016347829812783,0.04918260850936088,0.5202036890297569,0
path,0.6,1.9034337153558794,0.04828314232206036,0.5145873829423308,0
path,0.6,1.9051997483196268,0.04740012584018657,0.5090308182287677,0
path,0.6,1.9069334835467417,0.04653325822662917,0.503533334095093,0
path,0.6,1.908635511707847,0.045682244146076474,0.49809428076321005,0
path,0.6,1.9103064126712062,0.04484679366439691,0.492713019051085,0
path,0.6,1.9119467557002787,0.04402662214986061,0.4873889198283234,0
path,0.6,1.913557099647665,0.043221450176167533,0.48212136376171233,0
path,0.6,1.915137993145502,0.04243100342724901,0.47690974091733884,0
path,0.6,1.9166899747923793,0.04165501260381029,0.4717534503600974,0
path,0.6,1.9182135733368353,0.04089321333158232,0.46665189993382805,0
path,0.6,1.9197093078574972,0.04014534607125137,0.4616045058133295,0
path,0.6,1.921177687939928,0.03941115603003597,0.4566106923082965,0
path,0.6,1.9226192138502383,0.03869039307488089,0.4516698915881588,0
path,0.6,1.9240343767055226,0.03798281164723868,0.446781543425836,0
path,0.6,1.9254236586411806,0.03728817067940971,0.4419450949498334,0
path,0.6,1.9267875329751756,0.036606233512412226,0.43716000044468367,0
path,0.6,1.9281264643692912,0.03593676781535439,0.4324257211069639,0
path,0.6,1.9294409089874383,0.035279545506280874,0.427741724921838,0
path,0.6,1.9307313146510658,0.034634342674467064,0.4231074863573675,0
path,0.6,1.9319981209917314,0.03400093950413433,0.41852248624362526,0
path,0.6,1.933241759600879,0.033379120199560464,0.4139862116391624,0
path,0.6,1.9344626541768806,0.03276867291155967,0.4094981556594307,0
path,0.6,1.9356612206693857,0.03216938966530711,0.4050578173195587,0
path,0.6,1.936837867421033,0.03158106628948349,0.4006647013638032,0
path,0.6,1.9379929953065693,0.03100350234671538,0.3963183182142234,0
path,0.6,1.9391269978694246,0.030436501065287714,0.39201818376007475,0
path,0.6,1.9402402614557896,0.02987986927210513,0.38776381927259634,1
path,0.6,1.9413331653462413,0.029333417326879344,0.38355475129615557,1
path,0.6,1.9424060818849598,0.028796959057520135,0.3793905115406283,1
path,0.6,1.9434593766065842,0.02827031169670789,0.37527063678071904,1
path,0.6,1.9444934083607477,0.027753295819626145,0.3711946687788685,1
path,0.6,1.9455085294343342,0.027245735282832913,0.3671621540821214,1
path,0.6,1.9465050856715003,0.026747457164249904,0.36317264413748435,1
path,0.6,1.9474834165915014,0.026258291704249283,0.3592256950294195,1
path,0.6,1.9484438555043644,0.025778072247817835,0.35532086747534386,1
path,0.6,1.9493867296244423,0.025306635187778835,0.3514577267448048,1
path,0.6,1.9503123601818952,0.024843819909052326,0.3476358425842141,1
path,0.6,1.9512210625321305,0.024389468733934744,0.3438547891461778,1
path,0.6,1.9521131462632413,0.023943426868379317,0.34011414492255515,1
path,0.6,1.952988915301482,0.023505542349258907,0.3364134926806097,1
path,0.6,1.9538486680148135,0.023075665992593218,0.3327524194018967,1
path,0.6,1.9546926973145538,0.02265365134272308,0.3291305162239282,1
path,0.6,1.955521290755172,0.02223935462241398,0.3255473783852158,1
path,0.6,1.9563347306322554,0.0218326346838723,0.3220026052076837,1
path,0.6,1.9571332940786854,0.02143335296065727,0.3184957999566815,1
path,0.6,1.9579172531590552,0.02104137342047246,0.31502656984034183,1
path,0.6,1.958686874962359,0.020656562518820573,0.31159452598121323,1
path,0.6,1.9594424216929882,0.02027878915350584,0.3081992833550885,1
path,0.6,1.960184150760063,0.01990792461996847,0.30484046074071935,1
path,0.6,1.960912314865128,0.019543842567435996,0.30151768067315426,1
path,0.6,1.961627162088247,0.019186418955876486,0.29823056938881654,1
path,0.6,1.962328935972522,0.01883553201373904,0.2949787568329989,1
path,0.6,1.9630178756070658,0.018491062196467144,0.29176187656449165,1
path,0.6,1.9636942157084585,0.018152892145770715,0.2885795657418657,1
path,0.6,1.964358186700714,0.017820906649643028,0.28543146508621814,1
path,0.6,1.9650100147937823,0.017494992603108835,0.28231721882239263,1
path,0.6,1.9656499220606194,0.017175038969690342,0.27923647465370816,1
path,0.6,1.9662781265128442,0.016860936743577935,0.2761888837850062,1
path,0.6,1.9668948421750145,0.01655257891249269,0.27317410080639837,1
path,0.6,1.9675002791575438,0.016249860421228095,0.2701917836821584,1
path,0.6,1.968094643728283,0.015952678135858548,0.267241593729025,1
path,0.6,1.9686781383827952,0.01566093080860237,0.2643231955819763,1
path,0.6,1.9692509619133451,0.015374519043327458,0.2614362571615505,1
path,0.6,1.9698133094766244,0.015093345261687775,0.2585804496424985,1
path,0.6,1.9703653726602417,0.014817313669879121,0.25575544742378614,1
path,0.6,1.9709073395479941,0.01454633022600291,0.25296092810040943,1
path,0.6,1.9714393947839464,0.014280302608026794,0.25019657243794474,1
path,0.6,1.9719617196353376,0.014019140182331238,0.24746206434111553,1
path,0.6,1.9724744920543373,0.013762753972831328,0.24475709075830976,1
path,0.6,1.9729778867386734,0.01351105663066328,0.2420813417917461,1
path,0.6,1.9734720751911494,0.01326396240442534,0.2394345105463211,1
path,0.6,1.9739572257780742,0.013021387110962911,0.2368162931491821,1
path,0.6,1.974433503786624,0.012783248106688,0.23422638877724775,1
path,0.6,1.9749010714811537,0.012549464259423151,0.23166449955724017,1
path,0.6,1.9753600881584794,0.012319955920760326,0.22913033052004914,1
path,0.6,1.9758107102021494,0.012094644898925287,0.2266235896353881,1
path,0.6,1.9762530911357234,0.011873454432138242,0.22414398776492497,1
path,0.6,1.9766873816750767,0.011656309162461681,0.22169123863930598,1
path,0.6,1.977113729779747,0.011443135110126493,0.2192650588381918,1
path,0.6,1.9775322807033449,0.01123385964832761,0.2168651677286051,1
path,0.6,1.977943177043039,0.011028411478480594,0.21449128746746338,1
path,0.6,1.9783465587881386,0.010826720605930753,0.21214314299555795,1
path,0.6,1.978742563367787,0.010628718316106473,0.209820461969572,1
path,0.6,1.9791313256977827,0.010434337151108688,0.20752297477208567,1
path,0.6,1.979512978226543,0.010243510886728473,0.2052504145532677,1
path,0.6,1.9798876509802301,0.010056174509884951,0.20300251704055516,1
path,0.6,1.9802554716070484,0.009872264196475826,0.20077902062978875,1
path,0.6,1.980616565420734,0.009691717289632983,0.1985796663452683,1
path,0.6,1.9809710554432485,0.00951447227837577,0.1964041978121118,1
path,0.6,1.9813190624466908,0.009340468776654662,0.19425236123478626,1
path,0.6,1.9816607049944437,0.009169647502778194,0.19212390537754923,1
path,0.6,1.9819960994815677,0.009001950259216095,0.19001858150885093,1
path,0.6,1.9823253601744562,0.008837319912771884,0.18793614342467838,1
path,0.6,1.982648599249764,0.00867570037511798,0.18587634740868386,1
path,0.6,1.9829659268326263,0.00851703658368683,0.18383895219372776,1
path,0.6,1.983277451034177,0.008361274482911516,0.18182371895671537,1
path,0.6,1.983583277988381,0.00820836100580942,0.17983041131430347,1
path,0.6,1.9838835118881946,0.008058244055902697,0.17785879533599275,1
path,0.6,1.9841782550210612,0.007910872489469404,0.175908639390892,1
path,0.6,1.9844676078037615,0.007766196098119211,0.17397971417000999,1
path,0.6,1.9847516688166245,0.007624165591687777,0.1720717927107816,1
path,0.6,1.985030534837112,0.0074847325814439624,0.1701846504754453,1
path,0.6,1.9853043008727917,0.0073478495636041495,0.1683180651569228,1
path,0.6,1.9855730601937038,0.0072134699031480565,0.16647181670691066,1
path,0.6,1.9858369043641388,0.007081547817930541,0.16464568730976026,1
path,0.6,1.986095923273832,0.006952038363083956,0.1628394614092906,1
path,0.6,1.9863502051685884,0.00682489741570578,0.16105292565106571,1
path,0.6,1.9865998366803475,0.006700081659826267,0.15928586886032264,1
path,0.6,1.986844902856698,0.006577548571651021,0.15753808204365402,1
path,0.6,1.9870854871898531,0.0064572564050734615,0.15580935839746687,1
path,0.6,1.9873216716450954,0.006339164177452231,0.1540994932646914,1
path,0.6,1.9875535366887025,0.00622323165564872,0.15240828396618036,1
path,0.6,1.9877811613153602,0.006109419342319937,0.1507355299698098,1
path,0.6,1.9880046230750759,0.005997688462462057,0.14908103290092817,1
path,0.6,1.9882239980996,0.005888000950200068,0.14744459635891485,1
path,0.6,1.988439361128362,0.005780319435819018,0.14582602599575312,1
path,0.6,1.9886507855339353,0.005674607233032424,0.14422512948365743,1
path,0.6,1.988858343347033,0.005570828326483533,0.14264171650517904,1
path,0.6,1.9890621052810498,0.005468947359475161,0.14107559870016764,1
path,0.6,1.9892621407561522,0.005368929621923925,0.13952658963941472,1
path,0.6,1.9894585179229305,0.005270741038534787,0.1379945048573938,1
path,0.6,1.9896513036856163,0.005174348157191843,0.13647916179479475,1
path,0.6,1.989840563724877,0.005079718137561449,0.1349803798382918,1
path,0.6,1.9900263625201924,0.004986818739903757,0.13349798031823656,1
path,0.6,1.9902087633718222,0.004895618314088881,0.13203178625938847,1
path,0.6,1.9903878284223722,0.004806085788813935,0.1305816225940407,1
path,0.6,1.9905636186779654,0.004718190661017268,0.12914731612253003,1
path,0.6,1.9907361940290274,0.004631902985486305,0.12772869561464995,1
path,0.6,1.990905613270689,0.004547193364655431,0.1263255913321294,1
path,0.6,1.9910719341228191,0.0044640329385904655,0.12493783541186855,1
path,0.6,1.9912352132496873,0.004382393375156295,0.12356526189979856,1
path,0.6,1.9913955062792714,0.004302246860364331,0.12220770648734652,1
path,0.6,1.991552867822207,0.004223566088896485,0.12086500659482792,1
path,0.6,1.9917073514903951,0.0041463242548024585,0.1195370013217213,1
path,0.6,1.9918590099152658,0.004070495042367152,0.11822353147894389,1
path,0.6,1.9920078947657098,0.003996052617145098,0.11692443956443371,1
path,0.6,1.9921540567656824,0.0039229716171588595,0.11563956983038952,1
path,0.6,1.9922975457114833,0.003851227144258394,0.11436876804911793,1
path,0.6,1.9924384104887232,0.0037807947556384395,0.11311188160906936,1
path,0.6,1.992576699088978,0.003711650455511034,0.11186875956490934,1
path,0.6,1.9927124586261393,0.003643770686930331,0.11063925262499481,1
path,0.6,1.9928457353524662,0.003577132323766924,0.10942321302512177,1
path,0.6,1.9929765746743422,0.003511712662828938,0.10822049451919855,1
path,0.6,1.9931050211677455,0.00344748941612724,0.10703095246879892,1
path,0.6,1.993231118593436,0.003384440703282075,0.10585444373407038,1
path,0.6,1.9933549099118628,0.0033225450440685866,0.10469082671545643,1
path,0.6,1.9934764372978027,0.0032617813510986654,0.1035399613795061,1
path,0.6,1.9935957421547268,0.0032021289226366358,0.10240170910176642,1
path,0.6,1.9937128651289073,0.003143567435546326,0.10127593270732743,1
path,0.6,1.9938278461232657,0.0030860769383671293,0.10016249649674196,1
path,0.6,1.9939407243109666,0.0030296378445166918,0.09906126636239165,1
path,0.6,1.9940515381487642,0.002974230925617908,0.09797210945078104,1
path,0.6,1.9941603253901041,0.0029198373049479577,0.09689489431472775,1
path,0.6,1.9942671230979856,0.002866438451007148,0.09582949101349034,1
path,0.6,1.9943719676575893,0.0028140161712053705,0.09477577109381688,1
path,0.6,1.994474894788672,0.002762552605664019,0.09373360712556433,1
path,0.6,1.9945759395577374,0.002712030221131267,0.09270287334487798,1
path,0.6,1.9946751363899828,0.0026624318050086156,0.09168344527956009,1
path,0.6,1.9947725190810266,0.002613740459486693,0.09067519970232735,1
path,0.6,1.9948681208084234,0.002565939595788295,0.08967801475433215,1
path,0.6,1.9949619741429665,0.0025190129285167155,0.08869176986437205,1
path,0.6,1.995054111059785,0.0024729444701074303,0.0877163457753795,1
path,0.6,1.9951445629492375,0.0024277185253812556,0.08675162456002508,1
path,0.6,1.9952333606276058,0.002383319686197118,0.08579748944217154,1
path,0.6,1.9953205343475948,0.0023397328262026143,0.0848538249390285,1
path,0.6,1.9954061138086387,0.002296943095680578,0.08392051680518718,1
path,0.6,1.9954901281670203,0.0022549359164898927,0.08299745214447579,1
path,0.6,1.9955726060458023,0.0022136969770988244,0.08208451909525451,1
path,0.6,1.9956535755445817,0.002173212227709194,0.08118160702633195,1
path,0.6,1.9957330642490605,0.0021334678754697145,0.08028860659148436,1
path,0.6,1.9958110992404463,0.002094450379776869,0.07940540960951226,1
path,0.6,1.9958877071046766,0.0020561464476617297,0.07853190897817967,1
path,0.6,1.9959629139414776,0.002018543029261142,0.07766799878783186,1
path,0.6,1.9960367453732566,0.0019816273133717336,0.07681357425388749,1
path,0.6,1.9961092265538296,0.001945386723085234,0.07596853183262472,1
path,0.6,1.9961803821769928,0.001909808911503616,0.07513276895665537,1
path,0.6,1.9962502364849348,0.0018748817575325984,0.07430618417440901,1
path,0.6,1.9963188132764957,0.0018405933617520822,0.07348867719173102,1
path,0.6,1.9963861359152757,0.0018069320423621052,0.07268014888370111,1
path,0.6,1.9964522273375942,0.001773886331202941,0.0718805009349693,1
path,0.6,1.996517110060304,0.0017414449698479847,0.07108963626889718,1
path,0.6,1.9965808061884638,0.0017095969057680813,0.07030745898968471,1
path,0.6,1.996643337422868,0.0016783312885660325,0.06953387385973396,1
path,0.6,1.9967047250674401,0.0016476374662799205,0.06876878704508321,1
path,0.6,1.9967649900364919,0.0016175049817540917,0.06801210555844457,1
path,0.6,1.9968241528618471,0.0015879235690764552,0.06726373731403053,1
path,0.6,1.996882233699838,0.0015588831500809904,0.06652359149420206,1
path,0.6,1.9969392523381717,0.0015303738309141637,0.06579157806675189,1
path,0.6,1.9969952282026715,0.0015023858986641938,0.06506760799833078,1
path,0.6,1.9970501803638963,0.0014749098180519096,0.06435159322523931,1
path,0.6,1.9971041275436356,0.0014479362281821756,0.06364344671246895,1
path,0.6,1.9971570881212906,0.0014214559393546827,0.06294308231493702,1
path,0.6,1.9972090801401339,0.0013954599299331079,0.062250414757651695,1
path,0.6,1.997260121313457,0.0013699393432714882,0.061565359753840636,1
path,0.6,1.9973102290306064,0.00134488548469685,0.060887834042099055,1
path,0.6,1.9973594203629061,0.0013202898185469768,0.060217755032599816,1
path,0.6,1.9974077120694753,0.0012961439652623944,0.059555041150741284,1
path,0.6,1.997455120602937,0.0012724396985314965,0.05889961180478934,1
path,0.6,1.9975016621150241,0.0012491689424879238,0.05825138711520667,1
path,0.6,1.9975473524620817,0.001226323768959154,0.05761028810934471,1
path,0.6,1.997592207210469,0.001203896394765455,0.056976236743481075,1
path,0.6,1.9976362416418636,0.001181879179068193,0.05634915581813389,1
path,0.6,1.9976794707584666,0.0011602646207666757,0.05572896884032788,1
path,0.6,1.9977219092881149,0.001139045355942564,0.0551156002652317,1
path,0.6,1.9977635716892979,0.0011182141553510588,0.054508975449112915,1
path,0.6,1.9978044721560841,0.0010977639219579346,0.05390902030781719,1
path,0.6,1.9978446246229566,0.0010776876885216448,0.05331566179480677,1
path,0.6,1.9978840427695608,0.0010579786152196302,0.052728827611492446,1
path,0.6,1.9979227400253639,0.0010386299873180425,0.05214844606107471,1
path,0.6,1.9979607295742319,0.001019635212884085,0.051574446594619315,1
path,0.6,1.9979980243589197,0.0010009878205401908,0.05100675904171659,1
path,0.6,1.9980346370854813,0.0009826814572592726,0.05044531423171532,1
path,0.6,1.9980705802275993,0.0009647098862002936,0.04989004372392004,1
path,0.6,1.998105866030833,0.0009470669845834234,0.04934087965238649,1
path,0.6,1.9981405065167919,0.0009297467416040515,0.04879775519549127,1
path,0.6,1.9981745134872302,0.0009127432563849518,0.04826060398832233,1
path,0.6,1.9982078985280682,0.000896050735965898,0.0477293604647067,1
path,0.6,1.99824067301334,0.0008796634933300449,0.04720395989766643,1
path,0.6,1.9982728481090672,0.0008635759454664044,0.04668433810031518,1
path,0.6,1.9983044347770644,0.0008477826114677558,0.046170431601648104,1
path,0.6,1.9983354437786733,0.0008322781106633415,0.04566217781274928,1
path,0.6,1.9983658856784285,0.0008170571607857124,0.045159514576037056,1
path,0.6,1.9983957708476578,0.0008021145761710993,0.044662380511808986,1
path,0.6,1.9984251094680145,0.000787445265992696,0.044170715068403185,1
path,0.6,1.9984539115349476,0.0007730442325262525,0.043684458003171854,1
path,0.6,1.9984821868611051,0.0007589065694473877,0.04320355013597022,1
path,0.6,1.99850994507968,0.000745027460160042,0.04272793260436276,1
path,0.6,1.998537195647689,0.000731402176155498,0.04225754736026576,1
path,0.6,1.9985639478491972,0.0007180260754014138,0.04179233698829984,1
path,0.6,1.9985902107984794,0.0007048946007603169,0.04133224455022334,1
path,0.6,1.998615993443126,0.0006920032784370219,0.040877213986704915,1
path,0.6,1.9986413045670912,0.000679347716454442,0.040427189611152034,1
path,0.6,1.9986661527936855,0.0006669236031572726,0.03998211643642076,1
path,0.6,1.9986905465885139,0.0006547267057430496,0.0395419401699815,1
path,0.6,1.9987144942623598,0.0006427528688200552,0.039106606933761445,1
path,0.6,1.9987380039740168,0.0006309980129916178,0.038676063525067944,1
path,0.6,1.9987610837330674,0.0006194581334662815,0.0382502574357025,1
path,0.6,1.9987837414026133,0.0006081292986934138,0.03782913648356718,1
path,0.6,1.9988059847019526,0.000597007649023746,0.037412649291867654,1
path,0.6,1.9988278212092112,0.0005860893953944289,0.03700074493332928,1
path,0.6,1.9988492583639237,0.0005753708180381183,0.03659337298155636,1
path,0.6,1.9988703034695687,0.0005648482652156873,0.036190483767377706,1
path,0.6,1.998890963696056,0.0005545181519720963,0.035792027933545446,1
path,0.6,1.9989112460821699,0.000544376958915036,0.03539795676599494,1
path,0.6,1.9989311575379682,0.0005344212310158865,0.03500822217724072,1
path,0.6,1.9989507048471347,0.0005246475764326248,0.03462277637703414,1
path,0.6,1.9989698946692915,0.0005150526653542398,0.034241572336780775,1
path,0.6,1.9989887335422674,0.0005056332288663002,0.03386456340086753,1
path,0.6,1.9990072278843254,0.0004963860578372506,0.033491703398267146,1
path,0.6,1.9990253839963499,0.0004873080018250933,0.033122946891480876,1
path,0.6,1.999043208063992,0.00047839596800404753,0.03275824855974909,1
path,0.6,1.9990607061597783,0.00046964692011085534,0.03239756402289256,1
path,0.6,1.9990778842451793,0.0004610578774103413,0.03204084894960584,1
path,0.6,1.9990947481726402,0.000452625913679906,0.03168805988068937,1
path,0.6,1.999111303687575,0.0004443481562125765,0.03133915351361473,1
path,0.6,1.9991275564303235,0.00043622178483830403,0.030994087281019815,1
path,0.6,1.9991435119380736,0.00042824403096314593,0.030652818861635896,1
path,0.6,1.999159175646748,0.0004204121766260317,0.030315306605178536,1
path,0.6,1.9991745528928544,0.0004127235535727718,0.029981509118504595,1
path,0.6,1.999189648915306,0.0004051755423470035,0.029651385594544572,1
path,0.6,1.9992044688572044,0.000397765571397762,0.029324895693307217,1
path,0.6,1.9992190177675933,0.00039049111620337225,0.02900199934521632,1
path,0.6,1.9992333006031773,0.00038334969841136304,0.028682657158307256,1
path,0.6,1.9992473222300118,0.0003763388849941112,0.02836682996744831,1
path,0.6,1.9992610874251602,0.0003694562874199269,0.028054479137137916,1
path,0.6,1.9992746008783213,0.0003626995608392991,0.027745566479044075,1
path,0.6,1.999287867193428,0.00035606640328602284,0.02744005407278638,1
path,0.6,1.9993008908902141,0.0003495545548929362,0.027137904713346216,1
path,0.6,1.999313676405756,0.00034316179712200103,0.026839081179274082,1
path,0.6,1.9993262280959831,0.0003368859520084631,0.026543547148006816,1
path,0.6,1.9993385502371623,0.00033072488141883615,0.026251266172306584,1
path,0.6,1.999350647027355,0.0003246764863224557,0.025962202752468133,1
path,0.6,1.9993625225878473,0.00031873870607635493,0.02567632120307769,1
path,0.6,1.9993741809645535,0.0003129095177232192,0.025393586845241355,1
path,0.6,1.9993856261293956,0.00030718693530217944,0.02511396475272924,1
path,0.6,1.9993968619816556,0.00030156900917221026,0.024837420922118335,1
path,0.6,1.9994078923493042,0.00029605382534790174,0.024563921361705144,1
path,0.6,1.9994187209903052,0.0002906395048473791,0.024293432644913588,1
path,0.6,1.9994293515938957,0.0002853242030521474,0.02402592164293801,1
path,0.6,1.9994397877818426,0.000280106109078644,0.023761355541489525,1
path,0.6,1.9994500331096774,0.00027498344516128383,0.02349970207113859,1
path,0.6,1.9994600910679063,0.0002699544660467884,0.023240929015450437,1
path,0.6,1.9994699650832009,0.0002650174583995908,0.022985004889058698,1
path,0.6,1.9994796585195638,0.0002601707402181141,0.02273189813059364,1
path,0.6,1.9994891746794765,0.00025541266026172897,0.022481577970106924,1
path,0.6,1.9994985168050237,0.00025074159748818395,0.022234013514151295,1
path,0.6,1.9995076880789973,0.0002461559605013332,0.021989174692762386,1
path,0.6,1.9995166916259821,0.00024165418700895522,0.021747031248297993,1
path,0.6,1.999525530513419,0.00023723474329049587,0.02150755381995771,1
path,0.6,1.999534207752651,0.00023289612367453712,0.02127071278405889,1
path,0.6,1.9995427262999483,0.00022863685002583008,0.02103647935682381,1
path,0.6,1.9995510890575166,0.00022445547124170145,0.02080482469542503,1
path,0.6,1.9995592988744846,0.0002203505627576775,0.020575720535917563,1
path,0.6,1.9995673585478757,0.0002163207260621419,0.020349138732450093,1
path,0.6,1.9995752708235603,0.00021236458821987696,0.020125051575832918,1
path,0.6,1.9995830383971913,0.0002084808014043112,0.019903431599996173,1
path,0.6,1.9995906639151233,0.00020466804243832849,0.019684251646464097,1
path,0.6,1.999598149975313,0.0002009250123434681,0.019467484890789196,1
path,0.6,1.9996054991282053,0.0001972504358973757,0.019253104740572888,0
path,0.6,1.9996127138776014,0.00019364306119934154,0.019041084971669224,0
path,0.6,1.9996197966815124,0.00019010165924379026,0.018831399573897522,0
path,0.6,1.999626749952997,0.00018662502350156503,0.01862402287664165,0
path,0.6,1.9996335760609822,0.00018321196950887422,0.01841892948401262,0
path,0.6,1.9996402773310724,0.00017986133446375247,0.018216094206087986,0
path,0.6,1.9996468560463403,0.00017657197682990303,0.018015492324216596,0
path,0.6,1.9996533144481043,0.0001733427759477847,0.01781709907618916,0
path,0.6,1.9996596547366943,0.00017017263165281166,0.017620890321335785,0
path,0.6,1.9996658790721988,0.0001670604639005356,0.017426841904024458,0
path,0.6,1.9996719895752026,0.00016400521239868263,0.017234930121670062,0
path,0.6,1.9996779883275082,0.00016100583624591963,0.017045131406116007,0
path,0.6,1.9996838773728456,0.00015806131357722699,0.016857422535091707,0
path,0.6,1.9996896587175685,0.00015517064121575673,0.01667178048321685,0
path,0.6,1.999695334331338,0.00015233283433105786,0.016488182522277267,0
path,0.6,1.9997009061477928,0.00014954692610355178,0.016306606128093058,0
path,0.6,1.9997063760652096,0.00014681196739514424,0.016127029091114478,0
path,0.6,1.9997117459471483,0.00014412702642586106,0.015949429334776825,0
path,0.6,1.9997170176230872,0.0001414911884563976,0.015773785207692587,0
path,0.6,1.999722192889047,0.00013890355547647394,0.015600075015804179,0
path,0.6,1.9997272735082021,0.0001363632458988896,0.01542827770406822,0
path,0.6,1.9997322612114816,0.00013386939425917324,0.015258371960925918,0
path,0.6,1.9997371576981586,0.00013142115092072543,0.01509033717504343,0
path,0.6,1.9997419646364294,0.00012901768178535388,0.014924152592785333,0
path,0.6,1.999746683663982,0.0001266581680091023,0.014759797998274012,0
path,0.6,1.9997513163885534,0.00012434180572327654,0.014597253087054314,0
path,0.6,1.999755864388479,0.00012206780576057244,0.014436498108210984,0
path,0.6,1.9997603292132275,0.00011983539338621239,0.014277513176859663,0
path,0.6,1.999764712383932,0.00011764380803399914,0.014120279002795742,0
path,0.6,1.9997690153939056,0.00011549230304719641,0.013964776108824205,0
path,0.6,1.9997732397091517,0.00011338014542414869,0.013810985643863223,0
path,0.6,1.9997773867688629,0.00011130661556855294,0.01365888857848696,0
path,0.6,1.9997814579859114,0.00010927100704429754,0.01350846638001405,0
path,0.6,1.9997854547473304,0.00010727262633478482,0.013359700565609376,0
path,0.6,1.9997893784147867,0.00010531079260665512,0.013212572878292438,0
path,0.6,1.9997932303250443,0.00010338483747783198,0.013067065405389442,0
path,0.6,1.9997970117904205,0.00010149410478980933,0.012923160116262216,0
path,0.6,1.9998007240992317,9.963795038410332e-05,0.012780839565506057,0
path,0.6,1.9998043685162343,9.781574188279181e-05,0.012640086146681594,0
path,0.6,1.9998079462830538,9.602685847306911e-05,0.01250088275858115,0
path,0.6,1.9998114586186084,9.427069069573816e-05,0.012363212175021817,0
path,0.6,1.9998149067195248,9.254664023757389e-05,0.012227057693568943,0
path,0.6,1.999818291760545,9.085411972748087e-05,0.012092402445228304,0
path,0.6,1.9998216148949273,8.919255253638192e-05,0.01195923009766865,0
path,0.6,1.9998248772548384,8.756137258076334e-05,0.01182752418154847,0
path,0.6,1.9998280799517403,8.596002412981598e-05,0.011697268632215313,0
path,0.6,1.9998312240767677,8.438796161610049e-05,0.011568447464424298,0
path,0.6,1.9998343107011007,8.284464944967796e-05,0.01144104483593158,0
path,0.6,1.9998373408763288,8.132956183563709e-05,0.011315045270564263,0
path,0.6,1.9998403156348101,7.984218259496108e-05,0.0111904330983781,0
path,0.6,1.9998432359900227,7.838200498866806e-05,0.011067193304319201,0
path,0.6,1.9998461029369097,7.694853154517013e-05,0.010945310571727243,0
path,0.6,1.9998489174522185,7.55412738907873e-05,0.010824770029641868,0
path,0.6,1.9998516804948332,7.415975258336346e-05,0.010705556932993023,0
path,0.6,1.9998543930061021,7.280349694892277e-05,0.010587656604905573,0
path,0.6,1.9998570559101574,7.147204492131578e-05,0.01047105466824964,0
path,0.6,1.9998596701142304,7.016494288479578e-05,0.010355736723226596,0
path,0.6,1.999862236508961,6.888174551947648e-05,0.010241688770679927,0
path,0.6,1.9998647559687008,6.762201564961364e-05,0.010128896658400392,0
path,0.6,1.9998672293518107,6.638532409466381e-05,0.01001734674885771,0
path,0.6,1.9998696575009538,6.517124952306447e-05,0.009907025197444136,0
path,0.6,1.9998720412433826,6.397937830869076e-05,0.009797918567527365,0
path,0.6,1.99987438139122,6.280930438993498e-05,0.009690013479745229,0
path,0.6,1.9998766787417372,6.166062913136555e-05,0.009583296615810285,0
path,0.6,1.9998789340776242,6.053296118791379e-05,0.009477755087660779,0
path,0.6,1.999881148167257,5.942591637154669e-05,0.009373375731080378,0
path,0.6,1.9998833217649592,5.833911752037587e-05,0.009270145886096953,0
path,0.6,1.9998854556112597,5.727219437016232e-05,0.009168052847576763,0
path,0.6,1.9998875504331437,5.622478342816923e-05,0.009067084109258411,0
path,0.6,1.9998896069443013,5.5196527849323615e-05,0.008967227307489813,0
path,0.6,1.9998916258453707,5.4187077314640985e-05,0.008868470142580073,0
path,0.6,1.9998936078241762,5.319608791187518e-05,0.008770800613585646,0
path,0.6,1.9998955535559633,5.222322201834925e-05,0.008674206589564457,0
path,0.6,1.9998974637036282,5.126814818593031e-05,0.008578676413427857,0
path,0.6,1.9998993389179438,5.0330541028107786e-05,0.00848419820890316,0
path,0.6,1.9999011798377817,4.9410081109136514e-05,0.008390760459673385,0
path,0.6,1.9999029870903295,4.8506454835207115e-05,0.008298351755994008,0
path,0.6,1.9999047612913048,4.761935434760717e-05,0.00820696061602203,0
path,0.6,1.9999065030451644,4.674847741783635e-05,0.008116576062413918,0
path,0.6,1.9999082129453107,4.589352734463873e-05,0.008027186815686097,0
path,0.6,1.999909891574294,4.505421285291966e-05,0.00793878197029206,0
path,0.6,1.999911539504011,4.423024799450978e-05,0.00785135075035583,0
path,0.6,1.9999131572958986,4.342135205074535e-05,0.007764882324958629,0
path,0.6,1.9999147455011264,4.262724943682876e-05,0.007679366230181233,0
path,0.6,1.9999163046607842,4.1847669607939586e-05,0.0075947918326283335,0
path,0.6,1.9999178353060658,4.108234696706129e-05,0.007511148882442346,0
path,0.6,1.999919337958451,4.0331020774494976e-05,0.0074284270536207125,0
path,0.6,1.999920813129882,3.959343505902666e-05,0.007346616191811975,0
path,0.6,1.9999222613229386,3.886933853072045e-05,0.007265706374227156,0
path,0.6,1.9999236830310094,3.815848449530531e-05,0.007185687510481942,0
path,0.6,1.9999250787384597,3.746063077012877e-05,0.007106549949438616,0
path,0.6,1.9999264489207966,3.677553960164654e-05,0.007028283905656387,0
path,0.6,1.9999277940448312,3.610297758442221e-05,0.006950879717448431,0
path,0.6,1.9999291145688367,3.544271558160717e-05,0.006874328102802693,0
path,0.6,1.9999304109427063,3.479452864687606e-05,0.00679861945792447,0
path,0.6,1.9999316836081045,3.415819594778854e-05,0.0067237445733230195,0
path,0.6,1.9999329329986189,3.3533500690554025e-05,0.006649694328751882,0
path,0.6,1.9999341595399076,3.2920230046171e-05,0.006576459527487515,0
path,0.6,1.9999353636498443,3.231817507791839e-05,0.006504031330350387,0
path,0.6,1.9999365457386598,3.1727130670171796e-05,0.006432400726980265,0
path,0.6,1.9999377062090828,3.114689545852271e-05,0.006361558993475922,0
path,0.6,1.9999388454564777,3.0577271761174594e-05,0.006291497466610625,0
path,0.6,1.9999399638689768,3.0018065511594735e-05,0.006222207450868819,0
path,0.6,1.9999410618276152,2.946908619239669e-05,0.006153680621647386,0
path,0.6,1.9999421397064592,2.8930146770432948e-05,0.006085908417313858,0
path,0.6,1.9999431978727338,2.8401063633073638e-05,0.006018882559525106,0
path,0.6,1.9999442366869487,2.7881656525651575e-05,0.005952594952444515,0
path,0.6,1.9999452565030198,2.7371748490050358e-05,0.005887037284630385,0
path,0.6,1.999946257668391,2.687116580441653e-05,0.005822201626457298,0
path,0.6,1.999947240524152,2.6379737923973387e-05,0.0057580800226549565,0
path,0.6,1.999948205405154,2.58972974229181e-05,0.005694664543483185,0
path,0.6,1.9999491526401252,2.5423679937380556e-05,0.005631947534657143,0
path,0.6,1.999950082551781,2.4958724109426233e-05,0.005569921173675525,0
path,0.6,1.9999509954569359,2.450227153208236e-05,0.005508577923432599,0
path,0.6,1.9999518916666092,2.4054166695370242e-05,0.0054479102779681305,0
path,0.6,1.9999527714861334,2.3614256933323783e-05,0.005387910696523195,0
path,0.6,1.999953635215256,2.318239237197772e-05,0.00532857198743101,0
path,0.6,1.9999544831482434,2.2758425878306282e-05,0.00526988673619174,0
path,0.6,1.9999553155739798,2.2342213010096487e-05,0.005211847738809649,0
path,0.6,1.9999561327760664,2.193361196673735e-05,0.005154448043015677,0
path,0.6,1.9999569350329183,2.1532483540909868e-05,0.0050976804222939015,0
path,0.6,1.9999577226178578,2.113869107115975e-05,0.0050415379731732265,0
path,0.6,1.9999584957992094,2.0752100395338236e-05,0.004986013886502911,0
path,0.6,1.9999592548403902,2.0372579804893734e-05,0.004931101244921686,0
path,0.6,1.99996,2e-05,0.00487679337960305,0
path,1.0,1.6,0.2,1.3217504433004645,0
path,1.0,1.6073153190899125,0.1963423404550437,1.2632225558685062,0
path,1.0,1.6144968534463568,0.1927515732768216,1.2169659932280765,0
path,1.0,1.6215470497643696,0.1892264751178152,1.1788426818137268,0
path,1.0,1.6284683099931003,0.1857658450034498,1.146187417121143,0
path,1.0,1.6352629921541375,0.18236850392293127,1.117289777799108,0
path,1.0,1.6419334111448682,0.17903329442756588,1.0910490980099437,0
path,1.0,1.6484818395271477,0.17575908023642622,1.0667513205528447,0
path,1.0,1.6549105083015423,0.17254474584922885,1.0439271907911607,0
path,1.0,1.6612216076674169,0.16938919616629156,1.0222629736748832,0
path,1.0,1.6674172877691178,0.16629135611544113,1.0015444319490714,0
path,1.0,1.6734996594285112,0.16325017028574443,0.9816216452800927,0
path,1.0,1.6794707948641248,0.1602646025679376,0.9623868267686334,0
path,1.0,1.6853327283971367,0.15733363580143167,0.9437602401771004,0
path,1.0,1.6910874571444543,0.15445627142777288,0.9256811778282725,0
path,1.0,1.6967369416991156,0.15163152915044223,0.9081021147153915,0
path,1.0,1.7022831067982496,0.1488584466008752,0.890984869250424,0
path,1.0,1.70772784197882,0.14613607901059,0.8742980423803379,0
path,1.0,1.7130730022213754,0.14346349888931229,0.85801527931005,0
path,1.0,1.7183204085820285,0.14083979570898578,0.842114066776777,0
path,1.0,1.7234718488128749,0.13826407559356257,0.8265748836754913,0
path,1.0,1.7285290779710683,0.13573546101446593,0.8113805883148048,0
path,1.0,1.733493819016754,0.133253090491623,0.7965159667574264,0
path,1.0,1.7383677634000698,0.13081611829996506,0.7819673927764921,0
path,1.0,1.7431525716374097,0.12842371418129517,0.7677225665939984,0
path,1.0,1.7478498738771489,0.12607506306142552,0.7537703103150616,0
path,1.0,1.7524612704550246,0.12376936477248768,0.7401004049560833,0
path,1.0,1.7569883324393571,0.12150583378032144,0.726703458577734,0
path,1.0,1.7614326021663016,0.11928369891684922,0.7135707981125151,0
path,1.0,1.7657955937653105,0.11710220311734477,0.700694379555737,0
path,1.0,1.770078793674986,0.11496060316250703,0.6880667126236553,0
path,1.0,1.7742836611494985,0.11285816942525075,0.6756807969715678,0
path,1.0,1.7784116287557439,0.11079418562212802,0.6635300677813831,0
path,1.0,1.782464102861408,0.10876794856929593,0.6516083490220944,0
path,1.0,1.786442464114106,0.10677876794294702,0.6399098130695013,0
path,1.0,1.7903480679117578,0.10482596604412114,0.6284289456401276,0
path,1.0,1.794182244864363,0.1029088775678185,0.6171605152007762,0
path,1.0,1.7979463012473296,0.10102684937633524,0.6060995461810261,0
path,1.0,1.8016415194465116,0.09917924027674424,0.5952412954260212,0
path,1.0,1.8052691583951088,0.09736542080244559,0.584581231438246,0
path,1.0,1.8088304540025761,0.09558477299871192,0.5741150160202931,0
path,1.0,1.8123266195756882,0.09383669021215589,0.5638384880034111,0
path,1.0,1.815758846231904,0.09212057688404798,0.5537476487748494,0
path,1.0,1.8191283033051722,0.09043584834741396,0.5438386494073874,0
path,1.0,1.8224361387443133,0.08878193062784334,0.5341077791454915,0
path,1.0,1.825683479504119,0.08715826024794052,0.5245514551268459,0
path,1.0,1.8288714319292954,0.08556428403535227,0.5151662131562474,0
path,1.0,1.832001082131388,0.08399945893430605,0.5059486994367018,0
path,1.0,1.83507349635881,0.08246325182059497,0.4968956631095037,0
path,1.0,1.8380897213601073,0.08095513931994637,0.4880039495659554,0
path,1.0,1.8410507847405757,0.07947460762971209,0.47927049437234787,0
path,1.0,1.8439576953123604,0.0780211523438198,0.4706923178044148,0
path,1.0,1.8468114434381488,0.07659427828092555,0.4622665198944926,0
path,1.0,1.8496130013685814,0.07519349931570929,0.45399027592313984,0
path,1.0,1.8523633235734889,0.07381833821325551,0.44586083233860513,0
path,1.0,1.855063347067074,0.07246832646646294,0.4378755030320237,0
path,1.0,1.8577139917271448,0.07114300413642766,0.43003166595276227,0
path,1.0,1.8603161606085092,0.06984191969574537,0.4223267600066836,0
path,1.0,1.8628707402506413,0.06856462987467936,0.41475828222202266,0
path,1.0,1.8653786009797164,0.06731069951014182,0.40732378515256445,0
path,1.0,1.8678405972051257,0.0660797013974371,0.40002087449337265,0
path,1.0,1.8702575677105677,0.06487121614471617,0.3928472068867245,0
path,1.0,1.872630335939814,0.06368483203009301,0.3858004879022775,0
path,1.0,1.874959710277252,0.06252014486137401,0.3788784701709458,0
path,1.0,1.8772464843232943,0.061376757838352856,0.37207895165919586,0
path,1.0,1.8794914371647535,0.06025428141762329,0.36539977407227064,0
path,1.0,1.8816953336402698,0.059152333179865076,0.3588388213709375,0
path,1.0,1.8838589246008874,0.058070537699556286,0.35239401838699447,0
path,1.0,1.8859829471658627,0.0570085264170687,0.34606332953994706,0
path,1.0,1.8880681249737954,0.055965937513102325,0.3398447576302572,0
path,1.0,1.8901151684291675,0.05494241578541624,0.3337363427130755,0
path,1.0,1.8921247749443724,0.05393761252781386,0.3277361610638224,0
path,1.0,1.8940976291773173,0.05295118541134134,0.3218423241682428,0
path,1.0,1.8960344032646828,0.051982798367658664,0.3160529777942348,0
path,1.0,1.8979357570509126,0.05103212147454368,0.31036630110073343,0
path,1.0,1.8998023383130198,0.05009883084349005,0.304780505842994,0
path,1.0,1.9016347829812783,0.04918260850936088,0.2992938355561881,0
path,1.0,1.9034337153558794,0.04828314232206036,0.2939045647959774,0
path,1.0,1.9051997483196268,0.04740012584018657,0.2886109984711425,0
path,1.0,1.9069334835467417,0.04653325822662917,0.28341147114450294,0
path,1.0,1.908635511707847,0.045682244146076474,0.2783043463613603,0
path,1.0,1.9103064126712062,0.04484679366439691,0.273288016095428,0
path,1.0,1.9119467557002787,0.04402662214986061,0.26836090010678304,0
path,1.0,1.913557099647665,0.043221450176167533,0.2635214453815919,0
path,1.0,1.915137993145502,0.04243100342724901,0.2587681256345991,0
path,1.0,1.9166899747923793,0.04165501260381029,0.25409944070545376,0
path,1.0,1.9182135733368353,0.04089321333158232,0.24951391614691426,0
path,1.0,1.9197093078574972,0.04014534607125137,0.24501010265631734,0
path,1.0,1.921177687939928,0.03941115603003597,0.2405865756645261,0
path,1.0,1.9226192138502383,0.03869039307488089,0.236241934847386,0
path,1.0,1.9240343767055226,0.03798281164723868,0.23197480369785228,0
path,1.0,1.9254236586411806,0.03728817067940971,0.22778382910045508,0
path,1.0,1.9267875329751756,0.036606233512412226,0.2236676809051672,0
path,1.0,1.9281264643692912,0.03593676781535439,0.2196250515384656,0
path,1.0,1.9294409089874383,0.035279545506280874,0.2156546555965077,0
path,1.0,1.9307313146510658,0.034634342674467064,0.21175522947052192,0
path,1.0,1.9319981209917314,0.03400093950413433,0.20792553097658728,0
path,1.0,1.933241759600879,0.033379120199560464,0.20416433897116046,0
path,1.0,1.9344626541768806,0.03276867291155967,0.20047045303845756,0
path,1.0,1.9356612206693857,0.03216938966530711,0.19684269307282143,0
path,1.0,1.936837867421033,0.03158106628948349,0.19327989903300793,0
path,1.0,1.9379929953065693,0.03100350234671538,0.1897809305021981,0
path,1.0,1.9391269978694246,0.030436501065287714,0.18634466646178705,0
path,1.0,1.9402402614557896,0.02987986927210513,0.1829700049035501,1
path,1.0,1.9413331653462413,0.029333417326879344,0.17965586253231947,1
path,1.0,1.9424060818849598,0.028796959057520135,0.17640117449964857,1
path,1.0,1.9434593766065842,0.02827031169670789,0.17320489402214673,1
path,1.0,1.9444934083607477,0.027753295819626145,0.17006599217260568,1
path,1.0,1.9455085294343342,0.027245735282832913,0.16698345753588043,1
path,1.0,1.9465050856715003,0.026747457164249904,0.16395629591271374,1
path,1.0,1.9474834165915014,0.026258291704249283,0.16098353010735592,1
path,1.0,1.9484438555043644,0.025778072247817835,0.158064199577164,1
path,1.0,1.9493867296244423,0.025306635187778835,0.15519736018438424,1
path,1.0,1.9503123601818952,0.024843819909052326,0.15238208397294903,1
path,1.0,1.9512210625321305,0.024389468733934744,0.14961745884097352,1
path,1.0,1.9521131462632413,0.023943426868379317,0.14690258830631633,1
path,1.0,1.952988915301482,0.023505542349258907,0.1442365912927025,1
path,1.0,1.9538486680148135,0.023075665992593218,0.14161860182042893,1
path,1.0,1.9546926973145538,0.02265365134272308,0.13904776877392516,1
path,1.0,1.955521290755172,0.02223935462241398,0.13652325570684398,1
path,1.0,1.9563347306322554,0.0218326346838723,0.13404424055100878,1
path,1.0,1.9571332940786854,0.02143335296065727,0.13160991538322964,1
path,1.0,1.9579172531590552,0.02104137342047246,0.1292194862317061,1
path,1.0,1.958686874962359,0.020656562518820573,0.12687217283167782,1
path,1.0,1.9594424216929882,0.02027878915350584,0.12456720838163213,1
path,1.0,1.960184150760063,0.01990792461996847,0.12230383932973056,1
path,1.0,1.960912314865128,0.019543842567435996,0.12008132519405984,1
path,1.0,1.961627162088247,0.019186418955876486,0.11789893830637059,1
path,1.0,1.962328935972522,0.01883553201373904,0.1157559636087069,1
path,1.0,1.9630178756070658,0.018491062196467144,0.11365169844455937,1
path,1.0,1.9636942157084585,0.018152892145770715,0.11158545238796663,1
path,1.0,1.964358186700714,0.017820906649643028,0.10955654700259508,1
path,1.0,1.9650100147937823,0.017494992603108835,0.10756431565283016,1
path,1.0,1.9656499220606194,0.017175038969690342,0.1056081033036019,1
path,1.0,1.9662781265128442,0.016860936743577935,0.10368726636067378,1
path,1.0,1.9668948421750145,0.01655257891249269,0.10180117245009423,1
path,1.0,1.9675002791575438,0.016249860421228095,0.09994920023235707,1
path,1.0,1.968094643728283,0.015952678135858548,0.09813073921967717,1
path,1.0,1.9686781383827952,0.01566093080860237,0.09634518960956313,1
path,1.0,1.9692509619133451,0.015374519043327458,0.09459196210608802,1
path,1.0,1.9698133094766244,0.015093345261687775,0.09287047772753243,1
path,1.0,1.9703653726602417,0.014817313669879121,0.0911801676403009,1
path,1.0,1.9709073395479941,0.01454633022600291,0.08952047298332017,1
path,1.0,1.9714393947839464,0.014280302608026794,0.08789084471939348,1
path,1.0,1.9719617196353376,0.014019140182331238,0.08629074346236318,1
path,1.0,1.9724744920543373,0.013762753972831328,0.08471963930477737,1
path,1.0,1.9729778867386734,0.01351105663066328,0.08317701166075651,1
path,1.0,1.9734720751911494,0.01326396240442534,0.08166234911211384,1
path,1.0,1.9739572257780742,0.013021387110962911,0.0801751492488253,1
path,1.0,1.974433503786624,0.012783248106688,0.07871491853381851,1
path,1.0,1.9749010714811537,0.012549464259423151,0.07728117213488879,1
path,1.0,1.9753600881584794,0.012319955920760326,0.07587343377746487,1
path,1.0,1.9758107102021494,0.012094644898925287,0.07449123560242277,1
path,1.0,1.9762530911357234,0.011873454432138242,0.07313411802118651,1
path,1.0,1.9766873816750767,0.011656309162461681,0.07180162957582675,1
path,1.0,1.977113729779747,0.011443135110126493,0.07049332681021726,1
path,1.0,1.9775322807033449,0.01123385964832761,0.06920877412117993,1
path,1.0,1.977943177043039,0.011028411478480594,0.06794754362446151,1
path,1.0,1.9783465587881386,0.010826720605930753,0.06670921502278822,1
path,1.0,1.978742563367787,0.010628718316106473,0.06549337548154123,1
path,1.0,1.9791313256977827,0.010434337151108688,0.06429961948777185,1
path,1.0,1.979512978226543,0.010243510886728473,0.0631275487418377,1
path,1.0,1.9798876509802301,0.010056174509884951,0.06197677202642266,1
path,1.0,1.9802554716070484,0.009872264196475826,0.06084690508083254,1
path,1.0,1.980616565420734,0.009691717289632983,0.05973757048115208,1
path,1.0,1.9809710554432485,0.00951447227837577,0.05864839752231455,1
path,1.0,1.9813190624466908,0.009340468776654662,0.057579022103393405,1
path,1.0,1.9816607049944437,0.009169647502778194,0.05652908661479887,1
path,1.0,1.9819960994815677,0.009001950259216095,0.05549823981660458,1
path,1.0,1.9823253601744562,0.008837319912771884,0.0544861367446653,1
path,1.0,1.982648599249764,0.00867570037511798,0.05349243859110116,1
path,1.0,1.9829659268326263,0.00851703658368683,0.05251681259739082,1
path,1.0,1.983277451034177,0.008361274482911516,0.05155893194920511,1
path,1.0,1.983583277988381,0.00820836100580942,0.05061847567296247,1
path,1.0,1.9838835118881946,0.008058244055902697,0.04969512853406852,1
path,1.0,1.9841782550210612,0.007910872489469404,0.048788580939236784,1
path,1.0,1.9844676078037615,0.007766196098119211,0.04789852883338602,1
path,1.0,1.9847516688166245,0.007624165591687777,0.04702467360532426,1
path,1.0,1.985030534837112,0.0074847325814439624,0.0461667219962083,1
path,1.0,1.9853043008727917,0.0073478495636041495,0.045324386001540644,1
path,1.0,1.9855730601937038,0.0072134699031480565,0.044497382779127514,1
path,1.0,1.9858369043641388,0.007081547817930541,0.043685434558559035,1
path,1.0,1.986095923273832,0.006952038363083956,0.0428882685522057,1
path,1.0,1.9863502051685884,0.00682489741570578,0.04210561686769742,1
path,1.0,1.9865998366803475,0.006700081659826267,0.04133721642186965,1
path,1.0,1.986844902856698,0.006577548571651021,0.04058280885932357,1
path,1.0,1.9870854871898531,0.0064572564050734615,0.039842140460335164,1
path,1.0,1.9873216716450954,0.006339164177452231,0.03911496206851431,1
path,1.0,1.9875535366887025,0.00622323165564872,0.038401029007900746,1
path,1.0,1.9877811613153602,0.006109419342319937,0.03770010100243599,1
path,1.0,1.9880046230750759,0.005997688462462057,0.037011942098269746,1
path,1.0,1.9882239980996,0.005888000950200068,0.03633632058738053,1
path,1.0,1.988439361128362,0.005780319435819018,0.03567300893250212,1
path,1.0,1.9886507855339353,0.005674607233032424,0.035021783693315704,1
path,1.0,1.988858343347033,0.005570828326483533,0.03438242545390957,1
path,1.0,1.9890621052810498,0.005468947359475161,0.03375471875146773,1
path,1.0,1.9892621407561522,0.005368929621923925,0.033138452006182324,1
path,1.0,1.9894585179229305,0.005270741038534787,0.032533417455732815,1
path,1.0,1.9896513036856163,0.005174348157191843,0.03193941107707688,1
path,1.0,1.989840563724877,0.005079718137561449,0.03135623253205932,1
path,1.0,1.9900263625201924,0.004986818739903757,0.03078368509694785,1
path,1.0,1.9902087633718222,0.004895618314088881,0.030221575598054624,1
path,1.0,1.9903878284223722,0.004806085788813935,0.029669714348576758,1
path,1.0,1.9905636186779654,0.004718190661017268,0.02912791508652498,1
path,1.0,1.9907361940290274,0.004631902985486305,0.028595994913720994,1
path,1.0,1.990905613270689,0.004547193364655431,0.028073774235856237,1
path,1.0,1.9910719341228191,0.0044640329385904655,0.02756107670357995,1
path,1.0,1.9912352132496873,0.004382393375156295,0.027057729154618074,1
path,1.0,1.9913955062792714,0.004302246860364331,0.02656356155688368,1
path,1.0,1.991552867822207,0.004223566088896485,0.02607840695259041,1
path,1.0,1.9917073514903951,0.0041463242548024585,0.025602101403322728,1
path,1.0,1.9918590099152658,0.004070495042367152,0.025134483936075907,1
path,1.0,1.9920078947657098,0.003996052617145098,0.02467539649226155,1
path,1.0,1.9921540567656824,0.0039229716171588595,0.024224683869443223,1
path,1.0,1.9922975457114833,0.003851227144258394,0.023782193676644303,1
path,1.0,1.9924384104887232,0.0037807947556384395,0.023347776281932145,1
path,1.0,1.992576699088978,0.003711650455511034,0.02292128476269351,1
path,1.0,1.9927124586261393,0.003643770686930331,0.022502574857087388,1
path,1.0,1.9928457353524662,0.003577132323766924,0.022091504916348533,1
path,1.0,1.9929765746743422,0.003511712662828938,0.02168793585792811,1
path,1.0,1.9931050211677455,0.00344748941612724,0.02129173111945509,1
path,1.0,1.993231118593436,0.003384440703282075,0.020902756613506462,1
path,1.0,1.9933549099118628,0.0033225450440685866,0.02052088068317811,1
path,1.0,1.9934764372978027,0.0032617813510986654,0.02014597405842767,1
path,1.0,1.9935957421547268,0.0032021289226366358,0.01977790981319546,1
path,1.0,1.9937128651289073,0.003143567435546326,0.0194165633232768,1
path,1.0,1.9938278461232657,0.0030860769383671293,0.019061812224936293,1
path,1.0,1.9939407243109666,0.0030296378445166918,0.01871353637425589,1
path,1.0,1.9940515381487642,0.002974230925617908,0.01837161780719922,1
path,1.0,1.9941603253901041,0.0029198373049479577,0.018035940700382308,1
path,1.0,1.9942671230979856,0.002866438451007148,0.017706391332536757,1
path,1.0,1.9943719676575893,0.0028140161712053705,0.017382858046736397,1
path,1.0,1.994474894788672,0.002762552605664019,0.017065231213241806,1
path,1.0,1.9945759395577374,0.002712030221131267,0.016753403192663167,1
path,1.0,1.9946751363899828,0.0026624318050086156,0.016447268300425852,1
path,1.0,1.9947725190810266,0.002613740459486693,0.0161467227713838,1
path,1.0,1.9948681208084234,0.002565939595788295,0.015851664725201966,1
path,1.0,1.9949619741429665,0.0025190129285167155,0.01556199413236192,1
path,1.0,1.995054111059785,0.0024729444701074303,0.015277612780767037,1
path,1.0,1.9951445629492375,0.0024277185253812556,0.014998424242942728,1
path,1.0,1.9952333606276058,0.002383319686197118,0.0147243338438216,1
path,1.0,1.9953205343475948,0.0023397328262026143,0.014455248629099852,1
path,1.0,1.9954061138086387,0.002296943095680578,0.014191077334159407,1
path,1.0,1.9954901281670203,0.0022549359164898927,0.013931730353541128,1
path,1.0,1.9955726060458023,0.0022136969770988244,0.01367711971097469,1
path,1.0,1.9956535755445817,0.002173212227709194,0.01342715903004857,1
path,1.0,1.9957330642490605,0.0021334678754697145,0.013181763504883731,1
path,1.0,1.9958110992404463,0.002094450379776869,0.01294084987221034,1
path,1.0,1.9958877071046766,0.0020561464476617297,0.012704336383273234,1
path,1.0,1.9959629139414776,0.002018543029261142,0.01247214277643125,1
path,1.0,1.9960367453732566,0.0019816273133717336,0.012244190250251016,1
path,1.0,1.9961092265538296,0.001945386723085234,0.012020401437085052,1
path,1.0,1.9961803821769928,0.001909808911503616,0.011800700377115479,1
path,1.0,1.9962502364849348,0.0018748817575325984,0.011585012492868089,1
path,1.0,1.9963188132764957,0.0018405933617520822,0.01137326456418238,1
path,1.0,1.9963861359152757,0.0018069320423621052,0.011165384703627023,1
path,1.0,1.9964522273375942,0.001773886331202941,0.010961302332360305,1
path,1.0,1.996517110060304,0.0017414449698479847,0.010760948156421958,1
path,1.0,1.9965808061884638,0.0017095969057680813,0.010564254143447449,1
path,1.0,1.996643337422868,0.0016783312885660325,0.010371153499803342,1
path,1.0,1.9967047250674401,0.0016476374662799205,0.010181580648136245,1
path,1.0,1.9967649900364919,0.0016175049817540917,0.009995471205315142,1
path,1.0,1.9968241528618471,0.0015879235690764552,0.009812761960892246,1
path,1.0,1.996882233699838,0.0015588831500809904,0.009633390855490007,1
path,1.0,1.9969392523381717,0.0015303738309141637,0.009457296960283735,1
path,1.0,1.9969952282026715,0.0015023858986641938,0.009284420456372044,1
path,1.0,1.9970501803638963,0.0014749098180519096,0.009114702614623663,1
path,1.0,1.9971041275436356,0.0014479362281821756,0.008948085775907416,1
path,1.0,1.9971570881212906,0.0014214559393546827,0.00878451333166504,1
path,1.0,1.9972090801401339,0.0013954599299331079,0.008623929704844737,1
path,1.0,1.997260121313457,0.0013699393432714882,0.008466280331174879,1
path,1.0,1.9973102290306064,0.00134488548469685,0.008311511640771463,1
path,1.0,1.9973594203629061,0.0013202898185469768,0.0081595710400822,1
path,1.0,1.9974077120694753,0.0012961439652623944,0.008010406894153133,1
path,1.0,1.997455120602937,0.0012724396985314965,0.007863968509217053,1
path,1.0,1.9975016621150241,0.0012491689424879238,0.007720206115592533,1
path,1.0,1.9975473524620817,0.001226323768959154,0.007579070850896562,1
path,1.0,1.997592207210469,0.001203896394765455,0.007440514743556868,1
path,1.0,1.9976362416418636,0.001181879179068193,0.007304490696621124,1
path,1.0,1.9976794707584666,0.0011602646207666757,0.007170952471861804,1
path,1.0,1.9977219092881149,0.001139045355942564,0.007039854674164954,1
path,1.0,1.9977635716892979,0.0011182141553510588,0.006911152736203402,1
path,1.0,1.9978044721560841,0.0010977639219579346,0.006784802903384478,1
path,1.0,1.9978446246229566,0.0010776876885216448,0.006660762219073194,1
path,1.0,1.9978840427695608,0.0010579786152196302,0.006538988510078064,1
path,1.0,1.9979227400253639,0.0010386299873180425,0.006419440372405124,1
path,1.0,1.9979607295742319,0.001019635212884085,0.006302077157262276,1
path,1.0,1.9979980243589197,0.0010009878205401908,0.0061868589573253275,1
path,1.0,1.9980346370854813,0.0009826814572592726,0.006073746593250247,1
path,1.0,1.9980705802275993,0.0009647098862002936,0.005962701600421014,1
path,1.0,1.998105866030833,0.0009470669845834234,0.005853686215941702,1
path,1.0,1.9981405065167919,0.0009297467416040515,0.00574666336587431,1
path,1.0,1.9981745134872302,0.0009127432563849518,0.005641596652694913,1
path,1.0,1.9982078985280682,0.000896050735965898,0.0055384503429831075,1
path,1.0,1.99824067301334,0.0008796634933300449,0.0054371893553302915,1
path,1.0,1.9982728481090672,0.0008635759454664044,0.0053377792484726174,1
path,1.0,1.9983044347770644,0.0008477826114677558,0.005240186209634469,1
path,1.0,1.9983354437786733,0.0008322781106633415,0.0051443770430843,1
path,1.0,1.9983658856784285,0.0008170571607857124,0.005050319158900912,1
path,1.0,1.9983957708476578,0.0008021145761710993,0.004957980561937917,1
path,1.0,1.9984251094680145,0.000787445265992696,0.004867329840994324,1
path,1.0,1.9984539115349476,0.0007730442325262525,0.00477833615817495,1
path,1.0,1.9984821868611051,0.0007589065694473877,0.00469096923845255,1
path,1.0,1.99850994507968,0.000745027460160042,0.004605199359407739,1
path,1.0,1.998537195647689,0.000731402176155498,0.004520997341168537,1
path,1.0,1.9985639478491972,0.0007180260754014138,0.0044383345365189494,1
path,1.0,1.9985902107984794,0.0007048946007603169,0.004357182821199289,1
path,1.0,1.998615993443126,0.0006920032784370219,0.004277514584372872,1
path,1.0,1.9986413045670912,0.000679347716454442,0.004199302719272864,1
path,1.0,1.9986661527936855,0.0006669236031572726,0.004122520614012951,1
path,1.0,1.9986905465885139,0.0006547267057430496,0.004047142142570675,1
path,1.0,1.9987144942623598,0.0006427528688200552,0.003973141655929055,1
path,1.0,1.9987380039740168,0.0006309980129916178,0.0039004939733840874,1
path,1.0,1.9987610837330674,0.0006194581334662815,0.003829174374008091,1
path,1.0,1.9987837414026133,0.0006081292986934138,0.00375915858826458,1
path,1.0,1.9988059847019526,0.000597007649023746,0.0036904227897836812,1
path,1.0,1.9988278212092112,0.0005860893953944289,0.0036229435872779624,1
path,1.0,1.9988492583639237,0.0005753708180381183,0.003556698016612479,1
path,1.0,1.9988703034695687,0.0005648482652156873,0.003491663533012838,1
path,1.0,1.998890963696056,0.0005545181519720963,0.0034278180034230513,1
path,1.0,1.9989112460821699,0.000544376958915036,0.0033651396989925145,1
path,1.0,1.9989311575379682,0.0005344212310158865,0.0033036072877054073,1
path,1.0,1.9989507048471347,0.0005246475764326248,0.0032431998271463714,1
path,1.0,1.9989698946692915,0.0005150526653542398,0.0031838967573920613,1
path,1.0,1.9989887335422674,0.0005056332288663002,0.003125677894032141,1
path,1.0,1.9990072278843254,0.0004963860578372506,0.0030685234213232108,1
path,1.0,1.9990253839963499,0.0004873080018250933,0.0030124138854625187,1
path,1.0,1.999043208063992,0.00047839596800404753,0.002957330187987339,1
path,1.0,1.9990607061597783,0.00046964692011085534,0.002903253579288534,1
path,1.0,1.9990778842451793,0.0004610578774103413,0.0028501656522482983,1
path,1.0,1.9990947481726402,0.000452625913679906,0.002798048335990788,1
path,1.0,1.999111303687575,0.0004443481562125765,0.0027468838897472684,1
path,1.0,1.9991275564303235,0.00043622178483830403,0.0026966548968333746,1
path,1.0,1.9991435119380736,0.00042824403096314593,0.0026473442587340644,1
path,1.0,1.999159175646748,0.0004204121766260317,0.002598935189296866,1
path,1.0,1.9991745528928544,0.0004127235535727718,0.0025514112090359027,1
path,1.0,1.999189648915306,0.0004051755423470035,0.002504756139529882,1
path,1.0,1.9992044688572044,0.000397765571397762,0.00245895409793234,1
path,1.0,1.9992190177675933,0.00039049111620337225,0.0024139894915723584,1
path,1.0,1.9992333006031773,0.00038334969841136304,0.002369847012663084,1
path,1.0,1.9992473222300118,0.0003763388849941112,0.0023265116330984524,1
path,1.0,1.9992610874251602,0.0003694562874199269,0.0022839685993497594,1
path,1.0,1.9992746008783213,0.0003626995608392991,0.0022422034274537615,1
path,1.0,1.999287867193428,0.00035606640328602284,0.0022012018980896828,1
path,1.0,1.9993008908902141,0.0003495545548929362,0.002160950051752186,1
path,1.0,1.999313676405756,0.00034316179712200103,0.002121434184004506,1
path,1.0,1.9993262280959831,0.0003368859520084631,0.0020826408408232493,1
path,1.0,1.9993385502371623,0.00033072488141883615,0.002044556814028263,1
path,1.0,1.999350647027355,0.0003246764863224557,0.0020071691367911774,1
path,1.0,1.9993625225878473,0.00031873870607635493,0.0019704650792299635,1
path,1.0,1.9993741809645535,0.0003129095177232192,0.0019344321440850514,1
path,1.0,1.9993856261293956,0.00030718693530217944,0.001899058062468194,1
path,1.0,1.9993968619816556,0.00030156900917221026,0.001864330789694499,1
path,1.0,1.9994078923493042,0.00029605382534790174,0.001830238501188159,1
path,1.0,1.9994187209903052,0.0002906395048473791,0.0017967695884632514,1
path,1.0,1.9994293515938957,0.0002853242030521474,0.001763912655176784,1
path,1.0,1.9994397877818426,0.000280106109078644,0.001731656513256238,1
path,1.0,1.9994500331096774,0.00027498344516128383,0.0016999901790943654,1
path,1.0,1.9994600910679063,0.0002699544660467884,0.0016689028698166357,1
path,1.0,1.9994699650832009,0.0002650174583995908,0.0016383839996137396,1
path,1.0,1.9994796585195638,0.0002601707402181141,0.0016084231761445994,1
path,1.0,1.9994891746794765,0.00025541266026172897,0.0015790101970003594,1
path,1.0,1.9994985168050237,0.00025074159748818395,0.0015501350462365077,1
path,1.0,1.9995076880789973,0.0002461559605013332,0.0015217878909683869,1
path,1.0,1.9995166916259821,0.00024165418700895522,0.0014939590780244756,1
path,1.0,1.999525530513419,0.00023723474329049587,0.0014666391306678078,1
path,1.0,1.999534207752651,0.00023289612367453712,0.001439818745368783,1
path,1.0,1.9995427262999483,0.00022863685002583008,0.0014134887886460175,1
path,1.0,1.9995510890575166,0.00022445547124170145,0.001387640293955466,1
path,1.0,1.9995592988744846,0.0002203505627576775,0.0013622644586439902,1
path,1.0,1.9995673585478757,0.0002163207260621419,0.001337352640954072,1
path,1.0,1.9995752708235603,0.00021236458821987696,0.0013128963570852874,1
path,1.0,1.9995830383971913,0.0002084808014043112,0.0012888872783094678,1
path,1.0,1.9995906639151233,0.00020466804243832849,0.001265317228133831,1
path,1.0,1.999598149975313,0.0002009250123434681,0.0012421781795248236,1
path,1.0,1.9996054991282053,0.0001972504358973757,0.0012194622521744408,0
path,1.0,1.9996127138776014,0.00019364306119934154,0.0011971617098206827,0
path,1.0,1.9996197966815124,0.00019010165924379026,0.0011752689576160068,0
path,1.0,1.999626749952997,0.00018662502350156503,0.0011537765395409718,0
path,1.0,1.9996335760609822,0.00018321196950887422,0.0011326771358727904,0
path,1.0,1.9996402773310724,0.00017986133446375247,0.0011119635606901292,0
path,1.0,1.9996468560463403,0.00017657197682990303,0.0010916287594299105,0
path,1.0,1.9996533144481043,0.0001733427759477847,0.0010716658064905402,0
path,1.0,1.9996596547366943,0.00017017263165281166,0.0010520679028688197,0
path,1.0,1.9996658790721988,0.0001670604639005356,0.0010328283738525168,0
path,1.0,1.9996719895752026,0.00016400521239868263,0.0010139406667463654,0
path,1.0,1.9996779883275082,0.00016100583624591963,0.0009953983486440693,0
path,1.0,1.9996838773728456,0.00015806131357722699,0.000977195104237783,0
path,1.0,1.9996896587175685,0.00015517064121575673,0.0009593247336697309,0
path,1.0,1.999695334331338,0.00015233283433105786,0.0009417811504230387,0
path,1.0,1.9997009061477928,0.00014954692610355178,0.0009245583792501977,0
path,1.0,1.9997063760652096,0.00014681196739514424,0.0009076505541388557,0
path,1.0,1.9997117459471483,0.00014412702642586106,0.000891051916316718,0
path,1.0,1.9997170176230872,0.0001414911884563976,0.0008747568122921246,0
path,1.0,1.999722192889047,0.00013890355547647394,0.0008587596919286002,0
path,1.0,1.9997272735082021,0.0001363632458988896,0.0008430551065563603,0
path,1.0,1.9997322612114816,0.00013386939425917324,0.0008276377071185361,0
path,1.0,1.9997371576981586,0.00013142115092072543,0.0008125022423506623,0
path,1.0,1.9997419646364294,0.00012901768178535388,0.0007976435569933577,0
path,1.0,1.999746683663982,0.0001266581680091023,0.0007830565900370613,0
path,1.0,1.9997513163885534,0.00012434180572327654,0.0007687363730003585,0
path,1.0,1.999755864388479,0.00012206780576057244,0.0007546780282366601,0
path,1.0,1.9997603292132275,0.00011983539338621239,0.0007408767672790909,0
path,1.0,1.999764712383932,0.00011764380803399914,0.0007273278892040918,0
path,1.0,1.9997690153939056,0.00011549230304719641,0.0007140267790358861,0
path,1.0,1.9997732397091517,0.00011338014542414869,0.0007009689061746198,0
path,1.0,1.9997773867688629,0.00011130661556855294,0.0006881498228527324,0
path,1.0,1.9997814579859114,0.00010927100704429754,0.0006755651626223233,0
path,1.0,1.9997854547473304,0.00010727262633478482,0.000663210638869406,0
path,1.0,1.9997893784147867,0.00010531079260665512,0.0006510820433516079,0
path,1.0,1.9997932303250443,0.00010338483747783198,0.0006391752447694486,0
path,1.0,1.9997970117904205,0.00010149410478980933,0.0006274861873571628,0
path,1.0,1.9998007240992317,9.963795038410332e-05,0.0006160108895048888,0
path,1.0,1.9998043685162343,9.781574188279181e-05,0.0006047454423985619,0
path,1.0,1.9998079462830538,9.602685847306911e-05,0.0005936860086939011,0
path,1.0,1.9998114586186084,9.427069069573816e-05,0.000582828821208117,0
path,1.0,1.9998149067195248,9.254664023757389e-05,0.0005721701816366866,0
path,1.0,1.999818291760545,9.085411972748087e-05,0.0005617064592955344,0
path,1.0,1.9998216148949273,8.919255253638192e-05,0.0005514340898838748,0
path,1.0,1.9998248772548384,8.756137258076334e-05,0.0005413495742727902,0
path,1.0,1.9998280799517403,8.596002412981598e-05,0.0005314494773100443,0
path,1.0,1.9998312240767677,8.438796161610049e-05,0.0005217304266544737,0
path,1.0,1.9998343107011007,8.284464944967796e-05,0.0005121891116254103,0
path,1.0,1.9998373408763288,8.132956183563709e-05,0.0005028222820775818,0
path,1.0,1.9998403156348101,7.984218259496108e-05,0.0004936267472918066,0
path,1.0,1.9998432359900227,7.838200498866806e-05,0.0004845993748904356,0
path,1.0,1.9998461029369097,7.694853154517013e-05,0.00047573708977001635,0
path,1.0,1.9998489174522185,7.55412738907873e-05,0.0004670368730551141,0
path,1.0,1.9998516804948332,7.415975258336346e-05,0.00045849576107024996,0
path,1.0,1.9998543930061021,7.280349694892277e-05,0.0004501108443287972,0
path,1.0,1.9998570559101574,7.147204492131578e-05,0.0004418792665456749,0
path,1.0,1.9998596701142304,7.016494288479578e-05,0.00043379822366240587,0
path,1.0,1.999862236508961,6.888174551947648e-05,0.0004258649628921425,0
path,1.0,1.9998647559687008,6.762201564961364e-05,0.00041807678178459374,0
path,1.0,1.9998672293518107,6.638532409466381e-05,0.00041043102730302204,0
path,1.0,1.9998696575009538,6.517124952306447e-05,0.00040292509492286817,0
path,1.0,1.9998720412433826,6.397937830869076e-05,0.00039555642774310366,0
path,1.0,1.99987438139122,6.280930438993498e-05,0.0003883225156174374,0
path,1.0,1.9998766787417372,6.166062913136555e-05,0.0003812208942982962,0
path,1.0,1.9998789340776242,6.053296118791379e-05,0.000374249144598061,0
path,1.0,1.999881148167257,5.942591637154669e-05,0.00036740489156539686,0
path,1.0,1.9998833217649592,5.833911752037587e-05,0.0003606858036761389,0
path,1.0,1.9998854556112597,5.727219437016232e-05,0.0003540895920384943,0
path,1.0,1.9998875504331437,5.622478342816923e-05,0.00034761400961671465,0
path,1.0,1.9998896069443013,5.5196527849323615e-05,0.00034125685046211204,0
path,1.0,1.9998916258453707,5.4187077314640985e-05,0.000335015948962997,0
path,1.0,1.9998936078241762,5.319608791187518e-05,0.00032888917910909297,0
path,1.0,1.9998955535559633,5.222322201834925e-05,0.00032287445376549833,0
path,1.0,1.9998974637036282,5.126814818593031e-05,0.0003169697239614088,0
path,1.0,1.9998993389179438,5.0330541028107786e-05,0.0003111729781953134,0
path,1.0,1.9999011798377817,4.9410081109136514e-05,0.00030548224174639096,0
path,1.0,1.9999029870903295,4.8506454835207115e-05,0.0002998955760040725,0
path,1.0,1.9999047612913048,4.761935434760717e-05,0.00029441107780730255,0
path,1.0,1.9999065030451644,4.674847741783635e-05,0.00028902687879663367,0
path,1.0,1.9999082129453107,4.589352734463873e-05,0.0002837411447779924,0
path,1.0,1.999909891574294,4.505421285291966e-05,0.0002785520750971068,0
path,1.0,1.999911539504011,4.423024799450978e-05,0.0002734579020264475,0
path,1.0,1.9999131572958986,4.342135205074535e-05,0.0002684568901650718,0
path,1.0,1.9999147455011264,4.262724943682876e-05,0.00026354733584519377,0
path,1.0,1.9999163046607842,4.1847669607939586e-05,0.0002587275665525938,0
path,1.0,1.9999178353060658,4.108234696706129e-05,0.00025399594035820593,0
path,1.0,1.999919337958451,4.0331020774494976e-05,0.00024935084535657024,0
path,1.0,1.999920813129882,3.959343505902666e-05,0.0002447906991193745,0
path,1.0,1.9999222613229386,3.886933853072045e-05,0.00024031394815535347,0
path,1.0,1.9999236830310094,3.815848449530531e-05,0.0002359190673805343,0
path,1.0,1.9999250787384597,3.746063077012877e-05,0.00023160455959997457,0
path,1.0,1.9999264489207966,3.677553960164654e-05,0.00022736895499678457,0
path,1.0,1.9999277940448312,3.610297758442221e-05,0.00022321081063187768,0
path,1.0,1.9999291145688367,3.544271558160717e-05,0.0002191287099546871,0
path,1.0,1.9999304109427063,3.479452864687606e-05,0.00021512126231512405,0
path,1.0,1.9999316836081045,3.415819594778854e-05,0.00021118710249672063,0
path,1.0,1.9999329329986189,3.3533500690554025e-05,0.0002073248902470662,0
path,1.0,1.9999341595399076,3.2920230046171e-05,0.0002035333098218489,0
path,1.0,1.9999353636498443,3.231817507791839e-05,0.00019981106953833965,0
path,1.0,1.9999365457386598,3.1727130670171796e-05,0.000196156901335117,0
path,1.0,1.9999377062090828,3.114689545852271e-05,0.00019256956033928682,0
path,1.0,1.9999388454564777,3.0577271761174594e-05,0.00018904782444068393,0
path,1.0,1.9999399638689768,3.0018065511594735e-05,0.0001855904938812853,0
path,1.0,1.9999410618276152,2.946908619239669e-05,0.00018219639083993797,0
path,1.0,1.9999421397064592,2.8930146770432948e-05,0.00017886435903611032,0
path,1.0,1.9999431978727338,2.8401063633073638e-05,0.00017559326333377307,0
path,1.0,1.9999442366869487,2.7881656525651575e-05,0.00017238198935394216,0
path,1.0,1.9999452565030198,2.7371748490050358e-05,0.00016922944309776764,0
path,1.0,1.999946257668391,2.687116580441653e-05,0.00016613455057151095,0
path,1.0,1.999947240524152,2.6379737923973387e-05,0.00016309625742163967,0
path,1.0,1.999948205405154,2.58972974229181e-05,0.00016011352857703677,0
path,1.0,1.9999491526401252,2.5423679937380556e-05,0.00015718534789274028,0
path,1.0,1.999950082551781,2.4958724109426233e-05,0.00015431071780799092,0
path,1.0,1.9999509954569359,2.450227153208236e-05,0.00015148865900352433,0
path,1.0,1.9999518916666092,2.4054166695370242e-05,0.00014871821007038445,0
path,1.0,1.9999527714861334,2.3614256933323783e-05,0.000145998427179325,0
path,1.0,1.999953635215256,2.318239237197772e-05,0.00014332838376219785,0
path,1.0,1.9999544831482434,2.2758425878306282e-05,0.0001407071701950468,0
path,1.0,1.9999553155739798,2.2342213010096487e-05,0.00013813389348859152,0
path,1.0,1.9999561327760664,2.193361196673735e-05,0.00013560767698328423,0
path,1.0,1.9999569350329183,2.1532483540909868e-05,0.00013312766005115607,0
path,1.0,1.9999577226178578,2.113869107115975e-05,0.0001306929978046118,0
path,1.0,1.9999584957992094,2.0752100395338236e-05,0.0001283028608049454,0
path,1.0,1.9999592548403902,2.0372579804893734e-05,0.00012595643478242863,0
path,1.0,1.99996,2e-05,0.00012365292035740867,0
path,1.4,1.6,0.2,1.3217504433004645,0
path,1.4,1.6073153190899125,0.1963423404550437,1.2444262681252936,0
path,1.4,1.6144968534463568,0.1927515732768216,1.187074433122371,0
path,1.4,1.6215470497643696,0.1892264751178152,1.1412020066699746,0
path,1.4,1.6284683099931003,0.1857658450034498,1.102176548016734,0
path,1.4,1.6352629921541375,0.18236850392293127,1.0674668284198148,0
path,1.4,1.6419334111448682,0.17903329442756588,1.0356667280876533,0
path,1.4,1.6484818395271477,0.17575908023642622,1.0059720626055142,0
path,1.4,1.6549105083015423,0.17254474584922885,0.9779040704220608,0
path,1.4,1.6612216076674169,0.16938919616629156,0.9511634090731277,0
path,1.4,1.6674172877691178,0.16629135611544113,0.9255524445194634,0
path,1.4,1.6734996594285112,0.16325017028574443,0.9009332649042628,0
path,1.4,1.6794707948641248,0.1602646025679376,0.8772045093206302,0
path,1.4,1.6853327283971367,0.15733363580143167,0.854288228247211,0
path,1.4,1.6910874571444543,0.15445627142777288,0.8321221849033017,0
path,1.4,1.6967369416991156,0.15163152915044223,0.8106551725838136,0
path,1.4,1.7022831067982496,0.1488584466008752,0.7898440484740836,0
path,1.4,1.70772784197882,0.14613607901059,0.769651774829306,0
path,1.4,1.7130730022213754,0.14346349888931229,0.7500460720098846,0
path,1.4,1.7183204085820285,0.14083979570898578,0.7309984570877451,0
path,1.4,1.7234718488128749,0.13826407559356257,0.712483534755893,0
path,1.4,1.7285290779710683,0.13573546101446593,0.6944784595192425,0
path,1.4,1.733493819016754,0.133253090491623,0.6769625182436051,0
path,1.4,1.7383677634000698,0.13081611829996506,0.6599167999323938,0
path,1.4,1.7431525716374097,0.12842371418129517,0.6433239304493115,0
path,1.4,1.7478498738771489,0.12607506306142552,0.627167856718782,0
path,1.4,1.7524612704550246,0.12376936477248768,0.6114336693531558,0
path,1.4,1.7569883324393571,0.12150583378032144,0.5961074556009636,0
path,1.4,1.7614326021663016,0.11928369891684922,0.581176176540594,0
path,1.4,1.7657955937653105,0.11710220311734477,0.5666275638751552,0
path,1.4,1.770078793674986,0.11496060316250703,0.5524500327138012,0
path,1.4,1.7742836611494985,0.11285816942525075,0.5386326075022052,0
path,1.4,1.7784116287557439,0.11079418562212802,0.5251648588286594,0
path,1.4,1.782464102861408,0.10876794856929593,0.5120368492798557,0
path,1.4,1.786442464114106,0.10677876794294702,0.49923908687525215,0
path,1.4,1.7903480679117578,0.10482596604412114,0.4867624848420165,0
path,1.4,1.794182244864363,0.1029088775678185,0.47459832675871416,0
path,1.4,1.7979463012473296,0.10102684937633524,0.4627382362383205,0
path,1.4,1.8016415194465116,0.09917924027674424,0.4511741504394598,0
path,1.4,1.8052691583951088,0.09736542080244559,0.4398982968740107,0
path,1.4,1.8088304540025761,0.09558477299871192,0.42890317299184033,0
path,1.4,1.8123266195756882,0.09383669021215589,0.4181815281625676,0
path,1.4,1.815758846231904,0.09212057688404798,0.40772634772996513,0
path,1.4,1.8191283033051722,0.09043584834741396,0.397530838804844,0
path,1.4,1.8224361387443133,0.08878193062784334,0.3875884175849351,0
path,1.4,1.825683479504119,0.08715826024794052,0.3778926980109722,0
path,1.4,1.8288714319292954,0.08556428403535227,0.36843748156116896,0
path,1.4,1.832001082131388,0.08399945893430605,0.35921674799022124,0
path,1.4,1.83507349635881,0.08246325182059497,0.35022464702460177,0
path,1.4,1.8380897213601073,0.08095513931994637,0.34145549070245296,0
path,1.4,1.8410507847405757,0.07947460762971209,0.33290374647218046,0
path,1.4,1.8439576953123604,0.0780211523438198,0.32456403078520446,0
path,1.4,1.8468114434381488,0.07659427828092555,0.31643110328464186,0
path,1.4,1.8496130013685814,0.07519349931570929,0.3084998613310619,0
path,1.4,1.8523633235734889,0.07381833821325551,0.30076533505801856,0
path,1.4,1.855063347067074,0.07246832646646294,0.2932226826834164,0
path,1.4,1.8577139917271448,0.07114300413642766,0.28586718614533707,0
path,1.4,1.8603161606085092,0.06984191969574537,0.27869424704872503,0
path,1.4,1.8628707402506413,0.06856462987467936,0.2716993828415092,0
path,1.4,1.8653786009797164,0.06731069951014182,0.2648782232425045,0
path,1.4,1.8678405972051257,0.0660797013974371,0.25822650681959997,0
path,1.4,1.8702575677105677,0.06487121614471617,0.2517400777818769,0
path,1.4,1.872630335939814,0.06368483203009301,0.24541488293001118,0
path,1.4,1.874959710277252,0.06252014486137401,0.23924696875822196,0
path,1.4,1.8772464843232943,0.061376757838352856,0.23323247868746014,0
path,1.4,1.8794914371647535,0.06025428141762329,0.22736765042275645,0
path,1.4,1.8816953336402698,0.059152333179865076,0.22164881342353795,0
path,1.4,1.8838589246008874,0.058070537699556286,0.2160723864777433,0
path,1.4,1.8859829471658627,0.0570085264170687,0.21063487537242864,0
path,1.4,1.8880681249737954,0.055965937513102325,0.2053328706460101,0
path,1.4,1.8901151684291675,0.05494241578541624,0.20016304543581745,0
path,1.4,1.8921247749443724,0.05393761252781386,0.19512215338790878,0
path,1.4,1.8940976291773173,0.05295118541134134,0.19020702664255829,0
path,1.4,1.8960344032646828,0.051982798367658664,0.1854145738826614,0
path,1.4,1.8979357570509126,0.05103212147454368,0.1807417784405485,0
path,1.4,1.8998023383130198,0.05009883084349005,0.17618569652236518,0
path,1.4,1.9016347829812783,0.04918260850936088,0.17174345537659674,0
path,1.4,1.9034337153558794,0.04828314232206036,0.16741225160431303,0
path,1.4,1.9051997483196268,0.04740012584018657,0.16318934945304764,0
path,1.4,1.9069334835467417,0.04653325822662917,0.15907207922643177,0
path,1.4,1.908635511707847,0.045682244146076474,0.15505783567193226,0
path,1.4,1.9103064126712062,0.04484679366439691,0.15114407646713038,0
path,1.4,1.9119467557002787,0.04402662214986061,0.14732832076440536,0
path,1.4,1.913557099647665,0.043221450176167533,0.14360814765977115,0
path,1.4,1.915137993145502,0.04243100342724901,0.13998119479484095,0
path,1.4,1.9166899747923793,0.04165501260381029,0.13644515690379885,0
path,1.4,1.9182135733368353,0.04089321333158232,0.13299778461098935,0
path,1.4,1.9197093078574972,0.04014534607125137,0.1296368830558201,0
path,1.4,1.921177687939928,0.03941115603003597,0.12636031052245686,0
path,1.4,1.9226192138502383,0.03869039307488089,0.12316597724480927,0
path,1.4,1.9240343767055226,0.03798281164723868,0.12005184415139655,0
path,1.4,1.9254236586411806,0.03728817067940971,0.11701592178939263,0
path,1.4,1.9267875329751756,0.036606233512412226,0.11405626903230003,0
path,1.4,1.9281264643692912,0.03593676781535439,0.11117099193470177,0
path,1.4,1.9294409089874383,0.035279545506280874,0.10835824259332617,0
path,1.4,1.9307313146510658,0.034634342674467064,0.10561621828020502,0
path,1.4,1.9319981209917314,0.03400093950413433,0.10294316016175377,0
path,1.4,1.933241759600879,0.033379120199560464,0.10033735216233604,0
path,1.4,1.9344626541768806,0.03276867291155967,0.09779712030792087,0
path,1.4,1.9356612206693857,0.03216938966530711,0.09532083145379723,0
path,1.4,1.936837867421033,0.03158106628948349,0.09290689236870606,0
path,1.4,1.9379929953065693,0.03100350234671538,0.09055374875345748,0
path,1.4,1.9391269978694246,0.030436501065287714,0.08825988450990722,0
path,1.4,1.9402402614557896,0.02987986927210513,0.08602382065107934,1
path,1.4,1.9413331653462413,0.029333417326879344,0.08384411433242456,1
path,1.4,1.9424060818849598,0.028796959057520135,0.08171935828424479,1
path,1.4,1.9434593766065842,0.02827031169670789,0.0796481798001868,1
path,1.4,1.9444934083607477,0.027753295819626145,0.07762923971953305,1
path,1.4,1.9455085294343342,0.027245735282832913,0.07566123204752477,1
path,1.4,1.9465050856715003,0.026747457164249904,0.0737428828566821,1
path,1.4,1.9474834165915014,0.026258291704249283,0.07187294950571181,1
path,1.4,1.9484438555043644,0.025778072247817835,0.07005022009331738,1
path,1.4,1.9493867296244423,0.025306635187778835,0.0682735126237778,1
path,1.4,1.9503123601818952,0.024843819909052326,0.06654167413081682,1
path,1.4,1.9512210625321305,0.024389468733934744,0.06485358025204879,1
path,1.4,1.9521131462632413,0.023943426868379317,0.06320813444086817,1
path,1.4,1.952988915301482,0.023505542349258907,0.06160426704958344,1
path,1.4,1.9538486680148135,0.023075665992593218,0.060040935171287016,1
path,1.4,1.9546926973145538,0.02265365134272308,0.058517121555626,1
path,1.4,1.955521290755172,0.02223935462241398,0.05703183415064986,1
path,1.4,1.9563347306322554,0.0218326346838723,0.055584105611712536,1
path,1.4,1.9571332940786854,0.02143335296065727,0.05417299243679673,1
path,1.4,1.9579172531590552,0.02104137342047246,0.05279757463072003,1
path,1.4,1.958686874962359,0.020656562518820573,0.05145695508959375,1
path,1.4,1.9594424216929882,0.02027878915350584,0.050150258798618556,1
path,1.4,1.960184150760063,0.01990792461996847,0.04887663273981335,1
path,1.4,1.960912314865128,0.019543842567435996,0.04763524494743991,1
path,1.4,1.961627162088247,0.019186418955876486,0.046425284187373086,1
path,1.4,1.962328935972522,0.01883553201373904,0.04524595952431862,1
path,1.4,1.9630178756070658,0.018491062196467144,0.044096499504128715,1
path,1.4,1.9636942157084585,0.018152892145770715,0.04297615215187242,1
path,1.4,1.964358186700714,0.017820906649643028,0.041884184056555245,1
path,1.4,1.9650100147937823,0.017494992603108835,0.04081988017117967,1
path,1.4,1.9656499220606194,0.017175038969690342,0.03978254335759584,1
path,1.4,1.9662781265128442,0.016860936743577935,0.038771493669188015,1
path,1.4,1.9668948421750145,0.01655257891249269,0.03778606845673315,1
path,1.4,1.9675002791575438,0.016249860421228095,0.036825621299514034,1
path,1.4,1.968094643728283,0.015952678135858548,0.03588952222969149,1
path,1.4,1.9686781383827952,0.01566093080860237,0.034977156798100824,1
path,1.4,1.9692509619133451,0.015374519043327458,0.034087926098923346,1
path,1.4,1.9698133094766244,0.015093345261687775,0.0332212461234626,1
path,1.4,1.9703653726602417,0.014817313669879121,0.03237654748892719,1
path,1.4,1.9709073395479941,0.01454633022600291,0.03155327517458013,1
path,1.4,1.9714393947839464,0.014280302608026794,0.03075088785211801,1
path,1.4,1.9719617196353376,0.014019140182331238,0.029968858065343454,1
path,1.4,1.9724744920543373,0.013762753972831328,0.029206671247335097,1
path,1.4,1.9729778867386734,0.01351105663066328,0.028463826080027343,1
path,1.4,1.9734720751911494,0.01326396240442534,0.027739833487271288,1
path,1.4,1.9739572257780742,0.013021387110962911,0.02703421699385202,1
path,1.4,1.974433503786624,0.012783248106688,0.026346511803388924,1
path,1.4,1.9749010714811537,0.012549464259423151,0.025676265012979992,1
path,1.4,1.9753600881584794,0.012319955920760326,0.025023034947417158,1
path,1.4,1.9758107102021494,0.012094644898925287,0.02438639113357497,1
path,1.4,1.9762530911357234,0.011873454432138242,0.02376591385462327,1
path,1.4,1.9766873816750767,0.011656309162461681,0.023161193992341574,1
path,1.4,1.977113729779747,0.011443135110126493,0.022571832684562067,1
path,1.4,1.9775322807033449,0.01123385964832761,0.0219974411489125,1
path,1.4,1.977943177043039,0.011028411478480594,0.02143764031840629,1
path,1.4,1.9783465587881386,0.010826720605930753,0.020892060776146713,1
path,1.4,1.978742563367787,0.010628718316106473,0.02036034227795229,1
path,1.4,1.9791313256977827,0.010434337151108688,0.01984213378191066,1
path,1.4,1.979512978226543,0.010243510886728473,0.019337092974760915,1
path,1.4,1.9798876509802301,0.010056174509884951,0.01884488628760359,1
path,1.4,1.9802554716070484,0.009872264196475826,0.018365188423110787,1
path,1.4,1.980616565420734,0.009691717289632983,0.017897682459207257,1
path,1.4,1.9809710554432485,0.00951447227837577,0.01744205924069551,1
path,1.4,1.9813190624466908,0.009340468776654662,0.016998017690143162,1
path,1.4,1.9816607049944437,0.009169647502778194,0.01656526402161715,1
path,1.4,1.9819960994815677,0.009001950259216095,0.01614351216657167,1
path,1.4,1.9823253601744562,0.008837319912771884,0.015732482975738836,1
path,1.4,1.982648599249764,0.00867570037511798,0.015331904655735865,1
path,1.4,1.9829659268326263,0.00851703658368683,0.014941511971891676,1
path,1.4,1.983277451034177,0.008361274482911516,0.014561046659245557,1
path,1.4,1.983583277988381,0.00820836100580942,0.014190256790529869,1
path,1.4,1.9838835118881946,0.008058244055902697,0.013828896878544161,1
path,1.4,1.9841782550210612,0.007910872489469404,0.013476727670045284,1
path,1.4,1.9844676078037615,0.007766196098119211,0.01313351583923565,1
path,1.4,1.9847516688166245,0.007624165591687777,0.012799034150746763,1
path,1.4,1.985030534837112,0.0074847325814439624,0.012473060868138323,1
path,1.4,1.9853043008727917,0.0073478495636041495,0.012155380149895825,1
path,1.4,1.9855730601937038,0.0072134699031480565,0.011845781321022547,1
path,1.4,1.9858369043641388,0.007081547817930541,0.01154405928394715,1
path,1.4,1.986095923273832,0.006952038363083956,0.01125001399427075,1
path,1.4,1.9863502051685884,0.00682489741570578,0.010963450446008952,1
path,1.4,1.9865998366803475,0.006700081659826267,0.010684178744150542,1
path,1.4,1.986844902856698,0.006577548571651021,0.010412013533673603,1
path,1.4,1.9870854871898531,0.0064572564050734615,0.010146774423114341,1
path,1.4,1.9873216716450954,0.006339164177452231,0.00988828540063787,1
path,1.4,1.9875535366887025,0.00622323165564872,0.009636374987132143,1
path,1.4,1.9877811613153602,0.006109419342319937,0.009390876082899954,1
path,1.4,1.9880046230750759,0.005997688462462057,0.009151625659832843,1
path,1.4,1.9882239980996,0.005888000950200068,0.008918465075933803,1
path,1.4,1.988439361128362,0.005780319435819018,0.00869123947391311,1
path,1.4,1.9886507855339353,0.005674607233032424,0.008469798047707968,1
path,1.4,1.988858343347033,0.005570828326483533,0.008253993811286248,1
path,1.4,1.9890621052810498,0.005468947359475161,0.008043683379332155,1
path,1.4,1.9892621407561522,0.005368929621923925,0.007838727223174894,1
path,1.4,1.9894585179229305,0.005270741038534787,0.007638989134002332,1
path,1.4,1.9896513036856163,0.005174348157191843,0.007444336471791965,1
path,1.4,1.989840563724877,0.005079718137561449,0.007254639997961975,1
path,1.4,1.9900263625201924,0.004986818739903757,0.00706977357056871,1
path,1.4,1.9902087633718222,0.004895618314088881,0.006889614483870119,1
path,1.4,1.9903878284223722,0.004806085788813935,0.006714042987428543,1
path,1.4,1.9905636186779654,0.004718190661017268,0.006542942367541788,1
path,1.4,1.9907361940290274,0.004631902985486305,0.006376199020639643,1
path,1.4,1.990905613270689,0.004547193364655431,0.0062137020104463415,1
path,1.4,1.9910719341228191,0.0044640329385904655,0.006055343379464422,1
path,1.4,1.9912352132496873,0.004382393375156295,0.005901017907854844,1
path,1.4,1.9913955062792714,0.004302246860364331,0.0057506228811069395,1
path,1.4,1.991552867822207,0.004223566088896485,0.005604058406944457,1
path,1.4,1.9917073514903951,0.0041463242548024585,0.0054612270231135145,1
path,1.4,1.9918590099152658,0.004070495042367152,0.005322033661016746,1
path,1.4,1.9920078947657098,0.003996052617145098,0.005186385872367291,1
path,1.4,1.9921540567656824,0.0039229716171588595,0.005054193396407926,1
path,1.4,1.9922975457114833,0.003851227144258394,0.004925368238396062,1
path,1.4,1.9924384104887232,0.0037807947556384395,0.004799824827872634,1
path,1.4,1.992576699088978,0.003711650455511034,0.004677479590199039,1
path,1.4,1.9927124586261393,0.003643770686930331,0.004558251088695552,1
path,1.4,1.9928457353524662,0.003577132323766924,0.004442060090217538,1
path,1.4,1.9929765746743422,0.003511712662828938,0.004328829234833823,1
path,1.4,1.9931050211677455,0.00344748941612724,0.004218483141637418,1
path,1.4,1.993231118593436,0.003384440703282075,0.004110948469831714,1
path,1.4,1.9933549099118628,0.0033225450440685866,0.004006153598446896,1
path,1.4,1.9934764372978027,0.0032617813510986654,0.0039040287555309424,1
path,1.4,1.9935957421547268,0.0032021289226366358,0.003804506046633846,1
path,1.4,1.9937128651289073,0.003143567435546326,0.0037075191805391425,1
path,1.4,1.9938278461232657,0.0030860769383671293,0.003613003559050721,1
path,1.4,1.9939407243109666,0.0030296378445166918,0.0035208963534760517,1
path,1.4,1.9940515381487642,0.002974230925617908,0.003431136195048434,1
path,1.4,1.9941603253901041,0.0029198373049479577,0.0033436632784976635,1
path,1.4,1.9942671230979856,0.002866438451007148,0.0032584194525629787,1
path,1.4,1.9943719676575893,0.0028140161712053705,0.003175347925511556,1
path,1.4,1.994474894788672,0.002762552605664019,0.0030943933095946064,1
path,1.4,1.9945759395577374,0.002712030221131267,0.0030155017980885808,1
path,1.4,1.9946751363899828,0.0026624318050086156,0.0029386208349489076,1
path,1.4,1.9947725190810266,0.002613740459486693,0.002863699135226619,1
path,1.4,1.9948681208084234,0.002565939595788295,0.002790686879941113,1
path,1.4,1.9949619741429665,0.0025190129285167155,0.002719535453254683,1
path,1.4,1.995054111059785,0.0024729444701074303,0.002650197380309685,1
path,1.4,1.9951445629492375,0.0024277185253812556,0.0025826265100942296,1
path,1.4,1.9952333606276058,0.002383319686197118,0.0025167778801312222,1
path,1.4,1.9953205343475948,0.0023397328262026143,0.00245260758254272,1
path,1.4,1.9954061138086387,0.002296943095680578,0.0023900728176208005,1
path,1.4,1.9954901281670203,0.0022549359164898927,0.0023291320072339515,1
path,1.4,1.9955726060458023,0.0022136969770988244,0.002269744538650457,1
path,1.4,1.9956535755445817,0.002173212227709194,0.0022118707569978983,1
path,1.4,1.9957330642490605,0.0021334678754697145,0.0021554721682998106,1
path,1.4,1.9958110992404463,0.002094450379776869,0.002100511216676584,1
path,1.4,1.9958877071046766,0.0020561464476617297,0.0020469512413619933,1
path,1.4,1.9959629139414776,0.002018543029261142,0.0019947565041013313,1
path,1.4,1.9960367453732566,0.0019816273133717336,0.0019438923010612725,1
path,1.4,1.9961092265538296,0.001945386723085234,0.0018943247279825924,1
path,1.4,1.9961803821769928,0.001909808911503616,0.0018460206734270184,1
path,1.4,1.9962502364849348,0.0018748817575325984,0.0017989479835648617,1
path,1.4,1.9963188132764957,0.0018405933617520822,0.0017530753295070998,1
path,1.4,1.9963861359152757,0.0018069320423621052,0.0017083721083692846,1
path,1.4,1.9964522273375942,0.001773886331202941,0.0016648084579755926,1
path,1.4,1.996517110060304,0.0017414449698479847,0.0016223554051162804,1
path,1.4,1.9965808061884638,0.0017095969057680813,0.0015809846630546287,1
path,1.4,1.996643337422868,0.0016783312885660325,0.001540668632896351,1
path,1.4,1.9967047250674401,0.0016476374662799205,0.0015013803748218514,1
path,1.4,1.9967649900364919,0.0016175049817540917,0.0014630937780831103,1
path,1.4,1.9968241528618471,0.0015879235690764552,0.001425783315196517,1
path,1.4,1.996882233699838,0.0015588831500809904,0.001389424086556302,1
path,1.4,1.9969392523381717,0.0015303738309141637,0.0013539918040054995,1
path,1.4,1.9969952282026715,0.0015023858986641938,0.0013194629136703885,1
path,1.4,1.9970501803638963,0.0014749098180519096,0.0012858143848035672,1
path,1.4,1.9971041275436356,0.0014479362281821756,0.0012530237691672202,1
path,1.4,1.9971570881212906,0.0014214559393546827,0.0012210691441119415,1
path,1.4,1.9972090801401339,0.0013954599299331079,0.0011899292792710897,1
path,1.4,1.997260121313457,0.0013699393432714882,0.0011595834066150128,1
path,1.4,1.9973102290306064,0.00134488548469685,0.0011300112694154494,1
path,1.4,1.9973594203629061,0.0013202898185469768,0.0011011930962091046,1
path,1.4,1.9974077120694753,0.0012961439652623944,0.0010731097317842823,1
path,1.4,1.997455120602937,0.0012724396985314965,0.0010457424544516112,1
path,1.4,1.9975016621150241,0.0012491689424879238,0.0010190730017352037,1
path,1.4,1.9975473524620817,0.001226323768959154,0.0009930835188526285,1
path,1.4,1.997592207210469,0.001203896394765455,0.0009677567318513059,1
path,1.4,1.9976362416418636,0.001181879179068193,0.0009430757738036986,1
path,1.4,1.9976794707584666,0.0011602646207666757,0.0009190241651772558,1
path,1.4,1.9977219092881149,0.001139045355942564,0.0008955858216105996,1
path,1.4,1.9977635716892979,0.0011182141553510588,0.000872745116417102,1
path,1.4,1.9978044721560841,0.0010977639219579346,0.0008504868595819816,1
path,1.4,1.9978446246229566,0.0010776876885216448,0.0008287961928678789,1
path,1.4,1.9978840427695608,0.0010579786152196302,0.0008076586396214687,1
path,1.4,1.9979227400253639,0.0010386299873180425,0.0007870600499057301,1
path,1.4,1.9979607295742319,0.001019635212884085,0.0007669867395970013,1
path,1.4,1.9979980243589197,0.0010009878205401908,0.000747425328080724,1
path,1.4,1.9980346370854813,0.0009826814572592726,0.0007283627548325362,1
path,1.4,1.9980705802275993,0.0009647098862002936,0.0007097862547844815,1
path,1.4,1.998105866030833,0.0009470669845834234,0.0006916834592252858,1
path,1.4,1.9981405065167919,0.0009297467416040515,0.0006740423251128478,1
path,1.4,1.9981745134872302,0.0009127432563849518,0.0006568510726579074,1
path,1.4,1.9982078985280682,0.000896050735965898,0.0006400982277072855,1
path,1.4,1.99824067301334,0.0008796634933300449,0.0006237725622920427,1
path,1.4,1.9982728481090672,0.0008635759454664044,0.0006078632325196384,1
path,1.4,1.9983044347770644,0.0008477826114677558,0.0005923596410940502,1
path,1.4,1.9983354437786733,0.0008322781106633415,0.000577251429250831,1
path,1.4,1.9983658856784285,0.0008170571607857124,0.0005625285046023504,1
path,1.4,1.9983957708476578,0.0008021145761710993,0.0005481810112185862,1
path,1.4,1.9984251094680145,0.000787445265992696,0.0005341994228848697,1
path,1.4,1.9984539115349476,0.0007730442325262525,0.0005205744200368489,1
path,1.4,1.9984821868611051,0.0007589065694473877,0.0005072968991876187,1
path,1.4,1.99850994507968,0.000745027460160042,0.0004943579798515706,1
path,1.4,1.998537195647689,0.000731402176155498,0.00048174901010530685,1
path,1.4,1.9985639478491972,0.0007180260754014138,0.0004694616173770437,1
path,1.4,1.9985902107984794,0.0007048946007603169,0.00045748761074172945,1
path,1.4,1.998615993443126,0.0006920032784370219,0.0004458189865523834,1
path,1.4,1.9986413045670912,0.000679347716454442,0.00043444794784185597,1
path,1.4,1.9986661527936855,0.0006669236031572726,0.00042336687630521817,1
path,1.4,1.9986905465885139,0.0006547267057430496,0.00041256841848349394,1
path,1.4,1.9987144942623598,0.0006427528688200552,0.0004020453800603049,1
path,1.4,1.9987380039740168,0.0006309980129916178,0.00039179072473187373,1
path,1.4,1.9987610837330674,0.0006194581334662815,0.00038179761323115283,1
path,1.4,1.9987837414026133,0.0006081292986934138,0.00037205932769648914,1
path,1.4,1.9988059847019526,0.000597007649023746,0.00036256940633235695,1
path,1.4,1.9988278212092112,0.0005860893953944289,0.0003533215347274171,1
path,1.4,1.9988492583639237,0.0005753708180381183,0.0003443095364665558,1
path,1.4,1.9988703034695687,0.0005648482652156873,0.00033552739334076774,1
path,1.4,1.998890963696056,0.0005545181519720963,0.00032696921058508315,1
path,1.4,1.9989112460821699,0.000544376958915036,0.0003186292821202446,1
path,1.4,1.9989311575379682,0.0005344212310158865,0.00031050207047611826,1
path,1.4,1.9989507048471347,0.0005246475764326248,0.000302582158228455,1
path,1.4,1.9989698946692915,0.0005150526653542398,0.0002948642471289802,1
path,1.4,1.9989887335422674,0.0005056332288663002,0.00028734319201148166,1
path,1.4,1.9990072278843254,0.0004963860578372506,0.0002800139272150513,1
path,1.4,1.9990253839963499,0.0004873080018250933,0.00027287158907543556,1
path,1.4,1.999043208063992,0.00047839596800404753,0.0002659114303486431,1
path,1.4,1.9990607061597783,0.00046964692011085534,0.0002591288070863709,1
path,1.4,1.9990778842451793,0.0004610578774103413,0.00025251917785670396,1
path,1.4,1.9990947481726402,0.000452625913679906,0.0002460781425007909,1
path,1.4,1.999111303687575,0.0004443481562125765,0.00023980135351107438,1
path,1.4,1.9991275564303235,0.00043622178483830403,0.0002336846532464719,1
path,1.4,1.9991435119380736,0.00042824403096314593,0.00022772397569430146,1
path,1.4,1.999159175646748,0.0004204121766260317,0.00022191534333867373,1
path,1.4,1.9991745528928544,0.0004127235535727718,0.00021625486649102407,1
path,1.4,1.999189648915306,0.0004051755423470035,0.00021073877735956298,1
path,1.4,1.9992044688572044,0.000397765571397762,0.00020536334869042145,1
path,1.4,1.9992190177675933,0.00039049111620337225,0.0002001250178487518,1
path,1.4,1.9992333006031773,0.00038334969841136304,0.0001950203057804635,1
path,1.4,1.9992473222300118,0.0003763388849941112,0.00019004580889374174,1
path,1.4,1.9992610874251602,0.0003694562874199269,0.00018519819850956352,1
path,1.4,1.9992746008783213,0.0003626995608392991,0.00018047424201159752,1
path,1.4,1.999287867193428,0.00035606640328602284,0.00017587075603234156,1
path,1.4,1.9993008908902141,0.0003495545548929362,0.00017138467084322893,1
path,1.4,1.999313676405756,0.00034316179712200103,0.00016701301304009763,1
path,1.4,1.9993262280959831,0.0003368859520084631,0.00016275287322244358,1
path,1.4,1.9993385502371623,0.00033072488141883615,0.00015860140556873698,1
path,1.4,1.999350647027355,0.0003246764863224557,0.00015455582733319874,1
path,1.4,1.9993625225878473,0.00031873870607635493,0.00015061345181855402,1
path,1.4,1.9993741809645535,0.0003129095177232192,0.0001467716032026851,1
path,1.4,1.9993856261293956,0.00030718693530217944,0.00014302773864816333,1
path,1.4,1.9993968619816556,0.00030156900917221026,0.00013937937441179385,1
path,1.4,1.9994078923493042,0.00029605382534790174,0.00013582408038620387,1
path,1.4,1.9994187209903052,0.0002906395048473791,0.00013235947973028176,1
path,1.4,1.9994293515938957,0.0002853242030521474,0.00012898324843432465,1
path,1.4,1.9994397877818426,0.000280106109078644,0.00012569314947328904,1
path,1.4,1.9994500331096774,0.00027498344516128383,0.00012248694117309044,1
path,1.4,1.9994600910679063,0.0002699544660467884,0.000119362505470031,1
path,1.4,1.9994699650832009,0.0002650174583995908,0.00011631777045177012,1
path,1.4,1.9994796585195638,0.0002601707402181141,0.0001133507088710877,1
path,1.4,1.9994891746794765,0.00025541266026172897,0.00011045933784396237,1
path,1.4,1.9994985168050237,0.00025074159748818395,0.00010764171849325923,1
path,1.4,1.9995076880789973,0.0002461559605013332,0.00010489598097837087,1
path,1.4,1.9995166916259821,0.00024165418700895522,0.00010222025824508514,1
path,1.4,1.999525530513419,0.00023723474329049587,9.961277244428633e-05,1
path,1.4,1.999534207752651,0.00023289612367453712,9.707179785891497e-05,1
path,1.4,1.9995427262999483,0.00022863685002583008,9.459564570107785e-05,1
path,1.4,1.9995510890575166,0.00022445547124170145,9.218266388552233e-05,1
path,1.4,1.9995592988744846,0.0002203505627576775,8.983123675674961e-05,1
path,1.4,1.9995673585478757,0.0002163207260621419,8.75397882321646e-05,1
path,1.4,1.9995752708235603,0.00021236458821987696,8.530679924265467e-05,1
path,1.4,1.9995830383971913,0.0002084808014043112,8.313074287008526e-05,1
path,1.4,1.9995906639151233,0.00020466804243832849,8.101018445984882e-05,1
path,1.4,1.999598149975313,0.0002009250123434681,7.894371962704835e-05,1
path,1.4,1.9996054991282053,0.0001972504358973757,7.692997410748612e-05,0
path,1.4,1.9996127138776014,0.00019364306119934154,7.496760356702057e-05,0
path,1.4,1.9996197966815124,0.00019010165924379026,7.305529337380836e-05,0
path,1.4,1.999626749952997,0.00018662502350156503,7.119176003379868e-05,0
path,1.4,1.9996335760609822,0.00018321196950887422,6.937577487785453e-05,0
path,1.4,1.9996402773310724,0.00017986133446375247,6.760608670030698e-05,0
path,1.4,1.9996468560463403,0.00017657197682990303,6.588153033168655e-05,0
path,1.4,1.9996533144481043,0.0001733427759477847,6.420096506290236e-05,0
path,1.4,1.9996596547366943,0.00017017263165281166,6.256327453469674e-05,0
path,1.4,1.9996658790721988,0.0001670604639005356,6.0967366594296065e-05,0
path,1.4,1.9996719895752026,0.00016400521239868263,5.9412173119978984e-05,0
path,1.4,1.9996779883275082,0.00016100583624591963,5.78966498170773e-05,0
path,1.4,1.9996838773728456,0.00015806131357722699,5.641979399241238e-05,0
path,1.4,1.9996896587175685,0.00015517064121575673,5.4980599266351215e-05,0
path,1.4,1.999695334331338,0.00015233283433105786,5.357809981272611e-05,0
path,1.4,1.9997009061477928,0.00014954692610355178,5.221137121260692e-05,0
path,1.4,1.9997063760652096,0.00014681196739514424,5.0879508525262886e-05,0
path,1.4,1.9997117459471483,0.00014412702642586106,4.958162619531022e-05,0
path,1.4,1.9997170176230872,0.0001414911884563976,4.8316857931836484e-05,0
path,1.4,1.999722192889047,0.00013890355547647394,4.7084356563631335e-05,0
path,1.4,1.9997272735082021,0.0001363632458988896,4.5883293872247006e-05,0
path,1.4,1.9997322612114816,0.00013386939425917324,4.471287733575322e-05,0
path,1.4,1.9997371576981586,0.00013142115092072543,4.357230742966953e-05,0
path,1.4,1.9997419646364294,0.00012901768178535388,4.24608161347907e-05,0
path,1.4,1.999746683663982,0.0001266581680091023,4.137767196184609e-05,0
path,1.4,1.9997513163885534,0.00012434180572327654,4.032215874674078e-05,0
path,1.4,1.999755864388479,0.00012206780576057244,3.9293575584143036e-05,0
path,1.4,1.9997603292132275,0.00011983539338621239,3.829123674056687e-05,0
path,1.4,1.999764712383932,0.00011764380803399914,3.731447154567508e-05,0
path,1.4,1.9997690153939056,0.00011549230304719641,3.636262426735029e-05,0
path,1.4,1.9997732397091517,0.00011338014542414869,3.543505397005685e-05,0
path,1.4,1.9997773867688629,0.00011130661556855294,3.453116037716291e-05,0
path,1.4,1.9997814579859114,0.00010927100704429754,3.365030455005913e-05,0
path,1.4,1.9997854547473304,0.00010727262633478482,3.2791907325687224e-05,0
path,1.4,1.9997893784147867,0.00010531079260665512,3.1955403626351405e-05,0
path,1.4,1.9997932303250443,0.00010338483747783198,3.114024022133268e-05,0
path,1.4,1.9997970117904205,0.00010149410478980933,3.0345875675418894e-05,0
path,1.4,1.9998007240992317,9.963795038410332e-05,2.9571780280570542e-05,0
path,1.4,1.9998043685162343,9.781574188279181e-05,2.8817435971293428e-05,0
path,1.4,1.9998079462830538,9.602685847306911e-05,2.8082336227913136e-05,0
path,1.4,1.9998114586186084,9.427069069573816e-05,2.736598596637581e-05,0
path,1.4,1.9998149067195248,9.254664023757389e-05,2.6667920446392632e-05,0
path,1.4,1.999818291760545,9.085411972748087e-05,2.5987651055999958e-05,0
path,1.4,1.9998216148949273,8.919255253638192e-05,2.5324721862414024e-05,0
path,1.4,1.9998248772548384,8.756137258076334e-05,2.467869788927294e-05,0
path,1.4,1.9998280799517403,8.596002412981598e-05,2.4049153170502384e-05,0
path,1.4,1.9998312240767677,8.438796161610049e-05,2.343567072006248e-05,0
path,1.4,1.9998343107011007,8.284464944967796e-05,2.2837842489087908e-05,0
path,1.4,1.9998373408763288,8.132956183563709e-05,2.2255269309463127e-05,0
path,1.4,1.9998403156348101,7.984218259496108e-05,2.1687560827230848e-05,0
path,1.4,1.9998432359900227,7.838200498866806e-05,2.1134335424784232e-05,0
path,1.4,1.9998461029369097,7.694853154517013e-05,2.059522013494218e-05,0
path,1.4,1.9998489174522185,7.55412738907873e-05,2.0069868126016278e-05,0
path,1.4,1.9998516804948332,7.415975258336346e-05,1.9557908837209103e-05,0
path,1.4,1.9998543930061021,7.280349694892277e-05,1.9058996989937205e-05,0
path,1.4,1.9998570559101574,7.147204492131578e-05,1.857280605929752e-05,0
path,1.4,1.9998596701142304,7.016494288479578e-05,1.8099016220237695e-05,0
path,1.4,1.999862236508961,6.888174551947648e-05,1.7637314330688794e-05,0
path,1.4,1.9998647559687008,6.762201564961364e-05,1.7187393904944026e-05,0
path,1.4,1.9998672293518107,6.638532409466381e-05,1.6748955076152987e-05,0
path,1.4,1.9998696575009538,6.517124952306447e-05,1.6321704551178607e-05,0
path,1.4,1.9998720412433826,6.397937830869076e-05,1.5905355556774382e-05,0
path,1.4,1.99987438139122,6.280930438993498e-05,1.5499627778586726e-05,0
path,1.4,1.9998766787417372,6.166062913136555e-05,1.5104247294444189e-05,0
path,1.4,1.9998789340776242,6.053296118791379e-05,1.4718964918754011e-05,0
path,1.4,1.999881148167257,5.942591637154669e-05,1.4343501488392657e-05,0
path,1.4,1.9998833217649592,5.833911752037587e-05,1.3977605012222711e-05,0
path,1.4,1.9998854556112597,5.727219437016232e-05,1.3621036621086386e-05,0
path,1.4,1.9998875504331437,5.622478342816923e-05,1.3273562301209553e-05,0
path,1.4,1.9998896069443013,5.5196527849323615e-05,1.2934952885846663e-05,0
path,1.4,1.9998916258453707,5.4187077314640985e-05,1.2604984039352592e-05,0
path,1.4,1.9998936078241762,5.319608791187518e-05,1.2283436234709752e-05,0
path,1.4,1.9998955535559633,5.222322201834925e-05,1.1970094722240633e-05,0
path,1.4,1.9998974637036282,5.126814818593031e-05,1.1664749494376181e-05,0
path,1.4,1.9998993389179438,5.0330541028107786e-05,1.1367195243933034e-05,0
path,1.4,1.9999011798377817,4.9410081109136514e-05,1.1077231317660555e-05,0
path,1.4,1.9999029870903295,4.8506454835207115e-05,1.0794661665278706e-05,0
path,1.4,1.9999047612913048,4.761935434760717e-05,1.0519309414226773e-05,0
path,1.4,1.9999065030451644,4.674847741783635e-05,1.0250973805366885e-05,0
path,1.4,1.9999082129453107,4.589352734463873e-05,9.98947518076796e-06,0
path,1.4,1.999909891574294,4.505421285291966e-05,9.734642928815635e-06,0
path,1.4,1.999911539504011,4.423024799450978e-05,9.486309898218739e-06,0
path,1.4,1.9999131572958986,4.342135205074535e-05,9.244312392376612e-06,0
path,1.4,1.9999147455011264,4.262724943682876e-05,9.008490158806726e-06,0
path,1.4,1.9999163046607842,4.1847669607939586e-05,8.778686373303837e-06,0
path,1.4,1.9999178353060658,4.108234696706129e-05,8.554747618796916e-06,0
path,1.4,1.999919337958451,4.0331020774494976e-05,8.336523860415772e-06,0
path,1.4,1.999920813129882,3.959343505902666e-05,8.123868415949918e-06,0
path,1.4,1.9999222613229386,3.886933853072045e-05,7.916637923814459e-06,0
path,1.4,1.9999236830310094,3.815848449530531e-05,7.714692306332729e-06,0
path,1.4,1.9999250787384597,3.746063077012877e-05,7.517904352168715e-06,0
path,1.4,1.9999264489207966,3.677553960164654e-05,7.326135014470734e-06,0
path,1.4,1.9999277940448312,3.610297758442221e-05,7.139249463260784e-06,0
path,1.4,1.9999291145688367,3.544271558160717e-05,6.957126370836207e-06,0
path,1.4,1.9999304109427063,3.479452864687606e-05,6.779646825087992e-06,0
path,1.4,1.9999316836081045,3.415819594778854e-05,6.606694330341182e-06,0
path,1.4,1.9999329329986189,3.3533500690554025e-05,6.438154803823769e-06,0
path,1.4,1.9999341595399076,3.2920230046171e-05,6.273916566773058e-06,0
path,1.4,1.9999353636498443,3.231817507791839e-05,6.113870334055578e-06,0
path,1.4,1.9999365457386598,3.1727130670171796e-05,5.957909198465376e-06,0
path,1.4,1.9999377062090828,3.114689545852271e-05,5.8059286132705365e-06,0
path,1.4,1.9999388454564777,3.0577271761174594e-05,5.657826371043978e-06,0
path,1.4,1.9999399638689768,3.0018065511594735e-05,5.5135025811965825e-06,0
path,1.4,1.9999410618276152,2.946908619239669e-05,5.372859644468576e-06,0
path,1.4,1.9999421397064592,2.8930146770432948e-05,5.235803505981126e-06,0
path,1.4,1.9999431978727338,2.8401063633073638e-05,5.10225402124973e-06,0
path,1.4,1.9999442366869487,2.7881656525651575e-05,4.972102467519657e-06,0
path,1.4,1.9999452565030198,2.7371748490050358e-05,4.84526505428019e-06,0
path,1.4,1.999946257668391,2.687116580441653e-05,4.72165960835e-06,0
path,1.4,1.999947240524152,2.6379737923973387e-05,4.6012055793029025e-06,0
path,1.4,1.999948205405154,2.58972974229181e-05,4.483824041143805e-06,0
path,1.4,1.9999491526401252,2.5423679937380556e-05,4.369437690465513e-06,0
path,1.4,1.999950082551781,2.4958724109426233e-05,4.257970842517151e-06,0
path,1.4,1.9999509954569359,2.450227153208236e-05,4.149349423860597e-06,0
path,1.4,1.9999518916666092,2.4054166695370242e-05,4.043500964322116e-06,0
path,1.4,1.9999527714861334,2.3614256933323783e-05,3.940354584195068e-06,0
path,1.4,1.999953635215256,2.318239237197772e-05,3.839840982428898e-06,0
path,1.4,1.9999544831482434,2.2758425878306282e-05,3.7418924210137313e-06,0
path,1.4,1.9999553155739798,2.2342213010096487e-05,3.646442708577449e-06,0
path,1.4,1.9999561327760664,2.193361196673735e-05,3.5534271827120666e-06,0
path,1.4,1.9999569350329183,2.1532483540909868e-05,3.462782691452625e-06,0
path,1.4,1.9999577226178578,2.113869107115975e-05,3.374448878051122e-06,0
path,1.4,1.9999584957992094,2.0752100395338236e-05,3.288368270957958e-06,0
path,1.4,1.9999592548403902,2.0372579804893734e-05,3.204483586806007e-06,0
path,1.4,1.99996,2e-05,3.122738794911416e-06,0
ring,0.6,1.6,0.2,1.3217504433004645,0
ring,0.6,1.6073153190899125,0.1963423404550437,1.2919329973201217,0
ring,0.6,1.6144968534463568,0.1927515732768216,1.2636990109960806,0
ring,0.6,1.6215470497643696,0.1892264751178152,1.2369115709221499,0
ring,0.6,1.6284683099931003,0.1857658450034498,1.2114486194733443,0
ring,0.6,1.6352629921541375,0.18236850392293127,1.1872010361033953,0
ring,0.6,1.6419334111448682,0.17903329442756588,1.164071012238714,0
ring,0.6,1.6484818395271477,0.17575908023642622,1.1419706667218474,0
ring,0.6,1.6549105083015423,0.17254474584922885,1.120820859885138,0
ring,0.6,1.6612216076674169,0.16938919616629156,1.10055017283121,0
ring,0.6,1.6674172877691178,0.16629135611544113,1.0810940250270586,0
ring,0.6,1.6734996594285112,0.16325017028574443,1.062393908469327,0
ring,0.6,1.6794707948641248,0.1602646025679376,1.044396720488434,0
ring,0.6,1.6853327283971367,0.15733363580143167,1.0270541806291338,0
ring,0.6,1.6910874571444543,0.15445627142777288,1.0103223194275013,0
ring,0.6,1.6967369416991156,0.15163152915044223,0.9941610289672063,0
ring,0.6,1.7022831067982496,0.1488584466008752,0.9785336667333948,0
ring,0.6,1.70772784197882,0.14613607901059,0.9634067055885103,0
ring,0.6,1.7130730022213754,0.14346349888931229,0.9487494238397667,0
ring,0.6,1.7183204085820285,0.14083979570898578,0.9345336302309788,0
ring,0.6,1.7234718488128749,0.13826407559356257,0.9207334194309729,0
ring,0.6,1.7285290779710683,0.13573546101446593,0.9073249542569523,0
ring,0.6,1.733493819016754,0.133253090491623,0.8942862713665596,0
ring,0.6,1.7383677634000698,0.13081611829996506,0.8815971076019506,0
ring,0.6,1.7431525716374097,0.12842371418129517,0.8692387445464398,0
ring,0.6,1.7478498738771489,0.12607506306142552,0.8571938691726513,0
ring,0.6,1.7524612704550246,0.12376936477248768,0.8454464487341251,0
ring,0.6,1.7569883324393571,0.12150583378032144,0.8339816182854641,0
ring,0.6,1.7614326021663016,0.11928369891684922,0.822785579414176,0
ring,0.6,1.7657955937653105,0.11710220311734477,0.8118455089529765,0
ring,0.6,1.770078793674986,0.11496060316250703,0.8011494765727355,0
ring,0.6,1.7742836611494985,0.11285816942525075,0.7906863702997373,0
ring,0.6,1.7784116287557439,0.11079418562212802,0.7804458291144394,0
ring,0.6,1.782464102861408,0.10876794856929593,0.7704181818798437,0
ring,0.6,1.786442464114106,0.10677876794294702,0.7605943919388235,0
ring,0.6,1.7903480679117578,0.10482596604412114,0.7509660067945084,0
ring,0.6,1.794182244864363,0.1029088775678185,0.7415251123573694,0
ring,0.6,1.7979463012473296,0.10102684937633524,0.7322642912816306,0
ring,0.6,1.8016415194465116,0.09917924027674424,0.7231765850161734,0
ring,0.6,1.8052691583951088,0.09736542080244559,0.7142554591551221,0
ring,0.6,1.8088304540025761,0.09558477299871192,0.7054947717910348,0
ring,0.6,1.8123266195756882,0.09383669021215589,0.6968887445965289,0
ring,0.6,1.815758846231904,0.09212057688404798,0.6884319363481133,0
ring,0.6,1.8191283033051722,0.09043584834741396,0.6801192186091116,0
ring,0.6,1.8224361387443133,0.08878193062784334,0.6719457535014642,0
ring,0.6,1.825683479504119,0.08715826024794052,0.6639069732930902,0
ring,0.6,1.8288714319292954,0.08556428403535227,0.655998561520999,0
ring,0.6,1.832001082131388,0.08399945893430605,0.6482164357512459,0
ring,0.6,1.83507349635881,0.08246325182059497,0.6405567317052062,0
ring,0.6,1.8380897213601073,0.08095513931994637,0.6330157884189189,0
ring,0.6,1.8410507847405757,0.07947460762971209,0.6255901349257433,0
ring,0.6,1.8439576953123604,0.0780211523438198,0.6182764774787152,0
ring,0.6,1.8468114434381488,0.07659427828092555,0.6110716882756236,0
ring,0.6,1.8496130013685814,0.07519349931570929,0.603972794457237,0
ring,0.6,1.8523633235734889,0.07381833821325551,0.5969769684591922,0
ring,0.6,1.855063347067074,0.07246832646646294,0.5900815186810406,0
ring,0.6,1.8577139917271448,0.07114300413642766,0.5832838809572314,0
ring,0.6,1.8603161606085092,0.06984191969574537,0.5765816108162314,0
ring,0.6,1.8628707402506413,0.06856462987467936,0.5699723759132312,0
ring,0.6,1.8653786009797164,0.06731069951014182,0.5634539493111929,0
ring,0.6,1.8678405972051257,0.0660797013974371,0.5570242031714938,0
ring,0.6,1.8702575677105677,0.06487121614471617,0.5506811028337079,0
ring,0.6,1.872630335939814,0.06368483203009301,0.5444227011586719,0
ring,0.6,1.874959710277252,0.06252014486137401,0.5382471335293997,0
ring,0.6,1.8772464843232943,0.061376757838352856,0.5321526130568007,0
ring,0.6,1.8794914371647535,0.06025428141762329,0.5261374260705823,0
ring,0.6,1.8816953336402698,0.059152333179865076,0.5201999279564443,0
ring,0.6,1.8838589246008874,0.058070537699556286,0.5143385392584305,0
ring,0.6,1.8859829471658627,0.0570085264170687,0.5085517419772678,0
ring,0.6,1.8880681249737954,0.055965937513102325,0.5028380762025182,0
ring,0.6,1.8901151684291675,0.05494241578541624,0.4971961369105617,0
ring,0.6,1.8921247749443724,0.05393761252781386,0.4916245709763437,0
ring,0.6,1.8940976291773173,0.05295118541134134,0.4861220743396818,0
ring,0.6,1.8960344032646828,0.051982798367658664,0.48068738938654654,0
ring,0.6,1.8979357570509126,0.05103212147454368,0.4753193025117327,0
ring,0.6,1.8998023383130198,0.05009883084349005,0.4700166417788174,0
ring,0.6,1.9016347829812783,0.04918260850936088,0.46477827476158495,0
ring,0.6,1.9034337153558794,0.04828314232206036,0.4596031064403493,0
ring,0.6,1.9051997483196268,0.04740012584018657,0.4544900773458742,0
ring,0.6,1.9069334835467417,0.04653325822662917,0.44943816174925943,0
ring,0.6,1.908635511707847,0.045682244146076474,0.44444636596247333,0
ring,0.6,1.9103064126712062,0.04484679366439691,0.4395137267415262,0
ring,0.6,1.9119467557002787,0.04402662214986061,0.4346393097849236,0
ring,0.6,1.913557099647665,0.043221450176167533,0.4298222083206436,0
ring,0.6,1.915137993145502,0.04243100342724901,0.42506154175452165,0
ring,0.6,1.9166899747923793,0.04165501260381029,0.42035645449606196,0
ring,0.6,1.9182135733368353,0.04089321333158232,0.4157061146667012,0
ring,0.6,1.9197093078574972,0.04014534607125137,0.4111097131078363,0
ring,0.6,1.921177687939928,0.03941115603003597,0.4065664621800583,0
ring,0.6,1.9226192138502383,0.03869039307488089,0.4020755948816729,0
ring,0.6,1.9240343767055226,0.03798281164723868,0.3976363639075278,0
ring,0.6,1.9254236586411806,0.03728817067940971,0.3932480407552505,0
ring,0.6,1.9267875329751756,0.036606233512412226,0.38890991487519083,0
ring,0.6,1.9281264643692912,0.03593676781535439,0.3846212928984429,0
ring,0.6,1.9294409089874383,0.035279545506280874,0.3803814979112587,0
ring,0.6,1.9307313146510658,0.034634342674467064,0.37618986870888005,0
ring,0.6,1.9319981209917314,0.03400093950413433,0.3720457591615013,0
ring,0.6,1.933241759600879,0.033379120199560464,0.3679485376087015,0
ring,0.6,1.9344626541768806,0.03276867291155967,0.3638975861928294,0
ring,0.6,1.9356612206693857,0.03216938966530711,0.3598923003715042,0
ring,0.6,1.936837867421033,0.03158106628948349,0.35593208835127266,0
ring,0.6,1.9379929953065693,0.03100350234671538,0.3520163706053641,0
ring,0.6,1.9391269978694246,0.030436501065287714,0.3481445793888505,0
ring,0.6,1.9402402614557896,0.02987986927210513,0.34431615828289736,1
ring,0.6,1.9413331653462413,0.029333417326879344,0.3405305617508053,1
ring,0.6,1.9424060818849598,0.028796959057520135,0.33678725477884264,1
ring,0.6,1.9434593766065842,0.02827031169670789,0.3330857124528538,1
ring,0.6,1.9444934083607477,0.027753295819626145,0.3294254196012358,1
ring,0.6,1.9455085294343342,0.027245735282832913,0.32580587045738896,1
ring,0.6,1.9465050856715003,0.026747457164249904,0.3222265683328425,1
ring,0.6,1.9474834165915014,0.026258291704249283,0.3186870252971217,1
ring,0.6,1.9484438555043644,0.025778072247817835,0.3151867618646118,1
ring,0.6,1.9493867296244423,0.025306635187778835,0.31172530677931864,1
ring,0.6,1.9503123601818952,0.024843819909052326,0.3083021966783592,1
ring,0.6,1.9512210625321305,0.024389468733934744,0.3049169758341342,1
ring,0.6,1.9521131462632413,0.023943426868379317,0.3015691960317455,1
ring,0.6,1.952988915301482,0.023505542349258907,0.2982584161847508,1
ring,0.6,1.9538486680148135,0.023075665992593218,0.2949842022012673,1
ring,0.6,1.9546926973145538,0.02265365134272308,0.29174612675852873,1
ring,0.6,1.955521290755172,0.02223935462241398,0.28854376910550855,1
ring,0.6,1.9563347306322554,0.0218326346838723,0.28537671487449745,1
ring,0.6,1.9571332940786854,0.02143335296065727,0.28224455590089914,1
ring,0.6,1.9579172531590552,0.02104137342047246,0.2791468900508684,1
ring,0.6,1.958686874962359,0.020656562518820573,0.2760833210568981,1
ring,0.6,1.9594424216929882,0.02027878915350584,0.2730534583621222,1
ring,0.6,1.960184150760063,0.01990792461996847,0.27005691697504425,1
ring,0.6,1.960912314865128,0.019543842567435996,0.26709331737016956,1
ring,0.6,1.961627162088247,0.019186418955876486,0.2641622852621095,1
ring,0.6,1.962328935972522,0.01883553201373904,0.26126345151348845,1
ring,0.6,1.9630178756070658,0.018491062196467144,0.258396452034394,1
ring,0.6,1.9636942157084585,0.018152892145770715,0.2555609276489246,1
ring,0.6,1.964358186700714,0.017820906649643028,0.2527565239804114,1
ring,0.6,1.9650100147937823,0.017494992603108835,0.24998289134194512,1
ring,0.6,1.9656499220606194,0.017175038969690342,0.2472396846316498,1
ring,0.6,1.9662781265128442,0.016860936743577935,0.24452656323243852,1
ring,0.6,1.9668948421750145,0.01655257891249269,0.2418431909162569,1
ring,0.6,1.9675002791575438,0.016249860421228095,0.23918923575332302,1
ring,0.6,1.968094643728283,0.015952678135858548,0.2365643700274915,1
ring,0.6,1.9686781383827952,0.01566093080860237,0.23396827015972865,1
ring,0.6,1.9692509619133451,0.015374519043327458,0.23140061662013198,1
ring,0.6,1.9698133094766244,0.015093345261687775,0.22886109375361102,1
ring,0.6,1.9703653726602417,0.014817313669879121,0.22634938987577616,1
ring,0.6,1.9709073395479941,0.01454633022600291,0.22386519706197136,1
ring,0.6,1.9714393947839464,0.014280302608026794,0.22140821118592743,1
ring,0.6,1.9719617196353376,0.014019140182331238,0.21897813181167342,1
ring,0.6,1.9724744920543373,0.013762753972831328,0.21657466205064405,1
ring,0.6,1.9729778867386734,0.01351105663066328,0.2141975085889682,1
ring,0.6,1.9734720751911494,0.01326396240442534,0.2118463816014338,1
ring,0.6,1.9739572257780742,0.013021387110962911,0.20952099469640512,1
ring,0.6,1.974433503786624,0.012783248106688,0.20722106486497702,1
ring,0.6,1.9749010714811537,0.012549464259423151,0.20494631234015367,1
ring,0.6,1.9753600881584794,0.012319955920760326,0.20269646069797406,1
ring,0.6,1.9758107102021494,0.012094644898925287,0.20047123667622394,1
ring,0.6,1.9762530911357234,0.011873454432138242,0.19827037017359023,1
ring,0.6,1.9766873816750767,0.011656309162461681,0.19609359422501624,1
ring,0.6,1.977113729779747,0.011443135110126493,0.19394064501659114,1
ring,0.6,1.9775322807033449,0.01123385964832761,0.19181126155664788,1
ring,0.6,1.977943177043039,0.011028411478480594,0.18970518596070002,1
ring,0.6,1.9783465587881386,0.010826720605930753,0.1876221632453719,1
ring,0.6,1.978742563367787,0.010628718316106473,0.18556194130315526,1
ring,0.6,1.9791313256977827,0.010434337151108688,0.1835242708864015,1
ring,0.6,1.979512978226543,0.010243510886728473,0.18150890555606405,1
ring,0.6,1.9798876509802301,0.010056174509884951,0.17951560163443217,1
ring,0.6,1.9802554716070484,0.009872264196475826,0.17754411817074858,1
ring,0.6,1.980616565420734,0.009691717289632983,0.17559421690670995,1
ring,0.6,1.9809710554432485,0.00951447227837577,0.17366566224861016,1
ring,0.6,1.9813190624466908,0.009340468776654662,0.17175822125031373,1
ring,0.6,1.9816607049944437,0.009169647502778194,0.16987166358355707,1
ring,0.6,1.9819960994815677,0.009001950259216095,0.16800576134276463,1
ring,0.6,1.9823253601744562,0.008837319912771884,0.16616028922035964,1
ring,0.6,1.982648599249764,0.00867570037511798,0.16433502436601327,1
ring,0.6,1.9829659268326263,0.00851703658368683,0.16252974652204447,1
ring,0.6,1.983277451034177,0.008361274482911516,0.16074423772982252,1
ring,0.6,1.983583277988381,0.00820836100580942,0.15897828243546572,1
ring,0.6,1.9838835118881946,0.008058244055902697,0.15723166747694453,1
ring,0.6,1.9841782550210612,0.007910872489469404,0.1555041820274889,1
ring,0.6,1.9844676078037615,0.007766196098119211,0.1537956175586798,1
ring,0.6,1.9847516688166245,0.007624165591687777,0.15210576783043384,1
ring,0.6,1.985030534837112,0.0074847325814439624,0.15043442888488073,1
ring,0.6,1.9853043008727917,0.0073478495636041495,0.14878139904059576,1
ring,0.6,1.9855730601937038,0.0072134699031480565,0.1471464786701373,1
ring,0.6,1.9858369043641388,0.007081547817930541,0.14552947039585562,1
ring,0.6,1.986095923273832,0.006952038363083956,0.14393017898822325,1
ring,0.6,1.9863502051685884,0.00682489741570578,0.14234841140572604,1
ring,0.6,1.9865998366803475,0.006700081659826267,0.1407839766348134,1
ring,0.6,1.986844902856698,0.006577548571651021,0.13923668576987583,1
ring,0.6,1.9870854871898531,0.0064572564050734615,0.1377063519613302,1
ring,0.6,1.9873216716450954,0.006339164177452231,0.13619279034338955,1
ring,0.6,1.9875535366887025,0.00622323165564872,0.13469581810402745,1
ring,0.6,1.9877811613153602,0.006109419342319937,0.1332152543845528,1
ring,0.6,1.9880046230750759,0.005997688462462057,0.13175092029905822,1
ring,0.6,1.9882239980996,0.005888000950200068,0.13030263894244956,1
ring,0.6,1.988439361128362,0.005780319435819018,0.128870235343051,1
ring,0.6,1.9886507855339353,0.005674607233032424,0.12745353629963815,1
ring,0.6,1.988858343347033,0.005570828326483533,0.12605237053540053,1
ring,0.6,1.9890621052810498,0.005468947359475161,0.12466656867242364,1
ring,0.6,1.9892621407561522,0.005368929621923925,0.12329596328731526,1
ring,0.6,1.9894585179229305,0.005270741038534787,0.12194038850382555,1
ring,0.6,1.9896513036856163,0.005174348157191843,0.12059968032808102,1
ring,0.6,1.989840563724877,0.005079718137561449,0.11927367666980232,1
ring,0.6,1.9900263625201924,0.004986818739903757,0.11796221711276489,1
ring,0.6,1.9902087633718222,0.004895618314088881,0.11666514297114954,1
ring,0.6,1.9903878284223722,0.004806085788813935,0.11538229724354186,1
ring,0.6,1.9905636186779654,0.004718190661017268,0.11411352464245363,1
ring,0.6,1.9907361940290274,0.004631902985486305,0.11285867157667247,1
ring,0.6,1.990905613270689,0.004547193364655431,0.11161758621683192,1
ring,0.6,1.9910719341228191,0.0044640329385904655,0.11039011820266063,1
ring,0.6,1.9912352132496873,0.004382393375156295,0.10917611884244816,1
ring,0.6,1.9913955062792714,0.004302246860364331,0.1079754411033097,1
ring,0.6,1.991552867822207,0.004223566088896485,0.10678793957647496,1
ring,0.6,1.9917073514903951,0.0041463242548024585,0.10561347036340042,1
ring,0.6,1.9918590099152658,0.004070495042367152,0.10445189110773873,1
ring,0.6,1.9920078947657098,0.003996052617145098,0.10330306102030655,1
ring,0.6,1.9921540567656824,0.0039229716171588595,0.10216684081963545,1
ring,0.6,1.9922975457114833,0.003851227144258394,0.10104309276364071,1
ring,0.6,1.9924384104887232,0.0037807947556384395,0.09993168064991245,1
ring,0.6,1.992576699088978,0.003711650455511034,0.09883246961781214,1
ring,0.6,1.9927124586261393,0.003643770686930331,0.09774532630953017,1
ring,0.6,1.9928457353524662,0.003577132323766924,0.09667011883762613,1
ring,0.6,1.9929765746743422,0.003511712662828938,0.09560671686243914,1
ring,0.6,1.9931050211677455,0.00344748941612724,0.09455499122494819,1
ring,0.6,1.993231118593436,0.003384440703282075,0.09351481421507933,1
ring,0.6,1.9933549099118628,0.0033225450440685866,0.09248605972505736,1
ring,0.6,1.9934764372978027,0.0032617813510986654,0.0914686027835763,1
ring,0.6,1.9935957421547268,0.0032021289226366358,0.09046231975379071,1
ring,0.6,1.9937128651289073,0.003143567435546326,0.08946708852666149,1
ring,0.6,1.9938278461232657,0.0030860769383671293,0.08848278824800697,1
ring,0.6,1.9939407243109666,0.0030296378445166918,0.08750929928375374,1
ring,0.6,1.9940515381487642,0.002974230925617908,0.08654650333432361,1
ring,0.6,1.9941603253901041,0.0029198373049479577,0.08559428341511946,1
ring,0.6,1.9942671230979856,0.002866438451007148,0.08465252390358204,1
ring,0.6,1.9943719676575893,0.0028140161712053705,0.08372111022774234,1
ring,0.6,1.994474894788672,0.002762552605664019,0.0827999291117135,1
ring,0.6,1.9945759395577374,0.002712030221131267,0.08188886870358994,1
ring,0.6,1.9946751363899828,0.0026624318050086156,0.08098781812528669,1
ring,0.6,1.9947725190810266,0.002613740459486693,0.0800966678030823,1
ring,0.6,1.9948681208084234,0.002565939595788295,0.07921530932899906,1
ring,0.6,1.9949619741429665,0.0025190129285167155,0.07834363551842562,1
ring,0.6,1.995054111059785,0.0024729444701074303,0.07748154036161117,1
ring,0.6,1.9951445629492375,0.0024277185253812556,0.07662891889445038,1
ring,0.6,1.9952333606276058,0.002383319686197118,0.07578566733142207,1
ring,0.6,1.9953205343475948,0.0023397328262026143,0.07495168311758657,1
ring,0.6,1.9954061138086387,0.002296943095680578,0.0741268647431712,1
ring,0.6,1.9954901281670203,0.0022549359164898927,0.07331111170428274,1
ring,0.6,1.9955726060458023,0.0022136969770988244,0.07250432471283261,1
ring,0.6,1.9956535755445817,0.002173212227709194,0.07170640564636285,1
ring,0.6,1.9957330642490605,0.0021334678754697145,0.07091725715294954,1
ring,0.6,1.9958110992404463,0.002094450379776869,0.07013678319661013,1
ring,0.6,1.9958877071046766,0.0020561464476617297,0.06936488879587063,1
ring,0.6,1.9959629139414776,0.002018543029261142,0.06860147969877053,1
ring,0.6,1.9960367453732566,0.0019816273133717336,0.06784646314030389,1
ring,0.6,1.9961092265538296,0.001945386723085234,0.06709974696082795,1
ring,0.6,1.9961803821769928,0.001909808911503616,0.0663612401937567,1
ring,0.6,1.9962502364849348,0.0018748817575325984,0.06563085283300861,1
ring,0.6,1.9963188132764957,0.0018405933617520822,0.06490849590818071,1
ring,0.6,1.9963861359152757,0.0018069320423621052,0.06419408131144286,1
ring,0.6,1.9964522273375942,0.001773886331202941,0.06348752192032488,1
ring,0.6,1.996517110060304,0.0017414449698479847,0.06278873160417132,1
ring,0.6,1.9965808061884638,0.0017095969057680813,0.062097625231526773,1
ring,0.6,1.996643337422868,0.0016783312885660325,0.06141411842170595,1
ring,0.6,1.9967047250674401,0.0016476374662799205,0.06073812779436619,1
ring,0.6,1.9967649900364919,0.0016175049817540917,0.06006957103805323,1
ring,0.6,1.9968241528618471,0.0015879235690764552,0.05940836646741491,1
ring,0.6,1.996882233699838,0.0015588831500809904,0.058754433430887903,1
ring,0.6,1.9969392523381717,0.0015303738309141637,0.05810769219330504,1
ring,0.6,1.9969952282026715,0.0015023858986641938,0.05746806384392112,1
ring,0.6,1.9970501803638963,0.0014749098180519096,0.056835470267737734,1
ring,0.6,1.9971041275436356,0.0014479362281821756,0.056209834270405594,1
ring,0.6,1.9971570881212906,0.0014214559393546827,0.05559107959582817,1
ring,0.6,1.9972090801401339,0.0013954599299331079,0.054979130597864134,1
ring,0.6,1.997260121313457,0.0013699393432714882,0.054373912577712874,1
ring,0.6,1.9973102290306064,0.00134488548469685,0.05377535178957928,1
ring,0.6,1.9973594203629061,0.0013202898185469768,0.05318337497691481,1
ring,0.6,1.9974077120694753,0.0012961439652623944,0.052597909968247335,1
ring,0.6,1.997455120602937,0.0012724396985314965,0.052018885269862196,1
ring,0.6,1.9975016621150241,0.0012491689424879238,0.05144623003776921,1
ring,0.6,1.9975473524620817,0.001226323768959154,0.05087987459206511,1
ring,0.6,1.997592207210469,0.001203896394765455,0.05031974949134244,1
ring,0.6,1.9976362416418636,0.001181879179068193,0.04976578650890571,1
ring,0.6,1.9976794707584666,0.0011602646207666757,0.04921791788104999,1
ring,0.6,1.9977219092881149,0.001139045355942564,0.04867607666889939,1
ring,0.6,1.9977635716892979,0.0011182141553510588,0.048140196747097075,1
ring,0.6,1.9978044721560841,0.0010977639219579346,0.047610212605797106,1
ring,0.6,1.9978446246229566,0.0010776876885216448,0.04708605943618203,1
ring,0.6,1.9978840427695608,0.0010579786152196302,0.04656767327438774,1
ring,0.6,1.9979227400253639,0.0010386299873180425,0.046054990742941025,1
ring,0.6,1.9979607295742319,0.001019635212884085,0.045547949107385334,1
ring,0.6,1.9979980243589197,0.0010009878205401908,0.045046486543610806,1
ring,0.6,1.9980346370854813,0.0009826814572592726,0.0445505416543952,1
ring,0.6,1.9980705802275993,0.0009647098862002936,0.04406005379263613,1
ring,0.6,1.998105866030833,0.0009470669845834234,0.04357496315822382,1
ring,0.6,1.9981405065167919,0.0009297467416040515,0.04309521021634967,1
ring,0.6,1.9981745134872302,0.0009127432563849518,0.04262073656399749,1
ring,0.6,1.9982078985280682,0.000896050735965898,0.042151483978784925,1
ring,0.6,1.99824067301334,0.0008796634933300449,0.041687395224908705,1
ring,0.6,1.9982728481090672,0.0008635759454664044,0.04122841348981607,1
ring,0.6,1.9983044347770644,0.0008477826114677558,0.04077448263301732,1
ring,0.6,1.9983354437786733,0.0008322781106633415,0.04032554721243497,1
ring,0.6,1.9983658856784285,0.0008170571607857124,0.03988155228724549,1
ring,0.6,1.9983957708476578,0.0008021145761710993,0.03944244350872349,1
ring,0.6,1.9984251094680145,0.000787445265992696,0.03900816726389455,1
ring,0.6,1.9984539115349476,0.0007730442325262525,0.038578670384826604,1
ring,0.6,1.9984821868611051,0.0007589065694473877,0.03815390027748099,1
ring,0.6,1.99850994507968,0.000745027460160042,0.03773380512905619,1
ring,0.6,1.998537195647689,0.000731402176155498,0.03731833340352925,1
ring,0.6,1.9985639478491972,0.0007180260754014138,0.03690743434682577,1
ring,0.6,1.9985902107984794,0.0007048946007603169,0.03650105768639217,1
ring,0.6,1.998615993443126,0.0006920032784370219,0.03609915364616934,1
ring,0.6,1.9986413045670912,0.000679347716454442,0.0357016731360045,1
ring,0.6,1.9986661527936855,0.0006669236031572726,0.035308567479514566,1
ring,0.6,1.9986905465885139,0.0006547267057430496,0.03491978851656635,1
ring,0.6,1.9987144942623598,0.0006427528688200552,0.034535288813940246,1
ring,0.6,1.9987380039740168,0.0006309980129916178,0.0341550211776468,1
ring,0.6,1.9987610837330674,0.0006194581334662815,0.03377893914861257,1
ring,0.6,1.9987837414026133,0.0006081292986934138,0.03340699669670367,1
ring,0.6,1.9988059847019526,0.000597007649023746,0.03303914821026106,1
ring,0.6,1.9988278212092112,0.0005860893953944289,0.03267534885754688,1
ring,0.6,1.9988492583639237,0.0005753708180381183,0.03231555386310834,1
ring,0.6,1.9988703034695687,0.0005648482652156873,0.031959719455046776,1
ring,0.6,1.998890963696056,0.0005545181519720963,0.03160780180650115,1
ring,0.6,1.9989112460821699,0.000544376958915036,0.03125975810202951,1
ring,0.6,1.9989311575379682,0.0005344212310158865,0.030915545475858557,1
ring,0.6,1.9989507048471347,0.0005246475764326248,0.030575122055193277,1
ring,0.6,1.9989698946692915,0.0005150526653542398,0.030238445919352038,1
ring,0.6,1.9989887335422674,0.0005056332288663002,0.02990547600870075,1
ring,0.6,1.9990072278843254,0.0004963860578372506,0.029576171513575743,1
ring,0.6,1.9990253839963499,0.0004873080018250933,0.02925049205654992,1
ring,0.6,1.999043208063992,0.00047839596800404753,0.028928397893308047,1
ring,0.6,1.9990607061597783,0.00046964692011085534,0.0286098494480375,1
ring,0.6,1.9990778842451793,0.0004610578774103413,0.02829480780655839,1
ring,0.6,1.9990947481726402,0.000452625913679906,0.02798323436081285,1
ring,0.6,1.999111303687575,0.0004443481562125765,0.02767509091871703,1
ring,0.6,1.9991275564303235,0.00043622178483830403,0.027370339853109046,1
ring,0.6,1.9991435119380736,0.00042824403096314593,0.027068943675714656,1
ring,0.6,1.999159175646748,0.0004204121766260317,0.026770865701439585,1
ring,0.6,1.9991745528928544,0.0004127235535727718,0.026476069162207506,1
ring,0.6,1.999189648915306,0.0004051755423470035,0.026184518241557916,1
ring,0.6,1.9992044688572044,0.000397765571397762,0.025896176923585958,1
ring,0.6,1.9992190177675933,0.00039049111620337225,0.025611010221557356,1
ring,0.6,1.9992333006031773,0.00038334969841136304,0.025328982894986654,1
ring,0.6,1.9992473222300118,0.0003763388849941112,0.025050060634490542,1
ring,0.6,1.9992610874251602,0.0003694562874199269,0.024774209131098596,1
ring,0.6,1.9992746008783213,0.0003626995608392991,0.02450139468475478,1
ring,0.6,1.999287867193428,0.00035606640328602284,0.024231583838717787,1
ring,0.6,1.9993008908902141,0.0003495545548929362,0.023964743517765022,1
ring,0.6,1.999313676405756,0.00034316179712200103,0.023700841122066173,1
ring,0.6,1.9993262280959831,0.0003368859520084631,0.023439844182081775,1
ring,0.6,1.9993385502371623,0.00033072488141883615,0.02318172091427857,1
ring,0.6,1.999350647027355,0.0003246764863224557,0.022926439479728677,1
ring,0.6,1.9993625225878473,0.00031873870607635493,0.022673968835439626,1
ring,0.6,1.9993741809645535,0.0003129095177232192,0.022424277808289417,1
ring,0.6,1.9993856261293956,0.00030718693530217944,0.022177336063977895,1
ring,0.6,1.9993968619816556,0.00030156900917221026,0.021933113074200802,1
ring,0.6,1.9994078923493042,0.00029605382534790174,0.02169157921430934,1
ring,0.6,1.9994187209903052,0.0002906395048473791,0.021452704602489013,1
ring,0.6,1.9994293515938957,0.0002853242030521474,0.021216460194185695,1
ring,0.6,1.9994397877818426,0.000280106109078644,0.020982816894127992,1
ring,0.6,1.9994500331096774,0.00027498344516128383,0.020751746184371863,1
ring,0.6,1.9994600910679063,0.0002699544660467884,0.020523219673905194,1
ring,0.6,1.9994699650832009,0.0002650174583995908,0.020297209402076334,1
ring,0.6,1.9994796585195638,0.0002601707402181141,0.020073687667092232,1
ring,0.6,1.9994891746794765,0.00025541266026172897,0.019852627061655588,1
ring,0.6,1.9994985168050237,0.00025074159748818395,0.019634000533645227,1
ring,0.6,1.9995076880789973,0.0002461559605013332,0.0194177812447966,1
ring,0.6,1.9995166916259821,0.00024165418700895522,0.019203942752662934,1
ring,0.6,1.999525530513419,0.00023723474329049587,0.018992458800034605,1
ring,0.6,1.999534207752651,0.00023289612367453712,0.018783303513921157,1
ring,0.6,1.9995427262999483,0.00022863685002583008,0.018576451241772637,1
ring,0.6,1.9995510890575166,0.00022445547124170145,0.018371876614923958,1
ring,0.6,1.9995592988744846,0.0002203505627576775,0.01816955464423497,1
ring,0.6,1.9995673585478757,0.0002163207260621419,0.017969460403428974,1
ring,0.6,1.9995752708235603,0.00021236458821987696,0.01777156949542429,1
ring,0.6,1.9995830383971913,0.0002084808014043112,0.017575857589695175,1
ring,0.6,1.9995906639151233,0.00020466804243832849,0.01738230073614557,1
ring,0.6,1.999598149975313,0.0002009250123434681,0.01719087520210407,1
ring,0.6,1.9996054991282053,0.0001972504358973757,0.017001557517351596,0
ring,0.6,1.9996127138776014,0.00019364306119934154,0.016814324500498856,0
ring,0.6,1.9996197966815124,0.00019010165924379026,0.01662915317478974,0
ring,0.6,1.999626749952997,0.00018662502350156503,0.01644602087355239,0
ring,0.6,1.9996335760609822,0.00018321196950887422,0.01626490512958949,0
ring,0.6,1.9996402773310724,0.00017986133446375247,0.016085783746508684,0
ring,0.6,1.9996468560463403,0.00017657197682990303,0.015908634799667698,0
ring,0.6,1.9996533144481043,0.0001733427759477847,0.01573343649488935,0
ring,0.6,1.9996596547366943,0.00017017263165281166,0.015560167506638854,0
ring,0.6,1.9996658790721988,0.0001670604639005356,0.015388806402243833,0
ring,0.6,1.9996719895752026,0.00016400521239868263,0.015219332357719648,0
ring,0.6,1.9996779883275082,0.00016100583624591963,0.015051724458863639,0
ring,0.6,1.9996838773728456,0.00015806131357722699,0.01488596228130242,0
ring,0.6,1.9996896587175685,0.00015517064121575673,0.014722025387699482,0
ring,0.6,1.999695334331338,0.00015233283433105786,0.014559893803261868,0
ring,0.6,1.9997009061477928,0.00014954692610355178,0.014399547523749785,0
ring,0.6,1.9997063760652096,0.00014681196739514424,0.014240967040337652,0
ring,0.6,1.9997117459471483,0.00014412702642586106,0.014084132742486481,0
ring,0.6,1.9997170176230872,0.0001414911884563976,0.013929025605600007,0
ring,0.6,1.999722192889047,0.00013890355547647394,0.013775626389606579,0
ring,0.6,1.9997272735082021,0.0001363632458988896,0.013623916528651386,0
ring,0.6,1.9997322612114816,0.00013386939425917324,0.013473877219160475,0
ring,0.6,1.9997371576981586,0.00013142115092072543,0.01332549017998757,0
ring,0.6,1.9997419646364294,0.00012901768178535388,0.013178737204585894,0
ring,0.6,1.999746683663982,0.0001266581680091023,0.013033600247502585,0
ring,0.6,1.9997513163885534,0.00012434180572327654,0.012890061607217129,0
ring,0.6,1.999755864388479,0.00012206780576057244,0.01274810359889699,0
ring,0.6,1.9997603292132275,0.00011983539338621239,0.012607708901163896,0
ring,0.6,1.999764712383932,0.00011764380803399914,0.012468860210884147,0
ring,0.6,1.9997690153939056,0.00011549230304719641,0.01233154061440699,0
ring,0.6,1.9997732397091517,0.00011338014542414869,0.012195733142841598,0
ring,0.6,1.9997773867688629,0.00011130661556855294,0.012061421311868187,0
ring,0.6,1.9997814579859114,0.00010927100704429754,0.011928588460108606,0
ring,0.6,1.9997854547473304,0.00010727262633478482,0.011797218517207888,0
ring,0.6,1.9997893784147867,0.00010531079260665512,0.011667295187322122,0
ring,0.6,1.9997932303250443,0.00010338483747783198,0.01153880264705726,0
ring,0.6,1.9997970117904205,0.00010149410478980933,0.011411725124000512,0
ring,0.6,1.9998007240992317,9.963795038410332e-05,0.011286046965135675,0
ring,0.6,1.9998043685162343,9.781574188279181e-05,0.011161752953356557,0
ring,0.6,1.9998079462830538,9.602685847306911e-05,0.011038827604709506,0
ring,0.6,1.9998114586186084,9.427069069573816e-05,0.010917256033434767,0
ring,0.6,1.9998149067195248,9.254664023757389e-05,0.010797023227899386,0
ring,0.6,1.999818291760545,9.085411972748087e-05,0.010678114518210593,0
ring,0.6,1.9998216148949273,8.919255253638192e-05,0.010560515267802549,0
ring,0.6,1.9998248772548384,8.756137258076334e-05,0.01044421109388318,0
ring,0.6,1.9998280799517403,8.596002412981598e-05,0.010329187728971794,0
ring,0.6,1.9998312240767677,8.438796161610049e-05,0.010215431038483462,0
ring,0.6,1.9998343107011007,8.284464944967796e-05,0.010102927161039704,0
ring,0.6,1.9998373408763288,8.132956183563709e-05,0.009991662153808813,0
ring,0.6,1.9998403156348101,7.984218259496108e-05,0.009881622579167864,0
ring,0.6,1.9998432359900227,7.838200498866806e-05,0.009772794745884323,0
ring,0.6,1.9998461029369097,7.694853154517013e-05,0.009665165417765497,0
ring,0.6,1.9998489174522185,7.55412738907873e-05,0.009558721399771018,0
ring,0.6,1.9998516804948332,7.415975258336346e-05,0.00945344955168545,0
ring,0.6,1.9998543930061021,7.280349694892277e-05,0.00934933710271319,0
ring,0.6,1.9998570559101574,7.147204492131578e-05,0.009246371142476693,0
ring,0.6,1.9998596701142304,7.016494288479578e-05,0.009144539194719565,0
ring,0.6,1.999862236508961,6.888174551947648e-05,0.00904382862361159,0
ring,0.6,1.9998647559687008,6.762201564961364e-05,0.008944227209239377,0
ring,0.6,1.9998672293518107,6.638532409466381e-05,0.008845722647898985,0
ring,0.6,1.9998696575009538,6.517124952306447e-05,0.008748302887960871,0
ring,0.6,1.9998720412433826,6.397937830869076e-05,0.00865195603474322,0
ring,0.6,1.99987438139122,6.280930438993498e-05,0.008556670144511941,0
ring,0.6,1.9998766787417372,6.166062913136555e-05,0.008462433733681735,0
ring,0.6,1.9998789340776242,6.053296118791379e-05,0.008369235051003822,0
ring,0.6,1.999881148167257,5.942591637154669e-05,0.008277062753233482,0
ring,0.6,1.9998833217649592,5.833911752037587e-05,0.008185905597762444,0
ring,0.6,1.9998854556112597,5.727219437016232e-05,0.00809575224916063,0
ring,0.6,1.9998875504331437,5.622478342816923e-05,0.008006591825768157,0
ring,0.6,1.9998896069443013,5.5196527849323615e-05,0.007918413271306187,0
ring,0.6,1.9998916258453707,5.4187077314640985e-05,0.007831205835167082,0
ring,0.6,1.9998936078241762,5.319608791187518e-05,0.007744958801790588,0
ring,0.6,1.9998955535559633,5.222322201834925e-05,0.007659661575999213,0
ring,0.6,1.9998974637036282,5.126814818593031e-05,0.007575303777732377,0
ring,0.6,1.9998993389179438,5.0330541028107786e-05,0.00749187492254667,0
ring,0.6,1.9999011798377817,4.9410081109136514e-05,0.00740936495880003,0
ring,0.6,1.9999029870903295,4.8506454835207115e-05,0.007327763614882706,0
ring,0.6,1.9999047612913048,4.761935434760717e-05,0.007247060928799473,0
ring,0.6,1.9999065030451644,4.674847741783635e-05,0.007167247093480326,0
ring,0.6,1.9999082129453107,4.589352734463873e-05,0.007088312147175815,0
ring,0.6,1.999909891574294,4.505421285291966e-05,0.007010246584054071,0
ring,0.6,1.999911539504011,4.423024799450978e-05,0.006933040755798073,0
ring,0.6,1.9999131572958986,4.342135205074535e-05,0.00685668512576877,0
ring,0.6,1.9999147455011264,4.262724943682876e-05,0.006781170481003379,0
ring,0.6,1.9999163046607842,4.1847669607939586e-05,0.006706487428501756,0
ring,0.6,1.9999178353060658,4.108234696706129e-05,0.006632626887503923,0
ring,0.6,1.999919337958451,4.0331020774494976e-05,0.006559579771589969,0
ring,0.6,1.999920813129882,3.959343505902666e-05,0.006487337093106468,0
ring,0.6,1.9999222613229386,3.886933853072045e-05,0.006415890097907145,0
ring,0.6,1.9999236830310094,3.815848449530531e-05,0.006345229875545795,0
ring,0.6,1.9999250787384597,3.746063077012877e-05,0.006275347892024903,0
ring,0.6,1.9999264489207966,3.677553960164654e-05,0.006206235517756851,0
ring,0.6,1.9999277940448312,3.610297758442221e-05,0.006137884217405994,0
ring,0.6,1.9999291145688367,3.544271558160717e-05,0.006070285788991235,0
ring,0.6,1.9999304109427063,3.479452864687606e-05,0.006003431755215841,0
ring,0.6,1.9999316836081045,3.415819594778854e-05,0.005937313984206594,0
ring,0.6,1.9999329329986189,3.3533500690554025e-05,0.005871924422767773,0
ring,0.6,1.9999341595399076,3.2920230046171e-05,0.005807254940493236,0
ring,0.6,1.9999353636498443,3.231817507791839e-05,0.005743297742141494,0
ring,0.6,1.9999365457386598,3.1727130670171796e-05,0.005680044868108202,0
ring,0.6,1.9999377062090828,3.114689545852271e-05,0.00561748859795815,0
ring,0.6,1.9999388454564777,3.0577271761174594e-05,0.005555621321309277,0
ring,0.6,1.9999399638689768,3.0018065511594735e-05,0.005494435321364637,0
ring,0.6,1.9999410618276152,2.946908619239669e-05,0.005433923238927603,0
ring,0.6,1.9999421397064592,2.8930146770432948e-05,0.005374077572341785,0
ring,0.6,1.9999431978727338,2.8401063633073638e-05,0.005314890926978363,0
ring,0.6,1.9999442366869487,2.7881656525651575e-05,0.0052563562254855116,0
ring,0.6,1.9999452565030198,2.7371748490050358e-05,0.005198466119475075,0
ring,0.6,1.999946257668391,2.687116580441653e-05,0.005141213534603092,0
ring,0.6,1.999947240524152,2.6379737923973387e-05,0.005084591550853917,0
ring,0.6,1.999948205405154,2.58972974229181e-05,0.005028593105103753,0
ring,0.6,1.9999491526401252,2.5423679937380556e-05,0.004973211399269274,0
ring,0.6,1.999950082551781,2.4958724109426233e-05,0.00491843963462046,0
ring,0.6,1.9999509954569359,2.450227153208236e-05,0.004864271028238002,0
ring,0.6,1.9999518916666092,2.4054166695370242e-05,0.00481069907640378,0
ring,0.6,1.9999527714861334,2.3614256933323783e-05,0.004757717070168819,0
ring,0.6,1.999953635215256,2.318239237197772e-05,0.0047053185434388035,0
ring,0.6,1.9999544831482434,2.2758425878306282e-05,0.004653497176603953,0
ring,0.6,1.9999553155739798,2.2342213010096487e-05,0.004602246457802577,0
ring,0.6,1.9999561327760664,2.193361196673735e-05,0.004551560166625331,0
ring,0.6,1.9999569350329183,2.1532483540909868e-05,0.004501432181636151,0
ring,0.6,1.9999577226178578,2.113869107115975e-05,0.004451856185744139,0
ring,0.6,1.9999584957992094,2.0752100395338236e-05,0.004402826193522566,0
ring,0.6,1.9999592548403902,2.0372579804893734e-05,0.004354336219918533,0
ring,0.6,1.99996,2e-05,0.004306380238702584,0
ring,1.0,1.6,0.2,1.3217504433004645,0
ring,1.0,1.6073153190899125,0.1963423404550437,1.2750525750337036,0
ring,1.0,1.6144968534463568,0.1927515732768216,1.231799489022421,0
ring,1.0,1.6215470497643696,0.1892264751178152,1.1916095605495673,0
ring,1.0,1.6284683099931003,0.1857658450034498,1.154151017854876,0
ring,1.0,1.6352629921541375,0.18236850392293127,1.1191345354552702,0
ring,1.0,1.6419334111448682,0.17903329442756588,1.0863071143539826,0
ring,1.0,1.6484818395271477,0.17575908023642622,1.0554469799878594,0
ring,1.0,1.6549105083015423,0.17254474584922885,1.026359295983845,0
ring,1.0,1.6612216076674169,0.16938919616629156,0.9988725397747331,0
ring,1.0,1.6674172877691178,0.16629135611544113,0.9728354210856156,0
ring,1.0,1.6734996594285112,0.16325017028574443,0.9481142497196124,0
ring,1.0,1.6794707948641248,0.1602646025679376,0.9245906783179103,0
ring,1.0,1.6853327283971367,0.15733363580143167,0.9021597601878839,0
ring,1.0,1.6910874571444543,0.15445627142777288,0.8807282734420726,0
ring,1.0,1.6967369416991156,0.15163152915044223,0.8602132713803218,0
ring,1.0,1.7022831067982496,0.1488584466008752,0.8405408258181649,0
ring,1.0,1.70772784197882,0.14613607901059,0.8216449356380833,0
ring,1.0,1.7130730022213754,0.14346349888931229,0.8034665771855642,0
ring,1.0,1.7183204085820285,0.14083979570898578,0.7859528767804321,0
ring,1.0,1.7234718488128749,0.13826407559356257,0.769056388573343,0
ring,1.0,1.7285290779710683,0.13573546101446593,0.752734463520978,0
ring,1.0,1.733493819016754,0.133253090491623,0.736948697184767,0
ring,1.0,1.7383677634000698,0.13081611829996506,0.7216644459717234,0
ring,1.0,1.7431525716374097,0.12842371418129517,0.7068504027734099,0
ring,1.0,1.7478498738771489,0.12607506306142552,0.6924782242802404,0
ring,1.0,1.7524612704550246,0.12376936477248768,0.6785222032875511,0
ring,1.0,1.7569883324393571,0.12150583378032144,0.6649589802297728,0
ring,1.0,1.7614326021663016,0.11928369891684922,0.6517672889517157,0
ring,1.0,1.7657955937653105,0.11710220311734477,0.6389277323971783,0
ring,1.0,1.770078793674986,0.11496060316250703,0.6264225844685548,0
ring,1.0,1.7742836611494985,0.11285816942525075,0.6142356148038673,0
ring,1.0,1.7784116287557439,0.11079418562212802,0.6023519336479074,0
ring,1.0,1.782464102861408,0.10876794856929593,0.590757854356853,0
ring,1.0,1.786442464114106,0.10677876794294702,0.5794407713960434,0
ring,1.0,1.7903480679117578,0.10482596604412114,0.5683890519676393,0
ring,1.0,1.794182244864363,0.1029088775678185,0.5575919396298078,0
ring,1.0,1.7979463012473296,0.10102684937633524,0.5470394685021615,0
ring,1.0,1.8016415194465116,0.09917924027674424,0.5367223867957335,0
ring,1.0,1.8052691583951088,0.09736542080244559,0.526632088589274,0
ring,1.0,1.8088304540025761,0.09558477299871192,0.5167605528977001,0
ring,1.0,1.8123266195756882,0.09383669021215589,0.507100289191287,0
ring,1.0,1.815758846231904,0.09212057688404798,0.4976442886339369,0
ring,1.0,1.8191283033051722,0.09043584834741396,0.48838598039496073,0
ring,1.0,1.8224361387443133,0.08878193062784334,0.479319192469803,0
ring,1.0,1.825683479504119,0.08715826024794052,0.4704381164994248,0
ring,1.0,1.8288714319292954,0.08556428403535227,0.461737276154818,0
ring,1.0,1.832001082131388,0.08399945893430605,0.45321149870305144,0
ring,1.0,1.83507349635881,0.08246325182059497,0.4448558893937348,0
ring,1.0,1.8380897213601073,0.08095513931994637,0.4366658083778678,0
ring,1.0,1.8410507847405757,0.07947460762971209,0.4286368498832913,0
ring,1.0,1.8439576953123604,0.0780211523438198,0.42076482340554555,0
ring,1.0,1.8468114434381488,0.07659427828092555,0.4130457367070522,0
ring,1.0,1.8496130013685814,0.07519349931570929,0.4054757804371109,0
ring,1.0,1.8523633235734889,0.07381833821325551,0.398051314193697,0
ring,1.0,1.855063347067074,0.07246832646646294,0.39076885390260685,0
ring,1.0,1.8577139917271448,0.07114300413642766,0.38362506035184124,0
ring,1.0,1.8603161606085092,0.06984191969574537,0.3766167287834738,0
ring,1.0,1.8628707402506413,0.06856462987467936,0.3697407794365326,0
ring,1.0,1.8653786009797164,0.06731069951014182,0.3629942489346332,0
ring,1.0,1.8678405972051257,0.0660797013974371,0.35637428244323927,0
ring,1.0,1.8702575677105677,0.06487121614471617,0.3498781265221475,0
ring,1.0,1.872630335939814,0.06368483203009301,0.34350312260019644,0
ring,1.0,1.874959710277252,0.06252014486137401,0.33724670101722554,0
ring,1.0,1.8772464843232943,0.061376757838352856,0.3311063755745817,0
ring,1.0,1.8794914371647535,0.06025428141762329,0.3250797385472427,0
ring,1.0,1.8816953336402698,0.059152333179865076,0.31916445611448047,0
ring,1.0,1.8838589246008874,0.058070537699556286,0.3133582641690231,0
ring,1.0,1.8859829471658627,0.0570085264170687,0.30765896446927465,0
ring,1.0,1.8880681249737954,0.055965937513102325,0.30206442110297965,0
ring,1.0,1.8901151684291675,0.05494241578541624,0.2965725572332645,0
ring,1.0,1.8921247749443724,0.05393761252781386,0.29118135210133905,0
ring,1.0,1.8940976291773173,0.05295118541134134,0.285888838262419,0
ring,1.0,1.8960344032646828,0.051982798367658664,0.28069309903374906,0
ring,1.0,1.8979357570509126,0.05103212147454368,0.27559226613623905,0
ring,1.0,1.8998023383130198,0.05009883084349005,0.27058451751211593,0
ring,1.0,1.9016347829812783,0.04918260850936088,0.2656680753003139,0
ring,1.0,1.9034337153558794,0.04828314232206036,0.2608412039612348,0
ring,1.0,1.9051997483196268,0.04740012584018657,0.2561022085320411,0
ring,1.0,1.9069334835467417,0.04653325822662917,0.2514494330041022,0
ring,1.0,1.908635511707847,0.045682244146076474,0.24688125881637069,0
ring,1.0,1.9103064126712062,0.04484679366439691,0.24239610344448992,0
ring,1.0,1.9119467557002787,0.04402662214986061,0.23799241908379465,0
ring,1.0,1.913557099647665,0.043221450176167533,0.23366869141561075,0
ring,1.0,1.915137993145502,0.04243100342724901,0.22942343846129276,0
ring,1.0,1.9166899747923793,0.04165501260381029,0.22525520949891215,0
ring,1.0,1.9182135733368353,0.04089321333158232,0.2211625840432059,0
ring,1.0,1.9197093078574972,0.04014534607125137,0.21714417088988916,0
ring,1.0,1.921177687939928,0.03941115603003597,0.21319860722654985,0
ring,1.0,1.9226192138502383,0.03869039307488089,0.2093245577696111,0
ring,1.0,1.9240343767055226,0.03798281164723868,0.20552071396429572,0
ring,1.0,1.9254236586411806,0.03728817067940971,0.20178579323767756,0
ring,1.0,1.9267875329751756,0.036606233512412226,0.19811853825988893,0
ring,1.0,1.9281264643692912,0.03593676781535439,0.19451771627585346,0
ring,1.0,1.9294409089874383,0.035279545506280874,0.19098211845304705,0
ring,1.0,1.9307313146510658,0.034634342674467064,0.18751055925239452,0
ring,1.0,1.9319981209917314,0.03400093950413433,0.18410187586256366,0
ring,1.0,1.933241759600879,0.033379120199560464,0.1807549276105033,0
ring,1.0,1.9344626541768806,0.03276867291155967,0.1774685954490095,0
ring,1.0,1.9356612206693857,0.03216938966530711,0.1742417814240842,0
ring,1.0,1.936837867421033,0.03158106628948349,0.17107340819425373,0
ring,1.0,1.9379929953065693,0.03100350234671538,0.16796241855185368,0
ring,1.0,1.9391269978694246,0.030436501065287714,0.16490777497082773,0
ring,1.0,1.9402402614557896,0.02987986927210513,0.16190845917078958,1
ring,1.0,1.9413331653462413,0.029333417326879344,0.15896347169468958,1
ring,1.0,1.9424060818849598,0.028796959057520135,0.156071831504755,1
ring,1.0,1.9434593766065842,0.02827031169670789,0.15323257559191558,1
ring,1.0,1.9444934083607477,0.027753295819626145,0.15044475859352888,1
ring,1.0,1.9455085294343342,0.027245735282832913,0.1477074524375098,1
ring,1.0,1.9465050856715003,0.026747457164249904,0.14501974597204223,1
ring,1.0,1.9474834165915014,0.026258291704249283,0.14238074464657968,1
ring,1.0,1.9484438555043644,0.025778072247817835,0.13978957014958832,1
ring,1.0,1.9493867296244423,0.025306635187778835,0.13724536011771246,1
ring,1.0,1.9503123601818952,0.024843819909052326,0.13474726779613372,1
ring,1.0,1.9512210625321305,0.024389468733934744,0.13229446174721585,1
ring,1.0,1.9521131462632413,0.023943426868379317,0.12988612555664153,1
ring,1.0,1.952988915301482,0.023505542349258907,0.12752145752808333,1
ring,1.0,1.9538486680148135,0.023075665992593218,0.12519967042863597,1
ring,1.0,1.9546926973145538,0.02265365134272308,0.12291999119061313,1
ring,1.0,1.955521290755172,0.02223935462241398,0.1206816606539424,1
ring,1.0,1.9563347306322554,0.0218326346838723,0.1184839333148283,1
ring,1.0,1.9571332940786854,0.02143335296065727,0.11632607705240416,1
ring,1.0,1.9579172531590552,0.02104137342047246,0.11420737289490196,1
ring,1.0,1.958686874962359,0.020656562518820573,0.11212711477664854,1
ring,1.0,1.9594424216929882,0.02027878915350584,0.11008460928722104,1
ring,1.0,1.960184150760063,0.01990792461996847,0.10807917545596453,1
ring,1.0,1.960912314865128,0.019543842567435996,0.10611014451915153,1
ring,1.0,1.961627162088247,0.019186418955876486,0.10417685968961858,1
ring,1.0,1.962328935972522,0.01883553201373904,0.10227867594999206,1
ring,1.0,1.9630178756070658,0.018491062196467144,0.10041495984030714,1
ring,1.0,1.9636942157084585,0.018152892145770715,0.09858508923879786,1
ring,1.0,1.964358186700714,0.017820906649643028,0.09678845316287597,1
ring,1.0,1.9650100147937823,0.017494992603108835,0.09502445157860985,1
ring,1.0,1.9656499220606194,0.017175038969690342,0.0932924951897176,1
ring,1.0,1.9662781265128442,0.016860936743577935,0.09159200524714638,1
ring,1.0,1.9668948421750145,0.01655257891249269,0.08992241337192679,1
ring,1.0,1.9675002791575438,0.016249860421228095,0.0882831613615457,1
ring,1.0,1.968094643728283,0.015952678135858548,0.08667370100575814,1
ring,1.0,1.9686781383827952,0.01566093080860237,0.0850934939095924,1
ring,1.0,1.9692509619133451,0.015374519043327458,0.08354201132893997,1
ring,1.0,1.9698133094766244,0.015093345261687775,0.08201873398752885,1
ring,1.0,1.9703653726602417,0.014817313669879121,0.080523151910253,1
ring,1.0,1.9709073395479941,0.01454633022600291,0.07905476425728511,1
ring,1.0,1.9714393947839464,0.014280302608026794,0.0776130791714935,1
ring,1.0,1.9719617196353376,0.014019140182331238,0.07619761360913233,1
ring,1.0,1.9724744920543373,0.013762753972831328,0.07480789318448298,1
ring,1.0,1.9729778867386734,0.01351105663066328,0.07344345201553668,1
ring,1.0,1.9734720751911494,0.01326396240442534,0.07210383258099928,1
ring,1.0,1.9739572257780742,0.013021387110962911,0.07078858556678609,1
ring,1.0,1.974433503786624,0.012783248106688,0.0694972697177758,1
ring,1.0,1.9749010714811537,0.012549464259423151,0.06822945169857467,1
ring,1.0,1.9753600881584794,0.012319955920760326,0.06698470594932036,1
ring,1.0,1.9758107102021494,0.012094644898925287,0.0657626145570377,1
ring,1.0,1.9762530911357234,0.011873454432138242,0.0645627671120716,1
ring,1.0,1.9766873816750767,0.011656309162461681,0.06338476057513266,1
ring,1.0,1.977113729779747,0.011443135110126493,0.06222819914982295,1
ring,1.0,1.9775322807033449,0.01123385964832761,0.061092694149638055,1
ring,1.0,1.977943177043039,0.011028411478480594,0.059977863880730266,1
ring,1.0,1.9783465587881386,0.010826720605930753,0.0588833335109909,1
ring,1.0,1.978742563367787,0.010628718316106473,0.05780873494837429,1
ring,1.0,1.9791313256977827,0.010434337151108688,0.05675370672289504,1
ring,1.0,1.979512978226543,0.010243510886728473,0.055717893867003446,1
ring,1.0,1.9798876509802301,0.010056174509884951,0.05470094780441094,1
ring,1.0,1.9802554716070484,0.009872264196475826,0.05370252623530429,1
ring,1.0,1.980616565420734,0.009691717289632983,0.05272229302274946,1
ring,1.0,1.9809710554432485,0.00951447227837577,0.05175991808332886,1
ring,1.0,1.9813190624466908,0.009340468776654662,0.05081507728086352,1
ring,1.0,1.9816607049944437,0.009169647502778194,0.04988745231862998,1
ring,1.0,1.9819960994815677,0.009001950259216095,0.048976730638604894,1
ring,1.0,1.9823253601744562,0.008837319912771884,0.04808260531908707,1
ring,1.0,1.982648599249764,0.00867570037511798,0.04720477497245477,1
ring,1.0,1.9829659268326263,0.00851703658368683,0.04634294364672538,1
ring,1.0,1.983277451034177,0.008361274482911516,0.04549682072882348,1
ring,1.0,1.983583277988381,0.00820836100580942,0.04466612085109431,1
ring,1.0,1.9838835118881946,0.008058244055902697,0.0438505637940733,1
ring,1.0,1.9841782550210612,0.007910872489469404,0.0430498743998819,1
ring,1.0,1.9844676078037615,0.007766196098119211,0.042263782479509626,1
ring,1.0,1.9847516688166245,0.007624165591687777,0.041492022723557925,1
ring,1.0,1.985030534837112,0.0074847325814439624,0.040734334615194476,1
ring,1.0,1.9853043008727917,0.0073478495636041495,0.03999046234461942,1
ring,1.0,1.9855730601937038,0.0072134699031480565,0.03926015472542471,1
ring,1.0,1.9858369043641388,0.007081547817930541,0.03854316511205005,1
ring,1.0,1.986095923273832,0.006952038363083956,0.03783925131697471,1
ring,1.0,1.9863502051685884,0.00682489741570578,0.03714817553447891,1
ring,1.0,1.9865998366803475,0.006700081659826267,0.03646970425990792,1
ring,1.0,1.986844902856698,0.006577548571651021,0.03580360821273483,1
ring,1.0,1.9870854871898531,0.0064572564050734615,0.03514966226096865,1
ring,1.0,1.9873216716450954,0.006339164177452231,0.03450764534689021,1
ring,1.0,1.9875535366887025,0.00622323165564872,0.033877340414082996,1
ring,1.0,1.9877811613153602,0.006109419342319937,0.033258534336417504,1
ring,1.0,1.9880046230750759,0.005997688462462057,0.03265101784614018,1
ring,1.0,1.9882239980996,0.005888000950200068,0.0320545854660005,1
ring,1.0,1.988439361128362,0.005780319435819018,0.03146903544144546,1
ring,1.0,1.9886507855339353,0.005674607233032424,0.0308941696730586,1
ring,1.0,1.988858343347033,0.005570828326483533,0.03032979365096868,1
ring,1.0,1.9890621052810498,0.005468947359475161,0.02977571639040538,1
ring,1.0,1.9892621407561522,0.005368929621923925,0.02923175036839545,1
ring,1.0,1.9894585179229305,0.005270741038534787,0.02869771146157228,1
ring,1.0,1.9896513036856163,0.005174348157191843,0.028173418885215507,1
ring,1.0,1.989840563724877,0.005079718137561449,0.027658695133573403,1
ring,1.0,1.9900263625201924,0.004986818739903757,0.02715336591921878,1
ring,1.0,1.9902087633718222,0.004895618314088881,0.026657260117596164,1
ring,1.0,1.9903878284223722,0.004806085788813935,0.026170209708833495,1
ring,1.0,1.9905636186779654,0.004718190661017268,0.025692049721866537,1
ring,1.0,1.9907361940290274,0.004631902985486305,0.025222618179549634,1
ring,1.0,1.990905613270689,0.004547193364655431,0.02476175604474428,1
ring,1.0,1.9910719341228191,0.0044640329385904655,0.024309307167357352,1
ring,1.0,1.9912352132496873,0.004382393375156295,0.023865118232325188,1
ring,1.0,1.9913955062792714,0.004302246860364331,0.023429038708511443,1
ring,1.0,1.991552867822207,0.004223566088896485,0.02300092079860032,1
ring,1.0,1.9917073514903951,0.0041463242548024585,0.02258061939015237,1
ring,1.0,1.9918590099152658,0.004070495042367152,0.02216799200563534,1
ring,1.0,1.9920078947657098,0.003996052617145098,0.02176289875691376,1
ring,1.0,1.9921540567656824,0.0039229716171588595,0.02136520229756548,1
ring,1.0,1.9922975457114833,0.003851227144258394,0.020974767777003165,1
ring,1.0,1.9924384104887232,0.0037807947556384395,0.02059146279541063,1
ring,1.0,1.992576699088978,0.003711650455511034,0.02021515735948288,1
ring,1.0,1.9927124586261393,0.003643770686930331,0.019845723838956445,1
ring,1.0,1.9928457353524662,0.003577132323766924,0.01948303692391331,1
ring,1.0,1.9929765746743422,0.003511712662828938,0.019126973582848802,1
ring,1.0,1.9931050211677455,0.00344748941612724,0.018777413021485737,1
ring,1.0,1.993231118593436,0.003384440703282075,0.018434236642324277,1
ring,1.0,1.9933549099118628,0.0033225450440685866,0.018097328004919252,1
ring,1.0,1.9934764372978027,0.0032617813510986654,0.017766572787196296,1
ring,1.0,1.9935957421547268,0.0032021289226366358,0.01744185874621653,1
ring,1.0,1.9937128651289073,0.003143567435546326,0.017123075681325345,1
ring,1.0,1.9938278461232657,0.0030860769383671293,0.016810115397185365,1
ring,1.0,1.9939407243109666,0.0030296378445166918,0.016502871667273152,1
ring,1.0,1.9940515381487642,0.002974230925617908,0.016201240198232155,1
ring,1.0,1.9941603253901041,0.0029198373049479577,0.015905118594866353,1
ring,1.0,1.9942671230979856,0.002866438451007148,0.01561440632575982,1
ring,1.0,1.9943719676575893,0.0028140161712053705,0.01532900468951265,1
ring,1.0,1.994474894788672,0.002762552605664019,0.015048816781587492,1
ring,1.0,1.9945759395577374,0.002712030221131267,0.014773747461742662,1
ring,1.0,1.9946751363899828,0.0026624318050086156,0.014503703322056876,1
ring,1.0,1.9947725190810266,0.002613740459486693,0.014238592655527174,1
ring,1.0,1.9948681208084234,0.002565939595788295,0.013978325425226066,1
ring,1.0,1.9949619741429665,0.0025190129285167155,0.01372281323401973,1
ring,1.0,1.995054111059785,0.0024729444701074303,0.013471969294826294,1
ring,1.0,1.9951445629492375,0.0024277185253812556,0.013225708401410342,1
ring,1.0,1.9952333606276058,0.002383319686197118,0.01298394689985967,1
ring,1.0,1.9953205343475948,0.0023397328262026143,0.012746602660033144,1
ring,1.0,1.9954061138086387,0.002296943095680578,0.012513595048131702,1
ring,1.0,1.9954901281670203,0.0022549359164898927,0.012284844899671127,1
ring,1.0,1.9955726060458023,0.0022136969770988244,0.012060274492679934,1
ring,1.0,1.9956535755445817,0.002173212227709194,0.011839807521505073,1
ring,1.0,1.9957330642490605,0.0021334678754697145,0.011623369071099473,1
ring,1.0,1.9958110992404463,0.002094450379776869,0.011410885591764513,1
ring,1.0,1.9958877071046766,0.0020561464476617297,0.011202284874355834,1
ring,1.0,1.9959629139414776,0.002018543029261142,0.010997496025929438,1
ring,1.0,1.9960367453732566,0.0019816273133717336,0.01079644944582979,1
ring,1.0,1.9961092265538296,0.001945386723085234,0.010599076802213054,1
ring,1.0,1.9961803821769928,0.001909808911503616,0.010405311008987308,1
ring,1.0,1.9962502364849348,0.0018748817575325984,0.01021508620317344,1
ring,1.0,1.9963188132764957,0.0018405933617520822,0.010028337722675034,1
ring,1.0,1.9963861359152757,0.0018069320423621052,0.009845002084446696,1
ring,1.0,1.9964522273375942,0.001773886331202941,0.009665016963060435,1
ring,1.0,1.996517110060304,0.0017414449698479847,0.009488321169658656,1
ring,1.0,1.9965808061884638,0.0017095969057680813,0.009314854631283528,1
ring,1.0,1.996643337422868,0.0016783312885660325,0.009144558370584822,1
ring,1.0,1.9967047250674401,0.0016476374662799205,0.008977374485895537,1
ring,1.0,1.9967649900364919,0.0016175049817540917,0.008813246131660383,1
ring,1.0,1.9968241528618471,0.0015879235690764552,0.00865211749924884,1
ring,1.0,1.996882233699838,0.0015588831500809904,0.008493933798048137,1
ring,1.0,1.9969392523381717,0.0015303738309141637,0.0083386412369635,1
ring,1.0,1.9969952282026715,0.0015023858986641938,0.008186187006230783,1
ring,1.0,1.9970501803638963,0.0014749098180519096,0.008036519259548928,1
ring,1.0,1.9971041275436356,0.0014479362281821756,0.007889587096551423,1
ring,1.0,1.9971570881212906,0.0014214559393546827,0.007745340545582384,1
ring,1.0,1.9972090801401339,0.0013954599299331079,0.007603730546793936,1
ring,1.0,1.997260121313457,0.0013699393432714882,0.007464708935547722,1
ring,1.0,1.9973102290306064,0.00134488548469685,0.007328228426113209,1
ring,1.0,1.9973594203629061,0.0013202898185469768,0.007194242595666996,1
ring,1.0,1.9974077120694753,0.0012961439652623944,0.007062705868578224,1
ring,1.0,1.997455120602937,0.0012724396985314965,0.006933573500981708,1
ring,1.0,1.9975016621150241,0.0012491689424879238,0.006806801565627009,1
ring,1.0,1.9975473524620817,0.001226323768959154,0.006682346937015347,1
ring,1.0,1.997592207210469,0.001203896394765455,0.006560167276772766,1
ring,1.0,1.9976362416418636,0.001181879179068193,0.00644022101933092,1
ring,1.0,1.9976794707584666,0.0011602646207666757,0.0063224673578458485,1
ring,1.0,1.9977219092881149,0.001139045355942564,0.006206866230370281,1
ring,1.0,1.9977635716892979,0.0011182141553510588,0.0060933783062826685,1
ring,1.0,1.9978044721560841,0.0010977639219579346,0.005981964972959269,1
ring,1.0,1.9978446246229566,0.0010776876885216448,0.00587258832269274,1
ring,1.0,1.9978840427695608,0.0010579786152196302,0.005765211139842368,1
ring,1.0,1.9979227400253639,0.0010386299873180425,0.005659796888224982,1
ring,1.0,1.9979607295742319,0.001019635212884085,0.0055563096987260524,1
ring,1.0,1.9979980243589197,0.0010009878205401908,0.005454714357145103,1
ring,1.0,1.9980346370854813,0.0009826814572592726,0.005354976292255168,1
ring,1.0,1.9980705802275993,0.0009647098862002936,0.005257061564080163,1
ring,1.0,1.998105866030833,0.0009470669845834234,0.005160936852389478,1
ring,1.0,1.9981405065167919,0.0009297467416040515,0.005066569445397267,1
ring,1.0,1.9981745134872302,0.0009127432563849518,0.00497392722866892,1
ring,1.0,1.9982078985280682,0.000896050735965898,0.004882978674235421,1
ring,1.0,1.99824067301334,0.0008796634933300449,0.0047936928298774285,1
ring,1.0,1.9982728481090672,0.0008635759454664044,0.004706039308650641,1
ring,1.0,1.9983044347770644,0.0008477826114677558,0.004619988278566931,1
ring,1.0,1.9983354437786733,0.0008322781106633415,0.004535510452472422,1
ring,1.0,1.9983658856784285,0.0008170571607857124,0.0044525770781125885,1
ring,1.0,1.9983957708476578,0.0008021145761710993,0.004371159928372683,1
ring,1.0,1.9984251094680145,0.000787445265992696,0.004291231291702083,1
ring,1.0,1.9984539115349476,0.0007730442325262525,0.0042127639627061765,1
ring,1.0,1.9984821868611051,0.0007589065694473877,0.004135731232916767,1
ring,1.0,1.99850994507968,0.000745027460160042,0.004060106881721657,1
ring,1.0,1.998537195647689,0.000731402176155498,0.003985865167469785,1
ring,1.0,1.9985639478491972,0.0007180260754014138,0.003912980818727193,1
ring,1.0,1.9985902107984794,0.0007048946007603169,0.0038414290257018265,1
ring,1.0,1.998615993443126,0.0006920032784370219,0.0037711854318178803,1
ring,1.0,1.9986413045670912,0.000679347716454442,0.003702226125445851,1
ring,1.0,1.9986661527936855,0.0006669236031572726,0.0036345276317845537,1
ring,1.0,1.9986905465885139,0.0006547267057430496,0.0035680669048882385,1
ring,1.0,1.9987144942623598,0.0006427528688200552,0.003502821319840228,1
ring,1.0,1.9987380039740168,0.0006309980129916178,0.0034387686650697255,1
ring,1.0,1.9987610837330674,0.0006194581334662815,0.0033758871348085013,1
ring,1.0,1.9987837414026133,0.0006081292986934138,0.0033141553216815512,1
ring,1.0,1.9988059847019526,0.000597007649023746,0.0032535522094395055,1
ring,1.0,1.9988278212092112,0.0005860893953944289,0.003194057165815918,1
ring,1.0,1.9988492583639237,0.0005753708180381183,0.0031356499355206786,1
ring,1.0,1.9988703034695687,0.0005648482652156873,0.0030783106333556304,1
ring,1.0,1.998890963696056,0.0005545181519720963,0.003022019737463423,1
ring,1.0,1.9989112460821699,0.000544376958915036,0.002966758082689589,1
ring,1.0,1.9989311575379682,0.0005344212310158865,0.0029125068540720718,1
ring,1.0,1.9989507048471347,0.0005246475764326248,0.0028592475804503454,1
ring,1.0,1.9989698946692915,0.0005150526653542398,0.002806962128184603,1
ring,1.0,1.9989887335422674,0.0005056332288663002,0.002755632694996962,1
ring,1.0,1.9990072278843254,0.0004963860578372506,0.002705241803918692,1
ring,1.0,1.9990253839963499,0.0004873080018250933,0.002655772297350711,1
ring,1.0,1.999043208063992,0.00047839596800404753,0.002607207331235151,1
ring,1.0,1.9990607061597783,0.00046964692011085534,0.0025595303693254903,1
ring,1.0,1.9990778842451793,0.0004610578774103413,0.002512725177568725,1
ring,1.0,1.9990947481726402,0.000452625913679906,0.0024667758185859673,1
ring,1.0,1.999111303687575,0.0004443481562125765,0.0024216666462555194,1
ring,1.0,1.9991275564303235,0.00043622178483830403,0.002377382300393429,1
ring,1.0,1.9991435119380736,0.00042824403096314593,0.002333907701531611,1
ring,1.0,1.999159175646748,0.0004204121766260317,0.002291228045789245,1
ring,1.0,1.9991745528928544,0.0004127235535727718,0.0022493287998441606,1
ring,1.0,1.999189648915306,0.0004051755423470035,0.002208195695986436,1
ring,1.0,1.9992044688572044,0.000397765571397762,0.0021678147272714307,1
ring,1.0,1.9992190177675933,0.00039049111620337225,0.00212817214275244,1
ring,1.0,1.9992333006031773,0.00038334969841136304,0.002089254442809267,1
ring,1.0,1.9992473222300118,0.0003763388849941112,0.002051048374554711,1
ring,1.0,1.9992610874251602,0.0003694562874199269,0.0020135409273288277,1
ring,1.0,1.9992746008783213,0.0003626995608392991,0.0019767193282742217,1
ring,1.0,1.999287867193428,0.00035606640328602284,0.001940571037990902,1
ring,1.0,1.9993008908902141,0.0003495545548929362,0.001905083746274633,1
ring,1.0,1.999313676405756,0.00034316179712200103,0.0018702453679266273,1
ring,1.0,1.9993262280959831,0.0003368859520084631,0.0018360440386448618,1
ring,1.0,1.9993385502371623,0.00033072488141883615,0.0018024681109896248,1
ring,1.0,1.999350647027355,0.0003246764863224557,0.001769506150419426,1
ring,1.0,1.9993625225878473,0.00031873870607635493,0.0017371469314020683,1
ring,1.0,1.9993741809645535,0.0003129095177232192,0.0017053794335984815,1
ring,1.0,1.9993856261293956,0.00030718693530217944,0.001674192838110938,1
ring,1.0,1.9993968619816556,0.00030156900917221026,0.0016435765238042865,1
ring,1.0,1.9994078923493042,0.00029605382534790174,0.0016135200636922906,1
ring,1.0,1.9994187209903052,0.0002906395048473791,0.001584013221390329,1
ring,1.0,1.9994293515938957,0.0002853242030521474,0.0015550459476326936,1
ring,1.0,1.9994397877818426,0.000280106109078644,0.0015266083768546823,1
ring,1.0,1.9994500331096774,0.00027498344516128383,0.0014986908238344382,1
ring,1.0,1.9994600910679063,0.0002699544660467884,0.0014712837803994537,1
ring,1.0,1.9994699650832009,0.0002650174583995908,0.0014443779121894314,1
ring,1.0,1.9994796585195638,0.0002601707402181141,0.001417964055482837,1
ring,1.0,1.9994891746794765,0.00025541266026172897,0.0013920332140762218,1
ring,1.0,1.9994985168050237,0.00025074159748818395,0.0013665765562246356,1
ring,1.0,1.9995076880789973,0.0002461559605013332,0.0013415854116367218,1
ring,1.0,1.9995166916259821,0.00024165418700895522,0.0013170512685223127,1
ring,1.0,1.999525530513419,0.00023723474329049587,0.0012929657706990773,1
ring,1.0,1.999534207752651,0.00023289612367453712,0.0012693207147453768,1
ring,1.0,1.9995427262999483,0.00022863685002583008,0.0012461080472123724,1
ring,1.0,1.9995510890575166,0.00022445547124170145,0.0012233198618795918,1
ring,1.0,1.9995592988744846,0.0002203505627576775,0.0012009483970671626,1
ring,1.0,1.9995673585478757,0.0002163207260621419,0.0011789860329923948,1
ring,1.0,1.9995752708235603,0.00021236458821987696,0.0011574252891780928,1
ring,1.0,1.9995830383971913,0.0002084808014043112,0.001136258821906366,1
ring,1.0,1.9995906639151233,0.00020466804243832849,0.0011154794217168597,1
ring,1.0,1.999598149975313,0.0002009250123434681,0.0010950800109566126,1
ring,1.0,1.9996054991282053,0.0001972504358973757,0.0010750536413685712,0
ring,1.0,1.9996127138776014,0.00019364306119934154,0.0010553934917280467,0
ring,1.0,1.9996197966815124,0.00019010165924379026,0.001036092865520753,0
ring,1.0,1.999626749952997,0.00018662502350156503,0.0010171451886608444,0
ring,1.0,1.9996335760609822,0.00018321196950887422,0.0009985440072587913,0
ring,1.0,1.9996402773310724,0.00017986133446375247,0.0009802829854187556,0
ring,1.0,1.9996468560463403,0.00017657197682990303,0.0009623559030846055,0
ring,1.0,1.9996533144481043,0.0001733427759477847,0.0009447566539249058,0
ring,1.0,1.9996596547366943,0.00017017263165281166,0.0009274792432480099,0
ring,1.0,1.9996658790721988,0.0001670604639005356,0.0009105177859678656,0
ring,1.0,1.9996719895752026,0.00016400521239868263,0.0008938665045967022,0
ring,1.0,1.9996779883275082,0.00016100583624591963,0.0008775197272805732,0
ring,1.0,1.9996838773728456,0.00015806131357722699,0.0008614718858665784,0
ring,1.0,1.9996896587175685,0.00015517064121575673,0.0008457175140083969,0
ring,1.0,1.999695334331338,0.00015233283433105786,0.0008302512453053064,0
ring,1.0,1.9997009061477928,0.00014954692610355178,0.000815067811475172,0
ring,1.0,1.9997063760652096,0.00014681196739514424,0.0008001620405600364,0
ring,1.0,1.9997117459471483,0.00014412702642586106,0.0007855288551665143,0
ring,1.0,1.9997170176230872,0.0001414911884563976,0.0007711632707375714,0
ring,1.0,1.999722192889047,0.00013890355547647394,0.0007570603938537729,0
ring,1.0,1.9997272735082021,0.0001363632458988896,0.000743215420568017,0
ring,1.0,1.9997322612114816,0.00013386939425917324,0.0007296236347704987,0
ring,1.0,1.9997371576981586,0.00013142115092072543,0.0007162804065825749,0
ring,1.0,1.9997419646364294,0.00012901768178535388,0.0007031811907809435,0
ring,1.0,1.999746683663982,0.0001266581680091023,0.0006903215252488555,0
ring,1.0,1.9997513163885534,0.00012434180572327654,0.000677697029458188,0
ring,1.0,1.999755864388479,0.00012206780576057244,0.0006653034029759879,0
ring,1.0,1.9997603292132275,0.00011983539338621239,0.000653136424003819,0
ring,1.0,1.999764712383932,0.00011764380803399914,0.0006411919479361227,0
ring,1.0,1.9997690153939056,0.00011549230304719641,0.0006294659059513474,0
ring,1.0,1.9997732397091517,0.00011338014542414869,0.0006179543036269373,0
ring,1.0,1.9997773867688629,0.00011130661556855294,0.0006066532195773186,0
ring,1.0,1.9997814579859114,0.00010927100704429754,0.0005955588041196106,0
ring,1.0,1.9997854547473304,0.00010727262633478482,0.0005846672779642555,0
ring,1.0,1.9997893784147867,0.00010531079260665512,0.000573974930924556,0
ring,1.0,1.9997932303250443,0.00010338483747783198,0.0005634781206568607,0
ring,1.0,1.9997970117904205,0.00010149410478980933,0.0005531732714182311,0
ring,1.0,1.9998007240992317,9.963795038410332e-05,0.0005430568728504244,0
ring,1.0,1.9998043685162343,9.781574188279181e-05,0.0005331254787814891,0
ring,1.0,1.9998079462830538,9.602685847306911e-05,0.0005233757060556306,0
ring,1.0,1.9998114586186084,9.427069069573816e-05,0.0005138042333800324,0
ring,1.0,1.9998149067195248,9.254664023757389e-05,0.0005044078001924739,0
ring,1.0,1.999818291760545,9.085411972748087e-05,0.0004951832055529912,0
ring,1.0,1.9998216148949273,8.919255253638192e-05,0.000486127307051767,0
ring,1.0,1.9998248772548384,8.756137258076334e-05,0.0004772370197422201,0
ring,1.0,1.9998280799517403,8.596002412981598e-05,0.00046850931508581647,0
ring,1.0,1.9998312240767677,8.438796161610049e-05,0.00045994121992461086,0
ring,1.0,1.9998343107011007,8.284464944967796e-05,0.00045152981546696527,0
ring,1.0,1.9998373408763288,8.132956183563709e-05,0.0004432722362948323,0
ring,1.0,1.9998403156348101,7.984218259496108e-05,0.00043516566938577657,0
ring,1.0,1.9998432359900227,7.838200498866806e-05,0.0004272073531567273,0
ring,1.0,1.9998461029369097,7.694853154517013e-05,0.0004193945765228981,0
ring,1.0,1.9998489174522185,7.55412738907873e-05,0.0004117246779742013,0
ring,1.0,1.9998516804948332,7.415975258336346e-05,0.000404195044670422,0
ring,1.0,1.9998543930061021,7.280349694892277e-05,0.000396803111548078,0
ring,1.0,1.9998570559101574,7.147204492131578e-05,0.00038954636045051595,0
ring,1.0,1.9998596701142304,7.016494288479578e-05,0.0003824223192683844,0
ring,1.0,1.999862236508961,6.888174551947648e-05,0.0003754285610971683,0
ring,1.0,1.9998647559687008,6.762201564961364e-05,0.0003685627034123088,0
ring,1.0,1.9998672293518107,6.638532409466381e-05,0.00036182240725654514,0
ring,1.0,1.9998696575009538,6.517124952306447e-05,0.00035520537644380347,0
ring,1.0,1.9998720412433826,6.397937830869076e-05,0.00034870935677599796,0
ring,1.0,1.99987438139122,6.280930438993498e-05,0.00034233213527755667,0
ring,1.0,1.9998766787417372,6.166062913136555e-05,0.0003360715394399688,0
ring,1.0,1.9998789340776242,6.053296118791379e-05,0.00032992543648205597,0
ring,1.0,1.999881148167257,5.942591637154669e-05,0.0003238917326242345,0
ring,1.0,1.9998833217649592,5.833911752037587e-05,0.00031796837237483004,0
ring,1.0,1.9998854556112597,5.727219437016232e-05,0.00031215333782933945,0
ring,1.0,1.9998875504331437,5.622478342816923e-05,0.00030644464798545914,0
ring,1.0,1.9998896069443013,5.5196527849323615e-05,0.0003008403580657839,0
ring,1.0,1.9998916258453707,5.4187077314640985e-05,0.00029533855885606724,0
ring,1.0,1.9998936078241762,5.319608791187518e-05,0.0002899373760563743,0
ring,1.0,1.9998955535559633,5.222322201834925e-05,0.0002846349696410353,0
ring,1.0,1.9998974637036282,5.126814818593031e-05,0.0002794295332321395,0
ring,1.0,1.9998993389179438,5.0330541028107786e-05,0.0002743192934859637,0
ring,1.0,1.9999011798377817,4.9410081109136514e-05,0.000269302509486394,0
ring,1.0,1.9999029870903295,4.8506454835207115e-05,0.00026437747215336013,0
ring,1.0,1.9999047612913048,4.761935434760717e-05,0.0002595425036607367,0
ring,1.0,1.9999065030451644,4.674847741783635e-05,0.0002547959568648917,0
ring,1.0,1.9999082129453107,4.589352734463873e-05,0.00025013621474334006,0
ring,1.0,1.999909891574294,4.505421285291966e-05,0.0002455616898437809,0
ring,1.0,1.999911539504011,4.423024799450978e-05,0.00024107082374317572,0
ring,1.0,1.9999131572958986,4.342135205074535e-05,0.0002366620865185475,0
ring,1.0,1.9999147455011264,4.262724943682876e-05,0.00023233397622410528,0
ring,1.0,1.9999163046607842,4.1847669607939586e-05,0.00022808501837953674,0
ring,1.0,1.9999178353060658,4.108234696706129e-05,0.00022391376547001022,0
ring,1.0,1.999919337958451,4.0331020774494976e-05,0.00021981879644963624,0
ring,1.0,1.999920813129882,3.959343505902666e-05,0.00021579871626063065,0
ring,1.0,1.9999222613229386,3.886933853072045e-05,0.00021185215535718347,0
ring,1.0,1.9999236830310094,3.815848449530531e-05,0.00020797776923726582,0
ring,1.0,1.9999250787384597,3.746063077012877e-05,0.00020417423798732058,0
ring,1.0,1.9999264489207966,3.677553960164654e-05,0.0002004402658301427,0
ring,1.0,1.9999277940448312,3.610297758442221e-05,0.00019677458068500777,0
ring,1.0,1.9999291145688367,3.544271558160717e-05,0.00019317593373562093,0
ring,1.0,1.9999304109427063,3.479452864687606e-05,0.00018964309900012827,0
ring,1.0,1.9999316836081045,3.415819594778854e-05,0.00018617487291939025,0
ring,1.0,1.9999329329986189,3.3533500690554025e-05,0.0001827700739428096,0
ring,1.0,1.9999341595399076,3.2920230046171e-05,0.00017942754212697167,0
ring,1.0,1.9999353636498443,3.231817507791839e-05,0.00017614613874074287,0
ring,1.0,1.9999365457386598,3.1727130670171796e-05,0.00017292474587869008,0
ring,1.0,1.9999377062090828,3.114689545852271e-05,0.00016976226607803973,0
ring,1.0,1.9999388454564777,3.0577271761174594e-05,0.0001666576219441108,0
ring,1.0,1.9999399638689768,3.0018065511594735e-05,0.00016360975578824863,0
ring,1.0,1.9999410618276152,2.946908619239669e-05,0.00016061762926144454,0
ring,1.0,1.9999421397064592,2.8930146770432948e-05,0.00015768022300489338,0
ring,1.0,1.9999431978727338,2.8401063633073638e-05,0.00015479653630125169,0
ring,1.0,1.9999442366869487,2.7881656525651575e-05,0.0001519655867324242,0
ring,1.0,1.9999452565030198,2.7371748490050358e-05,0.0001491864098479634,0
ring,1.0,1.999946257668391,2.687116580441653e-05,0.00014645805883373056,0
ring,1.0,1.999947240524152,2.6379737923973387e-05,0.0001437796041904672,0
ring,1.0,1.999948205405154,2.58972974229181e-05,0.000141150133418627,0
ring,1.0,1.9999491526401252,2.5423679937380556e-05,0.0001385687507035858,0
ring,1.0,1.999950082551781,2.4958724109426233e-05,0.00013603457661514888,0
ring,1.0,1.9999509954569359,2.450227153208236e-05,0.0001335467478042164,0
ring,1.0,1.9999518916666092,2.4054166695370242e-05,0.00013110441671185897,0
ring,1.0,1.9999527714861334,2.3614256933323783e-05,0.00012870675127722833,0
ring,1.0,1.999953635215256,2.318239237197772e-05,0.00012635293465732648,0
ring,1.0,1.9999544831482434,2.2758425878306282e-05,0.00012404216494606236,0
ring,1.0,1.9999553155739798,2.2342213010096487e-05,0.00012177365490361276,0
ring,1.0,1.9999561327760664,2.193361196673735e-05,0.00011954663168560957,0
ring,1.0,1.9999569350329183,2.1532483540909868e-05,0.00011736033658131852,0
ring,1.0,1.9999577226178578,2.113869107115975e-05,0.00011521402475666999,0
ring,1.0,1.9999584957992094,2.0752100395338236e-05,0.00011310696499738607,0
ring,1.0,1.9999592548403902,2.0372579804893734e-05,0.00011103843946167346,0
ring,1.0,1.99996,2e-05,0.00010900774343536769,0
ring,1.4,1.6,0.2,1.3217504433004645,0
ring,1.4,1.6073153190899125,0.1963423404550437,1.2585786370726884,0
ring,1.4,1.6144968534463568,0.1927515732768216,1.2013744170921692,0
ring,1.4,1.6215470497643696,0.1892264751178152,1.1493215747547745,0
ring,1.4,1.6284683099931003,0.1857658450034498,1.1017303938590126,0
ring,1.4,1.6352629921541375,0.18236850392293127,1.0580164203000242,0
ring,1.4,1.6419334111448682,0.17903329442756588,1.0176832414521393,0
ring,1.4,1.6484818395271477,0.17575908023642622,0.980308362315368,0
ring,1.4,1.6549105083015423,0.17254474584922885,0.9455315234648293,0
ring,1.4,1.6612216076674169,0.16938919616629156,0.9130449779612804,0
ring,1.4,1.6674172877691178,0.16629135611544113,0.8825853615354954,0
ring,1.4,1.6734996594285112,0.16325017028574443,0.8539268729040497,0
ring,1.4,1.6794707948641248,0.1602646025679376,0.8268755395338582,0
ring,1.4,1.6853327283971367,0.15733363580143167,0.8012643882058837,0
ring,1.4,1.6910874571444543,0.15445627142777288,0.7769493726306138,0
ring,1.4,1.6967369416991156,0.15163152915044223,0.7538059362416842,0
ring,1.4,1.7022831067982496,0.1488584466008752,0.7317261089083298,0
ring,1.4,1.70772784197882,0.14613607901059,0.7106160529536943,0
ring,1.4,1.7130730022213754,0.14346349888931229,0.6903939875262731,0
ring,1.4,1.7183204085820285,0.14083979570898578,0.6709884317977571,0
ring,1.4,1.7234718488128749,0.13826407559356257,0.6523367169069755,0
ring,1.4,1.7285290779710683,0.13573546101446593,0.6343837245055763,0
ring,1.4,1.733493819016754,0.133253090491623,0.6170808164559515,0
ring,1.4,1.7383677634000698,0.13081611829996506,0.6003849258389203,0
ring,1.4,1.7431525716374097,0.12842371418129517,0.5842577841520663,0
ring,1.4,1.7478498738771489,0.12607506306142552,0.5686652635665455,0
ring,1.4,1.7524612704550246,0.12376936477248768,0.5535768164490408,0
ring,1.4,1.7569883324393571,0.12150583378032144,0.5389649971436961,0
ring,1.4,1.7614326021663016,0.11928369891684922,0.5248050534517569,0
ring,1.4,1.7657955937653105,0.11710220311734477,0.5110745771198655,0
ring,1.4,1.770078793674986,0.11496060316250703,0.4977532044370039,0
ring,1.4,1.7742836611494985,0.11285816942525075,0.4848223593585218,0
ring,1.4,1.7784116287557439,0.11079418562212802,0.4722650327801061,0
ring,1.4,1.782464102861408,0.10876794856929593,0.46006559259613844,0
ring,1.4,1.786442464114106,0.10677876794294702,0.4482096200041421,0
ring,1.4,1.7903480679117578,0.10482596604412114,0.43668376814965265,0
ring,1.4,1.794182244864363,0.1029088775678185,0.4254756399427301,0
ring,1.4,1.7979463012473296,0.10102684937633524,0.4145736821848668,0
ring,1.4,1.8016415194465116,0.09917924027674424,0.4039670937399129,0
ring,1.4,1.8052691583951088,0.09736542080244559,0.3936457457163969,0
ring,1.4,1.8088304540025761,0.09558477299871192,0.38360011196354177,0
ring,1.4,1.8123266195756882,0.09383669021215589,0.37382120845874095,0
ring,1.4,1.815758846231904,0.09212057688404798,0.3643005403452811,0
ring,1.4,1.8191283033051722,0.09043584834741396,0.35503005555508954,0
ring,1.4,1.8224361387443133,0.08878193062784334,0.3460021041372297,0
ring,1.4,1.825683479504119,0.08715826024794052,0.3372094025096353,0
ring,1.4,1.8288714319292954,0.08556428403535227,0.3286450019800833,0
ring,1.4,1.832001082131388,0.08399945893430605,0.3203022609655144,0
ring,1.4,1.83507349635881,0.08246325182059497,0.3121748204355858,0
ring,1.4,1.8380897213601073,0.08095513931994637,0.30425658213368406,0
ring,1.4,1.8410507847405757,0.07947460762971209,0.29654168924056845,0
ring,1.4,1.8439576953123604,0.0780211523438198,0.28902450915490424,0
ring,1.4,1.8468114434381488,0.07659427828092555,0.2816996181545378,0
ring,1.4,1.8496130013685814,0.07519349931570929,0.27456178762709266,0
ring,1.4,1.8523633235734889,0.07381833821325551,0.26760597176288436,0
ring,1.4,1.855063347067074,0.07246832646646294,0.26082729647867825,0
ring,1.4,1.8577139917271448,0.07114300413642766,0.2542210494259246,0
ring,1.4,1.8603161606085092,0.06984191969574537,0.24778267096302511,0
ring,1.4,1.8628707402506413,0.06856462987467936,0.24150774600488575,0
ring,1.4,1.8653786009797164,0.06731069951014182,0.23539199653547505,0
ring,1.4,1.8678405972051257,0.0660797013974371,0.22943127490478343,0
ring,1.4,1.8702575677105677,0.06487121614471617,0.22362155759369576,0
ring,1.4,1.872630335939814,0.06368483203009301,0.21795893954415488,0
ring,1.4,1.874959710277252,0.06252014486137401,0.21243962895987714,0
ring,1.4,1.8772464843232943,0.061376757838352856,0.2070599425149202,0
ring,1.4,1.8794914371647535,0.06025428141762329,0.20181630088673874,0
ring,1.4,1.8816953336402698,0.059152333179865076,0.19670522464523255,0
ring,1.4,1.8838589246008874,0.058070537699556286,0.19172333043429682,0
ring,1.4,1.8859829471658627,0.0570085264170687,0.18686732739725145,0
ring,1.4,1.8880681249737954,0.055965937513102325,0.18213401384862082,0
ring,1.4,1.8901151684291675,0.05494241578541624,0.17752027415346683,0
ring,1.4,1.8921247749443724,0.05393761252781386,0.17302307578795761,0
ring,1.4,1.8940976291773173,0.05295118541134134,0.1686394665763637,0
ring,1.4,1.8960344032646828,0.051982798367658664,0.16436657208245425,0
ring,1.4,1.8979357570509126,0.05103212147454368,0.1602015931410909,0
ring,1.4,1.8998023383130198,0.05009883084349005,0.15614180351641557,0
ring,1.4,1.9016347829812783,0.04918260850936088,0.1521845476808601,0
ring,1.4,1.9034337153558794,0.04828314232206036,0.14832723871091447,0
ring,1.4,1.9051997483196268,0.04740012584018657,0.14456735623414868,0
ring,1.4,1.9069334835467417,0.04653325822662917,0.14090244453183776,0
ring,1.4,1.908635511707847,0.045682244146076474,0.13733011068093728,0
ring,1.4,1.9103064126712062,0.04484679366439691,0.13384802277781999,0
ring,1.4,1.9119467557002787,0.04402662214986061,0.13045390823385294,0
ring,1.4,1.913557099647665,0.043221450176167533,0.12714555213954384,0
ring,1.4,1.915137993145502,0.04243100342724901,0.1239207957444593,0
ring,1.4,1.9166899747923793,0.04165501260381029,0.12077753488738656,0
ring,1.4,1.9182135733368353,0.04089321333158232,0.11771371855830903,0
ring,1.4,1.9197093078574972,0.04014534607125137,0.11472734745710456,0
ring,1.4,1.921177687939928,0.03941115603003597,0.11181647260028868,0
ring,1.4,1.9226192138502383,0.03869039307488089,0.10897919416198062,0
ring,1.4,1.9240343767055226,0.03798281164723868,0.10621366003335557,0
ring,1.4,1.9254236586411806,0.03728817067940971,0.10351806464915422,0
ring,1.4,1.9267875329751756,0.036606233512412226,0.10089064771628162,0
ring,1.4,1.9281264643692912,0.03593676781535439,0.09832969316900517,0
ring,1.4,1.9294409089874383,0.035279545506280874,0.09583352801663081,0
ring,1.4,1.9307313146510658,0.034634342674467064,0.0934005211774028,0
ring,1.4,1.9319981209917314,0.03400093950413433,0.09102908234569743,0
ring,1.4,1.933241759600879,0.033379120199560464,0.0887176612341929,0
ring,1.4,1.9344626541768806,0.03276867291155967,0.08646474634440665,0
ring,1.4,1.9356612206693857,0.03216938966530711,0.08426886391403869,0
ring,1.4,1.936837867421033,0.03158106628948349,0.08212857722423969,0
ring,1.4,1.9379929953065693,0.03100350234671538,0.08004248552004542,0
ring,1.4,1.9391269978694246,0.030436501065287714,0.07800922307779747,0
ring,1.4,1.9402402614557896,0.02987986927210513,0.07602745832286563,1
ring,1.4,1.9413331653462413,0.029333417326879344,0.0740958931949883,1
ring,1.4,1.9424060818849598,0.028796959057520135,0.07221326202337662,1
ring,1.4,1.9434593766065842,0.02827031169670789,0.07037833076391208,1
ring,1.4,1.9444934083607477,0.027753295819626145,0.06858989651795053,1
ring,1.4,1.9455085294343342,0.027245735282832913,0.0668467862846826,1
ring,1.4,1.9465050856715003,0.026747457164249904,0.06514785657704578,1
ring,1.4,1.9474834165915014,0.026258291704249283,0.06349199258699562,1
ring,1.4,1.9484438555043644,0.025778072247817835,0.06187810733319791,1
ring,1.4,1.9493867296244423,0.025306635187778835,0.06030514117623074,1
ring,1.4,1.9503123601818952,0.024843819909052326,0.05877206108639819,1
ring,1.4,1.9512210625321305,0.024389468733934744,0.05727785977158397,1
ring,1.4,1.9521131462632413,0.023943426868379317,0.05582155538482455,1
ring,1.4,1.952988915301482,0.023505542349258907,0.054402190683996994,1
ring,1.4,1.9538486680148135,0.023075665992593218,0.05301883227101117,1
ring,1.4,1.9546926973145538,0.02265365134272308,0.051670570487435716,1
ring,1.4,1.955521290755172,0.02223935462241398,0.050356518224820755,1
ring,1.4,1.9563347306322554,0.0218326346838723,0.04907581081015772,1
ring,1.4,1.9571332940786854,0.02143335296065727,0.047827605310383076,1
ring,1.4,1.9579172531590552,0.02104137342047246,0.04661107978954576,1
ring,1.4,1.958686874962359,0.020656562518820573,0.04542543321268939,1
ring,1.4,1.9594424216929882,0.02027878915350584,0.04426988449961237,1
ring,1.4,1.960184150760063,0.01990792461996847,0.04314367226896843,1
ring,1.4,1.960912314865128,0.019543842567435996,0.042046054367319126,1
ring,1.4,1.961627162088247,0.019186418955876486,0.04097630707285037,1
ring,1.4,1.962328935972522,0.01883553201373904,0.039933725220902085,1
ring,1.4,1.9630178756070658,0.018491062196467144,0.03891762104511781,1
ring,1.4,1.9636942157084585,0.018152892145770715,0.03792732435313978,1
ring,1.4,1.964358186700714,0.017820906649643028,0.03696218168712917,1
ring,1.4,1.9650100147937823,0.017494992603108835,0.036021556072794364,1
ring,1.4,1.9656499220606194,0.017175038969690342,0.03510482666765923,1
ring,1.4,1.9662781265128442,0.016860936743577935,0.03421138805503413,1
ring,1.4,1.9668948421750145,0.01655257891249269,0.03334065039499131,1
ring,1.4,1.9675002791575438,0.016249860421228095,0.032492038352754625,1
ring,1.4,1.968094643728283,0.015952678135858548,0.03166499145752977,1
ring,1.4,1.9686781383827952,0.01566093080860237,0.030858963065220568,1
ring,1.4,1.9692509619133451,0.015374519043327458,0.030073420535677606,1
ring,1.4,1.9698133094766244,0.015093345261687775,0.02930784454624282,1
ring,1.4,1.9703653726602417,0.014817313669879121,0.028561728917874278,1
ring,1.4,1.9709073395479941,0.01454633022600291,0.027834580270645743,1
ring,1.4,1.9714393947839464,0.014280302608026794,0.02712591760538913,1
ring,1.4,1.9719617196353376,0.014019140182331238,0.026435272184400276,1
ring,1.4,1.9724744920543373,0.013762753972831328,0.02576218694151794,1
ring,1.4,1.9729778867386734,0.01351105663066328,0.02510621655259163,1
ring,1.4,1.9734720751911494,0.01326396240442534,0.024466926752513423,1
ring,1.4,1.9739572257780742,0.013021387110962911,0.023843894426385952,1
ring,1.4,1.974433503786624,0.012783248106688,0.02323670694625347,1
ring,1.4,1.9749010714811537,0.012549464259423151,0.022644962371325277,1
ring,1.4,1.9753600881584794,0.012319955920760326,0.022068268624743613,1
ring,1.4,1.9758107102021494,0.012094644898925287,0.021506243864900684,1
ring,1.4,1.9762530911357234,0.011873454432138242,0.0209585155685231,1
ring,1.4,1.9766873816750767,0.011656309162461681,0.020424720971085487,1
ring,1.4,1.977113729779747,0.011443135110126493,0.019904506180946087,1
ring,1.4,1.9775322807033449,0.01123385964832761,0.019397526520979026,1
ring,1.4,1.977943177043039,0.011028411478480594,0.01890344578994343,1
ring,1.4,1.9783465587881386,0.010826720605930753,0.01842193654734592,1
ring,1.4,1.978742563367787,0.010628718316106473,0.017952679390998507,1
ring,1.4,1.9791313256977827,0.010434337151108688,0.01749536322991191,1
ring,1.4,1.979512978226543,0.010243510886728473,0.017049684681713417,1
ring,1.4,1.9798876509802301,0.010056174509884951,0.016615348144034852,1
ring,1.4,1.9802554716070484,0.009872264196475826,0.01619206546375696,1
ring,1.4,1.980616565420734,0.009691717289632983,0.015779555771059526,1
ring,1.4,1.9809710554432485,0.00951447227837577,0.01537754537336401,1
ring,1.4,1.9813190624466908,0.009340468776654662,0.014985767410419319,1
ring,1.4,1.9816607049944437,0.009169647502778194,0.014603961936675701,1
ring,1.4,1.9819960994815677,0.009001950259216095,0.014231875377086638,1
ring,1.4,1.9823253601744562,0.008837319912771884,0.013869260868041787,1
ring,1.4,1.982648599249764,0.00867570037511798,0.013515877469276648,1
ring,1.4,1.9829659268326263,0.00851703658368683,0.013171490679796796,1
ring,1.4,1.983277451034177,0.008361274482911516,0.012835871707344754,1
ring,1.4,1.983583277988381,0.00820836100580942,0.012508797666033588,1
ring,1.4,1.9838835118881946,0.008058244055902697,0.012190051316467035,1
ring,1.4,1.9841782550210612,0.007910872489469404,0.011879420859593908,1
ring,1.4,1.9844676078037615,0.007766196098119211,0.011576700024662882,1
ring,1.4,1.9847516688166245,0.007624165591687777,0.011281687526841225,1
ring,1.4,1.985030534837112,0.0074847325814439624,0.010994187485825448,1
ring,1.4,1.9853043008727917,0.0073478495636041495,0.01071400873850101,1
ring,1.4,1.9855730601937038,0.0072134699031480565,0.010440965107434608,1
ring,1.4,1.9858369043641388,0.007081547817930541,0.01017487514830535,1
ring,1.4,1.986095923273832,0.006952038363083956,0.009915561877801737,1
ring,1.4,1.9863502051685884,0.00682489741570578,0.009662853039875498,1
ring,1.4,1.9865998366803475,0.006700081659826267,0.009416580491270313,1
ring,1.4,1.986844902856698,0.006577548571651021,0.00917658058420679,1
ring,1.4,1.9870854871898531,0.0064572564050734615,0.008942693707517862,1
ring,1.4,1.9873216716450954,0.006339164177452231,0.008714764258901577,1
ring,1.4,1.9875535366887025,0.00622323165564872,0.008492640776048254,1
ring,1.4,1.9877811613153602,0.006109419342319937,0.008276175392244152,1
ring,1.4,1.9880046230750759,0.005997688462462057,0.00806522421438903,1
ring,1.4,1.9882239980996,0.005888000950200068,0.007859646900479184,1
ring,1.4,1.988439361128362,0.005780319435819018,0.007659306625187777,1
ring,1.4,1.9886507855339353,0.005674607233032424,0.007464070219431001,1
ring,1.4,1.988858343347033,0.005570828326483533,0.007273807659699258,1
ring,1.4,1.9890621052810498,0.005468947359475161,0.00708839241754945,1
ring,1.4,1.9892621407561522,0.005368929621923925,0.006907701139047821,1
ring,1.4,1.9894585179229305,0.005270741038534787,0.00673161346720548,1
ring,1.4,1.9896513036856163,0.005174348157191843,0.006560012328748531,1
ring,1.4,1.989840563724877,0.005079718137561449,0.006392783461071537,1
ring,1.4,1.9900263625201924,0.004986818739903757,0.006229815521077106,1
ring,1.4,1.9902087633718222,0.004895618314088881,0.006071000128698208,1
ring,1.4,1.9903878284223722,0.004806085788813935,0.005916231448622278,1
ring,1.4,1.9905636186779654,0.004718190661017268,0.005765406504941482,1
ring,1.4,1.9907361940290274,0.004631902985486305,0.005618424930671132,1
ring,1.4,1.990905613270689,0.004547193364655431,0.005475188750374294,1
ring,1.4,1.9910719341228191,0.0044640329385904655,0.005335602686678341,1
ring,1.4,1.9912352132496873,0.004382393375156295,0.005199573791185367,1
ring,1.4,1.9913955062792714,0.004302246860364331,0.005067011385747152,1
ring,1.4,1.991552867822207,0.004223566088896485,0.004937827308902569,1
ring,1.4,1.9917073514903951,0.0041463242548024585,0.004811935492775384,1
ring,1.4,1.9918590099152658,0.004070495042367152,0.004689252008183116,1
ring,1.4,1.9920078947657098,0.003996052617145098,0.004569695267433345,1
ring,1.4,1.9921540567656824,0.0039229716171588595,0.004453185589587323,1
ring,1.4,1.9922975457114833,0.003851227144258394,0.00433964530352976,1
ring,1.4,1.9924384104887232,0.0037807947556384395,0.004228998876479305,1
ring,1.4,1.992576699088978,0.003711650455511034,0.004121172559730036,1
ring,1.4,1.9927124586261393,0.003643770686930331,0.004016094459882795,1
ring,1.4,1.9928457353524662,0.003577132323766924,0.0039136946750647494,1
ring,1.4,1.9929765746743422,0.003511712662828938,0.0038139049352766295,1
ring,1.4,1.9931050211677455,0.00344748941612724,0.0037166586979901456,1
ring,1.4,1.993231118593436,0.003384440703282075,0.003621891261306758,1
ring,1.4,1.9933549099118628,0.0033225450440685866,0.0035295394440519635,1
ring,1.4,1.9934764372978027,0.0032617813510986654,0.003439541637851761,1
ring,1.4,1.9935957421547268,0.0032021289226366358,0.0033518379734237924,1
ring,1.4,1.9937128651289073,0.003143567435546326,0.0032663699756455317,1
ring,1.4,1.9938278461232657,0.0030860769383671293,0.003183080608887707,1
ring,1.4,1.9939407243109666,0.0030296378445166918,0.0031019144561970184,1
ring,1.4,1.9940515381487642,0.002974230925617908,0.0030228174178743733,1
ring,1.4,1.9941603253901041,0.0029198373049479577,0.002945736681096685,1
ring,1.4,1.9942671230979856,0.002866438451007148,0.002870620951996688,1
ring,1.4,1.9943719676575893,0.0028140161712053705,0.0027974201776140603,1
ring,1.4,1.994474894788672,0.002762552605664019,0.002726085496162267,1
ring,1.4,1.9945759395577374,0.002712030221131267,0.002656569370542376,1
ring,1.4,1.9946751363899828,0.0026624318050086156,0.0025888255128988054,1
ring,1.4,1.9947725190810266,0.002613740459486693,0.0025228087283723083,1
ring,1.4,1.9948681208084234,0.002565939595788295,0.0024584749489510458,1
ring,1.4,1.9949619741429665,0.0025190129285167155,0.0023957813781044636,1
ring,1.4,1.995054111059785,0.0024729444701074303,0.002334686200799259,1
ring,1.4,1.9951445629492375,0.0024277185253812556,0.0022751486066165637,1
ring,1.4,1.9952333606276058,0.002383319686197118,0.0022171289617923407,1
ring,1.4,1.9953205343475948,0.0023397328262026143,0.002160588598794177,1
ring,1.4,1.9954061138086387,0.002296943095680578,0.0021054897897857146,1
ring,1.4,1.9954901281670203,0.0022549359164898927,0.0020517957459423404,1
ring,1.4,1.9955726060458023,0.0022136969770988244,0.001999470750542727,1
ring,1.4,1.9956535755445817,0.002173212227709194,0.0019484798948787197,1
ring,1.4,1.9957330642490605,0.0021334678754697145,0.0018987891053657993,1
ring,1.4,1.9958110992404463,0.002094450379776869,0.0018503652925333678,1
ring,1.4,1.9958877071046766,0.0020561464476617297,0.001803176194619507,1
ring,1.4,1.9959629139414776,0.002018543029261142,0.0017571903181352374,1
ring,1.4,1.9960367453732566,0.0019816273133717336,0.001712376927362619,1
ring,1.4,1.9961092265538296,0.001945386723085234,0.001668706218036337,1
ring,1.4,1.9961803821769928,0.001909808911503616,0.0016261490619210225,1
ring,1.4,1.9962502364849348,0.0018748817575325984,0.0015846770484810708,1
ring,1.4,1.9963188132764957,0.0018405933617520822,0.0015442624757390346,1
ring,1.4,1.9963861359152757,0.0018069320423621052,0.001504878460231055,1
ring,1.4,1.9964522273375942,0.001773886331202941,0.001466498726850537,1
ring,1.4,1.996517110060304,0.0017414449698479847,0.0014290976213714344,1
ring,1.4,1.9965808061884638,0.0017095969057680813,0.0013926501988450188,1
ring,1.4,1.996643337422868,0.0016783312885660325,0.0013571322079357516,1
ring,1.4,1.9967047250674401,0.0016476374662799205,0.0013225199407062768,1
ring,1.4,1.9967649900364919,0.0016175049817540917,0.0012887902630519495,1
ring,1.4,1.9968241528618471,0.0015879235690764552,0.0012559206759351874,1
ring,1.4,1.996882233699838,0.0015588831500809904,0.001223889305504388,1
ring,1.4,1.9969392523381717,0.0015303738309141637,0.0011926747745828411,1
ring,1.4,1.9969952282026715,0.0015023858986641938,0.0011622562092800336,1
ring,1.4,1.9970501803638963,0.0014749098180519096,0.0011326133170614266,1
ring,1.4,1.9971041275436356,0.0014479362281821756,0.0011037263795400428,1
ring,1.4,1.9971570881212906,0.0014214559393546827,0.001075576109233819,1
ring,1.4,1.9972090801401339,0.0013954599299331079,0.001048143710987255,1
ring,1.4,1.997260121313457,0.0013699393432714882,0.001021410837550616,1
ring,1.4,1.9973102290306064,0.00134488548469685,0.000995359716985338,1
ring,1.4,1.9973594203629061,0.0013202898185469768,0.0009699729671289939,1
ring,1.4,1.9974077120694753,0.0012961439652623944,0.0009452336412615927,1
ring,1.4,1.997455120602937,0.0012724396985314965,0.0009211251671474032,1
ring,1.4,1.9975016621150241,0.0012491689424879238,0.0008976315215395759,1
ring,1.4,1.9975473524620817,0.001226323768959154,0.0008747370490014046,1
ring,1.4,1.997592207210469,0.001203896394765455,0.0008524264558655962,1
ring,1.4,1.9976362416418636,0.001181879179068193,0.0008306848141232203,1
ring,1.4,1.9976794707584666,0.0011602646207666757,0.0008094976240216109,1
ring,1.4,1.9977219092881149,0.001139045355942564,0.0007888507911420846,1
ring,1.4,1.9977635716892979,0.0011182141553510588,0.0007687305289853017,1
ring,1.4,1.9978044721560841,0.0010977639219579346,0.0007491234036307149,1
ring,1.4,1.9978446246229566,0.0010776876885216448,0.0007300162809692435,1
ring,1.4,1.9978840427695608,0.0010579786152196302,0.000711396463299882,1
ring,1.4,1.9979227400253639,0.0010386299873180425,0.0006932515391163671,1
ring,1.4,1.9979607295742319,0.001019635212884085,0.0006755693885299746,1
ring,1.4,1.9979980243589197,0.0010009878205401908,0.0006583381725180384,1
ring,1.4,1.9980346370854813,0.0009826814572592726,0.0006415463984681689,1
ring,1.4,1.9980705802275993,0.0009647098862002936,0.0006251828996209197,1
ring,1.4,1.998105866030833,0.0009470669845834234,0.0006092367528033533,1
ring,1.4,1.9981405065167919,0.0009297467416040515,0.0005936973089264354,1
ring,1.4,1.9981745134872302,0.0009127432563849518,0.0005785541483563997,1
ring,1.4,1.9982078985280682,0.000896050735965898,0.0005637971990975453,1
ring,1.4,1.99824067301334,0.0008796634933300449,0.0005494166383567011,1
ring,1.4,1.9982728481090672,0.0008635759454664044,0.0005354028583338023,1
ring,1.4,1.9983044347770644,0.0008477826114677558,0.0005217465036599012,1
ring,1.4,1.9983354437786733,0.0008322781106633415,0.0005084384105970701,1
ring,1.4,1.9983658856784285,0.0008170571607857124,0.0004954697376604561,1
ring,1.4,1.9983957708476578,0.0008021145761710993,0.00048283184957282087,1
ring,1.4,1.9984251094680145,0.000787445265992696,0.00047051630026531904,1
ring,1.4,1.9984539115349476,0.0007730442325262525,0.00045851486942793853,1
ring,1.4,1.9984821868611051,0.0007589065694473877,0.0004468194982799296,1
ring,1.4,1.99850994507968,0.000745027460160042,0.0004354224183359228,1
ring,1.4,1.998537195647689,0.000731402176155498,0.00042431604314021974,1
ring,1.4,1.9985639478491972,0.0007180260754014138,0.0004134929522473161,1
ring,1.4,1.9985902107984794,0.0007048946007603169,0.00040294591959084833,1
ring,1.4,1.998615993443126,0.0006920032784370219,0.0003926678612766001,1
ring,1.4,1.9986413045670912,0.000679347716454442,0.0003826519415447712,1
ring,1.4,1.9986661527936855,0.0006669236031572726,0.00037289150005625235,1
ring,1.4,1.9986905465885139,0.0006547267057430496,0.000363380021647277,1
ring,1.4,1.9987144942623598,0.0006427528688200552,0.00035411114965981134,1
ring,1.4,1.9987380039740168,0.0006309980129916178,0.00034507867413038055,1
ring,1.4,1.9987610837330674,0.0006194581334662815,0.00033627655578430545,1
ring,1.4,1.9987837414026133,0.0006081292986934138,0.0003276989520429436,1
ring,1.4,1.9988059847019526,0.000597007649023746,0.00031934014680748673,1
ring,1.4,1.9988278212092112,0.0005860893953944289,0.00031119454955852026,1
ring,1.4,1.9988492583639237,0.0005753708180381183,0.00030325672643637206,1
ring,1.4,1.9988703034695687,0.0005648482652156873,0.00029552133471808407,1
ring,1.4,1.998890963696056,0.0005545181519720963,0.00028798323609650477,1
ring,1.4,1.9989112460821699,0.000544376958915036,0.0002806374199614055,1
ring,1.4,1.9989311575379682,0.0005344212310158865,0.0002734789847256538,1
ring,1.4,1.9989507048471347,0.0005246475764326248,0.0002665031370027766,1
ring,1.4,1.9989698946692915,0.0005150526653542398,0.000259705231550107,1
ring,1.4,1.9989887335422674,0.0005056332288663002,0.00025308068189661815,1
ring,1.4,1.9990072278843254,0.0004963860578372506,0.0002466250994981514,1
ring,1.4,1.9990253839963499,0.0004873080018250933,0.00024033419113987694,1
ring,1.4,1.999043208063992,0.00047839596800404753,0.00023420375718459637,1
ring,1.4,1.9990607061597783,0.00046964692011085534,0.00022822969085166162,1
ring,1.4,1.9990778842451793,0.0004610578774103413,0.00022240801742147434,1
ring,1.4,1.9990947481726402,0.000452625913679906,0.00021673480221148913,1
ring,1.4,1.999111303687575,0.0004443481562125765,0.00021120628953415278,1
ring,1.4,1.9991275564303235,0.00043622178483830403,0.0002058188043608759,1
ring,1.4,1.9991435119380736,0.00042824403096314593,0.00020056875162238644,1
ring,1.4,1.999159175646748,0.0004204121766260317,0.00019545261560505813,1
ring,1.4,1.9991745528928544,0.0004127235535727718,0.0001904669894608149,1
ring,1.4,1.999189648915306,0.0004051755423470035,0.00018560850389486545,1
ring,1.4,1.9992044688572044,0.000397765571397762,0.0001808739342627828,1
ring,1.4,1.9992190177675933,0.00039049111620337225,0.00017626013806184396,1
ring,1.4,1.9992333006031773,0.00038334969841136304,0.00017176404077134128,1
ring,1.4,1.9992473222300118,0.0003763388849941112,0.00016738263537280625,1
ring,1.4,1.9992610874251602,0.0003694562874199269,0.0001631129936430666,1
ring,1.4,1.9992746008783213,0.0003626995608392991,0.0001589522538717088,1
ring,1.4,1.999287867193428,0.00035606640328602284,0.0001548976199898379,1
ring,1.4,1.9993008908902141,0.0003495545548929362,0.0001509464082672067,1
ring,1.4,1.999313676405756,0.00034316179712200103,0.00014709599243345895,1
ring,1.4,1.9993262280959831,0.0003368859520084631,0.00014334380332303294,1
ring,1.4,1.9993385502371623,0.00033072488141883615,0.0001396873284481029,1
ring,1.4,1.999350647027355,0.0003246764863224557,0.00013612413037301176,1
ring,1.4,1.9993625225878473,0.00031873870607635493,0.00013265180617888872,1
ring,1.4,1.9993741809645535,0.0003129095177232192,0.00012926803471337137,1
ring,1.4,1.9993856261293956,0.00030718693530217944,0.00012597057591902917,1
ring,1.4,1.9993968619816556,0.00030156900917221026,0.00012275723772133782,1
ring,1.4,1.9994078923493042,0.00029605382534790174,0.00011962587573066064,1
ring,1.4,1.9994187209903052,0.0002906395048473791,0.00011657439288319566,1
ring,1.4,1.9994293515938957,0.0002853242030521474,0.0001136007534833282,1
ring,1.4,1.9994397877818426,0.000280106109078644,0.00011070295729627004,1
ring,1.4,1.9994500331096774,0.00027498344516128383,0.00010787905731019713,1
ring,1.4,1.9994600910679063,0.0002699544660467884,0.0001051271865885144,1
ring,1.4,1.9994699650832009,0.0002650174583995908,0.00010244551798596502,1
ring,1.4,1.9994796585195638,0.0002601707402181141,9.98322639183137e-05,1
ring,1.4,1.9994891746794765,0.00025541266026172897,9.728567608064373e-05,1
ring,1.4,1.9994985168050237,0.00025074159748818395,9.480404511825592e-05,1
ring,1.4,1.9995076880789973,0.0002461559605013332,9.238573020262072e-05,1
ring,1.4,1.9995166916259821,0.00024165418700895522,9.002907651430685e-05,1
ring,1.4,1.999525530513419,0.00023723474329049587,8.773252617617202e-05,1
ring,1.4,1.999534207752651,0.00023289612367453712,8.54945587145791e-05,1
ring,1.4,1.9995427262999483,0.00022863685002583008,8.331368622820831e-05,1
ring,1.4,1.9995510890575166,0.00022445547124170145,8.118845318487469e-05,1
ring,1.4,1.9995592988744846,0.0002203505627576775,7.911743617842924e-05,1
ring,1.4,1.9995673585478757,0.0002163207260621419,7.709924536736377e-05,1
ring,1.4,1.9995752708235603,0.00021236458821987696,7.513254825747113e-05,1
ring,1.4,1.9995830383971913,0.0002084808014043112,7.321599297621973e-05,1
ring,1.4,1.9995906639151233,0.00020466804243832849,7.134831692024876e-05,1
ring,1.4,1.999598149975313,0.0002009250123434681,6.952828404658357e-05,1
ring,1.4,1.9996054991282053,0.0001972504358973757,6.77546847487178e-05,0
ring,1.4,1.9996127138776014,0.00019364306119934154,6.60263356956965e-05,0
ring,1.4,1.9996197966815124,0.00019010165924379026,6.434207963808996e-05,0
ring,1.4,1.999626749952997,0.00018662502350156503,6.270078518290359e-05,0
ring,1.4,1.9996335760609822,0.00018321196950887422,6.110137023701375e-05,0
ring,1.4,1.9996402773310724,0.00017986133446375247,5.954273585956636e-05,0
ring,1.4,1.9996468560463403,0.00017657197682990303,5.802384684380467e-05,0
ring,1.4,1.9996533144481043,0.0001733427759477847,5.654370047352646e-05,0
ring,1.4,1.9996596547366943,0.00017017263165281166,5.510131528152103e-05,0
ring,1.4,1.9996658790721988,0.0001670604639005356,5.3695730937522395e-05,0
ring,1.4,1.9996719895752026,0.00016400521239868263,5.232600810703826e-05,0
ring,1.4,1.9996779883275082,0.00016100583624591963,5.0991228284841836e-05,0
ring,1.4,1.9996838773728456,0.00015806131357722699,4.969049360480933e-05,0
ring,1.4,1.9996896587175685,0.00015517064121575673,4.84229547793004e-05,0
ring,1.4,1.999695334331338,0.00015233283433105786,4.718772702877767e-05,0
ring,1.4,1.9997009061477928,0.00014954692610355178,4.5983997887122926e-05,0
ring,1.4,1.9997063760652096,0.00014681196739514424,4.481097296544115e-05,0
ring,1.4,1.9997117459471483,0.00014412702642586106,4.366787468568872e-05,0
ring,1.4,1.9997170176230872,0.0001414911884563976,4.255394219291135e-05,0
ring,1.4,1.999722192889047,0.00013890355547647394,4.146843124617391e-05,0
ring,1.4,1.9997272735082021,0.0001363632458988896,4.041061408817684e-05,0
ring,1.4,1.9997322612114816,0.00013386939425917324,3.937977929648004e-05,0
ring,1.4,1.9997371576981586,0.00013142115092072543,3.837525062782406e-05,0
ring,1.4,1.9997419646364294,0.00012901768178535388,3.739633490239766e-05,0
ring,1.4,1.999746683663982,0.0001266581680091023,3.644237640733877e-05,0
ring,1.4,1.9997513163885534,0.00012434180572327654,3.5512747570497817e-05,0
ring,1.4,1.999755864388479,0.00012206780576057244,3.460683394647009e-05,0
ring,1.4,1.9997603292132275,0.00011983539338621239,3.3724034162247003e-05,0
ring,1.4,1.999764712383932,0.00011764380803399914,3.2863759843187204e-05,0
ring,1.4,1.9997690153939056,0.00011549230304719641,3.202543552305447e-05,0
ring,1.4,1.9997732397091517,0.00011338014542414869,3.120849853746278e-05,0
ring,1.4,1.9997773867688629,0.00011130661556855294,3.0412398903479523e-05,0
ring,1.4,1.9997814579859114,0.00010927100704429754,2.9636618359058157e-05,0
ring,1.4,1.9997854547473304,0.00010727262633478482,2.8880616002277604e-05,0
ring,1.4,1.9997893784147867,0.00010531079260665512,2.8143885717466213e-05,0
ring,1.4,1.9997932303250443,0.00010338483747783198,2.742594364654314e-05,0
ring,1.4,1.9997970117904205,0.00010149410478980933,2.6726315988640528e-05,0
ring,1.4,1.9998007240992317,9.963795038410332e-05,2.6044538964584317e-05,0
ring,1.4,1.9998043685162343,9.781574188279181e-05,2.5380158764448058e-05,0
ring,1.4,1.9998079462830538,9.602685847306911e-05,2.4732731484137083e-05,0
ring,1.4,1.9998114586186084,9.427069069573816e-05,2.410182304675814e-05,0
ring,1.4,1.9998149067195248,9.254664023757389e-05,2.348700911532441e-05,0
ring,1.4,1.999818291760545,9.085411972748087e-05,2.288787519238302e-05,0
ring,1.4,1.9998216148949273,8.919255253638192e-05,2.230404072990028e-05,0
ring,1.4,1.9998248772548384,8.756137258076334e-05,2.173508164469267e-05,0
ring,1.4,1.9998280799517403,8.596002412981598e-05,2.118062644021861e-05,0
ring,1.4,1.9998312240767677,8.438796161610049e-05,2.064031117980691e-05,0
ring,1.4,1.9998343107011007,8.284464944967796e-05,2.0113779473111126e-05,0
ring,1.4,1.9998373408763288,8.132956183563709e-05,1.960068245126665e-05,0
ring,1.4,1.9998403156348101,7.984218259496108e-05,1.9100678729585664e-05,0
ring,1.4,1.9998432359900227,7.838200498866806e-05,1.8613434359449778e-05,0
ring,1.4,1.9998461029369097,7.694853154517013e-05,1.813862277279592e-05,0
ring,1.4,1.9998489174522185,7.55412738907873e-05,1.7675924716071523e-05,0
ring,1.4,1.9998516804948332,7.415975258336346e-05,1.722502817793829e-05,0
ring,1.4,1.9998543930061021,7.280349694892277e-05,1.6785641481150194e-05,0
ring,1.4,1.9998570559101574,7.147204492131578e-05,1.6357460587584016e-05,0
ring,1.4,1.9998596701142304,7.016494288479578e-05,1.5940189685744637e-05,0
ring,1.4,1.999862236508961,6.888174551947648e-05,1.5533556356740953e-05,0
ring,1.4,1.9998647559687008,6.762201564961364e-05,1.513729372048093e-05,0
ring,1.4,1.9998672293518107,6.638532409466381e-05,1.4751140426827911e-05,0
ring,1.4,1.9998696575009538,6.517124952306447e-05,1.4374840636828182e-05,0
ring,1.4,1.9998720412433826,6.397937830869076e-05,1.40081439958333e-05,0
ring,1.4,1.99987438139122,6.280930438993498e-05,1.3650805599937484e-05,0
ring,1.4,1.9998766787417372,6.166062913136555e-05,1.3302585953718171e-05,0
ring,1.4,1.9998789340776242,6.053296118791379e-05,1.2963250923357068e-05,0
ring,1.4,1.999881148167257,5.942591637154669e-05,1.2632571683411419e-05,0
ring,1.4,1.9998833217649592,5.833911752037587e-05,1.2310324769357436e-05,0
ring,1.4,1.9998854556112597,5.727219437016232e-05,1.1996310118928538e-05,0
ring,1.4,1.9998875504331437,5.622478342816923e-05,1.1690293696103084e-05,0
ring,1.4,1.9998896069443013,5.5196527849323615e-05,1.1392076385348696e-05,0
ring,1.4,1.9998916258453707,5.4187077314640985e-05,1.1101463070676774e-05,0
ring,1.4,1.9998936078241762,5.319608791187518e-05,1.081826263394997e-05,0
ring,1.4,1.9998955535559633,5.222322201834925e-05,1.0542287944916597e-05,0
ring,1.4,1.9998974637036282,5.126814818593031e-05,1.0273355846102914e-05,0
ring,1.4,1.9998993389179438,5.0330541028107786e-05,1.0011287130714094e-05,0
ring,1.4,1.9999011798377817,4.9410081109136514e-05,9.755906516037317e-06,0
ring,1.4,1.9999029870903295,4.8506454835207115e-05,9.507042611838277e-06,0
ring,1.4,1.9999047612913048,4.761935434760717e-05,9.2645278844948e-06,0
ring,1.4,1.9999065030451644,4.674847741783635e-05,9.02819861694936e-06,0
ring,1.4,1.9999082129453107,4.589352734463873e-05,8.797902187699877e-06,0
ring,1.4,1.999909891574294,4.505421285291966e-05,8.573485786420205e-06,0
ring,1.4,1.999911539504011,4.423024799450978e-05,8.354782961350625e-06,0
ring,1.4,1.9999131572958986,4.342135205074535e-05,8.141652098231631e-06,0
ring,1.4,1.9999147455011264,4.262724943682876e-05,7.933954376692324e-06,0
ring,1.4,1.9999163046607842,4.1847669607939586e-05,7.731553771888094e-06,0
ring,1.4,1.9999178353060658,4.108234696706129e-05,7.534317053038556e-06,0
ring,1.4,1.999919337958451,4.0331020774494976e-05,7.342113775829747e-06,0
ring,1.4,1.999920813129882,3.959343505902666e-05,7.154816271558446e-06,0
ring,1.4,1.9999222613229386,3.886933853072045e-05,6.9722996307060365e-06,0
ring,1.4,1.9999236830310094,3.815848449530531e-05,6.794441684480322e-06,0
ring,1.4,1.9999250787384597,3.746063077012877e-05,6.621122981725494e-06,0
ring,1.4,1.9999264489207966,3.677553960164654e-05,6.452226763828116e-06,0
ring,1.4,1.9999277940448312,3.610297758442221e-05,6.2876389366259865e-06,0
ring,1.4,1.9999291145688367,3.544271558160717e-05,6.127248039467423e-06,0
ring,1.4,1.9999304109427063,3.479452864687606e-05,5.97095318268116e-06,0
ring,1.4,1.9999316836081045,3.415819594778854e-05,5.818646770955471e-06,0
ring,1.4,1.9999329329986189,3.3533500690554025e-05,5.670217449904005e-06,0
ring,1.4,1.9999341595399076,3.2920230046171e-05,5.5255692665025194e-06,0
ring,1.4,1.9999353636498443,3.231817507791839e-05,5.384608148566258e-06,0
ring,1.4,1.9999365457386598,3.1727130670171796e-05,5.247241907534129e-06,0
ring,1.4,1.9999377062090828,3.114689545852271e-05,5.113380238366103e-06,0
ring,1.4,1.9999388454564777,3.0577271761174594e-05,4.982934714949561e-06,0
ring,1.4,1.9999399638689768,3.0018065511594735e-05,4.855818783998676e-06,0
ring,1.4,1.9999410618276152,2.946908619239669e-05,4.731947754670384e-06,0
ring,1.4,1.9999421397064592,2.8930146770432948e-05,4.611238786599154e-06,0
ring,1.4,1.9999431978727338,2.8401063633073638e-05,4.49361087545191e-06,0
ring,1.4,1.9999442366869487,2.7881656525651575e-05,4.378984835892535e-06,0
ring,1.4,1.9999452565030198,2.7371748490050358e-05,4.267283283468137e-06,0
ring,1.4,1.999946257668391,2.687116580441653e-05,4.158430614409548e-06,0
ring,1.4,1.999947240524152,2.6379737923973387e-05,4.052352983881693e-06,0
ring,1.4,1.999948205405154,2.58972974229181e-05,3.948986170829661e-06,0
ring,1.4,1.9999491526401252,2.5423679937380556e-05,3.8482526887904185e-06,0
ring,1.4,1.999950082551781,2.4958724109426233e-05,3.7500848165606357e-06,0
ring,1.4,1.9999509954569359,2.450227153208236e-05,3.65441878742187e-06,0
ring,1.4,1.9999518916666092,2.4054166695370242e-05,3.5611921068891667e-06,0
ring,1.4,1.9999527714861334,2.3614256933323783e-05,3.470343552344468e-06,0
ring,1.4,1.999953635215256,2.318239237197772e-05,3.3818131708877944e-06,0
ring,1.4,1.9999544831482434,2.2758425878306282e-05,3.295542275418548e-06,0
ring,1.4,1.9999553155739798,2.2342213010096487e-05,3.2114734378433024e-06,0
ring,1.4,1.9999561327760664,2.193361196673735e-05,3.129550481640781e-06,0
ring,1.4,1.9999569350329183,2.1532483540909868e-05,3.0497184715503867e-06,0
ring,1.4,1.9999577226178578,2.113869107115975e-05,2.9719237035833334e-06,0
ring,1.4,1.9999584957992094,2.0752100395338236e-05,2.8961136918983342e-06,0
ring,1.4,1.9999592548403902,2.0372579804893734e-05,2.8222371560432346e-06,0
ring,1.4,1.99996,2e-05,2.750244005952029e-06,0
complete,0.6,1.6,0.2,1.3217504433004645,0
complete,0.6,1.6073153190899125,0.1963423404550437,1.3035733090515729,0
complete,0.6,1.6144968534463568,0.1927515732768216,1.2859039130273602,0
complete,0.6,1.6215470497643696,0.1892264751178152,1.2687096392519028,0
complete,0.6,1.6284683099931003,0.1857658450034498,1.2519609051931313,0
complete,0.6,1.6352629921541375,0.18236850392293127,1.2356308207827111,0
complete,0.6,1.6419334111448682,0.17903329442756588,1.219694892172517,0
complete,0.6,1.6484818395271477,0.17575908023642622,1.2041307636096994,0
complete,0.6,1.6549105083015423,0.17254474584922885,1.1889179918818722,0
complete,0.6,1.6612216076674169,0.16938919616629156,1.1740378483245817,0
complete,0.6,1.6674172877691178,0.16629135611544113,1.159473144916462,0
complete,0.6,1.6734996594285112,0.16325017028574443,1.1452080807170828,0
complete,0.6,1.6794707948641248,0.1602646025679376,1.1312281062602347,0
complete,0.6,1.6853327283971367,0.15733363580143167,1.1175198032251388,0
complete,0.6,1.6910874571444543,0.15445627142777288,1.104070777578782,0
complete,0.6,1.6967369416991156,0.15163152915044223,1.0908695644215494,0
complete,0.6,1.7022831067982496,0.1488584466008752,1.0779055430311604,0
complete,0.6,1.70772784197882,0.14613607901059,1.065168860897444,0
complete,0.6,1.7130730022213754,0.14346349888931229,1.0526503656489448,0
complete,0.6,1.7183204085820285,0.14083979570898578,1.0403415439301185,0
complete,0.6,1.7234718488128749,0.13826407559356257,1.028234466421355,0
complete,0.6,1.7285290779710683,0.13573546101446593,1.0163217382994691,0
complete,0.6,1.733493819016754,0.133253090491623,1.0045964545220725,0
complete,0.6,1.7383677634000698,0.13081611829996506,0.9930521594061104,0
complete,0.6,1.7431525716374097,0.12842371418129517,0.9816828100252892,0
complete,0.6,1.7478498738771489,0.12607506306142552,0.9704827430200651,0
complete,0.6,1.7524612704550246,0.12376936477248768,0.9594466444609075,0
complete,0.6,1.7569883324393571,0.12150583378032144,0.9485695224474597,0
complete,0.6,1.7614326021663016,0.11928369891684922,0.937846682140886,0
complete,0.6,1.7657955937653105,0.11710220311734477,0.9272737030277777,0
complete,0.6,1.770078793674986,0.11496060316250703,0.9168464181491938,0
complete,0.6,1.7742836611494985,0.11285816942525075,0.9065608951213143,0
complete,0.6,1.7784116287557439,0.11079418562212802,0.8964134187783381,0
complete,0.6,1.782464102861408,0.10876794856929593,0.8864004752797892,0
complete,0.6,1.786442464114106,0.10677876794294702,0.876518737475325,0
complete,0.6,1.7903480679117578,0.10482596604412114,0.8667650516459576,0
complete,0.6,1.794182244864363,0.1029088775678185,0.8571364250529026,0
complete,0.6,1.7979463012473296,0.10102684937633524,0.8476300147836044,0
complete,0.6,1.8016415194465116,0.09917924027674424,0.8382431172335072,0
complete,0.6,1.8052691583951088,0.09736542080244559,0.8289731586163154,0
complete,0.6,1.8088304540025761,0.09558477299871192,0.8198176860636532,0
complete,0.6,1.8123266195756882,0.09383669021215589,0.8107743595026929,0
complete,0.6,1.815758846231904,0.09212057688404798,0.8018409441243803,0
complete,0.6,1.8191283033051722,0.09043584834741396,0.7930153034467858,0
complete,0.6,1.8224361387443133,0.08878193062784334,0.7842953928669336,0
complete,0.6,1.825683479504119,0.08715826024794052,0.7756792537039783,0
complete,0.6,1.8288714319292954,0.08556428403535227,0.7671650077037027,0
complete,0.6,1.832001082131388,0.08399945893430605,0.7587508519315233,0
complete,0.6,1.83507349635881,0.08246325182059497,0.7504350540355678,0
complete,0.6,1.8380897213601073,0.08095513931994637,0.7422159478532288,0
complete,0.6,1.8410507847405757,0.07947460762971209,0.7340919293395832,0
complete,0.6,1.8439576953123604,0.0780211523438198,0.7260614527818616,0
complete,0.6,1.8468114434381488,0.07659427828092555,0.7181230272620653,0
complete,0.6,1.8496130013685814,0.07519349931570929,0.7102752134149164,0
complete,0.6,1.8523633235734889,0.07381833821325551,0.702516620388573,0
complete,0.6,1.855063347067074,0.07246832646646294,0.6948459029313664,0
complete,0.6,1.8577139917271448,0.07114300413642766,0.6872617589279391,0
complete,0.6,1.8603161606085092,0.06984191969574537,0.6797629266914368,0
complete,0.6,1.8628707402506413,0.06856462987467936,0.672348182960449,0
complete,0.6,1.8653786009797164,0.06731069951014182,0.665016340492482,0
complete,0.6,1.8678405972051257,0.0660797013974371,0.657766246265761,0
complete,0.6,1.8702575677105677,0.06487121614471617,0.6505967795780044,0
complete,0.6,1.872630335939814,0.06368483203009301,0.6435068501759066,0
complete,0.6,1.874959710277252,0.06252014486137401,0.6364953968544477,0
complete,0.6,1.8772464843232943,0.061376757838352856,0.6295613858205791,0
complete,0.6,1.8794914371647535,0.06025428141762329,0.6227038091898411,0
complete,0.6,1.8816953336402698,0.059152333179865076,0.6159216838476456,0
complete,0.6,1.8838589246008874,0.058070537699556286,0.6092140501764782,0
complete,0.6,1.8859829471658627,0.0570085264170687,0.6025799707486051,0
complete,0.6,1.8880681249737954,0.055965937513102325,0.596018529340493,0
complete,0.6,1.8901151684291675,0.05494241578541624,0.5895288299564795,0
complete,0.6,1.8921247749443724,0.05393761252781386,0.5831099958442001,0
complete,0.6,1.8940976291773173,0.05295118541134134,0.5767611686341919,0
complete,0.6,1.8960344032646828,0.051982798367658664,0.570481507342045,0
complete,0.6,1.8979357570509126,0.05103212147454368,0.5642701878727393,0
complete,0.6,1.8998023383130198,0.05009883084349005,0.5581264020015793,0
complete,0.6,1.9016347829812783,0.04918260850936088,0.5520493568293096,0
complete,0.6,1.9034337153558794,0.04828314232206036,0.5460382742115765,0
complete,0.6,1.9051997483196268,0.04740012584018657,0.5400923899474568,0
complete,0.6,1.9069334835467417,0.04653325822662917,0.5342109533169914,0
complete,0.6,1.908635511707847,0.045682244146076474,0.5283932265914881,0
complete,0.6,1.9103064126712062,0.04484679366439691,0.52263848452341,0
complete,0.6,1.9119467557002787,0.04402662214986061,0.5169460137543321,0
complete,0.6,1.913557099647665,0.043221450176167533,0.5113151124401615,0
complete,0.6,1.915137993145502,0.04243100342724901,0.5057450898651954,0
complete,0.6,1.9166899747923793,0.04165501260381029,0.5002352660304409,0
complete,0.6,1.9182135733368353,0.04089321333158232,0.4947849712714188,0
complete,0.6,1.9197093078574972,0.04014534607125137,0.489393545876987,0
complete,0.6,1.921177687939928,0.03941115603003597,0.4840603398355203,0
complete,0.6,1.9226192138502383,0.03869039307488089,0.4787847124779343,0
complete,0.6,1.9240343767055226,0.03798281164723868,0.47356603212574144,0
complete,0.6,1.9254236586411806,0.03728817067940971,0.4684036758933451,0
complete,0.6,1.9267875329751756,0.036606233512412226,0.4632970293987985,0
complete,0.6,1.9281264643692912,0.03593676781535439,0.45824548655134495,0
complete,0.6,1.9294409089874383,0.035279545506280874,0.4532484492837409,0
complete,0.6,1.9307313146510658,0.034634342674467064,0.4483053273560233,0
complete,0.6,1.9319981209917314,0.03400093950413433,0.4434155380674978,0
complete,0.6,1.933241759600879,0.033379120199560464,0.4385785061354033,0
complete,0.6,1.9344626541768806,0.03276867291155967,0.4337936634975435,0
complete,0.6,1.9356612206693857,0.03216938966530711,0.42906044912865127,0
complete,0.6,1.936837867421033,0.03158106628948349,0.4243783088687826,0
complete,0.6,1.9379929953065693,0.03100350234671538,0.4197466952621437,0
complete,0.6,1.9391269978694246,0.030436501065287714,0.41516506740491693,0
complete,0.6,1.9402402614557896,0.02987986927210513,0.41063289077041987,1
complete,0.6,1.9413331653462413,0.029333417326879344,0.4061496371712199,1
complete,0.6,1.9424060818849598,0.028796959057520135,0.40171478454938564,1
complete,0.6,1.9434593766065842,0.02827031169670789,0.3973278167865215,1
complete,0.6,1.9444934083607477,0.027753295819626145,0.39298822370115144,1
complete,0.6,1.9455085294343342,0.027245735282832913,0.38869550091501176,1
complete,0.6,1.9465050856715003,0.026747457164249904,0.3844491497170895,1
complete,0.6,1.9474834165915014,0.026258291704249283,0.3802486769925922,1
complete,0.6,1.9484438555043644,0.025778072247817835,0.3760935950488666,1
complete,0.6,1.9493867296244423,0.025306635187778835,0.37198342158601366,1
complete,0.6,1.9503123601818952,0.024843819909052326,0.3679176795989327,1
complete,0.6,1.9512210625321305,0.024389468733934744,0.36389589728615335,1
complete,0.6,1.9521131462632413,0.023943426868379317,0.35991760796430006,1
complete,0.6,1.952988915301482,0.023505542349258907,0.35598234996879136,1
complete,0.6,1.9538486680148135,0.023075665992593218,0.3520896666395824,1
complete,0.6,1.9546926973145538,0.02265365134272308,0.34823910615622794,1
complete,0.6,1.955521290755172,0.02223935462241398,0.34443022157549896,1
complete,0.6,1.9563347306322554,0.0218326346838723,0.3406625706359439,1
complete,0.6,1.9571332940786854,0.02143335296065727,0.3369357157692311,1
complete,0.6,1.9579172531590552,0.02104137342047246,0.3332492240320848,1
complete,0.6,1.958686874962359,0.020656562518820573,0.3296026670389305,1
complete,0.6,1.9594424216929882,0.02027878915350584,0.3259956208991018,1
complete,0.6,1.960184150760063,0.01990792461996847,0.3224276661576684,1
complete,0.6,1.960912314865128,0.019543842567435996,0.3188983877390183,1
complete,0.6,1.961627162088247,0.019186418955876486,0.31540737489242293,1
complete,0.6,1.962328935972522,0.01883553201373904,0.31195422113902666,1
complete,0.6,1.9630178756070658,0.018491062196467144,0.30853852421990857,1
complete,0.6,1.9636942157084585,0.018152892145770715,0.3051598860452312,1
complete,0.6,1.964358186700714,0.017820906649643028,0.30181791264497226,1
complete,0.6,1.9650100147937823,0.017494992603108835,0.29851221412243073,1
complete,0.6,1.9656499220606194,0.017175038969690342,0.29524240463487006,1
complete,0.6,1.9662781265128442,0.016860936743577935,0.29200810231231095,1
complete,0.6,1.9668948421750145,0.01655257891249269,0.2888089291910576,1
complete,0.6,1.9675002791575438,0.016249860421228095,0.28564451122461665,1
complete,0.6,1.968094643728283,0.015952678135858548,0.2825144782193379,1
complete,0.6,1.9686781383827952,0.01566093080860237,0.27941846379232077,1
complete,0.6,1.9692509619133451,0.015374519043327458,0.27635610533048377,1
complete,0.6,1.9698133094766244,0.015093345261687775,0.27332704395052776,1
complete,0.6,1.9703653726602417,0.014817313669879121,0.27033092445976614,1
complete,0.6,1.9709073395479941,0.01454633022600291,0.26736739531827275,1
complete,0.6,1.9714393947839464,0.014280302608026794,0.26443610860327904,1
complete,0.6,1.9719617196353376,0.014019140182331238,0.26153671997759065,1
complete,0.6,1.9724744920543373,0.013762753972831328,0.2586688886881598,1
complete,0.6,1.9729778867386734,0.01351105663066328,0.25583227736724246,1
complete,0.6,1.9734720751911494,0.01326396240442534,0.2530265522223404,1
complete,0.6,1.9739572257780742,0.013021387110962911,0.25025138285970694,1
complete,0.6,1.974433503786624,0.012783248106688,0.24750644229071297,1
complete,0.6,1.9749010714811537,0.012549464259423151,0.24479140689613635,1
complete,0.6,1.9753600881584794,0.012319955920760326,0.24210595639177138,1
complete,0.6,1.9758107102021494,0.012094644898925287,0.23944977379506732,1
complete,0.6,1.9762530911357234,0.011873454432138242,0.2368225453926488,1
complete,0.6,1.9766873816750767,0.011656309162461681,0.23422396070890958,1
complete,0.6,1.977113729779747,0.011443135110126493,0.23165371247622352,1
complete,0.6,1.9775322807033449,0.01123385964832761,0.2291114966078659,1
complete,0.6,1.977943177043039,0.011028411478480594,0.2265970121755431,1
complete,0.6,1.9783465587881386,0.010826720605930753,0.2241099612967916,1
complete,0.6,1.978742563367787,0.010628718316106473,0.22165004922946002,1
complete,0.6,1.9791313256977827,0.010434337151108688,0.2192169842561786,1
complete,0.6,1.979512978226543,0.010243510886728473,0.21681047767482325,1
complete,0.6,1.9798876509802301,0.010056174509884951,0.21443024383499756,1
complete,0.6,1.9802554716070484,0.009872264196475826,0.21207600002894209,1
complete,0.6,1.980616565420734,0.009691717289632983,0.20974746645040343,1
complete,0.6,1.9809710554432485,0.00951447227837577,0.20744436622248905,1
complete,0.6,1.9813190624466908,0.009340468776654662,0.20516642535072585,1
complete,0.6,1.9816607049944437,0.009169647502778194,0.20291337269894083,1
complete,0.6,1.9819960994815677,0.009001950259216095,0.20068493995100486,1
complete,0.6,1.9823253601744562,0.008837319912771884,0.19848086155168204,1
complete,0.6,1.982648599249764,0.00867570037511798,0.1963008747640414,1
complete,0.6,1.9829659268326263,0.00851703658368683,0.19414471956033308,1
complete,0.6,1.983277451034177,0.008361274482911516,0.19201213863122873,1
complete,0.6,1.983583277988381,0.00820836100580942,0.1899028773814082,1
complete,0.6,1.9838835118881946,0.008058244055902697,0.18781668395878573,1
complete,0.6,1.9841782550210612,0.007910872489469404,0.18575330895934636,1
complete,0.6,1.9844676078037615,0.007766196098119211,0.18371250572754855,1
complete,0.6,1.9847516688166245,0.007624165591687777,0.18169403016333974,1
complete,0.6,1.985030534837112,0.0074847325814439624,0.17969764071677086,1
complete,0.6,1.9853043008727917,0.0073478495636041495,0.17772309838778455,1
complete,0.6,1.9855730601937038,0.0072134699031480565,0.17577016668858092,1
complete,0.6,1.9858369043641388,0.007081547817930541,0.17383861161275974,1
complete,0.6,1.986095923273832,0.006952038363083956,0.17192820161362912,1
complete,0.6,1.9863502051685884,0.00682489741570578,0.17003870758206507,1
complete,0.6,1.9865998366803475,0.006700081659826267,0.1681699028297996,1
complete,0.6,1.986844902856698,0.006577548571651021,0.16632156308203663,1
complete,0.6,1.9870854871898531,0.0064572564050734615,0.16449346646869842,1
complete,0.6,1.9873216716450954,0.006339164177452231,0.1626853933296941,1
complete,0.6,1.9875535366887025,0.00622323165564872,0.16089712640786819,1
complete,0.6,1.9877811613153602,0.006109419342319937,0.15912845070268852,1
complete,0.6,1.9880046230750759,0.005997688462462057,0.15737915358625296,1
complete,0.6,1.9882239980996,0.005888000950200068,0.15564902471852485,1
complete,0.6,1.988439361128362,0.005780319435819018,0.15393785573144073,1
complete,0.6,1.9886507855339353,0.005674607233032424,0.15224544069998006,1
complete,0.6,1.988858343347033,0.005570828326483533,0.1505715758045647,1
complete,0.6,1.9890621052810498,0.005468947359475161,0.14891605939766625,1
complete,0.6,1.9892621407561522,0.005368929621923925,0.1472786919838839,1
complete,0.6,1.9894585179229305,0.005270741038534787,0.14565927621554106,1
complete,0.6,1.9896513036856163,0.005174348157191843,0.14405761682724194,1
complete,0.6,1.989840563724877,0.005079718137561449,0.14247352057373383,1
complete,0.6,1.9900263625201924,0.004986818739903757,0.14090679630047614,1
complete,0.6,1.9902087633718222,0.004895618314088881,0.1393572548934025,1
complete,0.6,1.9903878284223722,0.004806085788813935,0.13782470937298663,1
complete,0.6,1.9905636186779654,0.004718190661017268,0.13630897457686178,1
complete,0.6,1.9907361940290274,0.004631902985486305,0.13480986739623463,1
complete,0.6,1.990905613270689,0.004547193364655431,0.13332720668565132,1
complete,0.6,1.9910719341228191,0.0044640329385904655,0.13186081322179816,1
complete,0.6,1.9912352132496873,0.004382393375156295,0.13041050969594037,1
complete,0.6,1.9913955062792714,0.004302246860364331,0.12897612070005862,1
complete,0.6,1.991552867822207,0.004223566088896485,0.12755747272081203,1
complete,0.6,1.9917073514903951,0.0041463242548024585,0.12615439414599963,1
complete,0.6,1.9918590099152658,0.004070495042367152,0.12476671509060784,1
complete,0.6,1.9920078947657098,0.003996052617145098,0.12339426755286388,1
complete,0.6,1.9921540567656824,0.0039229716171588595,0.12203688529646352,1
complete,0.6,1.9922975457114833,0.003851227144258394,0.12069440394777343,1
complete,0.6,1.9924384104887232,0.0037807947556384395,0.119366660938195,1
complete,0.6,1.992576699088978,0.003711650455511034,0.11805349525009279,1
complete,0.6,1.9927124586261393,0.003643770686930331,0.11675474766429471,1
complete,0.6,1.9928457353524662,0.003577132323766924,0.11547026087329611,1
complete,0.6,1.9929765746743422,0.003511712662828938,0.11419987902434287,1
complete,0.6,1.9931050211677455,0.00344748941612724,0.11294344803659395,1
complete,0.6,1.993231118593436,0.003384440703282075,0.11170081546310648,1
complete,0.6,1.9933549099118628,0.0033225450440685866,0.11047183050803433,1
complete,0.6,1.9934764372978027,0.0032617813510986654,0.10925634404733377,1
complete,0.6,1.9935957421547268,0.0032021289226366358,0.10805420856203166,1
complete,0.6,1.9937128651289073,0.003143567435546326,0.1068652780197737,1
complete,0.6,1.9938278461232657,0.0030860769383671293,0.10568940800319475,1
complete,0.6,1.9939407243109666,0.0030296378445166918,0.10452645573460069,1
complete,0.6,1.9940515381487642,0.002974230925617908,0.10337628001287537,1
complete,0.6,1.9941603253901041,0.0029198373049479577,0.10223874093458836,1
complete,0.6,1.9942671230979856,0.002866438451007148,0.1011137003067666,1
complete,0.6,1.9943719676575893,0.0028140161712053705,0.10000102136477121,1
complete,0.6,1.994474894788672,0.002762552605664019,0.09890056885031644,1
complete,0.6,1.9945759395577374,0.002712030221131267,0.09781220898990893,1
complete,0.6,1.9946751363899828,0.0026624318050086156,0.09673580936969266,1
complete,0.6,1.9947725190810266,0.002613740459486693,0.0956712390514238,1
complete,0.6,1.9948681208084234,0.002565939595788295,0.09461836850830117,1
complete,0.6,1.9949619741429665,0.0025190129285167155,0.09357706971532444,1
complete,0.6,1.995054111059785,0.0024729444701074303,0.09254721591876751,1
complete,0.6,1.9951445629492375,0.0024277185253812556,0.09152868171935126,1
complete,0.6,1.9952333606276058,0.002383319686197118,0.09052134312182608,1
complete,0.6,1.9953205343475948,0.0023397328262026143,0.08952507763425659,1
complete,0.6,1.9954061138086387,0.002296943095680578,0.08853976380804708,1
complete,0.6,1.9954901281670203,0.0022549359164898927,0.08756528159205952,1
complete,0.6,1.9955726060458023,0.0022136969770988244,0.08660151251247612,1
complete,0.6,1.9956535755445817,0.002173212227709194,0.08564833898889093,1
complete,0.6,1.9957330642490605,0.0021334678754697145,0.08470564492290354,1
complete,0.6,1.9958110992404463,0.002094450379776869,0.08377331545641267,1
complete,0.6,1.9958877071046766,0.0020561464476617297,0.08285123704653265,1
complete,0.6,1.9959629139414776,0.002018543029261142,0.0819392972411447,1
complete,0.6,1.9960367453732566,0.0019816273133717336,0.08103738484557907,1
complete,0.6,1.9961092265538296,0.001945386723085234,0.08014538995377192,1
complete,0.6,1.9961803821769928,0.001909808911503616,0.0792632038897695,1
complete,0.6,1.9962502364849348,0.0018748817575325984,0.07839071895033527,1
complete,0.6,1.9963188132764957,0.0018405933617520822,0.07752782876430069,1
complete,0.6,1.9963861359152757,0.0018069320423621052,0.0766744281708083,1
complete,0.6,1.9964522273375942,0.001773886331202941,0.0758304130137508,1
complete,0.6,1.996517110060304,0.0017414449698479847,0.07499568032529678,1
complete,0.6,1.9965808061884638,0.0017095969057680813,0.07417012825112695,1
complete,0.6,1.996643337422868,0.0016783312885660325,0.07335365613131928,1
complete,0.6,1.9967047250674401,0.0016476374662799205,0.0725461643032973,1
complete,0.6,1.9967649900364919,0.0016175049817540917,0.07174755417877791,1
complete,0.6,1.9968241528618471,0.0015879235690764552,0.07095772828481661,1
complete,0.6,1.996882233699838,0.0015588831500809904,0.07017659033172768,1
complete,0.6,1.9969392523381717,0.0015303738309141637,0.06940404484255774,1
complete,0.6,1.9969952282026715,0.0015023858986641938,0.06863999746772789,1
complete,0.6,1.9970501803638963,0.0014749098180519096,0.0678843550990735,1
complete,0.6,1.9971041275436356,0.0014479362281821756,0.06713702530678871,1
complete,0.6,1.9971570881212906,0.0014214559393546827,0.06639791681332802,1
complete,0.6,1.9972090801401339,0.0013954599299331079,0.06566693955784082,1
complete,0.6,1.997260121313457,0.0013699393432714882,0.06494400399099945,1
complete,0.6,1.9973102290306064,0.00134488548469685,0.0642290220166508,1
complete,0.6,1.9973594203629061,0.0013202898185469768,0.06352190619964927,1
complete,0.6,1.9974077120694753,0.0012961439652623944,0.06282257014900679,1
complete,0.6,1.997455120602937,0.0012724396985314965,0.06213092843098039,1
complete,0.6,1.9975016621150241,0.0012491689424879238,0.06144689660528353,1
complete,0.6,1.9975473524620817,0.001226323768959154,0.06077039101706645,1
complete,0.6,1.997592207210469,0.001203896394765455,0.060101328963379705,1
complete,0.6,1.9976362416418636,0.001181879179068193,0.05943962877647036,1
complete,0.6,1.9976794707584666,0.0011602646207666757,0.05878520953836549,1
complete,0.6,1.9977219092881149,0.001139045355942564,0.05813799119222817,1
complete,0.6,1.9977635716892979,0.0011182141553510588,0.057497894743645264,1
complete,0.6,1.9978044721560841,0.0010977639219579346,0.056864841896410855,1
complete,0.6,1.9978446246229566,0.0010776876885216448,0.056238755160903486,1
complete,0.6,1.9978840427695608,0.0010579786152196302,0.05561955819646534,1
complete,0.6,1.9979227400253639,0.0010386299873180425,0.055007175122966684,1
complete,0.6,1.9979607295742319,0.001019635212884085,0.054401531096524264,1
complete,0.6,1.9979980243589197,0.0010009878205401908,0.0538025521666786,1
complete,0.6,1.9980346370854813,0.0009826814572592726,0.05321016489031405,1
complete,0.6,1.9980705802275993,0.0009647098862002936,0.05262429699703673,1
complete,0.6,1.998105866030833,0.0009470669845834234,0.052044876765761444,1
complete,0.6,1.9981405065167919,0.0009297467416040515,0.0514718333076702,1
complete,0.6,1.9981745134872302,0.0009127432563849518,0.050905096534188086,1
complete,0.6,1.9982078985280682,0.000896050735965898,0.05034459719832834,1
complete,0.6,1.99824067301334,0.0008796634933300449,0.049790266650345416,1
complete,0.6,1.9982728481090672,0.0008635759454664044,0.04924203705698832,1
complete,0.6,1.9983044347770644,0.0008477826114677558,0.04869984147098543,1
complete,0.6,1.9983354437786733,0.0008322781106633415,0.04816361344572523,1
complete,0.6,1.9983658856784285,0.0008170571607857124,0.04763328737058678,1
complete,0.6,1.9983957708476578,0.0008021145761710993,0.04710879845140954,1
complete,0.6,1.9984251094680145,0.000787445265992696,0.0465900824293982,1
complete,0.6,1.9984539115349476,0.0007730442325262525,0.04607707581073824,1
complete,0.6,1.9984821868611051,0.0007589065694473877,0.04556971591887063,1
complete,0.6,1.99850994507968,0.000745027460160042,0.04506794058524374,1
complete,0.6,1.998537195647689,0.000731402176155498,0.044571688361871656,1
complete,0.6,1.9985639478491972,0.0007180260754014138,0.044080898653440864,1
complete,0.6,1.9985902107984794,0.0007048946007603169,0.043595511256546995,1
complete,0.6,1.998615993443126,0.0006920032784370219,0.043115466789111746,1
complete,0.6,1.9986413045670912,0.000679347716454442,0.042640706582032666,1
complete,0.6,1.9986661527936855,0.0006669236031572726,0.042171172342179875,1
complete,0.6,1.9986905465885139,0.0006547267057430496,0.04170680681255214,1
complete,0.6,1.9987144942623598,0.0006427528688200552,0.041247552956315,1
complete,0.6,1.9987380039740168,0.0006309980129916178,0.04079335466262034,1
complete,0.6,1.9987610837330674,0.0006194581334662815,0.04034415629463371,1
complete,0.6,1.9987837414026133,0.0006081292986934138,0.03989990281638382,1
complete,0.6,1.9988059847019526,0.000597007649023746,0.039460539911812656,1
complete,0.6,1.9988278212092112,0.0005860893953944289,0.03902601370864908,1
complete,0.6,1.9988492583639237,0.0005753708180381183,0.038596271061401156,1
complete,0.6,1.9988703034695687,0.0005648482652156873,0.038171259347096795,1
complete,0.6,1.998890963696056,0.0005545181519720963,0.037750926446973,1
complete,0.6,1.9989112460821699,0.000544376958915036,0.03733522100274841,1
complete,0.6,1.9989311575379682,0.0005344212310158865,0.036924092039738496,1
complete,0.6,1.9989507048471347,0.0005246475764326248,0.03651748916710179,1
complete,0.6,1.9989698946692915,0.0005150526653542398,0.03611536274325815,1
complete,0.6,1.9989887335422674,0.0005056332288663002,0.03571766331736131,1
complete,0.6,1.9990072278843254,0.0004963860578372506,0.03532434237920375,1
complete,0.6,1.9990253839963499,0.0004873080018250933,0.03493535160357191,1
complete,0.6,1.999043208063992,0.00047839596800404753,0.03455064343616831,1
complete,0.6,1.9990607061597783,0.00046964692011085534,0.03417017072938652,1
complete,0.6,1.9990778842451793,0.0004610578774103413,0.03379388685863904,1
complete,0.6,1.9990947481726402,0.000452625913679906,0.033421745792301186,1
complete,0.6,1.999111303687575,0.0004443481562125765,0.03305370186268102,1
complete,0.6,1.9991275564303235,0.00043622178483830403,0.03268971007262125,1
complete,0.6,1.9991435119380736,0.00042824403096314593,0.03232972575109137,1
complete,0.6,1.999159175646748,0.0004204121766260317,0.031973704890924624,1
complete,0.6,1.9991745528928544,0.0004127235535727718,0.0316216038240132,1
complete,0.6,1.999189648915306,0.0004051755423470035,0.031273379375285154,1
complete,0.6,1.9992044688572044,0.000397765571397762,0.030928989017142576,1
complete,0.6,1.9992190177675933,0.00039049111620337225,0.030588390391692442,1
complete,0.6,1.9992333006031773,0.00038334969841136304,0.030251541917955545,1
complete,0.6,1.9992473222300118,0.0003763388849941112,0.029918402228506148,1
complete,0.6,1.9992610874251602,0.0003694562874199269,0.029588930545006848,1
complete,0.6,1.9992746008783213,0.0003626995608392991,0.029263086516089155,1
complete,0.6,1.999287867193428,0.00035606640328602284,0.02894083014620047,1
complete,0.6,1.9993008908902141,0.0003495545548929362,0.02862212208141536,1
complete,0.6,1.999313676405756,0.00034316179712200103,0.028306923090670587,1
complete,0.6,1.9993262280959831,0.0003368859520084631,0.027995194776312276,1
complete,0.6,1.9993385502371623,0.00033072488141883615,0.027686898711065933,1
complete,0.6,1.999350647027355,0.0003246764863224557,0.02738199730077574,1
complete,0.6,1.9993625225878473,0.00031873870607635493,0.027080453053201035,1
complete,0.6,1.9993741809645535,0.0003129095177232192,0.02678222912047518,1
complete,0.6,1.9993856261293956,0.00030718693530217944,0.02648728889707426,1
complete,0.6,1.9993968619816556,0.00030156900917221026,0.026195596228112995,1
complete,0.6,1.9994078923493042,0.00029605382534790174,0.02590711545205001,1
complete,0.6,1.9994187209903052,0.0002906395048473791,0.025621811073444013,1
complete,0.6,1.9994293515938957,0.0002853242030521474,0.025339648318496753,1
complete,0.6,1.9994397877818426,0.000280106109078644,0.025060592400038703,1
complete,0.6,1.9994500331096774,0.00027498344516128383,0.024784609323430306,1
complete,0.6,1.9994600910679063,0.0002699544660467884,0.024511665068689324,1
complete,0.6,1.9994699650832009,0.0002650174583995908,0.02424172637614603,1
complete,0.6,1.9994796585195638,0.0002601707402181141,0.02397475996917632,1
complete,0.6,1.9994891746794765,0.00025541266026172897,0.023710733334973467,1
complete,0.6,1.9994985168050237,0.00025074159748818395,0.023449613881897997,1
complete,0.6,1.9995076880789973,0.0002461559605013332,0.02319136987756832,1
complete,0.6,1.9995166916259821,0.00024165418700895522,0.022935969392142215,1
complete,0.6,1.999525530513419,0.00023723474329049587,0.022683381335824246,1
complete,0.6,1.999534207752651,0.00023289612367453712,0.022433574629253456,1
complete,0.6,1.9995427262999483,0.00022863685002583008,0.02218651870723158,1
complete,0.6,1.9995510890575166,0.00022445547124170145,0.02194218328156625,1
complete,0.6,1.9995592988744846,0.0002203505627576775,0.0217005383557384,1
complete,0.6,1.9995673585478757,0.0002163207260621419,0.02146155441532067,1
complete,0.6,1.9995752708235603,0.00021236458821987696,0.02122520201622548,1
complete,0.6,1.9995830383971913,0.0002084808014043112,0.02099145237625195,1
complete,0.6,1.9995906639151233,0.00020466804243832849,0.020760276627239276,1
complete,0.6,1.999598149975313,0.0002009250123434681,0.02053164666631021,1
complete,0.6,1.9996054991282053,0.0001972504358973757,0.02030553421767,0
complete,0.6,1.9996127138776014,0.00019364306119934154,0.020081911828348065,0
complete,0.6,1.9996197966815124,0.00019010165924379026,0.01986075181685382,0
complete,0.6,1.999626749952997,0.00018662502350156503,0.019642027334045704,0
complete,0.6,1.9996335760609822,0.00018321196950887422,0.019425711349623877,0
complete,0.6,1.9996402773310724,0.00017986133446375247,0.019211777477269522,0
complete,0.6,1.9996468560463403,0.00017657197682990303,0.019000199404401855,0
complete,0.6,1.9996533144481043,0.0001733427759477847,0.0187909513122338,0
complete,0.6,1.9996596547366943,0.00017017263165281166,0.0185840073983791,0
complete,0.6,1.9996658790721988,0.0001670604639005356,0.018379342455591585,0
complete,0.6,1.9996719895752026,0.00016400521239868263,0.018176931227970025,0
complete,0.6,1.9996779883275082,0.00016100583624591963,0.01797674906715449,0
complete,0.6,1.9996838773728456,0.00015806131357722699,0.01777877126296581,0
complete,0.6,1.9996896587175685,0.00015517064121575673,0.01758297372242154,0
complete,0.6,1.999695334331338,0.00015233283433105786,0.017389332247085408,0
complete,0.6,1.9997009061477928,0.00014954692610355178,0.017197823315801157,0
complete,0.6,1.9997063760652096,0.00014681196739514424,0.017008423203835273,0
complete,0.6,1.9997117459471483,0.00014412702642586106,0.01682110896399698,0
complete,0.6,1.9997170176230872,0.0001414911884563976,0.01663585735735275,0
complete,0.6,1.999722192889047,0.00013890355547647394,0.016452645910277654,0
complete,0.6,1.9997272735082021,0.0001363632458988896,0.01627145199142219,0
complete,0.6,1.9997322612114816,0.00013386939425917324,0.016092253461277017,0
complete,0.6,1.9997371576981586,0.00013142115092072543,0.015915028335878895,0
complete,0.6,1.9997419646364294,0.00012901768178535388,0.01573975490182017,0
complete,0.6,1.999746683663982,0.0001266581680091023,0.015566411632050714,0
complete,0.6,1.9997513163885534,0.00012434180572327654,0.015394977329120374,0
complete,0.6,1.999755864388479,0.00012206780576057244,0.015225430907004789,0
complete,0.6,1.9997603292132275,0.00011983539338621239,0.015057751651370712,0
complete,0.6,1.999764712383932,0.00011764380803399914,0.014891918933725415,0
complete,0.6,1.9997690153939056,0.00011549230304719641,0.014727912475897293,0
complete,0.6,1.9997732397091517,0.00011338014542414869,0.014565712135468359,0
complete,0.6,1.9997773867688629,0.00011130661556855294,0.014405298028135628,0
complete,0.6,1.9997814579859114,0.00010927100704429754,0.014246650532322757,0
complete,0.6,1.9997854547473304,0.00010727262633478482,0.01408975007909733,0
complete,0.6,1.9997893784147867,0.00010531079260665512,0.013934577631558313,0
complete,0.6,1.9997932303250443,0.00010338483747783198,0.013781113920973564,0
complete,0.6,1.9997970117904205,0.00010149410478980933,0.013629340337701397,0
complete,0.6,1.9998007240992317,9.963795038410332e-05,0.013479238113833817,0
complete,0.6,1.9998043685162343,9.781574188279181e-05,0.01333078899453936,0
complete,0.6,1.9998079462830538,9.602685847306911e-05,0.013183974617252407,0
complete,0.6,1.9998114586186084,9.427069069573816e-05,0.013038777150548098,0
complete,0.6,1.9998149067195248,9.254664023757389e-05,0.012895178614159706,0
complete,0.6,1.999818291760545,9.085411972748087e-05,0.012753161577906345,0
complete,0.6,1.9998216148949273,8.919255253638192e-05,0.012612708472567475,0
complete,0.6,1.9998248772548384,8.756137258076334e-05,0.01247380218060523,0
complete,0.6,1.9998280799517403,8.596002412981598e-05,0.012336425614183678,0
complete,0.6,1.9998312240767677,8.438796161610049e-05,0.012200561928679254,0
complete,0.6,1.9998343107011007,8.284464944967796e-05,0.012066194543724285,0
complete,0.6,1.9998373408763288,8.132956183563709e-05,0.011933306811815172,0
complete,0.6,1.9998403156348101,7.984218259496108e-05,0.011801882695459974,0
complete,0.6,1.9998432359900227,7.838200498866806e-05,0.01167190582333938,0
complete,0.6,1.9998461029369097,7.694853154517013e-05,0.011543360403980765,0
complete,0.6,1.9998489174522185,7.55412738907873e-05,0.011416230624070553,0
complete,0.6,1.9998516804948332,7.415975258336346e-05,0.011290500918703674,0
complete,0.6,1.9998543930061021,7.280349694892277e-05,0.011166155852564075,0
complete,0.6,1.9998570559101574,7.147204492131578e-05,0.011043180181778365,0
complete,0.6,1.9998596701142304,7.016494288479578e-05,0.01092155884761143,0
complete,0.6,1.999862236508961,6.888174551947648e-05,0.01080127687775278,0
complete,0.6,1.9998647559687008,6.762201564961364e-05,0.010682319631121255,0
complete,0.6,1.9998672293518107,6.638532409466381e-05,0.010564672358275762,0
complete,0.6,1.9998696575009538,6.517124952306447e-05,0.010448320842053303,0
complete,0.6,1.9998720412433826,6.397937830869076e-05,0.010333250616105025,0
complete,0.6,1.99987438139122,6.280930438993498e-05,0.010219447679561825,0
complete,0.6,1.9998766787417372,6.166062913136555e-05,0.010106898068162982,0
complete,0.6,1.9998789340776242,6.053296118791379e-05,0.009995587909592573,0
complete,0.6,1.999881148167257,5.942591637154669e-05,0.009885503673747732,0
complete,0.6,1.9998833217649592,5.833911752037587e-05,0.009776631729249526,0
complete,0.6,1.9998854556112597,5.727219437016232e-05,0.009668958867649215,0
complete,0.6,1.9998875504331437,5.622478342816923e-05,0.009562471728038613,0
complete,0.6,1.9998896069443013,5.5196527849323615e-05,0.009457157414595501,0
complete,0.6,1.9998916258453707,5.4187077314640985e-05,0.009353002874803057,0
complete,0.6,1.9998936078241762,5.319608791187518e-05,0.009249995409873035,0
complete,0.6,1.9998955535559633,5.222322201834925e-05,0.009148122381481886,0
complete,0.6,1.9998974637036282,5.126814818593031e-05,0.00904737123218426,0
complete,0.6,1.9998993389179438,5.0330541028107786e-05,0.008947729760525597,0
complete,0.6,1.9999011798377817,4.9410081109136514e-05,0.008849185544957366,0
complete,0.6,1.9999029870903295,4.8506454835207115e-05,0.00875172667427716,0
complete,0.6,1.9999047612913048,4.761935434760717e-05,0.008655341115194917,0
complete,0.6,1.9999065030451644,4.674847741783635e-05,0.008560017008430027,0
complete,0.6,1.9999082129453107,4.589352734463873e-05,0.008465742784276616,0
complete,0.6,1.999909891574294,4.505421285291966e-05,0.008372506742067189,0
complete,0.6,1.999911539504011,4.423024799450978e-05,0.008280297595345022,0
complete,0.6,1.9999131572958986,4.342135205074535e-05,0.008189103898257093,0
complete,0.6,1.9999147455011264,4.262724943682876e-05,0.008098914561038256,0
complete,0.6,1.9999163046607842,4.1847669607939586e-05,0.008009718481480436,0
complete,0.6,1.9999178353060658,4.108234696706129e-05,0.007921504699072253,0
complete,0.6,1.999919337958451,4.0331020774494976e-05,0.007834262501331379,0
complete,0.6,1.999920813129882,3.959343505902666e-05,0.007747981019920346,0
complete,0.6,1.9999222613229386,3.886933853072045e-05,0.007662649857989488,0
complete,0.6,1.9999236830310094,3.815848449530531e-05,0.007578258425314015,0
complete,0.6,1.9999250787384597,3.746063077012877e-05,0.007494796355502791,0
complete,0.6,1.9999264489207966,3.677553960164654e-05,0.00741225358907021,0
complete,0.6,1.9999277940448312,3.610297758442221e-05,0.00733061978293074,0
complete,0.6,1.9999291145688367,3.544271558160717e-05,0.007249885047853311,0
complete,0.6,1.9999304109427063,3.479452864687606e-05,0.007170039475372726,0
complete,0.6,1.9999316836081045,3.415819594778854e-05,0.007091073218880912,0
complete,0.6,1.9999329329986189,3.3533500690554025e-05,0.007012976696455901,0
complete,0.6,1.9999341595399076,3.2920230046171e-05,0.0069357401911984825,0
complete,0.6,1.9999353636498443,3.231817507791839e-05,0.00685935438085428,0
complete,0.6,1.9999365457386598,3.1727130670171796e-05,0.0067838097830748975,0
complete,0.6,1.9999377062090828,3.114689545852271e-05,0.006709097155130574,0
complete,0.6,1.9999388454564777,3.0577271761174594e-05,0.0066352074230487485,0
complete,0.6,1.9999399638689768,3.0018065511594735e-05,0.0065621313670975335,0
complete,0.6,1.9999410618276152,2.946908619239669e-05,0.00648986018237235,0
complete,0.6,1.9999421397064592,2.8930146770432948e-05,0.006418384929830731,0
complete,0.6,1.9999431978727338,2.8401063633073638e-05,0.006347696793738193,0
complete,0.6,1.9999442366869487,2.7881656525651575e-05,0.006277787238345012,0
complete,0.6,1.9999452565030198,2.7371748490050358e-05,0.006208647560013499,0
complete,0.6,1.999946257668391,2.687116580441653e-05,0.006140269361642204,0
complete,0.6,1.999947240524152,2.6379737923973387e-05,0.006072644227110284,0
complete,0.6,1.999948205405154,2.58972974229181e-05,0.0060057638268009375,0
complete,0.6,1.9999491526401252,2.5423679937380556e-05,0.005939620074983156,0
complete,0.6,1.999950082551781,2.4958724109426233e-05,0.005874204716847017,0
complete,0.6,1.9999509954569359,2.450227153208236e-05,0.005809509811974304,0
complete,0.6,1.9999518916666092,2.4054166695370242e-05,0.005745527439000049,0
complete,0.6,1.9999527714861334,2.3614256933323783e-05,0.005682249640156767,0
complete,0.6,1.999953635215256,2.318239237197772e-05,0.005619668840214595,0
complete,0.6,1.9999544831482434,2.2758425878306282e-05,0.005557777219492347,0
complete,0.6,1.9999553155739798,2.2342213010096487e-05,0.005496567184754254,0
complete,0.6,1.9999561327760664,2.193361196673735e-05,0.0054360313458943965,0
complete,0.6,1.9999569350329183,2.1532483540909868e-05,0.0053761621568403535,0
complete,0.6,1.9999577226178578,2.113869107115975e-05,0.0053169523393066615,0
complete,0.6,1.9999584957992094,2.0752100395338236e-05,0.005258394629983373,0
complete,0.6,1.9999592548403902,2.0372579804893734e-05,0.0052004818077777465,0
complete,0.6,1.99996,2e-05,0.0051432068118661385,0
complete,1.0,1.6,0.2,1.3217504433004645,0
complete,1.0,1.6073153190899125,0.1963423404550437,1.2940131609725025,0
complete,1.0,1.6144968534463568,0.1927515732768216,1.2671629281944676,0
complete,1.0,1.6215470497643696,0.1892264751178152,1.241143185410133,0
complete,1.0,1.6284683099931003,0.1857658450034498,1.215903059538185,0
complete,1.0,1.6352629921541375,0.18236850392293127,1.1913966518958485,0
complete,1.0,1.6419334111448682,0.17903329442756588,1.1675824303323146,0
complete,1.0,1.6484818395271477,0.17575908023642622,1.144422708105394,0
complete,1.0,1.6549105083015423,0.17254474584922885,1.1218831953285808,0
complete,1.0,1.6612216076674169,0.16938919616629156,1.0999326114559338,0
complete,1.0,1.6674172877691178,0.16629135611544113,1.0785423492750188,0
complete,1.0,1.6734996594285112,0.16325017028574443,1.0576861825810022,0
complete,1.0,1.6794707948641248,0.1602646025679376,1.0373400110524282,0
complete,1.0,1.6853327283971367,0.15733363580143167,1.0174816369268802,0
complete,1.0,1.6910874571444543,0.15445627142777288,0.9980905689206762,0
complete,1.0,1.6967369416991156,0.15163152915044223,0.979147849627324,0
complete,1.0,1.7022831067982496,0.1488584466008752,0.9606359032521098,0
complete,1.0,1.70772784197882,0.14613607901059,0.9425384008518032,0
complete,1.0,1.7130730022213754,0.14346349888931229,0.9248401408347358,0
complete,1.0,1.7183204085820285,0.14083979570898578,0.9075269428683337,0
complete,1.0,1.7234718488128749,0.13826407559356257,0.8905855532613325,0
complete,1.0,1.7285290779710683,0.13573546101446593,0.874003560686817,0
complete,1.0,1.733493819016754,0.133253090491623,0.8577693207469413,0
complete,1.0,1.7383677634000698,0.13081611829996506,0.8418718884660215,0
complete,1.0,1.7431525716374097,0.12842371418129517,0.8263009577276388,0
complete,1.0,1.7478498738771489,0.12607506306142552,0.8110468068652276,0
complete,1.0,1.7524612704550246,0.12376936477248768,0.7961002496830041,0
complete,1.0,1.7569883324393571,0.12150583378032144,0.7814525913380426,0
complete,1.0,1.7614326021663016,0.11928369891684922,0.7670955885050402,0
complete,1.0,1.7657955937653105,0.11710220311734477,0.7530214133987325,0
complete,1.0,1.770078793674986,0.11496060316250703,0.7392226211934422,0
complete,1.0,1.7742836611494985,0.11285816942525075,0.7256921205145771,0
complete,1.0,1.7784116287557439,0.11079418562212802,0.7124231466858936,0
complete,1.0,1.782464102861408,0.10876794856929593,0.6994092374128023,0
complete,1.0,1.786442464114106,0.10677876794294702,0.6866442106743357,0
complete,1.0,1.7903480679117578,0.10482596604412114,0.6741221446210297,0
complete,1.0,1.794182244864363,0.1029088775678185,0.6618373592345129,0
complete,1.0,1.7979463012473296,0.10102684937633524,0.6497843996134497,0
complete,1.0,1.8016415194465116,0.09917924027674424,0.6379580207142252,0
complete,1.0,1.8052691583951088,0.09736542080244559,0.6263531734033854,0
complete,1.0,1.8088304540025761,0.09558477299871192,0.614964991693517,0
complete,1.0,1.8123266195756882,0.09383669021215589,0.6037887810516968,0
complete,1.0,1.815758846231904,0.09212057688404798,0.5928200077223927,0
complete,1.0,1.8191283033051722,0.09043584834741396,0.582054288853047,0
complete,1.0,1.8224361387443133,0.08878193062784334,0.5714873835473672,0
complete,1.0,1.825683479504119,0.08715826024794052,0.5611151845103062,0
complete,1.0,1.8288714319292954,0.08556428403535227,0.5509337104465554,0
complete,1.0,1.832001082131388,0.08399945893430605,0.5409390990735464,0
complete,1.0,1.83507349635881,0.08246325182059497,0.5311276006097974,0
complete,1.0,1.8380897213601073,0.08095513931994637,0.5214955718265973,0
complete,1.0,1.8410507847405757,0.07947460762971209,0.5120394705327735,0
complete,1.0,1.8439576953123604,0.0780211523438198,0.5027558505089281,0
complete,1.0,1.8468114434381488,0.07659427828092555,0.49364135677261084,0
complete,1.0,1.8496130013685814,0.07519349931570929,0.4846927212368405,0
complete,1.0,1.8523633235734889,0.07381833821325551,0.4759067586553329,0
complete,1.0,1.855063347067074,0.07246832646646294,0.46728036288562336,0
complete,1.0,1.8577139917271448,0.07114300413642766,0.458810503406522,0
complete,1.0,1.8603161606085092,0.06984191969574537,0.4504942220842224,0
complete,1.0,1.8628707402506413,0.06856462987467936,0.44232863015789337,0
complete,1.0,1.8653786009797164,0.06731069951014182,0.43431090544620055,0
complete,1.0,1.8678405972051257,0.0660797013974371,0.4264382897240512,0
complete,1.0,1.8702575677105677,0.06487121614471617,0.41870808627822,0
complete,1.0,1.872630335939814,0.06368483203009301,0.41111765762974806,0
complete,1.0,1.874959710277252,0.06252014486137401,0.4036644233897296,0
complete,1.0,1.8772464843232943,0.061376757838352856,0.3963458582524255,0
complete,1.0,1.8794914371647535,0.06025428141762329,0.3891594901552706,0
complete,1.0,1.8816953336402698,0.059152333179865076,0.38210289847895956,0
complete,1.0,1.8838589246008874,0.058070537699556286,0.3751737124005595,0
complete,1.0,1.8859829471658627,0.0570085264170687,0.3683696093073227,0
complete,1.0,1.8880681249737954,0.055965937513102325,0.3616883133701935,0
complete,1.0,1.8901151684291675,0.05494241578541624,0.3551275941375026,0
complete,1.0,1.8921247749443724,0.05393761252781386,0.3486852651979494,0
complete,1.0,1.8940976291773173,0.05295118541134134,0.3423591829326246,0
complete,1.0,1.8960344032646828,0.051982798367658664,0.33614724540357255,0
complete,1.0,1.8979357570509126,0.05103212147454368,0.33004739116174814,0
complete,1.0,1.8998023383130198,0.05009883084349005,0.3240575981801241,0
complete,1.0,1.9016347829812783,0.04918260850936088,0.31817588292776977,0
complete,1.0,1.9034337153558794,0.04828314232206036,0.3124002993080006,0
complete,1.0,1.9051997483196268,0.04740012584018657,0.30672893777328375,0
complete,1.0,1.9069334835467417,0.04653325822662917,0.3011599244970485,0
complete,1.0,1.908635511707847,0.045682244146076474,0.29569142041114216,0
complete,1.0,1.9103064126712062,0.04484679366439691,0.2903216205638556,0
complete,1.0,1.9119467557002787,0.04402662214986061,0.285048753176828,0
complete,1.0,1.913557099647665,0.043221450176167533,0.27987107905487324,0
complete,1.0,1.915137993145502,0.04243100342724901,0.27478689074676405,0
complete,1.0,1.9166899747923793,0.04165501260381029,0.2697945119671319,0
complete,1.0,1.9182135733368353,0.04089321333158232,0.2648922968350514,0
complete,1.0,1.9197093078574972,0.04014534607125137,0.2600786293392477,0
complete,1.0,1.921177687939928,0.03941115603003597,0.25535192260652223,0
complete,1.0,1.9226192138502383,0.03869039307488089,0.2507106184435233,0
complete,1.0,1.9240343767055226,0.03798281164723868,0.24615318659672641,0
complete,1.0,1.9254236586411806,0.03728817067940971,0.2416781243849713,0
complete,1.0,1.9267875329751756,0.036606233512412226,0.23728395595245558,0
complete,1.0,1.9281264643692912,0.03593676781535439,0.23296923194309346,0
complete,1.0,1.9294409089874383,0.035279545506280874,0.22873252883528636,0
complete,1.0,1.9307313146510658,0.034634342674467064,0.22457244852536062,0
complete,1.0,1.9319981209917314,0.03400093950413433,0.22048761785426793,0
complete,1.0,1.933241759600879,0.033379120199560464,0.2164766880497386,0
complete,1.0,1.9344626541768806,0.03276867291155967,0.21253833441726006,0
complete,1.0,1.9356612206693857,0.03216938966530711,0.20867125574592296,0
complete,1.0,1.936837867421033,0.03158106628948349,0.2048741739567667,0
complete,1.0,1.9379929953065693,0.03100350234671538,0.20114583369374417,0
complete,1.0,1.9391269978694246,0.030436501065287714,0.19748500181139786,0
complete,1.0,1.9402402614557896,0.02987986927210513,0.19389046710706437,1
complete,1.0,1.9413331653462413,0.029333417326879344,0.19036103982996286,1
complete,1.0,1.9424060818849598,0.028796959057520135,0.1868955512856996,1
complete,1.0,1.9434593766065842,0.02827031169670789,0.18349285356151276,1
complete,1.0,1.9444934083607477,0.027753295819626145,0.1801518190514171,1
complete,1.0,1.9455085294343342,0.027245735282832913,0.17687134010816116,1
complete,1.0,1.9465050856715003,0.026747457164249904,0.1736503287729623,1
complete,1.0,1.9474834165915014,0.026258291704249283,0.17048771633479318,1
complete,1.0,1.9484438555043644,0.025778072247817835,0.16738245299720397,1
complete,1.0,1.9493867296244423,0.025306635187778835,0.1643335076242186,1
complete,1.0,1.9503123601818952,0.024843819909052326,0.16133986733967642,1
complete,1.0,1.9512210625321305,0.024389468733934744,0.15840053720153446,1
complete,1.0,1.9521131462632413,0.023943426868379317,0.1555145399362176,1
complete,1.0,1.952988915301482,0.023505542349258907,0.1526809156197728,1
complete,1.0,1.9538486680148135,0.023075665992593218,0.1498987213349687,1
complete,1.0,1.9546926973145538,0.02265365134272308,0.14716703088801714,1
complete,1.0,1.955521290755172,0.02223935462241398,0.14448493457012912,1
complete,1.0,1.9563347306322554,0.0218326346838723,0.14185153880699627,1
complete,1.0,1.9571332940786854,0.02143335296065727,0.1392659658914106,1
complete,1.0,1.9579172531590552,0.02104137342047246,0.13672735370574343,1
complete,1.0,1.958686874962359,0.020656562518820573,0.1342348554941523,1
complete,1.0,1.9594424216929882,0.02027878915350584,0.13178763953639894,1
complete,1.0,1.960184150760063,0.01990792461996847,0.12938488890716254,1
complete,1.0,1.960912314865128,0.019543842567435996,0.12702580120994877,1
complete,1.0,1.961627162088247,0.019186418955876486,0.12470958836703754,1
complete,1.0,1.962328935972522,0.01883553201373904,0.12243547632035957,1
complete,1.0,1.9630178756070658,0.018491062196467144,0.12020270479988863,1
complete,1.0,1.9636942157084585,0.018152892145770715,0.1180105270759992,1
complete,1.0,1.964358186700714,0.017820906649643028,0.11585820976272544,1
complete,1.0,1.9650100147937823,0.017494992603108835,0.11374503255256255,1
complete,1.0,1.9656499220606194,0.017175038969690342,0.11167028798203585,1
complete,1.0,1.9662781265128442,0.016860936743577935,0.10963328122329616,1
complete,1.0,1.9668948421750145,0.01655257891249269,0.10763332984682907,1
complete,1.0,1.9675002791575438,0.016249860421228095,0.10566976364356528,1
complete,1.0,1.968094643728283,0.015952678135858548,0.1037419243758799,1
complete,1.0,1.9686781383827952,0.01566093080860237,0.10184916556963189,1
complete,1.0,1.9692509619133451,0.015374519043327458,0.09999085232229453,1
complete,1.0,1.9698133094766244,0.015093345261687775,0.09816636107938728,1
complete,1.0,1.9703653726602417,0.014817313669879121,0.09637507947491264,1
complete,1.0,1.9709073395479941,0.01454633022600291,0.09461640610556724,1
complete,1.0,1.9714393947839464,0.014280302608026794,0.0928897503386316,1
complete,1.0,1.9719617196353376,0.014019140182331238,0.09119453212838781,1
complete,1.0,1.9724744920543373,0.013762753972831328,0.08953018182554384,1
complete,1.0,1.9729778867386734,0.01351105663066328,0.08789614000398493,1
complete,1.0,1.9734720751911494,0.01326396240442534,0.08629185728538274,1
complete,1.0,1.9739572257780742,0.013021387110962911,0.08471679414962416,1
complete,1.0,1.974433503786624,0.012783248106688,0.08317042076188394,1
complete,1.0,1.9749010714811537,0.012549464259423151,0.0816522168043846,1
complete,1.0,1.9753600881584794,0.012319955920760326,0.08016167131190374,1
complete,1.0,1.9758107102021494,0.012094644898925287,0.07869828249708538,1
complete,1.0,1.9762530911357234,0.011873454432138242,0.07726155761006658,1
complete,1.0,1.9766873816750767,0.011656309162461681,0.07585101276234187,1
complete,1.0,1.977113729779747,0.011443135110126493,0.07446617277058128,1
complete,1.0,1.9775322807033449,0.01123385964832761,0.07310657100306735,1
complete,1.0,1.977943177043039,0.011028411478480594,0.07177174923012318,1
complete,1.0,1.9783465587881386,0.010826720605930753,0.07046125747854746,1
complete,1.0,1.978742563367787,0.010628718316106473,0.06917465387336637,1
complete,1.0,1.9791313256977827,0.010434337151108688,0.06791150451569379,1
complete,1.0,1.979512978226543,0.010243510886728473,0.0666713833273948,1
complete,1.0,1.9798876509802301,0.010056174509884951,0.0654538719125397,1
complete,1.0,1.9802554716070484,0.009872264196475826,0.0642585594212203,1
complete,1.0,1.980616565420734,0.009691717289632983,0.06308504241568204,1
complete,1.0,1.9809710554432485,0.00951447227837577,0.06193292473950635,1
complete,1.0,1.9813190624466908,0.009340468776654662,0.06080181739241733,1
complete,1.0,1.9816607049944437,0.009169647502778194,0.05969133838785905,1
complete,1.0,1.9819960994815677,0.009001950259216095,0.058601112650044404,1
complete,1.0,1.9823253601744562,0.008837319912771884,0.05753077187886641,1
complete,1.0,1.982648599249764,0.00867570037511798,0.0564799544292641,1
complete,1.0,1.9829659268326263,0.00851703658368683,0.055448305192660405,1
complete,1.0,1.983277451034177,0.008361274482911516,0.05443547548044373,1
complete,1.0,1.983583277988381,0.00820836100580942,0.0534411229094648,1
complete,1.0,1.9838835118881946,0.008058244055902697,0.05246491128950234,1
complete,1.0,1.9841782550210612,0.007910872489469404,0.05150651051686604,1
complete,1.0,1.9844676078037615,0.007766196098119211,0.05056559645468194,1
complete,1.0,1.9847516688166245,0.007624165591687777,0.04964185083678435,1
complete,1.0,1.985030534837112,0.0074847325814439624,0.048734961161678025,1
complete,1.0,1.9853043008727917,0.0073478495636041495,0.04784462058635178,1
complete,1.0,1.9855730601937038,0.0072134699031480565,0.046970527825005486,1
complete,1.0,1.9858369043641388,0.007081547817930541,0.04611238704953229,1
complete,1.0,1.986095923273832,0.006952038363083956,0.04526990779174634,1
complete,1.0,1.9863502051685884,0.00682489741570578,0.04444280484731071,1
complete,1.0,1.9865998366803475,0.006700081659826267,0.04363079818134909,1
complete,1.0,1.986844902856698,0.006577548571651021,0.042833612835706844,1
complete,1.0,1.9870854871898531,0.0064572564050734615,0.0420509788389476,1
complete,1.0,1.9873216716450954,0.006339164177452231,0.04128263111713478,1
complete,1.0,1.9875535366887025,0.00622323165564872,0.04052830939821031,1
complete,1.0,1.9877811613153602,0.006109419342319937,0.03978775813772025,1
complete,1.0,1.9880046230750759,0.005997688462462057,0.0390607264278661,1
complete,1.0,1.9882239980996,0.005888000950200068,0.038346967914130774,1
complete,1.0,1.988439361128362,0.005780319435819018,0.037646240713381726,1
complete,1.0,1.9886507855339353,0.005674607233032424,0.03695830733340826,1
complete,1.0,1.988858343347033,0.005570828326483533,0.036282934593887414,1
complete,1.0,1.9890621052810498,0.005468947359475161,0.035619893548737444,1
complete,1.0,1.9892621407561522,0.005368929621923925,0.03496895940984898,1
complete,1.0,1.9894585179229305,0.005270741038534787,0.03432991147216169,1
complete,1.0,1.9896513036856163,0.005174348157191843,0.03370253304007112,1
complete,1.0,1.989840563724877,0.005079718137561449,0.03308661135513331,1
complete,1.0,1.9900263625201924,0.004986818739903757,0.03248193752505719,1
complete,1.0,1.9902087633718222,0.004895618314088881,0.03188830645657568,1
complete,1.0,1.9903878284223722,0.004806085788813935,0.031305516779781994,1
complete,1.0,1.9905636186779654,0.004718190661017268,0.030733370786562058,1
complete,1.0,1.9907361940290274,0.004631902985486305,0.030171674364892667,1
complete,1.0,1.990905613270689,0.004547193364655431,0.029620236932228598,1
complete,1.0,1.9910719341228191,0.0044640329385904655,0.029078871371737525,1
complete,1.0,1.9912352132496873,0.004382393375156295,0.0285473939696786,1
complete,1.0,1.9913955062792714,0.004302246860364331,0.028025624353885514,1
complete,1.0,1.991552867822207,0.004223566088896485,0.027513385433360654,1
complete,1.0,1.9917073514903951,0.0041463242548024585,0.027010503338930972,1
complete,1.0,1.9918590099152658,0.004070495042367152,0.02651680736497784,1
complete,1.0,1.9920078947657098,0.003996052617145098,0.026032129912196344,1
complete,1.0,1.9921540567656824,0.0039229716171588595,0.025556306431381928,1
complete,1.0,1.9922975457114833,0.003851227144258394,0.025089175368223526,1
complete,1.0,1.9924384104887232,0.0037807947556384395,0.02463057810908046,1
complete,1.0,1.992576699088978,0.003711650455511034,0.02418035892773123,1
complete,1.0,1.9927124586261393,0.003643770686930331,0.023738364933076135,1
complete,1.0,1.9928457353524662,0.003577132323766924,0.023304446017776405,1
complete,1.0,1.9929765746743422,0.003511712662828938,0.02287845480781367,1
complete,1.0,1.9931050211677455,0.00344748941612724,0.0224602466129532,1
complete,1.0,1.993231118593436,0.003384440703282075,0.022049679379658616,1
complete,1.0,1.9933549099118628,0.0033225450440685866,0.02164661363906117,1
complete,1.0,1.9934764372978027,0.0032617813510986654,0.021250912463337955,1
complete,1.0,1.9935957421547268,0.0032021289226366358,0.020862441419847562,1
complete,1.0,1.9937128651289073,0.003143567435546326,0.02048106852504128,1
complete,1.0,1.9938278461232657,0.0030860769383671293,0.020106664200029597,1
complete,1.0,1.9939407243109666,0.0030296378445166918,0.019739101226951525,1
complete,1.0,1.9940515381487642,0.002974230925617908,0.019378254706125482,1
complete,1.0,1.9941603253901041,0.0029198373049479577,0.0190240020139731,1
complete,1.0,1.9942671230979856,0.002866438451007148,0.018676222761697857,1
complete,1.0,1.9943719676575893,0.0028140161712053705,0.0183347987547084,1
complete,1.0,1.994474894788672,0.002762552605664019,0.01799961395277748,1
complete,1.0,1.9945759395577374,0.002712030221131267,0.01767055443090936,1
complete,1.0,1.9946751363899828,0.0026624318050086156,0.017347508340919846,1
complete,1.0,1.9947725190810266,0.002613740459486693,0.01703036587370909,1
complete,1.0,1.9948681208084234,0.002565939595788295,0.016719019222207268,1
complete,1.0,1.9949619741429665,0.0025190129285167155,0.01641336254499755,1
complete,1.0,1.995054111059785,0.0024729444701074303,0.016113291930590523,1
complete,1.0,1.9951445629492375,0.0024277185253812556,0.01581870536234372,1
complete,1.0,1.9952333606276058,0.002383319686197118,0.015529502684017336,1
complete,1.0,1.9953205343475948,0.0023397328262026143,0.015245585565947808,1
complete,1.0,1.9954061138086387,0.002296943095680578,0.014966857471836122,1
complete,1.0,1.9954901281670203,0.0022549359164898927,0.014693223626131745,1
complete,1.0,1.9955726060458023,0.0022136969770988244,0.01442459098201469,1
complete,1.0,1.9956535755445817,0.002173212227709194,0.014160868189943904,1
complete,1.0,1.9957330642490605,0.0021334678754697145,0.013901965566786727,1
complete,1.0,1.9958110992404463,0.002094450379776869,0.01364779506549608,1
complete,1.0,1.9958877071046766,0.0020561464476617297,0.01339827024534661,1
complete,1.0,1.9959629139414776,0.002018543029261142,0.013153306242699718,1
complete,1.0,1.9960367453732566,0.0019816273133717336,0.012912819742337897,1
complete,1.0,1.9961092265538296,0.001945386723085234,0.012676728949346152,1
complete,1.0,1.9961803821769928,0.001909808911503616,0.012444953561136923,1
complete,1.0,1.9962502364849348,0.0018748817575325984,0.01221741474059051,1
complete,1.0,1.9963188132764957,0.0018405933617520822,0.011994035089268358,1
complete,1.0,1.9963861359152757,0.0018069320423621052,0.011774738621216238,1
complete,1.0,1.9964522273375942,0.001773886331202941,0.011559450737245595,1
complete,1.0,1.996517110060304,0.0017414449698479847,0.011348098199680941,1
complete,1.0,1.9965808061884638,0.0017095969057680813,0.011140609107560267,1
complete,1.0,1.996643337422868,0.0016783312885660325,0.010936912872289586,1
complete,1.0,1.9967047250674401,0.0016476374662799205,0.010736940193741622,1
complete,1.0,1.9967649900364919,0.0016175049817540917,0.010540623036777367,1
complete,1.0,1.9968241528618471,0.0015879235690764552,0.01034789460820759,1
complete,1.0,1.996882233699838,0.0015588831500809904,0.010158689334160007,1
complete,1.0,1.9969392523381717,0.0015303738309141637,0.009972942837864098,1
complete,1.0,1.9969952282026715,0.0015023858986641938,0.009790591917839325,1
complete,1.0,1.9970501803638963,0.0014749098180519096,0.009611574526472301,1
complete,1.0,1.9971041275436356,0.0014479362281821756,0.009435829748994868,1
complete,1.0,1.9971570881212906,0.0014214559393546827,0.009263297782830106,1
complete,1.0,1.9972090801401339,0.0013954599299331079,0.0090939199173235,1
complete,1.0,1.997260121313457,0.0013699393432714882,0.00892763851384062,1
complete,1.0,1.9973102290306064,0.00134488548469685,0.008764396986220651,1
complete,1.0,1.9973594203629061,0.0013202898185469768,0.008604139781591975,1
complete,1.0,1.9974077120694753,0.0012961439652623944,0.00844681236157327,1
complete,1.0,1.997455120602937,0.0012724396985314965,0.008292361183683332,1
complete,1.0,1.9975016621150241,0.0012491689424879238,0.008140733683210673,1
complete,1.0,1.9975473524620817,0.001226323768959154,0.007991878255449641,1
complete,1.0,1.997592207210469,0.001203896394765455,0.007845744238151176,1
complete,1.0,1.9976362416418636,0.001181879179068193,0.007702281894333133,1
complete,1.0,1.9976794707584666,0.0011602646207666757,0.0075614423954082615,1
complete,1.0,1.9977219092881149,0.001139045355942564,0.007423177804613716,1
complete,1.0,1.9977635716892979,0.0011182141553510588,0.0072874410607454065,1
complete,1.0,1.9978044721560841,0.0010977639219579346,0.007154185962186095,1
complete,1.0,1.9978446246229566,0.0010776876885216448,0.007023367151226228,1
complete,1.0,1.9978840427695608,0.0010579786152196302,0.0068949400986666074,1
complete,1.0,1.9979227400253639,0.0010386299873180425,0.006768861088706787,1
complete,1.0,1.9979607295742319,0.001019635212884085,0.00664508720410056,1
complete,1.0,1.9979980243589197,0.0010009878205401908,0.006523576311590247,1
complete,1.0,1.9980346370854813,0.0009826814572592726,0.006404287047600623,1
complete,1.0,1.9980705802275993,0.0009647098862002936,0.006287178804191297,1
complete,1.0,1.998105866030833,0.0009470669845834234,0.0061722117152734415,1
complete,1.0,1.9981405065167919,0.0009297467416040515,0.006059346643068607,1
complete,1.0,1.9981745134872302,0.0009127432563849518,0.005948545164818464,1
complete,1.0,1.9982078985280682,0.000896050735965898,0.005839769559736763,1
complete,1.0,1.99824067301334,0.0008796634933300449,0.005732982796194961,1
complete,1.0,1.9982728481090672,0.0008635759454664044,0.005628148519146771,1
complete,1.0,1.9983044347770644,0.0008477826114677558,0.005525231037778345,1
complete,1.0,1.9983354437786733,0.0008322781106633415,0.005424195313382441,1
complete,1.0,1.9983658856784285,0.0008170571607857124,0.0053250069474586655,1
complete,1.0,1.9983957708476578,0.0008021145761710993,0.005227632170022862,1
complete,1.0,1.9984251094680145,0.000787445265992696,0.00513203782813778,1
complete,1.0,1.9984539115349476,0.0007730442325262525,0.005038191374643883,1
complete,1.0,1.9984821868611051,0.0007589065694473877,0.004946060857105642,1
complete,1.0,1.99850994507968,0.000745027460160042,0.004855614906947627,1
complete,1.0,1.998537195647689,0.000731402176155498,0.0047668227288013695,1
complete,1.0,1.9985639478491972,0.0007180260754014138,0.004679654090033745,1
complete,1.0,1.9985902107984794,0.0007048946007603169,0.004594079310476974,1
complete,1.0,1.998615993443126,0.0006920032784370219,0.004510069252337975,1
complete,1.0,1.9986413045670912,0.000679347716454442,0.004427595310296073,1
complete,1.0,1.9986661527936855,0.0006669236031572726,0.004346629401780542,1
complete,1.0,1.9986905465885139,0.0006547267057430496,0.0042671439574278784,1
complete,1.0,1.9987144942623598,0.0006427528688200552,0.004189111911699496,1
complete,1.0,1.9987380039740168,0.0006309980129916178,0.004112506693689527,1
complete,1.0,1.9987610837330674,0.0006194581334662815,0.004037302218092219,1
complete,1.0,1.9987837414026133,0.0006081292986934138,0.003963472876328516,1
complete,1.0,1.9988059847019526,0.000597007649023746,0.0038909935278451657,1
complete,1.0,1.9988278212092112,0.0005860893953944289,0.0038198394915619355,1
complete,1.0,1.9988492583639237,0.0005753708180381183,0.0037499865374824234,1
complete,1.0,1.9988703034695687,0.0005648482652156873,0.0036814108784526504,1
complete,1.0,1.998890963696056,0.0005545181519720963,0.003614089162077482,1
complete,1.0,1.9989112460821699,0.000544376958915036,0.0035479984627745454,1
complete,1.0,1.9989311575379682,0.0005344212310158865,0.0034831162739785114,1
complete,1.0,1.9989507048471347,0.0005246475764326248,0.0034194205004914897,1
complete,1.0,1.9989698946692915,0.0005150526653542398,0.0033568894509630903,1
complete,1.0,1.9989887335422674,0.0005056332288663002,0.0032955018305182537,1
complete,1.0,1.9990072278843254,0.0004963860578372506,0.003235236733510707,1
complete,1.0,1.9990253839963499,0.0004873080018250933,0.003176073636413601,1
complete,1.0,1.999043208063992,0.00047839596800404753,0.0031179923908421924,1
complete,1.0,1.9990607061597783,0.00046964692011085534,0.0030609732166950003,1
complete,1.0,1.9990778842451793,0.0004610578774103413,0.0030049966954289477,1
complete,1.0,1.9990947481726402,0.000452625913679906,0.002950043763453434,1
complete,1.0,1.999111303687575,0.0004443481562125765,0.002896095705645217,1
complete,1.0,1.9991275564303235,0.00043622178483830403,0.0028431341489821723,1
complete,1.0,1.9991435119380736,0.00042824403096314593,0.0027911410562925527,1
complete,1.0,1.999159175646748,0.0004204121766260317,0.0027400987201170604,1
complete,1.0,1.9991745528928544,0.0004127235535727718,0.002689989756689265,1
complete,1.0,1.999189648915306,0.0004051755423470035,0.0026407971000159108,1
complete,1.0,1.9992044688572044,0.000397765571397762,0.0025925039960755483,1
complete,1.0,1.9992190177675933,0.00039049111620337225,0.0025450939971125436,1
complete,1.0,1.9992333006031773,0.00038334969841136304,0.002498550956047007,1
complete,1.0,1.9992473222300118,0.0003763388849941112,0.0024528590209760546,1
complete,1.0,1.9992610874251602,0.0003694562874199269,0.0024080026297820818,1
complete,1.0,1.9992746008783213,0.0003626995608392991,0.0023639665048374734,1
complete,1.0,1.999287867193428,0.00035606640328602284,0.002320735647803906,1
complete,1.0,1.9993008908902141,0.0003495545548929362,0.00227829533453256,1
complete,1.0,1.999313676405756,0.00034316179712200103,0.002236631110049608,1
complete,1.0,1.9993262280959831,0.0003368859520084631,0.0021957287836393198,1
complete,1.0,1.9993385502371623,0.00033072488141883615,0.0021555744240153336,1
complete,1.0,1.999350647027355,0.0003246764863224557,0.002116154354577445,1
complete,1.0,1.9993625225878473,0.00031873870607635493,0.002077455148757918,1
complete,1.0,1.9993741809645535,0.0003129095177232192,0.002039463625454748,1
complete,1.0,1.9993856261293956,0.00030718693530217944,0.002002166844541743,1
complete,1.0,1.9993968619816556,0.00030156900917221026,0.0019655521024667176,1
complete,1.0,1.9994078923493042,0.00029605382534790174,0.0019296069279273011,1
complete,1.0,1.9994187209903052,0.0002906395048473791,0.0018943190776262657,1
complete,1.0,1.9994293515938957,0.0002853242030521474,0.0018596765321039945,1
complete,1.0,1.9994397877818426,0.000280106109078644,0.0018256674916491847,1
complete,1.0,1.9994500331096774,0.00027498344516128383,0.001792280372279429,1
complete,1.0,1.9994600910679063,0.0002699544660467884,0.0017595038018017562,1
complete,1.0,1.9994699650832009,0.0002650174583995908,0.0017273266159384057,1
complete,1.0,1.9994796585195638,0.0002601707402181141,0.00169573785453007,1
complete,1.0,1.9994891746794765,0.00025541266026172897,0.0016647267578017199,1
complete,1.0,1.9994985168050237,0.00025074159748818395,0.0016342827627018673,1
complete,1.0,1.9995076880789973,0.0002461559605013332,0.0016043954993074578,1
complete,1.0,1.9995166916259821,0.00024165418700895522,0.0015750547872907584,1
complete,1.0,1.999525530513419,0.00023723474329049587,0.0015462506324583668,1
complete,1.0,1.999534207752651,0.00023289612367453712,0.001517973223344082,1
complete,1.0,1.9995427262999483,0.00022863685002583008,0.001490212927873419,1
complete,1.0,1.9995510890575166,0.00022445547124170145,0.0014629602900804327,1
complete,1.0,1.9995592988744846,0.0002203505627576775,0.001436206026891333,1
complete,1.0,1.9995673585478757,0.0002163207260621419,0.0014099410249626854,1
complete,1.0,1.9995752708235603,0.00021236458821987696,0.0013841563375799717,1
complete,1.0,1.9995830383971913,0.0002084808014043112,0.0013588431816116508,1
complete,1.0,1.9995906639151233,0.00020466804243832849,0.0013339929345161118,1
complete,1.0,1.999598149975313,0.0002009250123434681,0.0013095971314100415,1
complete,1.0,1.9996054991282053,0.0001972504358973757,0.001285647462183891,0
complete,1.0,1.9996127138776014,0.00019364306119934154,0.0012621357686735193,0
complete,1.0,1.9996197966815124,0.00019010165924379026,0.0012390540418831736,0
complete,1.0,1.999626749952997,0.00018662502350156503,0.0012163944192548418,0
complete,1.0,1.9996335760609822,0.00018321196950887422,0.0011941491819977817,0
complete,1.0,1.9996402773310724,0.00017986133446375247,0.0011723107524544455,0
complete,1.0,1.9996468560463403,0.00017657197682990303,0.0011508716915221665,0
complete,1.0,1.9996533144481043,0.0001733427759477847,0.0011298246961238079,0
complete,1.0,1.9996596547366943,0.00017017263165281166,0.0011091625967139872,0
complete,1.0,1.9996658790721988,0.0001670604639005356,0.001088878354843998,0
complete,1.0,1.9996719895752026,0.00016400521239868263,0.0010689650607627896,0
complete,1.0,1.9996779883275082,0.00016100583624591963,0.00104941593106461,0
complete,1.0,1.9996838773728456,0.00015806131357722699,0.0010302243063784189,0
complete,1.0,1.9996896587175685,0.00015517064121575673,0.0010113836491009566,0
complete,1.0,1.999695334331338,0.00015233283433105786,0.0009928875411707007,0
complete,1.0,1.9997009061477928,0.00014954692610355178,0.0009747296818823738,0
complete,1.0,1.9997063760652096,0.00014681196739514424,0.0009569038857397803,0
complete,1.0,1.9997117459471483,0.00014412702642586106,0.0009394040803519221,0
complete,1.0,1.9997170176230872,0.0001414911884563976,0.0009222243043649317,0
complete,1.0,1.999722192889047,0.00013890355547647394,0.0009053587054298667,0
complete,1.0,1.9997272735082021,0.0001363632458988896,0.0008888015382114734,0
complete,1.0,1.9997322612114816,0.00013386939425917324,0.0008725471624312505,0
complete,1.0,1.9997371576981586,0.00013142115092072543,0.0008565900409473166,0
complete,1.0,1.9997419646364294,0.00012901768178535388,0.0008409247378683073,0
complete,1.0,1.999746683663982,0.0001266581680091023,0.0008255459167016506,0
complete,1.0,1.9997513163885534,0.00012434180572327654,0.0008104483385372781,0
complete,1.0,1.999755864388479,0.00012206780576057244,0.0007956268602611002,0
complete,1.0,1.9997603292132275,0.00011983539338621239,0.000781076432808752,0
complete,1.0,1.999764712383932,0.00011764380803399914,0.0007667920994395513,0
complete,1.0,1.9997690153939056,0.00011549230304719641,0.0007527689940526366,0
complete,1.0,1.9997732397091517,0.00011338014542414869,0.000739002339529659,0
complete,1.0,1.9997773867688629,0.00011130661556855294,0.0007254874461055783,0
complete,1.0,1.9997814579859114,0.00010927100704429754,0.0007122197097730792,0
complete,1.0,1.9997854547473304,0.00010727262633478482,0.0006991946107155805,0
complete,1.0,1.9997893784147867,0.00010531079260665512,0.0006864077117646242,0
complete,1.0,1.9997932303250443,0.00010338483747783198,0.0006738546568922056,0
complete,1.0,1.9997970117904205,0.00010149410478980933,0.0006615311697249005,0
complete,1.0,1.9998007240992317,9.963795038410332e-05,0.0006494330520897755,0
complete,1.0,1.9998043685162343,9.781574188279181e-05,0.0006375561825806393,0
complete,1.0,1.9998079462830538,9.602685847306911e-05,0.0006258965151585168,0
complete,1.0,1.9998114586186084,9.427069069573816e-05,0.0006144500777719049,0
complete,1.0,1.9998149067195248,9.254664023757389e-05,0.0006032129710028234,0
complete,1.0,1.999818291760545,9.085411972748087e-05,0.0005921813667410489,0
complete,1.0,1.9998216148949273,8.919255253638192e-05,0.0005813515068779963,0
complete,1.0,1.9998248772548384,8.756137258076334e-05,0.0005707197020296394,0
complete,1.0,1.9998280799517403,8.596002412981598e-05,0.0005602823302758792,0
complete,1.0,1.9998312240767677,8.438796161610049e-05,0.0005500358359302912,0
complete,1.0,1.9998343107011007,8.284464944967796e-05,0.0005399767283277777,0
complete,1.0,1.9998373408763288,8.132956183563709e-05,0.0005301015806367472,0
complete,1.0,1.9998403156348101,7.984218259496108e-05,0.0005204070286898857,0
complete,1.0,1.9998432359900227,7.838200498866806e-05,0.0005108897698396724,0
complete,1.0,1.9998461029369097,7.694853154517013e-05,0.0005015465618332588,0
complete,1.0,1.9998489174522185,7.55412738907873e-05,0.0004923742217081532,0
complete,1.0,1.9998516804948332,7.415975258336346e-05,0.00048336962470897095,0
complete,1.0,1.9998543930061021,7.280349694892277e-05,0.0004745297032201697,0
complete,1.0,1.9998570559101574,7.147204492131578e-05,0.00046585144572518173,0
complete,1.0,1.9998596701142304,7.016494288479578e-05,0.0004573318957780223,0
complete,1.0,1.999862236508961,6.888174551947648e-05,0.00044896815099650767,0
complete,1.0,1.9998647559687008,6.762201564961364e-05,0.0004407573620749813,0
complete,1.0,1.9998672293518107,6.638532409466381e-05,0.0004326967318124466,0
complete,1.0,1.9998696575009538,6.517124952306447e-05,0.00042478351416047643,0
complete,1.0,1.9998720412433826,6.397937830869076e-05,0.00041701501328672824,0
complete,1.0,1.99987438139122,6.280930438993498e-05,0.0004093885826590024,0
complete,1.0,1.9998766787417372,6.166062913136555e-05,0.0004019016241414761,0
complete,1.0,1.9998789340776242,6.053296118791379e-05,0.00039455158711107426,0
complete,1.0,1.999881148167257,5.942591637154669e-05,0.00038733596758804283,0
complete,1.0,1.9998833217649592,5.833911752037587e-05,0.00038025230738362824,0
complete,1.0,1.9998854556112597,5.727219437016232e-05,0.00037329819326095047,0
complete,1.0,1.9998875504331437,5.622478342816923e-05,0.00036647125611644223,0
complete,1.0,1.9998896069443013,5.5196527849323615e-05,0.00035976917016948594,0
complete,1.0,1.9998916258453707,5.4187077314640985e-05,0.0003531896521709323,0
complete,1.0,1.9998936078241762,5.319608791187518e-05,0.0003467304606274641,0
complete,1.0,1.9998955535559633,5.222322201834925e-05,0.0003403893950357253,0
complete,1.0,1.9998974637036282,5.126814818593031e-05,0.0003341642951329887,0
complete,1.0,1.9998993389179438,5.0330541028107786e-05,0.0003280530401631296,0
complete,1.0,1.9999011798377817,4.9410081109136514e-05,0.0003220535481519549,0
complete,1.0,1.9999029870903295,4.8506454835207115e-05,0.0003161637751992093,0
complete,1.0,1.9999047612913048,4.761935434760717e-05,0.0003103817147820523,0
complete,1.0,1.9999065030451644,4.674847741783635e-05,0.0003047053970720441,0
complete,1.0,1.9999082129453107,4.589352734463873e-05,0.0002991328882636382,0
complete,1.0,1.999909891574294,4.505421285291966e-05,0.00029366228991531163,0
complete,1.0,1.999911539504011,4.423024799450978e-05,0.0002882917383026099,0
complete,1.0,1.9999131572958986,4.342135205074535e-05,0.0002830194037850001,0
complete,1.0,1.9999147455011264,4.262724943682876e-05,0.0002778434901809198,0
complete,1.0,1.9999163046607842,4.1847669607939586e-05,0.00027276223415562936,0
complete,1.0,1.9999178353060658,4.108234696706129e-05,0.00026777390462268965,0
complete,1.0,1.999919337958451,4.0331020774494976e-05,0.0002628768021512004,0
complete,1.0,1.999920813129882,3.959343505902666e-05,0.00025806925838995124,0
complete,1.0,1.9999222613229386,3.886933853072045e-05,0.0002533496354976687,0
complete,1.0,1.9999236830310094,3.815848449530531e-05,0.0002487163255843111,0
complete,1.0,1.9999250787384597,3.746063077012877e-05,0.00024416775016512684,0
complete,1.0,1.9999264489207966,3.677553960164654e-05,0.0002397023596211333,0
complete,1.0,1.9999277940448312,3.610297758442221e-05,0.00023531863267211396,0
complete,1.0,1.9999291145688367,3.544271558160717e-05,0.0002310150758601348,0
complete,1.0,1.9999304109427063,3.479452864687606e-05,0.00022679022303597753,0
complete,1.0,1.9999316836081045,3.415819594778854e-05,0.00022264263486581872,0
complete,1.0,1.9999329329986189,3.3533500690554025e-05,0.0002185708983363437,0
complete,1.0,1.9999341595399076,3.2920230046171e-05,0.00021457362627451876,0
complete,1.0,1.9999353636498443,3.231817507791839e-05,0.0002106494568757246,0
complete,1.0,1.9999365457386598,3.1727130670171796e-05,0.00020679705324077265,0
complete,1.0,1.9999377062090828,3.114689545852271e-05,0.00020301510291863243,0
complete,1.0,1.9999388454564777,3.0577271761174594e-05,0.00019930231745757642,0
complete,1.0,1.9999399638689768,3.0018065511594735e-05,0.00019565743197288827,0
complete,1.0,1.9999410618276152,2.946908619239669e-05,0.00019207920470820154,0
complete,1.0,1.9999421397064592,2.8930146770432948e-05,0.00018856641661790896,0
complete,1.0,1.9999431978727338,2.8401063633073638e-05,0.00018511787094978804,0
complete,1.0,1.9999442366869487,2.7881656525651575e-05,0.00018173239283641448,0
complete,1.0,1.9999452565030198,2.7371748490050358e-05,0.00017840882889722692,0
complete,1.0,1.999946257668391,2.687116580441653e-05,0.00017514604684369724,0
complete,1.0,1.999947240524152,2.6379737923973387e-05,0.00017194293509448626,0
complete,1.0,1.999948205405154,2.58972974229181e-05,0.00016879840239762591,0
complete,1.0,1.9999491526401252,2.5423679937380556e-05,0.00016571137745558014,0
complete,1.0,1.999950082551781,2.4958724109426233e-05,0.00016268080856451418,0
complete,1.0,1.9999509954569359,2.450227153208236e-05,0.0001597056632523542,0
complete,1.0,1.9999518916666092,2.4054166695370242e-05,0.00015678492793088755,0
complete,1.0,1.9999527714861334,2.3614256933323783e-05,0.0001539176075455117,0
complete,1.0,1.999953635215256,2.318239237197772e-05,0.00015110272524100084,0
complete,1.0,1.9999544831482434,2.2758425878306282e-05,0.0001483393220255744,0
complete,1.0,1.9999553155739798,2.2342213010096487e-05,0.00014562645644645335,0
complete,1.0,1.9999561327760664,2.193361196673735e-05,0.00014296320426677954,0
complete,1.0,1.9999569350329183,2.1532483540909868e-05,0.00014034865815195198,0
complete,1.0,1.9999577226178578,2.113869107115975e-05,0.00013778192736266682,0
complete,1.0,1.9999584957992094,2.0752100395338236e-05,0.00013526213744724722,0
complete,1.0,1.9999592548403902,2.0372579804893734e-05,0.00013278842994670828,0
complete,1.0,1.99996,2e-05,0.00013035996210087917,0
complete,1.4,1.6,0.2,1.3217504433004645,0
complete,1.4,1.6073153190899125,0.1963423404550437,1.2845228338284564,0
complete,1.4,1.6144968534463568,0.1927515732768216,1.2486929469503008,0
complete,1.4,1.6215470497643696,0.1892264751178152,1.2141691073377172,0
complete,1.4,1.6284683099931003,0.1857658450034498,1.180869398176659,0
complete,1.4,1.6352629921541375,0.18236850392293127,1.1487203236189687,0
complete,1.4,1.6419334111448682,0.17903329442756588,1.1176556860547673,0
complete,1.4,1.6484818395271477,0.17575908023642622,1.0876156386218954,0
complete,1.4,1.6549105083015423,0.17254474584922885,1.058545881830521,0
complete,1.4,1.6612216076674169,0.16938919616629156,1.0303969794961862,0
complete,1.4,1.6674172877691178,0.16629135611544113,1.003123773353581,0
complete,1.4,1.6734996594285112,0.16325017028574443,0.9766848806900358,0
complete,1.4,1.6794707948641248,0.1602646025679376,0.9510422611425423,0
complete,1.4,1.6853327283971367,0.15733363580143167,0.9261608421381392,0
complete,1.4,1.6910874571444543,0.15445627142777288,0.9020081938962758,0
complete,1.4,1.6967369416991156,0.15163152915044223,0.8785542465268086,0
complete,1.4,1.7022831067982496,0.1488584466008752,0.855771043095032,0
complete,1.4,1.70772784197882,0.14613607901059,0.8336325234937247,0
complete,1.4,1.7130730022213754,0.14346349888931229,0.8121143347754645,0
complete,1.4,1.7183204085820285,0.14083979570898578,0.7911936642981068,0
complete,1.4,1.7234718488128749,0.13826407559356257,0.7708490925919718,0
complete,1.4,1.7285290779710683,0.13573546101446593,0.7510604633583381,0
complete,1.4,1.733493819016754,0.133253090491623,0.7318087682905922,0
complete,1.4,1.7383677634000698,0.13081611829996506,0.7130760449062618,0
complete,1.4,1.7431525716374097,0.12842371418129517,0.694845285669384,0
complete,1.4,1.7478498738771489,0.12607506306142552,0.6771003570508064,0
complete,1.4,1.7524612704550246,0.12376936477248768,0.6598259272732305,0
complete,1.4,1.7569883324393571,0.12150583378032144,0.643007401714669,0
complete,1.4,1.7614326021663016,0.11928369891684922,0.6266308650531482,0
complete,1.4,1.7657955937653105,0.11710220311734477,0.6106830293500469,0
complete,1.4,1.770078793674986,0.11496060316250703,0.5951511873881062,0
complete,1.4,1.7742836611494985,0.11285816942525075,0.580023170688584,0
complete,1.4,1.7784116287557439,0.11079418562212802,0.5652873116193909,0
complete,1.4,1.782464102861408,0.10876794856929593,0.5509324091907121,0
complete,1.4,1.786442464114106,0.10677876794294702,0.5369476981272673,0
complete,1.4,1.7903480679117578,0.10482596604412114,0.5233228207727912,0
complete,1.4,1.794182244864363,0.1029088775678185,0.5100478016920666,0
complete,1.4,1.7979463012473296,0.10102684937633524,0.49711302449896816,0
complete,1.4,1.8016415194465116,0.09917924027674424,0.48450921073114134,0
complete,1.4,1.8052691583951088,0.09736542080244559,0.47222740071268093,0
complete,1.4,1.8088304540025761,0.09558477299871192,0.46025893586734784,0
complete,1.4,1.8123266195756882,0.09383669021215589,0.44859544271680646,0
complete,1.4,1.815758846231904,0.09212057688404798,0.437228818043074,0
complete,1.4,1.8191283033051722,0.09043584834741396,0.4261512154053817,0
complete,1.4,1.8224361387443133,0.08878193062784334,0.4153550325495287,0
complete,1.4,1.825683479504119,0.08715826024794052,0.40483290002468536,0
complete,1.4,1.8288714319292954,0.08556428403535227,0.39457767044848835,0
complete,1.4,1.832001082131388,0.08399945893430605,0.38458240868522986,0
complete,1.4,1.83507349635881,0.08246325182059497,0.374840382699789,0
complete,1.4,1.8380897213601073,0.08095513931994637,0.365345055122645,0
complete,1.4,1.8410507847405757,0.07947460762971209,0.35609007530483106,0
complete,1.4,1.8439576953123604,0.0780211523438198,0.347069271947337,0
complete,1.4,1.8468114434381488,0.07659427828092555,0.3382766462167066,0
complete,1.4,1.8496130013685814,0.07519349931570929,0.3297063652961112,0
complete,1.4,1.8523633235734889,0.07381833821325551,0.32135275633396493,0
complete,1.4,1.855063347067074,0.07246832646646294,0.31321030075847106,0
complete,1.4,1.8577139917271448,0.07114300413642766,0.3052736288976976,0
complete,1.4,1.8603161606085092,0.06984191969574537,0.2975375149492102,0
complete,1.4,1.8628707402506413,0.06856462987467936,0.2899968721896885,0
complete,1.4,1.8653786009797164,0.06731069951014182,0.2826467484502128,0
complete,1.4,1.8678405972051257,0.0660797013974371,0.27548232183329774,0
complete,1.4,1.8702575677105677,0.06487121614471617,0.26849889662879534,0
complete,1.4,1.872630335939814,0.06368483203009301,0.2616918994254961,0
complete,1.4,1.874959710277252,0.06252014486137401,0.2550568754277433,0
complete,1.4,1.8772464843232943,0.061376757838352856,0.24858948492106284,0
complete,1.4,1.8794914371647535,0.06025428141762329,0.24228549989922368,0
complete,1.4,1.8816953336402698,0.059152333179865076,0.23614080083579808,0
complete,1.4,1.8838589246008874,0.058070537699556286,0.23015137358955964,0
complete,1.4,1.8859829471658627,0.0570085264170687,0.22431330643367103,0
complete,1.4,1.8880681249737954,0.055965937513102325,0.21862278719900044,0
complete,1.4,1.8901151684291675,0.05494241578541624,0.21307610052213524,0
complete,1.4,1.8921247749443724,0.05393761252781386,0.20766962518856177,0
complete,1.4,1.8940976291773173,0.05295118541134134,0.2023998316532129,0
complete,1.4,1.8960344032646828,0.051982798367658664,0.19726327953469056,0
complete,1.4,1.8979357570509126,0.05103212147454368,0.19225661524445212,0
complete,1.4,1.8998023383130198,0.05009883084349005,0.18737656964897376,0
complete,1.4,1.9016347829812783,0.04918260850936088,0.1826199559261043,0
complete,1.4,1.9034337153558794,0.04828314232206036,0.17798366736579474,0
complete,1.4,1.9051997483196268,0.04740012584018657,0.1734646753047702,0
complete,1.4,1.9069334835467417,0.04653325822662917,0.16906002716602048,0
complete,1.4,1.908635511707847,0.045682244146076474,0.1647668444184179,0
complete,1.4,1.9103064126712062,0.04484679366439691,0.1605823207314589,0
complete,1.4,1.9119467557002787,0.04402662214986061,0.15650372007868277,0
complete,1.4,1.913557099647665,0.043221450176167533,0.15252837495678218,0
complete,1.4,1.915137993145502,0.04243100342724901,0.14865368479917546,0
complete,1.4,1.9166899747923793,0.04165501260381029,0.1448771141292114,0
complete,1.4,1.9182135733368353,0.04089321333158232,0.14119619088046198,0
complete,1.4,1.9197093078574972,0.04014534607125137,0.13760850489825077,0
complete,1.4,1.921177687939928,0.03941115603003597,0.1341117064326039,0
complete,1.4,1.9226192138502383,0.03869039307488089,0.13070350451837942,0
complete,1.4,1.9240343767055226,0.03798281164723868,0.12738166555049987,0
complete,1.4,1.9254236586411806,0.03728817067940971,0.12414401178884456,0
complete,1.4,1.9267875329751756,0.036606233512412226,0.12098842004093242,0
complete,1.4,1.9281264643692912,0.03593676781535439,0.11791282034995026,0
complete,1.4,1.9294409089874383,0.035279545506280874,0.1149151945600972,0
complete,1.4,1.9307313146510658,0.034634342674467064,0.11199357494640992,0
complete,1.4,1.9319981209917314,0.03400093950413433,0.10914604322675893,0
complete,1.4,1.933241759600879,0.033379120199560464,0.10637072917611502,0
complete,1.4,1.9344626541768806,0.03276867291155967,0.10366580934283835,0
complete,1.4,1.9356612206693857,0.03216938966530711,0.10102950598804274,0
complete,1.4,1.936837867421033,0.03158106628948349,0.09846008603831408,0
complete,1.4,1.9379929953065693,0.03100350234671538,0.09595585985165228,0
complete,1.4,1.9391269978694246,0.030436501065287714,0.09351518009545595,0
complete,1.4,1.9402402614557896,0.02987986927210513,0.09113644078465576,1
complete,1.4,1.9413331653462413,0.029333417326879344,0.08881807635369134,1
complete,1.4,1.9424060818849598,0.028796959057520135,0.08655856043021282,1
complete,1.4,1.9434593766065842,0.02827031169670789,0.08435640489234764,1
complete,1.4,1.9444934083607477,0.027753295819626145,0.08221015922747606,1
complete,1.4,1.9455085294343342,0.027245735282832913,0.08011840915789553,1
complete,1.4,1.9465050856715003,0.026747457164249904,0.07807977599066088,1
complete,1.4,1.9474834165915014,0.026258291704249283,0.07609291576938794,1
complete,1.4,1.9484438555043644,0.025778072247817835,0.07415651826655713,1
complete,1.4,1.9493867296244423,0.025306635187778835,0.07226930612659906,1
complete,1.4,1.9503123601818952,0.024843819909052326,0.07043003430337107,1
complete,1.4,1.9512210625321305,0.024389468733934744,0.06863748899341325,1
complete,1.4,1.9521131462632413,0.023943426868379317,0.06689048682447404,1
complete,1.4,1.952988915301482,0.023505542349258907,0.06518787446267191,1
complete,1.4,1.9538486680148135,0.023075665992593218,0.06352852742713683,1
complete,1.4,1.9546926973145538,0.02265365134272308,0.06191134958622842,1
complete,1.4,1.955521290755172,0.02223935462241398,0.060335272571318994,1
complete,1.4,1.9563347306322554,0.0218326346838723,0.05879925470134186,1
complete,1.4,1.9571332940786854,0.02143335296065727,0.05730228074341762,1
complete,1.4,1.9579172531590552,0.02104137342047246,0.055843361042646415,1
complete,1.4,1.958686874962359,0.020656562518820573,0.05442153074703812,1
complete,1.4,1.9594424216929882,0.02027878915350584,0.05303584955487093,1
complete,1.4,1.960184150760063,0.01990792461996847,0.051685400786679915,1
complete,1.4,1.960912314865128,0.019543842567435996,0.05036929081542208,1
complete,1.4,1.961627162088247,0.019186418955876486,0.049086648809198455,1
complete,1.4,1.962328935972522,0.01883553201373904,0.04783662560964814,1
complete,1.4,1.9630178756070658,0.018491062196467144,0.046618393798473434,1
complete,1.4,1.9636942157084585,0.018152892145770715,0.04543114668539728,1
complete,1.4,1.964358186700714,0.017820906649643028,0.044274097955850446,1
complete,1.4,1.9650100147937823,0.017494992603108835,0.043146481319017466,1
complete,1.4,1.9656499220606194,0.017175038969690342,0.04204754962429646,1
complete,1.4,1.9662781265128442,0.016860936743577935,0.0409765748204398,1
complete,1.4,1.9668948421750145,0.01655257891249269,0.0399328471446836,1
complete,1.4,1.9675002791575438,0.016249860421228095,0.03891567479363143,1
complete,1.4,1.968094643728283,0.015952678135858548,0.03792438356762029,1
complete,1.4,1.9686781383827952,0.01566093080860237,0.03695831608141128,1
complete,1.4,1.9692509619133451,0.015374519043327458,0.036016831929022095,1
complete,1.4,1.9698133094766244,0.015093345261687775,0.03509930655584924,1
complete,1.4,1.9703653726602417,0.014817313669879121,0.034205131508135804,1
complete,1.4,1.9709073395479941,0.01454633022600291,0.033333713533092786,1
complete,1.4,1.9714393947839464,0.014280302608026794,0.0324844745101173,1
complete,1.4,1.9719617196353376,0.014019140182331238,0.031656850937077166,1
complete,1.4,1.9724744920543373,0.013762753972831328,0.03085029352586812,1
complete,1.4,1.9729778867386734,0.01351105663066328,0.030064267038173994,1
complete,1.4,1.9734720751911494,0.01326396240442534,0.029298249571045373,1
complete,1.4,1.9739572257780742,0.013021387110962911,0.028551732742805962,1
complete,1.4,1.974433503786624,0.012783248106688,0.02782422074200086,1
complete,1.4,1.9749010714811537,0.012549464259423151,0.027115230620349113,1
complete,1.4,1.9753600881584794,0.012319955920760326,0.026424291387586358,1
complete,1.4,1.9758107102021494,0.012094644898925287,0.02575094427515115,1
complete,1.4,1.9762530911357234,0.011873454432138242,0.025094741877426344,1
complete,1.4,1.9766873816750767,0.011656309162461681,0.024455248389416893,1
complete,1.4,1.977113729779747,0.011443135110126493,0.023832038812899713,1
complete,1.4,1.9775322807033449,0.01123385964832761,0.023224699179473656,1
complete,1.4,1.977943177043039,0.011028411478480594,0.022632825754670457,1
complete,1.4,1.9783465587881386,0.010826720605930753,0.022056025336142836,1
complete,1.4,1.978742563367787,0.010628718316106473,0.021493914413079535,1
complete,1.4,1.9791313256977827,0.010434337151108688,0.020946119462884088,1
complete,1.4,1.979512978226543,0.010243510886728473,0.020412276214407755,1
complete,1.4,1.9798876509802301,0.010056174509884951,0.01989202986505866,1
complete,1.4,1.9802554716070484,0.009872264196475826,0.019385034385224004,1
complete,1.4,1.980616565420734,0.009691717289632983,0.018890952787889086,1
complete,1.4,1.9809710554432485,0.00951447227837577,0.018409456348026397,1
complete,1.4,1.9813190624466908,0.009340468776654662,0.017940225015168582,1
complete,1.4,1.9816607049944437,0.009169647502778194,0.017482946534630325,1
complete,1.4,1.9819960994815677,0.009001950259216095,0.017037316895042016,1
complete,1.4,1.9823253601744562,0.008837319912771884,0.016603039504835035,1
complete,1.4,1.982648599249764,0.00867570037511798,0.016179825610701044,1
complete,1.4,1.9829659268326263,0.00851703658368683,0.015767393493771226,1
complete,1.4,1.983277451034177,0.008361274482911516,0.015365468862632757,1
complete,1.4,1.983583277988381,0.00820836100580942,0.014973784202422654,1
complete,1.4,1.9838835118881946,0.008058244055902697,0.014592078888709016,1
complete,1.4,1.9841782550210612,0.007910872489469404,0.014220098915028985,1
complete,1.4,1.9844676078037615,0.007766196098119211,0.013857596658163333,1
complete,1.4,1.9847516688166245,0.007624165591687777,0.013504330927411878,1
complete,1.4,1.985030534837112,0.0074847325814439624,0.013160066466030984,1
complete,1.4,1.9853043008727917,0.0073478495636041495,0.012824574251033902,1
complete,1.4,1.9855730601937038,0.0072134699031480565,0.012497630780049888,1
complete,1.4,1.9858369043641388,0.007081547817930541,0.01217901853598909,1
complete,1.4,1.986095923273832,0.006952038363083956,0.011868525313201704,1
complete,1.4,1.9863502051685884,0.00682489741570578,0.011565944383617953,1
complete,1.4,1.9865998366803475,0.006700081659826267,0.011271074325674178,1
complete,1.4,1.986844902856698,0.006577548571651021,0.010983718678289227,1
complete,1.4,1.9870854871898531,0.0064572564050734615,0.010703686215468966,1
complete,1.4,1.9873216716450954,0.006339164177452231,0.010430790302315154,1
complete,1.4,1.9875535366887025,0.00622323165564872,0.010164849307875246,1
complete,1.4,1.9877811613153602,0.006109419342319937,0.009905686054100537,1
complete,1.4,1.9880046230750759,0.005997688462462057,0.009653127893375106,1
complete,1.4,1.9882239980996,0.005888000950200068,0.009407006686863931,1
complete,1.4,1.988439361128362,0.005780319435819018,0.009167158351571322,1
complete,1.4,1.9886507855339353,0.005674607233032424,0.00893342323207803,1
complete,1.4,1.988858343347033,0.005570828326483533,0.00870564554930005,1
complete,1.4,1.9890621052810498,0.005468947359475161,0.008483673555194785,1
complete,1.4,1.9892621407561522,0.005368929621923925,0.008267359420514793,1
complete,1.4,1.9894585179229305,0.005270741038534787,0.00805655888736625,1
complete,1.4,1.9896513036856163,0.005174348157191843,0.007851131639582233,1
complete,1.4,1.989840563724877,0.005079718137561449,0.007650940721923882,1
complete,1.4,1.9900263625201924,0.004986818739903757,0.007455852716531231,1
complete,1.4,1.9902087633718222,0.004895618314088881,0.00726573770085743,1
complete,1.4,1.9903878284223722,0.004806085788813935,0.007080468849242321,1
complete,1.4,1.9905636186779654,0.004718190661017268,0.006899922807739496,1
complete,1.4,1.9907361940290274,0.004631902985486305,0.0067239792187348225,1
complete,1.4,1.990905613270689,0.004547193364655431,0.006552520736994503,1
complete,1.4,1.9910719341228191,0.0044640329385904655,0.006385433206637883,1
complete,1.4,1.9912352132496873,0.004382393375156295,0.006222605180026134,1
complete,1.4,1.9913955062792714,0.004302246860364331,0.006063928115632415,1
complete,1.4,1.991552867822207,0.004223566088896485,0.005909296316954697,1
complete,1.4,1.9917073514903951,0.0041463242548024585,0.005758606584096985,1
complete,1.4,1.9918590099152658,0.004070495042367152,0.005611758559862565,1
complete,1.4,1.9920078947657098,0.003996052617145098,0.005468654353751747,1
complete,1.4,1.9921540567656824,0.0039229716171588595,0.005329198446009144,1
complete,1.4,1.9922975457114833,0.003851227144258394,0.005193297990950053,1
complete,1.4,1.9924384104887232,0.0037807947556384395,0.005060862351119115,1
complete,1.4,1.992576699088978,0.003711650455511034,0.004931803146361428,1
complete,1.4,1.9927124586261393,0.003643770686930331,0.004806034433060836,1
complete,1.4,1.9928457353524662,0.003577132323766924,0.004683472311373778,1
complete,1.4,1.9929765746743422,0.003511712662828938,0.004564034999292605,1
complete,1.4,1.9931050211677455,0.00344748941612724,0.004447642958795391,1
complete,1.4,1.993231118593436,0.003384440703282075,0.004334218527503889,1
complete,1.4,1.9933549099118628,0.0033225450440685866,0.004223686007567393,1
complete,1.4,1.9934764372978027,0.0032617813510986654,0.004115971803326187,1
complete,1.4,1.9935957421547268,0.0032021289226366358,0.00401100402946072,1
complete,1.4,1.9937128651289073,0.003143567435546326,0.00390871262825272,1
complete,1.4,1.9938278461232657,0.0030860769383671293,0.0038090294765185714,1
complete,1.4,1.9939407243109666,0.0030296378445166918,0.0037118880564800424,1
complete,1.4,1.9940515381487642,0.002974230925617908,0.0036172235143018747,1
complete,1.4,1.9941603253901041,0.0029198373049479577,0.0035249728171511405,1
complete,1.4,1.9942671230979856,0.002866438451007148,0.0034350744020698316,1
complete,1.4,1.9943719676575893,0.0028140161712053705,0.0033474682369455627,1
complete,1.4,1.994474894788672,0.002762552605664019,0.0032620959835565027,1
complete,1.4,1.9945759395577374,0.002712030221131267,0.00317890068354485,1
complete,1.4,1.9946751363899828,0.0026624318050086156,0.003097826752488107,1
complete,1.4,1.9947725190810266,0.002613740459486693,0.0030188202062670605,1
complete,1.4,1.9948681208084234,0.002565939595788295,0.0029418283466297016,1
complete,1.4,1.9949619741429665,0.0025190129285167155,0.0028667997308127685,1
complete,1.4,1.995054111059785,0.0024729444701074303,0.00279368436027877,1
complete,1.4,1.9951445629492375,0.0024277185253812556,0.002722433490926627,1
complete,1.4,1.9952333606276058,0.002383319686197118,0.002652999543077366,1
complete,1.4,1.9953205343475948,0.0023397328262026143,0.0025853361716163337,1
complete,1.4,1.9954061138086387,0.002296943095680578,0.0025193983169098924,1
complete,1.4,1.9954901281670203,0.0022549359164898927,0.0024551419555949613,1
complete,1.4,1.9955726060458023,0.0022136969770988244,0.0023925241520522987,1
complete,1.4,1.9956535755445817,0.002173212227709194,0.002331503213143706,1
complete,1.4,1.9957330642490605,0.0021334678754697145,0.0022720384304801763,1
complete,1.4,1.9958110992404463,0.002094450379776869,0.002214090052611491,1
complete,1.4,1.9958877071046766,0.0020561464476617297,0.00215761945069226,1
complete,1.4,1.9959629139414776,0.002018543029261142,0.002102588997279659,1
complete,1.4,1.9960367453732566,0.0019816273133717336,0.0020489619417125684,1
complete,1.4,1.9961092265538296,0.001945386723085234,0.0019967024418678482,1
complete,1.4,1.9961803821769928,0.001909808911503616,0.0019457757065319851,1
complete,1.4,1.9962502364849348,0.0018748817575325984,0.0018961477575369788,1
complete,1.4,1.9963188132764957,0.0018405933617520822,0.0018477854241548705,1
complete,1.4,1.9963861359152757,0.0018069320423621052,0.0018006564341036975,1
complete,1.4,1.9964522273375942,0.001773886331202941,0.001754729406189953,1
complete,1.4,1.996517110060304,0.0017414449698479847,0.0017099736741504439,1
complete,1.4,1.9965808061884638,0.0017095969057680813,0.0016663593059193951,1
complete,1.4,1.996643337422868,0.0016783312885660325,0.0016238572447589046,1
complete,1.4,1.9967047250674401,0.0016476374662799205,0.0015824391595924464,1
complete,1.4,1.9967649900364919,0.0016175049817540917,0.0015420773924386267,1
complete,1.4,1.9968241528618471,0.0015879235690764552,0.0015027449373423718,1
complete,1.4,1.996882233699838,0.0015588831500809904,0.001464415620688729,1
complete,1.4,1.9969392523381717,0.0015303738309141637,0.0014270638775035064,1
complete,1.4,1.9969952282026715,0.0015023858986641938,0.0013906647549864594,1
complete,1.4,1.9970501803638963,0.0014749098180519096,0.001355193907190628,1
complete,1.4,1.9971041275436356,0.0014479362281821756,0.0013206277287304482,1
complete,1.4,1.9971570881212906,0.0014214559393546827,0.001286943156916673,1
complete,1.4,1.9972090801401339,0.0013954599299331079,0.0012541176965574535,1
complete,1.4,1.997260121313457,0.0013699393432714882,0.0012221293752984952,1
complete,1.4,1.9973102290306064,0.00134488548469685,0.001190956918178402,1
complete,1.4,1.9973594203629061,0.0013202898185469768,0.001160579530516877,1
complete,1.4,1.9974077120694753,0.0012961439652623944,0.0011309769166675677,1
complete,1.4,1.997455120602937,0.0012724396985314965,0.00110212926408656,1
complete,1.4,1.9975016621150241,0.0012491689424879238,0.0010740173748989856,1
complete,1.4,1.9975473524620817,0.001226323768959154,0.0010466225050341075,1
complete,1.4,1.997592207210469,0.001203896394765455,0.0010199263596159598,1
complete,1.4,1.9976362416418636,0.001181879179068193,0.000993911053797477,1
complete,1.4,1.9976794707584666,0.0011602646207666757,0.0009685592687698873,1
complete,1.4,1.9977219092881149,0.001139045355942564,0.0009438541189212573,1
complete,1.4,1.9977635716892979,0.0011182141553510588,0.0009197790962676234,1
complete,1.4,1.9978044721560841,0.0010977639219579346,0.0008963181065195001,1
complete,1.4,1.9978446246229566,0.0010776876885216448,0.0008734554680054123,1
complete,1.4,1.9978840427695608,0.0010579786152196302,0.0008511759751713978,1
complete,1.4,1.9979227400253639,0.0010386299873180425,0.0008294647541670694,1
complete,1.4,1.9979607295742319,0.001019635212884085,0.0008083073021876884,1
complete,1.4,1.9979980243589197,0.0010009878205401908,0.0007876894447233436,1
complete,1.4,1.9980346370854813,0.0009826814572592726,0.0007675974702402979,1
complete,1.4,1.9980705802275993,0.0009647098862002936,0.0007480179851131301,1
complete,1.4,1.998105866030833,0.0009470669845834234,0.0007289379081107274,1
complete,1.4,1.9981405065167919,0.0009297467416040515,0.0007103444637346137,1
complete,1.4,1.9981745134872302,0.0009127432563849518,0.0006922252459045973,1
complete,1.4,1.9982078985280682,0.000896050735965898,0.0006745682008109841,1
complete,1.4,1.99824067301334,0.0008796634933300449,0.0006573615377889324,1
complete,1.4,1.9982728481090672,0.0008635759454664044,0.0006405937634442846,1
complete,1.4,1.9983044347770644,0.0008477826114677558,0.0006242536340080473,1
complete,1.4,1.9983354437786733,0.0008322781106633415,0.0006083302824348888,1
complete,1.4,1.9983658856784285,0.0008170571607857124,0.0005928131024620149,1
complete,1.4,1.9983957708476578,0.0008021145761710993,0.0005776917204361836,1
complete,1.4,1.9984251094680145,0.000787445265992696,0.0005629560421652595,1
complete,1.4,1.9984539115349476,0.0007730442325262525,0.0005485961808756949,1
complete,1.4,1.9984821868611051,0.0007589065694473877,0.0005346025992843045,1
complete,1.4,1.99850994507968,0.000745027460160042,0.0005209659703819965,1
complete,1.4,1.998537195647689,0.000731402176155498,0.0005076771750776925,1
complete,1.4,1.9985639478491972,0.0007180260754014138,0.0004947273391382666,1
complete,1.4,1.9985902107984794,0.0007048946007603169,0.0004821077762141887,1
complete,1.4,1.998615993443126,0.0006920032784370219,0.0004698101076968315,1
complete,1.4,1.9986413045670912,0.000679347716454442,0.00045782613650327753,1
complete,1.4,1.9986661527936855,0.0006669236031572726,0.0004461478457726188,1
complete,1.4,1.9986905465885139,0.0006547267057430496,0.0004347674445545742,1
complete,1.4,1.9987144942623598,0.0006427528688200552,0.00042367728548862765,1
complete,1.4,1.9987380039740168,0.0006309980129916178,0.00041287000894685077,1
complete,1.4,1.9987610837330674,0.0006194581334662815,0.00040233841554352225,1
complete,1.4,1.9987837414026133,0.0006081292986934138,0.00039207546381181543,1
complete,1.4,1.9988059847019526,0.000597007649023746,0.0003820743031278531,1
complete,1.4,1.9988278212092112,0.0005860893953944289,0.000372328210214571,1
complete,1.4,1.9988492583639237,0.0005753708180381183,0.000362830709017375,1
complete,1.4,1.9988703034695687,0.0005648482652156873,0.00035357548097530376,1
complete,1.4,1.998890963696056,0.0005545181519720963,0.00034455634543339785,1
complete,1.4,1.9989112460821699,0.000544376958915036,0.0003357672744596391,1
complete,1.4,1.9989311575379682,0.0005344212310158865,0.0003272023753022379,1
complete,1.4,1.9989507048471347,0.0005246475764326248,0.00031885592289212735,1
complete,1.4,1.9989698946692915,0.0005150526653542398,0.0003107223763867295,1
complete,1.4,1.9989887335422674,0.0005056332288663002,0.0003027963149015799,1
complete,1.4,1.9990072278843254,0.0004963860578372506,0.00029507243665573025,1
complete,1.4,1.9990253839963499,0.0004873080018250933,0.0002875455879764398,1
complete,1.4,1.999043208063992,0.00047839596800404753,0.0002802107014478131,1
complete,1.4,1.9990607061597783,0.00046964692011085534,0.00027306290144719035,1
complete,1.4,1.9990778842451793,0.0004610578774103413,0.00026609743792862785,1
complete,1.4,1.9990947481726402,0.000452625913679906,0.0002593096640709872,1
complete,1.4,1.999111303687575,0.0004443481562125765,0.00025269503551023456,1
complete,1.4,1.9991275564303235,0.00043622178483830403,0.00024624914431592155,1
complete,1.4,1.9991435119380736,0.00042824403096314593,0.0002399676415443538,1
complete,1.4,1.999159175646748,0.0004204121766260317,0.00023384636022973153,1
complete,1.4,1.9991745528928544,0.0004127235535727718,0.000227881232042426,1
complete,1.4,1.999189648915306,0.0004051755423470035,0.0002220682770912763,1
complete,1.4,1.9992044688572044,0.000397765571397762,0.00021640360326374722,1
complete,1.4,1.9992190177675933,0.00039049111620337225,0.0002108834362045272,1
complete,1.4,1.9992333006031773,0.00038334969841136304,0.00020550404857708185,1
complete,1.4,1.9992473222300118,0.0003763388849941112,0.0002002618689057857,1
complete,1.4,1.9992610874251602,0.0003694562874199269,0.00019515341622841005,1
complete,1.4,1.9992746008783213,0.0003626995608392991,0.0001901752849971333,1
complete,1.4,1.999287867193428,0.00035606640328602284,0.00018532414453623322,1
complete,1.4,1.9993008908902141,0.0003495545548929362,0.0001805967565132089,1
complete,1.4,1.999313676405756,0.00034316179712200103,0.00017598994066459858,1
complete,1.4,1.9993262280959831,0.0003368859520084631,0.00017150061691391396,1
complete,1.4,1.9993385502371623,0.00033072488141883615,0.00016712581029190764,1
complete,1.4,1.999350647027355,0.0003246764863224557,0.00016286260979251268,1
complete,1.4,1.9993625225878473,0.00031873870607635493,0.00015870816795470315,1
complete,1.4,1.9993741809645535,0.0003129095177232192,0.0001546597003670022,1
complete,1.4,1.9993856261293956,0.00030718693530217944,0.0001507145154062259,1
complete,1.4,1.9993968619816556,0.00030156900917221026,0.00014686993823336325,1
complete,1.4,1.9994078923493042,0.00029605382534790174,0.00014312341949067778,1
complete,1.4,1.9994187209903052,0.0002906395048473791,0.0001394724741196878,1
complete,1.4,1.9994293515938957,0.0002853242030521474,0.00013591467067022465,1
complete,1.4,1.9994397877818426,0.000280106109078644,0.00013244763093577143,1
complete,1.4,1.9994500331096774,0.00027498344516128383,0.00012906902952285713,1
complete,1.4,1.9994600910679063,0.0002699544660467884,0.00012577662515114894,1
complete,1.4,1.9994699650832009,0.0002650174583995908,0.00012256817725244334,1
complete,1.4,1.9994796585195638,0.0002601707402181141,0.00011944156247152405,1
complete,1.4,1.9994891746794765,0.00025541266026172897,0.0001163947077957029,1
complete,1.4,1.9994985168050237,0.00025074159748818395,0.00011342558485856753,1
complete,1.4,1.9995076880789973,0.0002461559605013332,0.0001105322096421578,1
complete,1.4,1.9995166916259821,0.00024165418700895522,0.00010771264212402142,1
complete,1.4,1.999525530513419,0.00023723474329049587,0.00010496500895361489,1
complete,1.4,1.999534207752651,0.00023289612367453712,0.0001022874451549906,1
complete,1.4,1.9995427262999483,0.00022863685002583008,9.96781675224094e-05,1
complete,1.4,1.9995510890575166,0.00022445547124170145,9.713544941757734e-05,1
complete,1.4,1.9995592988744846,0.0002203505627576775,9.465760111970153e-05,1
complete,1.4,1.9995673585478757,0.0002163207260621419,9.224296960210443e-05,1
complete,1.4,1.9995752708235603,0.00021236458821987696,8.988993826144588e-05,1
complete,1.4,1.9995830383971913,0.0002084808014043112,8.759692741545145e-05,1
complete,1.4,1.9995906639151233,0.00020466804243832849,8.536242295388318e-05,1
complete,1.4,1.999598149975313,0.0002009250123434681,8.318489118157306e-05,1
complete,1.4,1.9996054991282053,0.0001972504358973757,8.106289666855496e-05,0
complete,1.4,1.9996127138776014,0.00019364306119934154,7.899503424855966e-05,0
complete,1.4,1.9996197966815124,0.00019010165924379026,7.697992887158307e-05,0
complete,1.4,1.999626749952997,0.00018662502350156503,7.501623541579004e-05,0
complete,1.4,1.9996335760609822,0.00018321196950887422,7.310263846082691e-05,0
complete,1.4,1.9996402773310724,0.00017986133446375247,7.12378520277303e-05,0
complete,1.4,1.9996468560463403,0.00017657197682990303,6.94206501922658e-05,0
complete,1.4,1.9996533144481043,0.0001733427759477847,6.764977776808257e-05,0
complete,1.4,1.9996596547366943,0.00017017263165281166,6.59240685161931e-05,0
complete,1.4,1.9996658790721988,0.0001670604639005356,6.424238106427982e-05,0
complete,1.4,1.9996719895752026,0.00016400521239868263,6.260359839108933e-05,0
complete,1.4,1.9996779883275082,0.00016100583624591963,6.100662768421756e-05,0
complete,1.4,1.9996838773728456,0.00015806131357722699,5.945040016567977e-05,0
complete,1.4,1.9996896587175685,0.00015517064121575673,5.793387088886103e-05,0
complete,1.4,1.999695334331338,0.00015233283433105786,5.64560353537089e-05,0
complete,1.4,1.9997009061477928,0.00014954692610355178,5.501588864464563e-05,0
complete,1.4,1.9997063760652096,0.00014681196739514424,5.361246228988207e-05,0
complete,1.4,1.9997117459471483,0.00014412702642586106,5.224483130199435e-05,0
complete,1.4,1.9997170176230872,0.0001414911884563976,5.091209017734657e-05,0
complete,1.4,1.999722192889047,0.00013890355547647394,4.9613352802955735e-05,0
complete,1.4,1.9997272735082021,0.0001363632458988896,4.8347752337250186e-05,0
complete,1.4,1.9997322612114816,0.00013386939425917324,4.7114441064913945e-05,0
complete,1.4,1.9997371576981586,0.00013142115092072543,4.591259023064311e-05,0
complete,1.4,1.9997419646364294,0.00012901768178535388,4.474140607992724e-05,0
complete,1.4,1.999746683663982,0.0001266581680091023,4.360008984725642e-05,0
complete,1.4,1.9997513163885534,0.00012434180572327654,4.248787190025924e-05,0
complete,1.4,1.999755864388479,0.00012206780576057244,4.140402026071764e-05,0
complete,1.4,1.9997603292132275,0.00011983539338621239,4.034781828423551e-05,0
complete,1.4,1.999764712383932,0.00011764380803399914,3.931856459428355e-05,0
complete,1.4,1.9997690153939056,0.00011549230304719641,3.831557299469505e-05,0
complete,1.4,1.9997732397091517,0.00011338014542414869,3.733817236214769e-05,0
complete,1.4,1.9997773867688629,0.00011130661556855294,3.638570652047823e-05,0
complete,1.4,1.9997814579859114,0.00010927100704429754,3.545753409869104e-05,0
complete,1.4,1.9997854547473304,0.00010727262633478482,3.455305413269284e-05,0
complete,1.4,1.9997893784147867,0.00010531079260665512,3.367162765247898e-05,0
complete,1.4,1.9997932303250443,0.00010338483747783198,3.281267487823507e-05,0
complete,1.4,1.9997970117904205,0.00010149410478980933,3.1975630315157834e-05,0
complete,1.4,1.9998007240992317,9.963795038410332e-05,3.115994032683981e-05,0
complete,1.4,1.9998043685162343,9.781574188279181e-05,3.036506308284448e-05,0
complete,1.4,1.9998079462830538,9.602685847306911e-05,2.9590468490794613e-05,0
complete,1.4,1.9998114586186084,9.427069069573816e-05,2.8835638111724428e-05,0
complete,1.4,1.9998149067195248,9.254664023757389e-05,2.810006506234169e-05,0
complete,1.4,1.999818291760545,9.085411972748087e-05,2.7383253904946196e-05,0
complete,1.4,1.9998216148949273,8.919255253638192e-05,2.6684739788849318e-05,0
complete,1.4,1.9998248772548384,8.756137258076334e-05,2.600403320318496e-05,0
complete,1.4,1.9998280799517403,8.596002412981598e-05,2.5340678493156076e-05,0
complete,1.4,1.9998312240767677,8.438796161610049e-05,2.469424032068696e-05,0
complete,1.4,1.9998343107011007,8.284464944967796e-05,2.406429237037437e-05,0
complete,1.4,1.9998373408763288,8.132956183563709e-05,2.345041731957905e-05,0
complete,1.4,1.9998403156348101,7.984218259496108e-05,2.2852206794391328e-05,0
complete,1.4,1.9998432359900227,7.838200498866806e-05,2.2269261312919138e-05,0
complete,1.4,1.9998461029369097,7.694853154517013e-05,2.1701190218367077e-05,0
complete,1.4,1.9998489174522185,7.55412738907873e-05,2.1147611601092744e-05,0
complete,1.4,1.9998516804948332,7.415975258336346e-05,2.060815221163464e-05,0
complete,1.4,1.9998543930061021,7.280349694892277e-05,2.0082465686068966e-05,0
complete,1.4,1.9998570559101574,7.147204492131578e-05,1.9570179573410253e-05,0
complete,1.4,1.9998596701142304,7.016494288479578e-05,1.9070949772167067e-05,0
complete,1.4,1.999862236508961,6.888174551947648e-05,1.8584449445701312e-05,0
complete,1.4,1.9998647559687008,6.762201564961364e-05,1.8110358470847577e-05,0
complete,1.4,1.9998672293518107,6.638532409466381e-05,1.764836342022763e-05,0
complete,1.4,1.9998696575009538,6.517124952306447e-05,1.719815753507935e-05,0
complete,1.4,1.9998720412433826,6.397937830869076e-05,1.675944068733987e-05,0
complete,1.4,1.99987438139122,6.280930438993498e-05,1.6331919333271802e-05,0
complete,1.4,1.9998766787417372,6.166062913136555e-05,1.591530645996439e-05,0
complete,1.4,1.9998789340776242,6.053296118791379e-05,1.5509321523353355e-05,0
complete,1.4,1.999881148167257,5.942591637154669e-05,1.511369038108287e-05,0
complete,1.4,1.9998833217649592,5.833911752037587e-05,1.4728164859294195e-05,0
complete,1.4,1.9998854556112597,5.727219437016232e-05,1.4352462974608506e-05,0
complete,1.4,1.9998875504331437,5.622478342816923e-05,1.3986334670970891e-05,0
complete,1.4,1.9998896069443013,5.5196527849323615e-05,1.3629540813502052e-05,0
complete,1.4,1.9998916258453707,5.4187077314640985e-05,1.3281847135596914e-05,0
complete,1.4,1.9998936078241762,5.319608791187518e-05,1.2943024230913264e-05,0
complete,1.4,1.9998955535559633,5.222322201834925e-05,1.261284753634791e-05,0
complete,1.4,1.9998974637036282,5.126814818593031e-05,1.2291097308419606e-05,0
complete,1.4,1.9998993389179438,5.0330541028107786e-05,1.1977558592144367e-05,0
complete,1.4,1.9999011798377817,4.9410081109136514e-05,1.1672021184371475e-05,0
complete,1.4,1.9999029870903295,4.8506454835207115e-05,1.137427959232334e-05,0
complete,1.4,1.9999047612913048,4.761935434760717e-05,1.1084132985941636e-05,0
complete,1.4,1.9999065030451644,4.674847741783635e-05,1.0801385147185814e-05,0
complete,1.4,1.9999082129453107,4.589352734463873e-05,1.052586052095294e-05,0
complete,1.4,1.999909891574294,4.505421285291966e-05,1.0257355188321379e-05,0
complete,1.4,1.999911539504011,4.423024799450978e-05,9.995691680572955e-06,0
complete,1.4,1.9999131572958986,4.342135205074535e-05,9.740699165801558e-06,0
complete,1.4,1.9999147455011264,4.262724943682876e-05,9.492210284346114e-06,0
complete,1.4,1.9999163046607842,4.1847669607939586e-05,9.25006114325936e-06,0
complete,1.4,1.9999178353060658,4.108234696706129e-05,9.014091304919189e-06,0
complete,1.4,1.999919337958451,4.0331020774494976e-05,8.784143770160415e-06,0
complete,1.4,1.999920813129882,3.959343505902666e-05,8.560064957178916e-06,0
complete,1.4,1.9999222613229386,3.886933853072045e-05,8.341704675450845e-06,0
complete,1.4,1.9999236830310094,3.815848449530531e-05,8.128916095958321e-06,0
complete,1.4,1.9999250787384597,3.746063077012877e-05,7.921555717954126e-06,0
complete,1.4,1.9999264489207966,3.677553960164654e-05,7.719483333173591e-06,0
complete,1.4,1.9999277940448312,3.610297758442221e-05,7.522573622031316e-06,0
complete,1.4,1.9999291145688367,3.544271558160717e-05,7.3306829347293175e-06,0
complete,1.4,1.9999304109427063,3.479452864687606e-05,7.143679669195399e-06,0
complete,1.4,1.9999316836081045,3.415819594778854e-05,6.961442308173323e-06,0
complete,1.4,1.9999329329986189,3.3533500690554025e-05,6.783851761959766e-06,0
complete,1.4,1.9999341595399076,3.2920230046171e-05,6.610791368506761e-06,0
complete,1.4,1.9999353636498443,3.231817507791839e-05,6.442146888356464e-06,0
complete,1.4,1.9999365457386598,3.1727130670171796e-05,6.277806496723733e-06,0
complete,1.4,1.9999377062090828,3.114689545852271e-05,6.117660770896214e-06,0
complete,1.4,1.9999388454564777,3.0577271761174594e-05,5.961602674937262e-06,0
complete,1.4,1.9999399638689768,3.0018065511594735e-05,5.809527541177937e-06,0
complete,1.4,1.9999410618276152,2.946908619239669e-05,5.661333049128391e-06,0
complete,1.4,1.9999421397064592,2.8930146770432948e-05,5.516919202067509e-06,0
complete,1.4,1.9999431978727338,2.8401063633073638e-05,5.3761883009485725e-06,0
complete,1.4,1.9999442366869487,2.7881656525651575e-05,5.2390493954520995e-06,0
complete,1.4,1.9999452565030198,2.7371748490050358e-05,5.105414774517637e-06,0
complete,1.4,1.999946257668391,2.687116580441653e-05,4.975180847054457e-06,0
complete,1.4,1.999947240524152,2.6379737923973387e-05,4.848263657525979e-06,0
complete,1.4,1.999948205405154,2.58972974229181e-05,4.724580878994982e-06,0
complete,1.4,1.9999491526401252,2.5423679937380556e-05,4.604051817394126e-06,0
complete,1.4,1.999950082551781,2.4958724109426233e-05,4.486597412724284e-06,0
complete,1.4,1.9999509954569359,2.450227153208236e-05,4.372140236445019e-06,0
complete,1.4,1.9999518916666092,2.4054166695370242e-05,4.2606044871940605e-06,0
complete,1.4,1.9999527714861334,2.3614256933323783e-05,4.151915983134959e-06,0
complete,1.4,1.999953635215256,2.318239237197772e-05,4.046002152434261e-06,0
complete,1.4,1.9999544831482434,2.2758425878306282e-05,3.942792021338164e-06,0
complete,1.4,1.9999553155739798,2.2342213010096487e-05,3.842216200685238e-06,0
complete,1.4,1.9999561327760664,2.193361196673735e-05,3.7442068703359674e-06,0
complete,1.4,1.9999569350329183,2.1532483540909868e-05,3.6486977629220814e-06,0
complete,1.4,1.9999577226178578,2.113869107115975e-05,3.55562414500625e-06,0
complete,1.4,1.9999584957992094,2.0752100395338236e-05,3.4649228117379223e-06,0
complete,1.4,1.9999592548403902,2.0372579804893734e-05,3.3765340893498454e-06,0
complete,1.4,1.99996,2e-05,3.2904001304291587e-06,0
