t,s,disagreement,fit_selected
0.0,1.0,1.3217504433004645,0
0.0004999975,0.99975000125,1.3207663805719254,0
0.000999995,0.9995000025,1.3197844410328834,0
0.0014999925,0.99925000375,1.3188046167132557,0
0.00199999,0.999000005,1.3178268997144047,0
0.0024999875,0.99875000625,1.316851282164736,0
0.002999985,0.9985000075,1.3158777562186599,0
0.0034999825,0.99825000875,1.3149063140643604,0
0.00399998,0.99800001,1.3139369479232095,0
0.0044999775,0.99775001125,1.3129696500740986,0
0.004999975,0.9975000125,1.3120044128188544,0
0.0054999725,0.99725001375,1.3110412284890716,0
0.00599997,0.997000015,1.3100800894409947,0
0.0064999675,0.99675001625,1.3091209880819856,0
0.006999965,0.9965000175,1.3081639168601547,0
0.0074999625,0.99625001875,1.3072088682460972,0
0.00799996,0.99600002,1.3062558347434046,0
0.0084999575,0.99575002125,1.3053048088765944,0
0.008999955,0.9955000225,1.3043557832289452,0
0.0094999525,0.99525002375,1.3034087504132794,0
0.00999995,0.995000025,1.3024637030644606,0
0.0104999475,0.99475002625,1.3015206338541914,0
0.010999945,0.9945000275,1.3005795354728789,0
0.0114999425,0.99425002875,1.2996404006714812,0
0.01199994,0.99400003,1.2987032222231738,0
0.0124999375,0.99375003125,1.2977679929266204,0
0.012999935,0.9935000325,1.2968347056072222,0
0.0134999325,0.99325003375,1.2959033531283277,0
0.01399993,0.993000035,1.294973928398064,0
0.0144999275,0.99275003625,1.2940464243457424,0
0.014999925,0.9925000375,1.2931208339290954,0
0.0154999225,0.99225003875,1.2921971501269907,0
0.01599992,0.99200004,1.2912753659676768,0
0.016499917500000003,0.99175004125,1.2903554745117525,0
0.016999915,0.9915000425,1.2894374688405892,0
0.0174999125,0.99125004375,1.2885213420668715,0
0.01799991,0.991000045,1.2876070873220717,0
0.018499907500000003,0.99075004625,1.2866946977911777,0
0.018999905,0.9905000475,1.2857841666833056,0
0.0194999025,0.99025004875,1.2848754872291863,0
0.0199999,0.99000005,1.283968652689669,0
0.020499897500000003,0.98975005125,1.2830636563495919,0
0.020999895,0.9895000525,1.2821604915427838,0
0.0214998925,0.98925005375,1.2812591516230494,0
0.02199989,0.989000055,1.280359629968798,0
0.022499887500000003,0.98875005625,1.2794619199804957,0
0.022999885,0.9885000575,1.278566015097986,0
0.0234998825,0.98825005875,1.2776719087964667,0
0.02399988,0.98800006,1.2767795945707276,0
0.024499877500000003,0.98775006125,1.2758890659425755,0
0.024999875,0.9875000625,1.2750003164524881,0
0.0254998725,0.98725006375,1.274113339687276,0
0.02599987,0.987000065,1.2732281292599097,0
0.026499867500000003,0.98675006625,1.2723446788025754,0
0.026999865,0.9865000675,1.271462981977208,0
0.0274998625,0.98625006875,1.270583032462681,0
0.02799986,0.98600007,1.26970482398614,0
0.028499857500000003,0.98575007125,1.2688283502948465,0
0.028999855,0.9855000725,1.2679536051573126,0
0.0294998525,0.98525007375,1.2670805823659896,0
0.02999985,0.985000075,1.266209275742019,0
0.030499847500000003,0.98475007625,1.2653396791450886,0
0.030999845,0.9845000775,1.264471786453376,0
0.0314998425,0.98425007875,1.263605591568592,0
0.03199984,0.9840000799999999,1.2627410884113384,0
0.0324998375,0.98375008125,1.2618782709409384,0
0.032999835000000005,0.9835000825,1.2610171331450792,0
0.0334998325,0.98325008375,1.2601576690295853,0
0.03399983,0.983000085,1.259299872625929,0
0.034499827500000003,0.98275008625,1.2584437379823823,0
0.034999825,0.9825000875,1.2575892591898845,0
0.0354998225,0.98225008875,1.2567364303609458,0
0.03599982,0.98200009,1.2558852456262284,0
0.036499817500000004,0.98175009125,1.2550356991432792,0
0.036999815000000005,0.9815000925,1.254187785086994,0
0.0374998125,0.98125009375,1.253341497674165,0
0.03799981,0.981000095,1.2524968311390454,0
0.038499807500000004,0.98075009625,1.2516537797364486,0
0.038999805,0.9805000975,1.2508123377409535,0
0.0394998025,0.98025009875,1.2499724994576968,0
0.0399998,0.9800001,1.2491342592225596,0
0.040499797500000004,0.97975010125,1.2482976113885522,0
0.040999795000000006,0.9795001025,1.247462550331083,0
0.0414997925,0.97925010375,1.2466290704422252,0
0.04199979,0.979000105,1.2457971661508893,0
0.042499787500000004,0.97875010625,1.2449668319091418,0
0.042999785,0.9785001075,1.2441380621858555,0
0.0434997825,0.97825010875,1.2433108514742626,0
0.04399978,0.97800011,1.242485194282829,0
0.044499777500000004,0.97775011125,1.2416610851588585,0
0.044999775000000006,0.9775001125,1.240838518667787,0
0.0454997725,0.97725011375,1.2400174893929383,0
0.04599977,0.977000115,1.2391979919390925,0
0.046499767500000004,0.97675011625,1.2383800209328455,0
0.046999765,0.9765001175,1.2375635710340804,0
0.0474997625,0.97625011875,1.23674863691887,0
0.04799976,0.97600012,1.2359352132829833,0
0.048499757500000004,0.97575012125,1.2351232948390973,0
0.048999755000000006,0.9755001225,1.234312876330488,0
0.0494997525,0.97525012375,1.233503952525328,0
0.04999975,0.975000125,1.2326965182076755,0
0.050499747500000004,0.97475012625,1.2318905681828551,0
0.050999745,0.9745001275,1.231086097271194,0
0.0514997425,0.97425012875,1.2302831003273234,0
0.05199974,0.97400013,1.2294815722251253,0
0.052499737500000004,0.97375013125,1.2286815078540692,0
0.052999735000000006,0.9735001325,1.2278829021267978,0
0.0534997325,0.97325013375,1.2270857499697514,0
0.05399973,0.973000135,1.2262900463444957,0
0.054499727500000004,0.97275013625,1.2254957862281168,0
0.054999725,0.9725001375,1.2247029646150396,0
0.0554997225,0.97225013875,1.2239115765174235,0
0.05599972,0.97200014,1.2231216169713062,0
0.056499717500000005,0.97175014125,1.2223330810395223,0
0.056999715000000006,0.9715001425,1.221545963799927,0
0.0574997125,0.97125014375,1.2207602603491385,0
0.05799971,0.971000145,1.2199759657986657,0
0.058499707500000005,0.97075014625,1.2191930752895337,0
0.058999705,0.9705001475,1.2184115839832643,0
0.0594997025,0.97025014875,1.2176314870561207,0
0.0599997,0.97000015,1.2168527797045565,0
0.060499697500000005,0.96975015125,1.216075457138671,0
0.06099969500000001,0.9695001525,1.2152995146000791,0
0.0614996925,0.96925015375,1.2145249473466881,0
0.06199969,0.969000155,1.2137517506515858,0
0.062499687500000005,0.96875015625,1.2129799198071092,0
0.062999685,0.9685001575,1.2122094501222613,0
0.0634996825,0.96825015875,1.2114403369348885,0
0.06399968,0.96800016,1.2106725755970473,0
0.0644996775,0.96775016125,1.2099061614774307,0
0.064999675,0.9675001625,1.209141089959883,0
0.06549967250000001,0.96725016375,1.2083773564526037,0
0.06599967000000001,0.967000165,1.2076149563856786,0
0.0664996675,0.96675016625,1.2068538852031399,0
0.066999665,0.9665001675,1.2060941383668415,0
0.0674996625,0.96625016875,1.2053357113520295,0
0.06799966,0.96600017,1.204578599661749,0
0.0684996575,0.96575017125,1.2038227988162062,0
0.06899965500000001,0.9655001725,1.203068304349297,0
0.06949965250000001,0.96525017375,1.2023151118141082,0
0.06999965,0.965000175,1.2015632167761652,0
0.0704996475,0.96475017625,1.2008126148297131,0
0.070999645,0.9645001774999999,1.200063301583021,0
0.0714996425,0.96425017875,1.1993152726583556,0
0.07199964,0.96400018,1.198568523695358,0
0.0724996375,0.96375018125,1.1978230503542966,0
0.07299963500000001,0.9635001825,1.1970788483133314,0
0.07349963250000001,0.96325018375,1.1963359132654603,0
0.07399963000000001,0.963000185,1.195594240919756,0
0.0744996275,0.96275018625,1.194853827006824,0
0.074999625,0.9625001875,1.194114667271942,0
0.0754996225,0.96225018875,1.1933767574753815,0
0.07599962,0.96200019,1.1926400933966788,0
0.0764996175,0.9617501912499999,1.1919046708332572,0
0.07699961500000001,0.9615001925,1.191170485596913,0
0.07749961250000001,0.96125019375,1.1904375335149822,0
0.07799961,0.961000195,1.1897058104355718,0
0.0784996075,0.96075019625,1.1889753122210585,0
0.078999605,0.9605001975,1.188246034748383,0
0.0794996025,0.96025019875,1.1875179739129773,0
0.0799996,0.9600002,1.1867911256276806,0
0.0804995975,0.95975020125,1.1860654858192572,0
0.08099959500000001,0.9595002025,1.1853410504294992,0
0.08149959250000001,0.95925020375,1.1846178154202396,0
0.08199959000000001,0.9590002049999999,1.183895776767192,0
0.0824995875,0.95875020625,1.1831749304602197,0
0.082999585,0.9585002075,1.1824552725069395,0
0.0834995825,0.95825020875,1.1817367989319096,0
0.08399958,0.95800021,1.18101950577396,0
0.0844995775,0.95775021125,1.180303389083666,0
0.08499957500000001,0.9575002125,1.1795884449337226,0
0.08549957250000001,0.95725021375,1.1788746694108727,0
0.08599957,0.957000215,1.1781620586151436,0
0.0864995675,0.95675021625,1.177450608659728,0
0.086999565,0.9565002175,1.1767403156768161,0
0.0874995625,0.95625021875,1.176031175815282,0
0.08799956,0.95600022,1.1753231852359458,0
0.0884995575,0.95575022125,1.174616340114717,0
0.08899955500000001,0.9555002225,1.17391063664071,0
0.08949955250000001,0.95525022375,1.1732060710237642,0
0.08999955000000001,0.955000225,1.1725026394853422,0
0.0904995475,0.9547502262500001,1.1718003382608457,0
0.090999545,0.9545002275,1.1710991635979624,0
0.0914995425,0.95425022875,1.170399111764877,0
0.09199954,0.95400023,1.1697001790426933,0
0.0924995375,0.95375023125,1.1690023617252383,0
0.09299953500000001,0.9535002325,1.1683056561186824,0
0.09349953250000001,0.95325023375,1.1676100585474625,0
0.09399953,0.953000235,1.166915565351213,0
0.0944995275,0.95275023625,1.1662221728811042,0
0.094999525,0.9525002375,1.1655298775020857,0
0.0954995225,0.95225023875,1.1648386755925806,0
0.09599952,0.95200024,1.1641485635496729,0
0.0964995175,0.95175024125,1.1634595377815051,0
0.09699951500000001,0.9515002425,1.1627715947095476,0
0.09749951250000001,0.95125024375,1.1620847307669349,0
0.09799951000000001,0.951000245,1.161398942406057,0
0.0984995075,0.95075024625,1.1607142260912708,0
0.098999505,0.9505002475,1.1600305782991147,0
0.0994995025,0.95025024875,1.1593479955177395,0
0.0999995,0.95000025,1.1586664742527877,0
0.1004994975,0.94975025125,1.1579860110237998,0
0.10099949500000001,0.9495002525,1.1573066023614305,0
0.10149949250000001,0.94925025375,1.1566282448089957,0
0.10199949,0.949000255,1.1559509349233488,0
0.1024994875,0.94875025625,1.1552746692782059,0
0.102999485,0.9485002575,1.1545994444578072,0
0.1034994825,0.94825025875,1.15392525705914,0
0.10399948,0.94800026,1.1532521036902699,0
0.10449947750000001,0.94775026125,1.1525799809773412,0
0.10499947500000001,0.9475002625,1.1519088855576178,0
0.10549947250000001,0.94725026375,1.151238814080022,0
0.10599947000000001,0.947000265,1.150569763204435,0
0.1064994675,0.94675026625,1.149901729607431,0
0.106999465,0.9465002675,1.1492347099783398,0
0.1074994625,0.94625026875,1.148568701017182,0
0.10799946,0.94600027,1.147903699435678,0
0.10849945750000001,0.94575027125,1.147239701958989,0
0.10899945500000001,0.9455002725,1.1465767053275715,0
0.10949945250000001,0.94525027375,1.1459147062918977,0
0.10999945,0.945000275,1.1452537016146371,0
0.1104994475,0.94475027625,1.1445936880689789,0
0.110999445,0.9445002775,1.143934662445084,0
0.1114994425,0.94425027875,1.1432766215434755,0
0.11199944,0.94400028,1.1426195621758297,0
0.11249943750000001,0.94375028125,1.1419634811641919,0
0.11299943500000001,0.9435002825,1.1413083753464952,0
0.11349943250000001,0.94325028375,1.1406542415724203,0
0.11399943000000001,0.943000285,1.1400010767023459,0
0.1144994275,0.94275028625,1.1393488776067904,0
0.114999425,0.9425002875,1.1386976411683098,0
0.1154994225,0.9422502887499999,1.1380473642860434,0
0.11599942,0.94200029,1.1373980438686524,0
0.11649941750000001,0.94175029125,1.1367496768344456,0
0.11699941500000001,0.9415002925,1.1361022601148394,0
0.11749941250000001,0.94125029375,1.135455790648879,0
0.11799941,0.941000295,1.1348102653943777,0
0.1184994075,0.94075029625,1.1341656813184884,0
0.118999405,0.9405002975,1.1335220353976878,0
0.1194994025,0.94025029875,1.1328793246209417,0
0.1199994,0.9400003,1.1322375459845384,0
0.12049939750000001,0.93975030125,1.1315966965027966,0
0.12099939500000001,0.9395003024999999,1.1309567732000934,0
0.12149939250000001,0.93925030375,1.1303177731099494,0
0.12199939000000001,0.939000305,1.1296796932773885,0
0.1224993875,0.93875030625,1.1290425307552667,0
0.122999385,0.9385003075,1.1284062826128247,0
0.1234993825,0.93825030875,1.127770945930429,0
0.12399938,0.93800031,1.1271365177974144,0
0.12449937750000001,0.93775031125,1.126502995313735,0
0.12499937500000001,0.9375003125,1.125870375587883,0
0.1254993725,0.93725031375,1.1252386557425602,0
0.12599937,0.937000315,1.1246078329129194,0
0.12649936750000002,0.9367503162499999,1.1239779042429103,0
0.126999365,0.9365003175,1.1233488668862408,0
0.12749936250000002,0.93625031875,1.122720718006259,0
0.12799936,0.93600032,1.1220934547776504,0
0.1284993575,0.93575032125,1.121467074389183,0
0.128999355,0.9355003225,1.1208415740382534,0
0.1294993525,0.9352503237500001,1.1202169509311066,0
0.12999935,0.935000325,1.1195932022852977,0
0.1304993475,0.93475032625,1.1189703253260115,0
0.13099934500000002,0.9345003275,1.1183483172944888,0
0.1314993425,0.93425032875,1.1177271754404348,0
0.13199934000000002,0.9340003299999999,1.117106897022001,0
0.1324993375,0.93375033125,1.1164874793085662,0
0.132999335,0.9335003325,1.1158689195761764,0
0.1334993325,0.93325033375,1.1152512151168164,0
0.13399933,0.933000335,1.1146343632313904,0
0.13449932750000002,0.93275033625,1.114018361229088,0
0.134999325,0.9325003375,1.1134032064294674,0
0.13549932250000002,0.93225033875,1.1127888961591632,0
0.13599932,0.93200034,1.112175427759415,0
0.1364993175,0.93175034125,1.1115627985812453,0
0.136999315,0.9315003425,1.1109510059838026,0
0.1374993125,0.93125034375,1.110340047335844,0
0.13799931000000001,0.931000345,1.1097299200137523,0
0.1384993075,0.93075034625,1.1091206214067508,0
0.13899930500000002,0.9305003475,1.108512148914926,0
0.1394993025,0.93025034875,1.1079044999463357,0
0.1399993,0.93000035,1.10729767191791,0
0.1404992975,0.92975035125,1.106691662255071,0
0.140999295,0.9295003525,1.1060864683937413,0
0.1414992925,0.92925035375,1.1054820877820426,0
0.14199929,0.929000355,1.1048785178759173,0
0.14249928750000002,0.92875035625,1.10427575613941,0
0.142999285,0.9285003575,1.1036738000463884,0
0.14349928250000002,0.92825035875,1.1030726470781784,0
0.14399928,0.92800036,1.1024722947299364,0
0.1444992775,0.92775036125,1.1018727405044892,0
0.144999275,0.9275003625,1.1012739819123178,0
0.1454992725,0.92725036375,1.1006760164740177,0
0.14599927000000001,0.927000365,1.1000788417162455,0
0.1464992675,0.92675036625,1.0994824551798048,0
0.14699926500000002,0.9265003675,1.0988868544134334,0
0.1474992625,0.92625036875,1.0982920369733766,0
0.14799926000000002,0.92600037,1.0976980004252423,0
0.1484992575,0.92575037125,1.097104742341033,0
0.148999255,0.9255003725,1.096512260305808,0
0.1494992525,0.92525037375,1.0959205519132644,0
0.14999925,0.925000375,1.0953296147644647,0
0.15049924750000002,0.92475037625,1.0947394464691702,0
0.150999245,0.9245003775,1.094150044643971,0
0.15149924250000002,0.92425037875,1.0935614069170718,0
0.15199924,0.92400038,1.0929735309262019,0
0.1524992375,0.92375038125,1.0923864143163153,0
0.152999235,0.9235003825,1.0918000547404327,0
0.1534992325,0.92325038375,1.0912144498590863,0
0.15399923000000001,0.923000385,1.090629597342502,0
0.1544992275,0.9227503862499999,1.0900454948715366,0
0.15499922500000002,0.9225003875,1.0894621401341333,0
0.1554992225,0.92225038875,1.0888795308256456,0
0.15599922,0.92200039,1.088297664650006,0
0.1564992175,0.92175039125,1.0877165393183275,0
0.156999215,0.9215003925,1.0871361525537102,0
0.1574992125,0.92125039375,1.086556502086207,0
0.15799921,0.921000395,1.0859775856528064,0
0.15849920750000002,0.92075039625,1.0853994009996284,0
0.158999205,0.9205003975,1.0848219458782937,0
0.15949920250000002,0.92025039875,1.0842452180530309,0
0.1599992,0.9200003999999999,1.0836692152951426,0
0.1604991975,0.91975040125,1.083093935382735,0
0.160999195,0.9195004025,1.0825193761023812,0
0.1614991925,0.91925040375,1.0819455352464322,0
0.16199919000000002,0.919000405,1.0813724106189475,0
0.1624991875,0.91875040625,1.0808000000316411,0
0.16299918500000002,0.9185004075,1.0802283013029004,0
0.1634991825,0.91825040875,1.0796573122589983,0
0.16399918000000002,0.91800041,1.07908703073233,0
0.1644991775,0.91775041125,1.0785174545658123,0
0.164999175,0.9175004125,1.0779485816107504,0
0.1654991725,0.9172504137499999,1.0773804097249966,0
0.16599917,0.917000415,1.076812936773739,0
0.16649916750000002,0.91675041625,1.0762461606288305,0
0.166999165,0.9165004175,1.0756800791710577,0
0.16749916250000002,0.91625041875,1.0751146902905175,0
0.16799916,0.91600042,1.07454999188373,0
0.1684991575,0.9157504212500001,1.073985981853984,0
0.168999155,0.9155004225,1.0734226581120978,0
0.1694991525,0.91525042375,1.072860018575727,0
0.16999915000000002,0.915000425,1.0722980611729809,0
0.1704991475,0.91475042625,1.071736783838268,0
0.17099914500000002,0.9145004274999999,1.0711761845122807,0
0.1714991425,0.91425042875,1.0706162611439745,0
0.17199914,0.91400043,1.0700570116872845,0
0.1724991375,0.91375043125,1.0694984341074294,0
0.172999135,0.9135004325,1.0689405263759468,0
0.17349913250000001,0.91325043375,1.0683832864705383,0
0.17399913,0.913000435,1.067826712376575,0
0.17449912750000002,0.91275043625,1.0672708020846449,0
0.174999125,0.9125004375,1.0667155535958694,0
0.17549912250000002,0.91225043875,1.0661609649181727,0
0.17599912,0.91200044,1.0656070340655242,0
0.1764991175,0.91175044125,1.0650537590590496,0
0.176999115,0.9115004425,1.0645011379253664,0
0.1774991125,0.91125044375,1.0639491687006422,0
0.17799911000000002,0.911000445,1.0633978494284606,0
0.1784991075,0.91075044625,1.0628471781583368,0
0.17899910500000002,0.9105004475,1.062297152946458,0
0.1794991025,0.91025044875,1.0617477718549408,0
0.17999910000000002,0.91000045,1.0611990329541263,0
0.1804990975,0.90975045125,1.060650934322549,0
0.180999095,0.9095004525,1.0601034740445625,0
0.18149909250000001,0.90925045375,1.0595566502106997,0
0.18199909,0.909000455,1.0590104609181263,0
0.18249908750000002,0.90875045625,1.058464904270474,0
0.182999085,0.9085004575,1.0579199783805346,0
0.18349908250000002,0.90825045875,1.0573756813668103,0
0.18399908,0.90800046,1.056832011353493,0
0.1844990775,0.90775046125,1.0562889664722697,0
0.184999075,0.9075004625,1.0557465448593222,0
0.1854990725,0.90725046375,1.0552047446609742,0
0.18599907000000002,0.907000465,1.0546635640291997,0
0.1864990675,0.90675046625,1.054123001121556,0
0.18699906500000002,0.9065004675,1.0535830541025601,0
0.1874990625,0.90625046875,1.0530437211414305,0
0.18799906,0.90600047,1.0525050004168988,0
0.1884990575,0.90575047125,1.0519668901137524,0
0.188999055,0.9055004725,1.051429388422255,0
0.18949905250000001,0.90525047375,1.0508924935387671,0
0.18999905,0.905000475,1.0503562036658298,0
0.19049904750000002,0.90475047625,1.049820517013804,0
0.190999045,0.9045004775,1.0492854317990832,0
0.19149904250000002,0.90425047875,1.0487509462437967,0
0.19199904,0.90400048,1.0482170585757606,0
0.1924990375,0.90375048125,1.047683767030203,0
0.192999035,0.9035004825,1.0471510698488595,0
0.1934990325,0.9032504837499999,1.046618965278932,0
0.19399903000000002,0.903000485,1.0460874515734657,0
0.1944990275,0.90275048625,1.0455565269920324,0
0.19499902500000002,0.9025004875,1.0450261898013093,0
0.1954990225,0.90225048875,1.044496438273186,0
0.19599902000000002,0.90200049,1.0439672706856546,0
0.1964990175,0.90175049125,1.0434386853221873,0
0.196999015,0.9015004925,1.0429106804739687,0
0.19749901250000002,0.90125049375,1.0423832544373592,0
0.19799901,0.901000495,1.0418564055144877,0
0.19849900750000002,0.90075049625,1.0413301320128587,0
0.198999005,0.9005004974999999,1.0408044322475376,0
0.19949900250000002,0.90025049875,1.0402793045389744,0
0.199999,0.9000005,1.0397547472131135,0
0.2004989975,0.89975050125,1.0392307586011769,0
0.200998995,0.8995005025,1.0387073370416342,0
0.2014989925,0.89925050375,1.0381844808786485,0
0.20199899000000002,0.899000505,1.0376621884614914,0
0.2024989875,0.89875050625,1.0371404581451362,0
0.20299898500000002,0.8985005075,1.0366192882910816,0
0.2034989825,0.89825050875,1.03609867726638,0
0.20399898,0.89800051,1.0355786234434108,0
0.2044989775,0.8977505112499999,1.0350591252005077,0
0.204998975,0.8975005125,1.034540180922049,0
0.20549897250000002,0.89725051375,1.034021788997587,0
0.20599897,0.897000515,1.033503947822243,0
0.20649896750000002,0.89675051625,1.0329866557974454,0
0.206998965,0.8965005175,1.0324699113297093,0
0.20749896250000002,0.89625051875,1.0319537128308542,0
0.20799896,0.89600052,1.0314380587190377,0
0.2084989575,0.89575052125,1.0309229474175805,0
0.20899895500000001,0.8955005225,1.0304083773549046,0
0.2094989525,0.89525052375,1.0298943469655677,0
0.20999895000000002,0.8950005249999999,1.0293808546894985,0
0.2104989475,0.89475052625,1.0288678989717117,0
0.21099894500000002,0.8945005275,1.0283554782628006,0
0.2114989425,0.89425052875,1.0278435910191823,0
0.21199894000000002,0.89400053,1.0273322357021755,0
0.2124989375,0.89375053125,1.0268214107783729,0
0.212998935,0.8935005325,1.0263111147203856,0
0.21349893250000002,0.89325053375,1.0258013460057889,0
0.21399893,0.893000535,1.0252921031167606,0
0.21449892750000002,0.89275053625,1.024783384541897,0
0.214998925,0.8925005375,1.02427518877488,0
0.21549892250000002,0.8922505387499999,1.0237675143142064,0
0.21599892,0.89200054,1.023260359663145,0
0.2164989175,0.89175054125,1.0227537233312807,0
0.21699891500000001,0.8915005425,1.0222476038331487,0
0.2174989125,0.89125054375,1.0217419996880404,0
0.21799891000000002,0.891000545,1.021236909419951,0
0.2184989075,0.89075054625,1.0207323315591117,0
0.21899890500000002,0.8905005475,1.0202282646405958,0
0.2194989025,0.89025054875,1.0197247072041722,0
0.2199989,0.89000055,1.0192216577942466,0
0.2204988975,0.88975055125,1.0187191149613826,0
0.220998895,0.8895005525,1.0182170772608785,0
0.22149889250000002,0.88925055375,1.0177155432526694,0
0.22199889,0.889000555,1.0172145115012627,0
0.22249888750000002,0.88875055625,1.0167139805772434,0
0.222998885,0.8885005575,1.0162139490558284,0
0.22349888250000002,0.88825055875,1.0157144155168132,0
0.22399888,0.88800056,1.0152153785445017,0
0.2244988775,0.88775056125,1.014716836729196,0
0.22499887500000001,0.8875005625,1.0142187886657297,0
0.2254988725,0.88725056375,1.013721232953458,0
0.22599887000000002,0.887000565,1.0132241681961813,0
0.2264988675,0.88675056625,1.0127275930036206,0
0.22699886500000002,0.8865005675,1.0122315059899274,0
0.2274988625,0.88625056875,1.0117359057739597,0
0.22799886000000003,0.88600057,1.0112407909781582,0
0.2284988575,0.88575057125,1.0107461602314969,0
0.228998855,0.8855005725,1.0102520121675227,0
0.22949885250000002,0.88525057375,1.0097583454237913,0
0.22999885,0.885000575,1.009265158642717,0
0.23049884750000002,0.88475057625,1.0087724504704128,0
0.230998845,0.8845005775,1.0082802195595213,0
0.23149884250000002,0.88425057875,1.007788464566875,0
0.23199884,0.88400058,1.0072971841532383,0
0.2324988375,0.88375058125,1.0068063769843363,0
0.23299883500000002,0.8835005825,1.0063160417294281,0
0.2334988325,0.88325058375,1.0058261770643147,0
0.23399883000000002,0.883000585,1.0053367816686767,0
0.2344988275,0.88275058625,1.0048478542262262,0
0.23499882500000002,0.8825005875,1.00435939342508,0
0.2354988225,0.88225058875,1.0038713979577294,0
0.23599882,0.88200059,1.0033838665224823,0
0.2364988175,0.88175059125,1.0028967978214427,0
0.236998815,0.8815005925,1.0024101905608223,0
0.23749881250000002,0.88125059375,1.0019240434508132,0
0.23799881,0.8810005949999999,1.0014383552066248,0
0.23849880750000002,0.88075059625,1.0009531245486416,0
0.238998805,0.8805005975,1.000468350200971,0
0.23949880250000002,0.88025059875,0.9999840308918894,0
0.2399988,0.8800006,0.9995001653533593,0
0.2404987975,0.87975060125,0.9990167523227867,0
0.24099879500000002,0.8795006025,0.9985337905422215,0
0.2414987925,0.87925060375,0.9980512787573633,0
0.24199879000000002,0.879000605,0.9975692157181398,0
0.2424987875,0.87875060625,0.9970876001779584,0
0.24299878500000002,0.8785006075,0.9966064308959255,0
0.2434987825,0.8782506087499999,0.9961257066353525,0
0.24399878000000003,0.87800061,0.9956454261631301,0
0.24449877750000001,0.87775061125,0.9951655882504428,0
0.244998775,0.8775006125,0.9946861916717986,0
0.24549877250000002,0.87725061375,0.9942072352075321,0
0.24599877,0.877000615,0.9937287176418214,0
0.24649876750000002,0.87675061625,0.9932506377623539,0
0.246998765,0.8765006175,0.9927729943611963,0
0.24749876250000002,0.87625061875,0.9922957862335956,0
0.24799876,0.87600062,0.9918190121806654,0
0.2484987575,0.87575062125,0.9913426710070632,0
0.24899875500000002,0.8755006224999999,0.990866761520982,0
0.2494987525,0.87525062375,0.9903912825347283,0
0.24999875000000002,0.875000625,0.9899162328641973,0
0.2504987475,0.87475062625,0.9894416113307581,0
0.250998745,0.8745006275,0.9889674167591674,0
0.25149874250000004,0.87425062875,0.9884936479778015,0
0.25199874,0.8740006300000001,0.9880203038187031,0
0.2524987375,0.87375063125,0.9875473831181877,0
0.25299873500000003,0.8735006325,0.987074884717418,0
0.2534987325,0.87325063375,0.9866028074608777,0
0.25399873,0.873000635,0.9861311501967338,0
0.2544987275,0.8727506362499999,0.9856599117765094,0
0.25499872500000004,0.8725006375,0.9851890910564685,0
0.2554987225,0.87225063875,0.9847186868972018,0
0.25599872,0.87200064,0.9842486981625557,0
0.25649871750000003,0.87175064125,0.9837791237201153,0
0.256998715,0.8715006425,0.9833099624406068,0
0.2574987125,0.87125064375,0.9828412131997954,0
0.25799871,0.871000645,0.982372874877341,0
0.25849870750000004,0.87075064625,0.9819049463560947,0
0.258998705,0.8705006475,0.9814374265227067,0
0.2594987025,0.87025064875,0.9809703142668108,0
0.2599987,0.8700006499999999,0.9805036084832474,0
0.2604986975,0.86975065125,0.9800373080703938,0
0.260998695,0.8695006525,0.9795714119297556,0
0.2614986925,0.86925065375,0.9791059189667113,0
0.26199869000000003,0.869000655,0.9786408280894923,0
0.2624986875,0.86875065625,0.9781761382116072,0
0.262998685,0.8685006575,0.9777118482498062,0
0.2634986825,0.86825065875,0.977247957123931,0
0.26399868000000004,0.86800066,0.9767844637576942,0
0.2644986775,0.86775066125,0.9763213670776729,0
0.264998675,0.8675006625,0.9758586660156325,0
0.26549867250000003,0.8672506637499999,0.9753963595063586,0
0.26599867,0.867000665,0.9749344464879578,0
0.2664986675,0.86675066625,0.9744729259018259,0
0.266998665,0.8665006675,0.974011796692211,0
0.26749866250000004,0.86625066875,0.9735510578090013,0
0.26799866,0.86600067,0.973090708205046,0
0.2684986575,0.86575067125,0.9726307468361401,0
0.26899865500000003,0.8655006725,0.9721711726614998,0
0.2694986525,0.86525067375,0.9717119846433695,0
0.26999865,0.865000675,0.9712531817475931,0
0.2704986475,0.86475067625,0.9707947629449855,0
0.27099864500000004,0.8645006774999999,0.9703367272092527,0
0.2714986425,0.86425067875,0.9698790735169761,0
0.27199864,0.86400068,0.969421800848238,0
0.27249863750000003,0.86375068125,0.9689649081857028,0
0.272998635,0.8635006825,0.9685083945161983,0
0.2734986325,0.86325068375,0.968052258831008,0
0.27399863,0.863000685,0.967596500124236,0
0.27449862750000004,0.86275068625,0.9671411173927941,0
0.274998625,0.8625006875,0.9666861096371658,0
0.2754986225,0.86225068875,0.9662314758600402,0
0.27599862000000003,0.86200069,0.965777215068723,0
0.2764986175,0.86175069125,0.9653233262745172,0
0.276998615,0.8615006924999999,0.9648698084914791,0
0.2774986125,0.86125069375,0.964416660736404,0
0.27799861000000003,0.861000695,0.9639638820297276,0
0.2784986075,0.86075069625,0.9635114713937689,0
0.278998605,0.8605006975,0.9630594278558213,0
0.2794986025,0.86025069875,0.9626077504467699,0
0.2799986,0.8600007000000001,0.9621564382001861,0
0.2804985975,0.85975070125,0.9617054901523149,0
0.280998595,0.8595007025,0.9612549053431074,0
0.28149859250000003,0.85925070375,0.9608046828141186,0
0.28199859,0.859000705,0.9603548216121575,0
0.2824985875,0.8587507062499999,0.959905320787262,0
0.282998585,0.8585007075,0.9594561793920932,0
0.28349858250000004,0.85825070875,0.9590073964819197,0
0.28399858,0.85800071,0.9585589711157885,0
0.2844985775,0.85775071125,0.9581109023540966,0
0.28499857500000003,0.8575007125,0.95766318926271,0
0.2854985725,0.8572507137500001,0.9572158309104031,0
0.28599857,0.857000715,0.9567688263685089,0
0.2864985675,0.85675071625,0.9563221747109051,0
0.28699856500000004,0.8565007175,0.9558758750153272,0
0.2874985625,0.85625071875,0.955429926360622,0
0.28799856,0.8560007199999999,0.9549843278312696,0
0.28849855750000003,0.85575072125,0.9545390785143727,0
0.288998555,0.8555007225,0.9540941774995298,0
0.2894985525,0.85525072375,0.9536496238789065,0
0.28999855,0.855000725,0.9532054167482795,0
0.29049854750000004,0.85475072625,0.9527615552048069,0
0.290998545,0.8545007275000001,0.9523180383510713,0
0.2914985425,0.85425072875,0.9518748652921045,0
0.29199854000000003,0.85400073,0.9514320351353731,0
0.2924985375,0.85375073125,0.9509895469910233,0
0.292998535,0.8535007325,0.9505473999722256,0
0.2934985325,0.8532507337499999,0.9501055931943263,0
0.29399853000000004,0.853000735,0.9496641257775073,0
0.2944985275,0.85275073625,0.9492229968443398,0
0.294998525,0.8525007375,0.94878220551977,0
0.2954985225,0.85225073875,0.9483417509315195,0
0.29599852000000004,0.85200074,0.9479016322098406,0
0.2964985175,0.85175074125,0.9474618484878227,0
0.296998515,0.8515007425,0.9470223989028651,0
0.29749851250000003,0.85125074375,0.946583282594698,0
0.29799851,0.851000745,0.9461444987053681,0
0.2984985075,0.85075074625,0.9457060463797801,0
0.298998505,0.8505007474999999,0.9452679247649545,0
0.29949850250000004,0.85025074875,0.9448301330112936,0
0.2999985,0.85000075,0.9443926702730416,0
0.3004984975,0.84975075125,0.9439555357067161,0
0.30099849500000003,0.8495007525,0.9435187284710922,0
0.3014984925,0.84925075375,0.9430822477278803,0
0.30199849,0.849000755,0.9426460926405533,0
0.3024984875,0.84875075625,0.942210262376412,0
0.30299848500000004,0.8485007575,0.9417747561061804,0
0.3034984825,0.84825075875,0.9413395730027992,0
0.30399848,0.84800076,0.9409047122414117,0
0.30449847750000003,0.8477507612499999,0.9404701730001652,0
0.304998475,0.8475007625,0.9400359544586722,0
0.3054984725,0.84725076375,0.9396020558007286,0
0.30599847,0.847000765,0.9391684762131822,0
0.30649846750000004,0.84675076625,0.938735214885042,0
0.306998465,0.8465007675,0.9383022710074647,0
0.3074984625,0.84625076875,0.937869643774682,0
0.30799846000000003,0.84600077,0.9374373323821289,0
0.3084984575,0.84575077125,0.9370053360297084,0
0.308998455,0.8455007725,0.9365736539200438,0
0.3094984525,0.84525077375,0.9361422852578654,0
0.30999845000000004,0.8450007749999999,0.9357112292499974,0
0.3104984475,0.84475077625,0.9352804851064137,0
0.310998445,0.8445007775,0.9348500520380555,0
0.31149844250000003,0.84425077875,0.9344199292605575,0
0.31199844,0.84400078,0.933990115991978,0
0.3124984375,0.84375078125,0.9335606114524297,0
0.312998435,0.8435007825,0.9331314148640659,0
0.31349843250000003,0.84325078375,0.9327025254522722,0
0.31399843,0.843000785,0.9322739424431804,0
0.3144984275,0.84275078625,0.9318456650677925,0
0.314998425,0.8425007875,0.9314176925592695,0
0.31549842250000004,0.8422507887499999,0.9309900241527751,0
0.31599842,0.8420007899999999,0.9305626590855048,0
0.3164984175,0.84175079125,0.9301355965978066,0
0.31699841500000003,0.8415007925,0.9297088359308164,0
0.3174984125,0.84125079375,0.9292823763305088,0
0.31799841,0.841000795,0.9288562170448225,0
0.3184984075,0.84075079625,0.9284303573236479,0
0.31899840500000004,0.8405007975,0.9280047964190227,0
0.3194984025,0.84025079875,0.927579533585581,0
0.3199984,0.8400008,0.9271545680795146,0
0.32049839750000003,0.83975080125,0.9267298991613077,0
0.320998395,0.8395008025,0.926305526093359,0
0.3214983925,0.8392508037499999,0.9258814481399693,0
0.32199839,0.839000805,0.9254576645679461,0
0.32249838750000004,0.83875080625,0.9250341746459295,0
0.322998385,0.8385008075,0.9246109776438893,0
0.3234983825,0.83825080875,0.9241880728368473,0
0.32399838000000003,0.83800081,0.9237654595016939,0
0.3244983775,0.8377508112500001,0.9233431369171763,0
0.324998375,0.8375008125,0.9229211043638846,0
0.3254983725,0.83725081375,0.9224993611246842,0
0.32599837000000004,0.837000815,0.9220779064850768,0
0.3264983675,0.83675081625,0.9216567397310386,0
0.326998365,0.8365008174999999,0.921235860153864,0
0.32749836250000003,0.83625081875,0.9208152670466629,0
0.32799836000000004,0.83600082,0.9203949597043463,0
0.3284983575,0.83575082125,0.919974937423614,0
0.328998355,0.8355008225,0.9195551995031933,0
0.32949835250000004,0.83525082375,0.919135745244976,0
0.32999835,0.8350008250000001,0.9187165739504217,0
0.3304983475,0.83475082625,0.9182976849266944,0
0.330998345,0.8345008275,0.9178790774827187,0
0.33149834250000004,0.83425082875,0.917460750929168,0
0.33199834,0.83400083,0.9170427045784514,0
0.3324983375,0.8337508312499999,0.9166249377447488,0
0.33299833500000003,0.8335008325,0.9162074497459819,0
0.3334983325,0.83325083375,0.9157902398986733,0
0.33399833,0.833000835,0.9153733075254612,0
0.3344983275,0.83275083625,0.914956651950693,0
0.33499832500000004,0.8325008375,0.9145402725004125,0
0.3354983225,0.83225083875,0.9141241685023473,0
0.33599832,0.83200084,0.9137083392858969,0
0.33649831750000003,0.83175084125,0.9132927841841706,0
0.336998315,0.8315008425,0.9128775025288351,0
0.3374983125,0.83125084375,0.9124624936574554,0
0.33799831,0.8310008449999999,0.9120477569094183,0
0.33849830750000004,0.83075084625,0.9116332916257572,0
0.338998305,0.8305008475,0.9112190971491386,0
0.3394983025,0.83025084875,0.9108051728238505,0
0.33999830000000003,0.83000085,0.9103915179976751,0
0.3404982975,0.82975085125,0.9099781320172003,0
0.340998295,0.8295008525,0.9095650142344829,0
0.3414982925,0.82925085375,0.9091521640035776,0
0.34199829000000004,0.829000855,0.9087395806801357,0
0.3424982875,0.82875085625,0.9083272636213929,0
0.342998285,0.8285008575,0.9079152121861563,0
0.34349828250000003,0.8282508587499999,0.90750342573652,0
0.34399828,0.82800086,0.9070919036336366,0
0.3444982775,0.82775086125,0.9066806452436782,0
0.344998275,0.8275008625,0.9062696499350045,0
0.34549827250000004,0.82725086375,0.905858917077523,0
0.34599827,0.827000865,0.905448446042678,0
0.3464982675,0.82675086625,0.9050382362034373,0
0.34699826500000003,0.8265008675,0.9046282869358518,0
0.34749826250000004,0.82625086875,0.9042185976152964,0
0.34799826,0.82600087,0.9038091676216897,0
0.3484982575,0.82575087125,0.903399996337342,0
0.34899825500000003,0.8255008724999999,0.9029910831460658,0
0.3494982525,0.82525087375,0.9025824274331626,0
0.34999825,0.825000875,0.9021740285854111,0
0.3504982475,0.82475087625,0.9017658859924733,0
0.35099824500000004,0.8245008775,0.9013579990436148,0
0.3514982425,0.82425087875,0.9009503671321388,0
0.35199824,0.82400088,0.9005429896539633,0
0.35249823750000003,0.82375088125,0.9001358660064617,0
0.352998235,0.8235008825,0.8997289955884519,0
0.3534982325,0.82325088375,0.8993223778001818,0
0.35399823,0.823000885,0.8989160120445867,0
0.35449822750000004,0.8227508862499999,0.8985098977245025,0
0.354998225,0.8225008874999999,0.8981040342462643,0
0.3554982225,0.82225088875,0.8976984210190618,0
0.35599822000000003,0.82200089,0.8972930574534963,0
0.3564982175,0.82175089125,0.8968879429615675,0
0.356998215,0.8215008925,0.8964830769566624,0
0.3574982125,0.82125089375,0.8960784588546569,0
0.35799821000000004,0.821000895,0.89567408807165,0
0.3584982075,0.82075089625,0.8952699640266619,0
0.358998205,0.8205008975,0.8948660861418278,0
0.35949820250000003,0.82025089875,0.8944624538406508,0
0.35999820000000005,0.8200008999999999,0.8940590665479892,0
0.3604981975,0.8197509012499999,0.893655923690045,0
0.360998195,0.8195009025,0.8932530246953106,0
0.36149819250000004,0.81925090375,0.8928503689928511,0
0.36199819,0.819000905,0.8924479560140329,0
0.3624981875,0.81875090625,0.8920457851936188,0
0.36299818500000003,0.8185009075,0.8916438559676964,0
0.36349818250000004,0.81825090875,0.8912421677736665,0
0.36399818,0.81800091,0.8908407200502315,0
0.3644981775,0.81775091125,0.8904395122381827,0
0.36499817500000004,0.8175009125,0.8900385437792655,0
0.3654981725,0.81725091375,0.8896378141168604,0
0.36599817,0.8170009149999999,0.8892373226980472,0
0.3664981675,0.81675091625,0.88883706897119,0
0.36699816500000004,0.8165009175,0.8884370523859241,0
0.3674981625,0.81625091875,0.8880372723931456,0
0.36799816,0.81600092,0.8876377284456335,0
0.36849815750000003,0.81575092125,0.8872384199975383,0
0.368998155,0.8155009225000001,0.8868393465039291,0
0.3694981525,0.81525092375,0.8864405074239017,0
0.36999815,0.815000925,0.8860419022177948,0
0.37049814750000004,0.81475092625,0.8856435303471787,0
0.370998145,0.8145009275,0.8852453912748438,0
0.3714981425,0.8142509287499999,0.8848474844652535,0
0.37199814000000003,0.81400093,0.8844498093846981,0
0.3724981375,0.81375093125,0.8840523654996163,0
0.372998135,0.8135009325,0.8836551522808251,0
0.3734981325,0.81325093375,0.8832581692003456,0
0.37399813000000004,0.813000935,0.8828614157313904,0
0.3744981275,0.8127509362500001,0.8824648913483536,0
0.374998125,0.8125009375,0.8820685955270845,0
0.37549812250000003,0.81225093875,0.8816725277457581,0
0.37599812,0.81200094,0.8812766874818707,0
0.3764981175,0.81175094125,0.8808810742176744,0
0.376998115,0.8115009424999999,0.8804856874365855,0
0.37749811250000004,0.81125094375,0.8800905266231758,0
0.37799811,0.811000945,0.8796955912631582,0
0.3784981075,0.81075094625,0.8793008808434768,0
0.37899810500000003,0.8105009475,0.8789063948539462,0
0.37949810250000005,0.81025094875,0.878512132782814,0
0.3799981,0.81000095,0.8781180941234872,0
0.3804980975,0.80975095125,0.8777242783705007,0
0.38099809500000004,0.8095009525,0.8773306850195063,0
0.3814980925,0.80925095375,0.876937313567261,0
0.38199809,0.809000955,0.8765441635116161,0
0.38249808750000003,0.8087509562499999,0.8761512343534922,0
0.38299808500000004,0.8085009575,0.8757585255918863,0
0.3834980825,0.80825095875,0.8753660367309889,0
0.38399808,0.80800096,0.8749737672761821,0
0.38449807750000004,0.80775096125,0.8745817167339278,0
0.384998075,0.8075009625,0.8741898846117571,0
0.3854980725,0.80725096375,0.8737982704182592,0
0.38599807,0.807000965,0.8734068736649032,0
0.38649806750000004,0.80675096625,0.8730156938614727,0
0.386998065,0.8065009675,0.8726247305225661,0
0.3874980625,0.80625096875,0.8722339831641477,0
0.38799806000000003,0.8060009699999999,0.8718434513032264,0
0.3884980575,0.80575097125,0.8714531344578451,0
0.388998055,0.8055009725,0.8710630321470695,0
0.3894980525,0.80525097375,0.8706731438926613,0
0.38999805000000004,0.805000975,0.8702834692149406,0
0.3904980475,0.80475097625,0.8698940076386422,0
0.390998045,0.8045009775,0.8695047586900553,0
0.39149804250000003,0.80425097875,0.8691157218964797,0
0.39199804000000005,0.80400098,0.8687268967862136,0
0.3924980375,0.80375098125,0.868338282888544,0
0.392998035,0.8035009825,0.8679498797352752,0
0.39349803250000004,0.8032509837499999,0.8675616868570233,0
0.39399803,0.803000985,0.8671737037883931,0
0.3944980275,0.80275098625,0.8667859300657478,0
0.39499802500000003,0.8025009875,0.8663983652264272,0
0.39549802250000005,0.80225098875,0.8660110088087368,0
0.39599802,0.80200099,0.8656238603519361,0
0.3964980175,0.80175099125,0.8652369193976259,0
0.39699801500000004,0.8015009925,0.8648501854864876,0
0.3974980125,0.80125099375,0.8644636581627344,0
0.39799801,0.801000995,0.864077336972559,0
0.39849800750000003,0.80075099625,0.8636912214630981,0
0.39899800500000004,0.8005009974999999,0.8633053111824203,0
0.3994980025,0.8002509987499999,0.8629196056795169,0
0.399998,0.800001,0.8625341045055435,0
0.40049799750000004,0.79975100125,0.8621488072110246,0
0.400997995,0.7995010025,0.8617637133495256,0
0.4014979925,0.79925100375,0.8613788224768307,0
0.40199799,0.799001005,0.8609941341496352,0
0.40249798750000004,0.79875100625,0.8606096479255351,0
0.402997985,0.7985010075,0.8602253633630164,0
0.4034979825,0.79825100875,0.8598412800225543,0
0.40399798000000003,0.79800101,0.8594573974643028,0
0.4044979775,0.79775101125,0.8590737152509277,0
0.404997975,0.7975010124999999,0.8586902329475721,0
0.4054979725,0.79725101375,0.8583069501202589,0
0.40599797000000004,0.797001015,0.8579238663358805,0
0.4064979675,0.79675101625,0.8575409811621879,0
0.406997965,0.7965010175,0.8571582941687441,0
0.40749796250000003,0.79625101875,0.856775804925128,0
0.40799796,0.7960010200000001,0.8563935130028586,0
0.4084979575,0.79575102125,0.8560114179762114,0
0.408997955,0.7955010225,0.8556295194203114,0
0.40949795250000004,0.79525102375,0.8552478169111225,0
0.40999795,0.795001025,0.8548663100254368,0
0.4104979475,0.7947510262499999,0.8544849983416778,0
0.41099794500000003,0.7945010275,0.8541038814386525,0
0.41149794250000005,0.79425102875,0.8537229588964909,0
0.41199794,0.79400103,0.8533422302983805,0
0.4124979375,0.79375103125,0.8529616952283281,0
0.41299793500000004,0.7935010325,0.8525813532711499,0
0.4134979325,0.7932510337500001,0.852201204012461,0
0.41399793,0.793001035,0.8518212470393222,0
0.41449792750000003,0.79275103625,0.8514414819395805,0
0.41499792500000005,0.7925010375,0.8510619083017389,0
0.4154979225,0.79225103875,0.8506825257176811,0
0.41599792,0.7920010399999999,0.8503033337800819,0
0.41649791750000004,0.79175104125,0.8499243320823964,0
0.416997915,0.7915010425,0.849545520218849,0
0.4174979125,0.79125104375,0.84916689778492,0
0.41799791000000003,0.791001045,0.8487884643773158,0
0.41849790750000004,0.79075104625,0.8484102195926781,0
0.418997905,0.7905010475,0.848032163031378,0
0.4194979025,0.79025104875,0.8476542942945485,0
0.41999790000000004,0.79000105,0.8472766129840752,0
0.4204978975,0.78975105125,0.8468991187025855,0
0.420997895,0.7895010525,0.8465218110537635,0
0.4214978925,0.7892510537499999,0.8461446896430028,0
0.42199789000000004,0.789001055,0.8457677540748542,0
0.4224978875,0.78875105625,0.845391003957971,0
0.422997885,0.7885010575,0.8450144389017418,0
0.42349788250000003,0.78825105875,0.8446380585162795,0
0.42399788000000005,0.78800106,0.8442618624124114,0
0.4244978775,0.78775106125,0.8438858502018154,0
0.424997875,0.7875010625,0.8435100214984079,0
0.42549787250000004,0.78725106375,0.8431343759144219,0
0.42599787,0.787001065,0.8427589130665947,0
0.4264978675,0.78675106625,0.8423836325723711,0
0.42699786500000003,0.7865010674999999,0.8420085340498937,0
0.42749786250000005,0.78625106875,0.8416336171179929,0
0.42799786,0.78600107,0.841258881396177,0
0.4284978575,0.78575107125,0.8408843265065965,0
0.42899785500000004,0.7855010725,0.8405099520690765,0
0.4294978525,0.78525107375,0.840135757708199,0
0.42999785,0.785001075,0.8397617430492724,0
0.43049784750000003,0.78475107625,0.8393879077182761,0
0.43099784500000005,0.7845010775,0.8390142513418511,0
0.4314978425,0.78425107875,0.8386407735472908,0
0.43199784,0.78400108,0.8382674739643567,0
0.43249783750000004,0.7837510812499999,0.8378943522207206,0
0.432997835,0.7835010825,0.837521407948463,0
0.4334978325,0.78325108375,0.8371486407805662,0
0.43399783000000003,0.783001085,0.8367760503506585,0
0.43449782750000004,0.78275108625,0.836403636293005,0
0.434997825,0.7825010875,0.8360313982424966,0
0.4354978225,0.78225108875,0.8356593358363247,0
0.43599782000000004,0.78200109,0.8352874487098315,0
0.4364978175,0.78175109125,0.8349157365023987,0
0.436997815,0.7815010925,0.8345441988544987,0
0.4374978125,0.78125109375,0.8341728354072256,0
0.43799781000000004,0.7810010949999999,0.8338016458022852,0
0.4384978075,0.7807510962499999,0.8334306296819848,0
0.438997805,0.7805010975,0.8330597866907666,0
0.43949780250000003,0.78025109875,0.8326891164714756,0
0.4399978,0.7800011,0.8323186186705994,0
0.4404977975,0.77975110125,0.831948292935922,0
0.440997795,0.7795011025,0.8315781389158242,0
0.44149779250000004,0.77925110375,0.8312081562592747,0
0.44199779,0.779001105,0.8308383446158195,0
0.4424977875,0.77875110625,0.8304687036369768,0
0.44299778500000003,0.7785011075,0.8300992329729326,0
0.44349778250000005,0.7782511087499999,0.8297299322770901,0
0.44399778,0.7780011099999999,0.8293608012043696,0
0.4444977775,0.77775111125,0.8289918394102646,0
0.44499777500000004,0.7775011125,0.8286230465508327,0
0.4454977725,0.77725111375,0.8282544222826862,0
0.44599777,0.777001115,0.827885966264247,0
0.44649776750000003,0.77675111625,0.8275176781528881,0
0.44699776500000005,0.7765011175,0.82714955760874,0
0.4474977625,0.77625111875,0.8267816042936886,0
0.44799776,0.77600112,0.8264138178701707,0
0.44849775750000004,0.77575112125,0.826046198001164,0
0.448997755,0.7755011225,0.8256787443501776,0
0.4494977525,0.7752511237499999,0.8253114565823688,0
0.44999775000000003,0.775001125,0.8249443343621498,0
0.45049774750000005,0.77475112625,0.8245773773561932,0
0.450997745,0.7745011275,0.8242105852331851,0
0.4514977425,0.77425112875,0.8238439576623396,0
0.45199774000000004,0.77400113,0.8234774943133896,0
0.4524977375,0.7737511312500001,0.8231111948565768,0
0.452997735,0.7735011325,0.8227450589636274,0
0.45349773250000003,0.77325113375,0.8223790863058521,0
0.45399773000000004,0.773001135,0.8220132765562843,0
0.4544977275,0.77275113625,0.8216476293902476,0
0.454997725,0.7725011374999999,0.8212821444835722,0
0.45549772250000004,0.77225113875,0.8209168215125853,0
0.45599772000000005,0.77200114,0.8205516601541012,0
0.4564977175,0.77175114125,0.8201866600862511,0
0.456997715,0.7715011425,0.8198218209871109,0
0.45749771250000004,0.77125114375,0.8194571425358949,0
0.45799771,0.771001145,0.8190926244144067,0
0.4584977075,0.77075114625,0.8187282663049353,0
0.45899770500000003,0.7705011475,0.8183640678902453,0
0.45949770250000005,0.77025114875,0.8180000288535672,0
0.4599977,0.77000115,0.8176361488792767,0
0.4604976975,0.7697511512499999,0.8172724276520872,0
0.46099769500000004,0.7695011525,0.8169088648572176,0
0.4614976925,0.76925115375,0.8165454601827977,0
0.46199769,0.769001155,0.8161822133174216,0
0.46249768750000003,0.76875115625,0.8158191239501381,0
0.46299768500000005,0.7685011575,0.815456191770442,0
0.4634976825,0.76825115875,0.8150934164687957,0
0.46399768,0.76800116,0.8147307977364288,0
0.46449767750000004,0.76775116125,0.8143683352643907,0
0.464997675,0.7675011625,0.8140060287469872,0
0.4654976725,0.76725116375,0.8136438778789682,0
0.46599767000000003,0.7670011649999999,0.8132818823555178,0
0.46649766750000005,0.76675116625,0.8129200418722465,0
0.466997665,0.7665011675,0.8125583561255472,0
0.4674976625,0.76625116875,0.8121968248130511,0
0.46799766000000004,0.76600117,0.8118354476314676,0
0.4684976575,0.76575117125,0.8114742242811316,0
0.468997655,0.7655011725,0.8111131544628024,0
0.46949765250000003,0.76525117375,0.8107522378776553,0
0.46999765000000004,0.765001175,0.8103914742272706,0
0.4704976475,0.76475117625,0.8100308632138188,0
0.470997645,0.7645011775,0.8096704045412249,0
0.47149764250000004,0.7642511787499999,0.8093100979116882,0
0.47199764,0.76400118,0.8089499430314306,0
0.4724976375,0.76375118125,0.8085899396070791,0
0.472997635,0.7635011825,0.8082300873456572,0
0.47349763250000004,0.76325118375,0.8078703859545748,0
0.47399763,0.763001185,0.8075108351416294,0
0.4744976275,0.76275118625,0.8071514346169363,0
0.47499762500000003,0.7625011875,0.8067921840880188,0
0.47549762250000005,0.76225118875,0.8064330832668465,0
0.47599762,0.76200119,0.8060741318657755,0
0.4764976175,0.76175119125,0.8057153295975396,0
0.47699761500000004,0.7615011924999999,0.8053566761752404,0
0.4774976125,0.7612511937499999,0.8049981713123396,0
0.47799761,0.761001195,0.8046398147244881,0
0.47849760750000003,0.76075119625,0.8042816061249278,0
0.47899760500000005,0.7605011975,0.8039235452310538,0
0.4794976025,0.76025119875,0.8035656317608162,0
0.4799976,0.7600012,0.8032078654325241,0
0.48049759750000004,0.75975120125,0.802850245964837,0
0.480997595,0.7595012025,0.8024927730767556,0
0.4814975925,0.75925120375,0.8021354464893113,0
0.48199759000000003,0.759001205,0.8017782659213669,0
0.48249758750000005,0.7587512062499999,0.8014212310955896,0
0.482997585,0.7585012074999999,0.8010643417353912,0
0.4834975825,0.75825120875,0.8007075975645253,0
0.48399758000000004,0.75800121,0.8003509983070778,0
0.4844975775,0.75775121125,0.7999945436874589,0
0.484997575,0.7575012125,0.7996382334319526,0
0.48549757250000003,0.75725121375,0.7992820672649256,0
0.48599757000000005,0.757001215,0.7989260449141734,0
0.4864975675,0.75675121625,0.7985701661084417,0
0.486997565,0.7565012175,0.7982144305767999,0
0.48749756250000004,0.75625121875,0.7978588380486336,0
0.48799756000000005,0.7560012199999999,0.7975033882536341,0
0.4884975575,0.7557512212499999,0.7971480809232141,0
0.48899755500000003,0.7555012225,0.7967929157871314,0
0.48949755250000004,0.75525122375,0.7964378925781695,0
0.48999755,0.755001225,0.7960830110302819,0
0.4904975475,0.75475122625,0.7957282708777296,0
0.49099754500000004,0.7545012275,0.7953736718550722,0
0.49149754250000005,0.75425122875,0.7950192136971601,0
0.49199754,0.75400123,0.7946648961404104,0
0.4924975375,0.75375123125,0.7943107189198658,0
0.49299753500000004,0.7535012325,0.7939566817731585,0
0.4934975325,0.75325123375,0.7936027844393279,0
0.49399753,0.7530012349999999,0.7932490266577046,0
0.49449752750000003,0.75275123625,0.7928954081679016,0
0.49499752500000005,0.7525012375,0.7925419287098059,0
0.4954975225,0.75225123875,0.7921885880247191,0
0.49599752,0.75200124,0.7918353858528678,0
0.49649751750000004,0.75175124125,0.7914823219365953,0
0.496997515,0.7515012425,0.7911293960199077,0
0.4974975125,0.75125124375,0.7907766078470866,0
0.49799751000000003,0.751001245,0.7904239571626801,0
0.49849750750000005,0.75075124625,0.7900714437114943,0
0.498997505,0.7505012475,0.789719067239595,0
0.4994975025,0.7502512487499999,0.7893668274922979,0
0.49999750000000004,0.75000125,0.7890147242165216,0
0.5004974975,0.74975125125,0.7886627571611229,0
0.500997495,0.7495012525,0.7883109260752187,0
0.5014974925,0.74925125375,0.7879592307081765,0
0.50199749,0.749001255,0.7876076708096069,0
0.5024974875,0.74875125625,0.7872562461302217,0
0.5029974850000001,0.7485012575,0.7869049564203362,0
0.5034974825,0.74825125875,0.7865538014313102,0
0.50399748,0.74800126,0.7862027809167379,0
0.5044974775000001,0.7477512612499999,0.7858518946304585,0
0.504997475,0.7475012624999999,0.7855011423265467,0
0.5054974725,0.74725126375,0.7851505237593053,0
0.5059974700000001,0.747001265,0.7848000386836531,0
0.5064974675,0.74675126625,0.7844496868550681,0
0.506997465,0.7465012675,0.7840994680299317,0
0.5074974625,0.74625126875,0.7837493819661299,0
0.50799746,0.74600127,0.7833994284217731,0
0.5084974575,0.7457512712500001,0.7830496071551879,0
0.508997455,0.7455012725,0.7826999179255372,0
0.5094974525,0.74525127375,0.7823503604916919,0
0.5099974500000001,0.7450012749999999,0.7820009346143585,0
0.5104974475,0.7447512762499999,0.781651640055168,0
0.510997445,0.7445012775,0.7813024765759606,0
0.5114974425000001,0.74425127875,0.7809534439387792,0
0.51199744,0.74400128,0.7806045419067439,0
0.5124974375,0.74375128125,0.7802557702423207,0
0.5129974350000001,0.7435012825,0.7799071287103746,0
0.5134974325,0.74325128375,0.7795586170762036,0
0.51399743,0.7430012850000001,0.779210235105301,0
0.5144974275,0.74275128625,0.7788619825634782,0
0.514997425,0.7425012875,0.7785138592173916,0
0.5154974225000001,0.7422512887499999,0.7781658648334911,0
0.51599742,0.7420012899999999,0.7778179991804747,0
0.5164974175,0.7417512912499999,0.7774702620272309,0
0.5169974150000001,0.7415012925,0.7771226531428305,0
0.5174974125,0.74125129375,0.7767751722969308,0
0.51799741,0.741001295,0.7764278192592824,0
0.5184974075000001,0.74075129625,0.7760805938006878,0
0.518997405,0.7405012975,0.7757334956933754,0
0.5194974025,0.7402512987500001,0.7753865247097503,0
0.5199974,0.7400013,0.7750396806223866,0
0.5204973975,0.73975130125,0.7746929632046804,0
0.520997395,0.7395013025,0.7743463722296344,0
0.5214973925,0.7392513037499999,0.7739999074721343,0
0.52199739,0.7390013049999999,0.7736535687078653,0
0.5224973875000001,0.73875130625,0.7733073557126765,0
0.522997385,0.7385013075,0.7729612682625722,0
0.5234973825,0.73825130875,0.7726153061346247,0
0.5239973800000001,0.73800131,0.7722694691051648,0
0.5244973775,0.73775131125,0.7719237569529336,0
0.524997375,0.7375013125000001,0.7715781694570021,0
0.5254973725000001,0.73725131375,0.7712327063965917,0
0.52599737,0.737001315,0.7708873675512398,0
0.5264973675,0.73675131625,0.770542152701157,0
0.526997365,0.7365013174999999,0.7701970616265122,0
0.5274973625,0.7362513187499999,0.7698520941095466,0
0.5279973600000001,0.73600132,0.7695072499326467,0
0.5284973575,0.73575132125,0.7691625288783375,0
0.528997355,0.7355013225,0.7688179307297199,0
0.5294973525000001,0.73525132375,0.7684734552698658,0
0.52999735,0.735001325,0.7681291022829937,0
0.5304973475,0.7347513262500001,0.7677848715546042,0
0.5309973450000001,0.7345013275,0.7674407628703315,0
0.5314973425,0.73425132875,0.7670967760159348,0
0.53199734,0.73400133,0.7667529107776871,0
0.5324973375000001,0.7337513312499999,0.7664091669422866,0
0.532997335,0.7335013324999999,0.7660655442977163,0
0.5334973325,0.73325133375,0.7657220426323491,0
0.53399733,0.733001335,0.7653786617347745,0
0.5344973275,0.73275133625,0.7650354013939717,0
0.5349973250000001,0.7325013375,0.764692261399577,0
0.5354973225,0.73225133875,0.7643492415423307,0
0.53599732,0.7320013400000001,0.7640063416130849,0
0.5364973175000001,0.73175134125,0.763663561403142,0
0.536997315,0.7315013425,0.7633209007039434,0
0.5374973125,0.73125134375,0.7629783593083274,0
0.5379973100000001,0.7310013449999999,0.7626359370094791,0
0.5384973075,0.7307513462499999,0.7622936336008052,0
0.538997305,0.7305013475,0.7619514488760439,0
0.5394973025,0.73025134875,0.7616093826296751,0
0.5399973,0.73000135,0.7612674346571868,0
0.5404972975,0.72975135125,0.7609256047541646,0
0.540997295,0.7295013525,0.7605838927166481,0
0.5414972925,0.72925135375,0.760242298340799,0
0.5419972900000001,0.729001355,0.7599008214241789,0
0.5424972875,0.72875135625,0.759559461764643,0
0.542997285,0.7285013575,0.759218219160272,0
0.5434972825000001,0.7282513587499999,0.7588770934094266,0
0.54399728,0.7280013599999999,0.758536084311284,0
0.5444972775,0.72775136125,0.7581951916659406,0
0.5449972750000001,0.7275013625,0.7578544152735742,0
0.5454972725,0.72725136375,0.7575137549348242,0
0.54599727,0.727001365,0.7571732104504334,0
0.5464972675,0.72675136625,0.7568327816225464,0
0.546997265,0.7265013675,0.7564924682535504,0
0.5474972625000001,0.72625136875,0.7561522701460617,0
0.54799726,0.72600137,0.7558121871029309,0
0.5484972575,0.72575137125,0.7554722189278918,0
0.5489972550000001,0.7255013724999999,0.7551323654255135,0
0.5494972525,0.7252513737499999,0.7547926264004301,0
0.54999725,0.725001375,0.7544530016577462,0
0.5504972475000001,0.72475137625,0.7541134910026526,0
0.550997245,0.7245013775,0.7537740942417406,0
0.5514972425,0.72425137875,0.7534348111817953,0
0.5519972400000001,0.72400138,0.7530956416298353,0
0.5524972375,0.72375138125,0.752756585393072,0
0.552997235,0.7235013825000001,0.7524176422796612,0
0.5534972325,0.72325138375,0.7520788120985106,0
0.55399723,0.723001385,0.7517400946585809,0
0.5544972275000001,0.7227513862499999,0.7514014897693119,0
0.554997225,0.7225013874999999,0.7510629972402127,0
0.5554972225,0.72225138875,0.7507246168821897,0
0.5559972200000001,0.72200139,0.7503863485062964,0
0.5564972175,0.72175139125,0.7500481919238242,0
0.556997215,0.7215013925,0.7497101469462207,0
0.5574972125000001,0.72125139375,0.7493722133859314,0
0.55799721,0.721001395,0.7490343910560768,0
0.5584972075,0.7207513962500001,0.7486966797698159,0
0.558997205,0.7205013975,0.7483590793407986,0
0.5594972025,0.72025139875,0.7480215895827267,0
0.5599972,0.7200014,0.7476842103106937,0
0.5604971975,0.7197514012499999,0.7473469413398963,0
0.560997195,0.7195014024999999,0.7470097824857744,0
0.5614971925000001,0.71925140375,0.7466727335638905,0
0.56199719,0.719001405,0.7463357943908526,0
0.5624971875,0.71875140625,0.7459989647838702,0
0.5629971850000001,0.7185014075,0.7456622445601779,0
0.5634971825,0.71825140875,0.7453256335375146,0
0.56399718,0.7180014100000001,0.7449891315336529,0
0.5644971775000001,0.71775141125,0.7446527383677497,0
0.564997175,0.7175014125,0.7443164538590243,0
0.5654971725,0.71725141375,0.7439802778269435,0
0.56599717,0.7170014149999999,0.743644210091068,0
0.5664971675,0.7167514162499999,0.743308250472045,0
0.5669971650000001,0.7165014175,0.7429723987910535,0
0.5674971625,0.71625141875,0.742636654869285,0
0.56799716,0.71600142,0.7423010185284495,0
0.5684971575000001,0.71575142125,0.7419654895902726,0
0.568997155,0.7155014225,0.7416300678778559,0
0.5694971525,0.7152514237500001,0.7412947532143235,0
0.5699971500000001,0.715001425,0.7409595454230515,0
0.5704971475,0.71475142625,0.7406244443274861,0
0.570997145,0.7145014275,0.7402894497521944,0
0.5714971425,0.7142514287499999,0.7399545615222094,0
0.57199714,0.7140014299999999,0.7396197794625765,0
0.5724971375,0.71375143125,0.7392851033988261,0
0.572997135,0.7135014325,0.73895053315656,0
0.5734971325,0.71325143375,0.7386160685626962,0
0.5739971300000001,0.713001435,0.7382817094441495,0
0.5744971275,0.71275143625,0.7379474556280939,0
0.574997125,0.7125014375000001,0.73761330694175,0
0.5754971225000001,0.71225143875,0.7372792632134896,0
0.57599712,0.71200144,0.7369453242720879,0
0.5764971175,0.71175144125,0.736611489946344,0
0.5769971150000001,0.7115014424999999,0.7362777600654653,0
0.5774971125,0.7112514437499999,0.7359441344588527,0
0.57799711,0.711001445,0.7356106129571173,0
0.5784971075,0.71075144625,0.7352771953908556,0
0.578997105,0.7105014475,0.7349438815909293,0
0.5794971025000001,0.71025144875,0.7346106713882267,0
0.5799971,0.71000145,0.7342775646148137,0
0.5804970975,0.70975145125,0.7339445611030986,0
0.5809970950000001,0.7095014525,0.733611660685575,0
0.5814970925,0.70925145375,0.7332788631951284,0
0.58199709,0.709001455,0.7329461684643425,0
0.5824970875000001,0.7087514562499999,0.7326135763276664,0
0.582997085,0.7085014574999999,0.7322810866195275,0
0.5834970825,0.70825145875,0.7319486991743224,0
0.5839970800000001,0.70800146,0.7316164138269744,0
0.5844970775,0.70775146125,0.7312842304119785,0
0.584997075,0.7075014625,0.7309521487653842,0
0.5854970725,0.70725146375,0.730620168723772,0
0.58599707,0.707001465,0.7302882901236901,0
0.5864970675000001,0.70675146625,0.729956512801785,0
0.586997065,0.7065014675,0.729624836595163,0
0.5874970625,0.70625146875,0.7292932613408292,0
0.5879970600000001,0.7060014699999999,0.7289617868774848,0
0.5884970575,0.7057514712499999,0.7286304130437962,0
0.588997055,0.7055014725,0.7282991396783858,0
0.5894970525000001,0.70525147375,0.7279679666204114,0
0.58999705,0.705001475,0.7276368937085592,0
0.5904970475,0.70475147625,0.7273059207831128,0
0.590997045,0.7045014775,0.7269750476848237,0
0.5914970425,0.70425147875,0.7266442742543977,0
0.5919970400000001,0.70400148,0.726313600332654,0
0.5924970375,0.70375148125,0.7259830257607811,0
0.592997035,0.7035014825,0.7256525503799878,0
0.5934970325000001,0.7032514837499999,0.7253221740330802,0
0.59399703,0.7030014849999999,0.7249918965628153,0
0.5944970275,0.70275148625,0.7246617178118943,0
0.5949970250000001,0.7025014875,0.7243316376235628,0
0.5954970225,0.70225148875,0.7240016558405542,0
0.59599702,0.70200149,0.7236717723072384,0
0.5964970175000001,0.70175149125,0.7233419868683929,0
0.596997015,0.7015014925,0.7230122993687367,0
0.5974970125,0.7012514937500001,0.7226827096531165,0
0.59799701,0.701001495,0.7223532175666636,0
0.5984970075,0.70075149625,0.7220238229546451,0
0.5989970050000001,0.7005014974999999,0.7216945256638282,0
0.5994970025,0.7002514987499999,0.7213653255409201,0
0.599997,0.7000014999999999,0.7210362224325587,0
0.6004969975000001,0.69975150125,0.7207072161859372,0
0.600996995,0.6995015025,0.7203783066476966,0
0.6014969925,0.69925150375,0.7200494936661521,0
0.6019969900000001,0.699001505,0.7197207770899675,0
0.6024969875,0.69875150625,0.7193921567677368,0
0.602996985,0.6985015075000001,0.7190636325481949,0
0.6034969825000001,0.69825150875,0.7187352042802809,0
0.60399698,0.69800151,0.7184068718131807,0
0.6044969775,0.69775151125,0.7180786349974866,0
0.604996975,0.6975015124999999,0.7177504936837179,0
0.6054969725,0.6972515137499999,0.7174224477223149,0
0.6059969700000001,0.697001515,0.7170944969642826,0
0.6064969675,0.69675151625,0.7167666412600368,0
0.606996965,0.6965015175,0.7164388804617012,0
0.6074969625000001,0.69625151875,0.7161112144216929,0
0.60799696,0.69600152,0.715783642992347,0
0.6084969575,0.6957515212500001,0.7154561660263412,0
0.6089969550000001,0.6955015225,0.7151287833762477,0
0.6094969525,0.69525152375,0.7148014948943775,0
0.60999695,0.695001525,0.7144743004353022,0
0.6104969475,0.6947515262499999,0.714147199853513,0
0.610996945,0.6945015274999999,0.7138201930034147,0
0.6114969425000001,0.69425152875,0.7134932797393173,0
0.61199694,0.69400153,0.7131664599164181,0
0.6124969375,0.69375153125,0.7128397333886874,0
0.6129969350000001,0.6935015325,0.7125131000119332,0
0.6134969325,0.69325153375,0.7121865596428726,0
0.61399693,0.6930015350000001,0.7118601121381337,0
0.6144969275000001,0.69275153625,0.7115337573542485,0
0.614996925,0.6925015375,0.7112074951476461,0
0.6154969225,0.69225153875,0.7108813253761616,0
0.6159969200000001,0.6920015399999999,0.7105552478954397,0
0.6164969175,0.6917515412499999,0.7102292625642906,0
0.616996915,0.6915015425,0.7099033692415265,0
0.6174969125,0.69125154375,0.7095775677858623,0
0.61799691,0.691001545,0.7092518580559074,0
0.6184969075000001,0.69075154625,0.7089262399107176,0
0.618996905,0.6905015475,0.708600713209152,0
0.6194969025,0.69025154875,0.7082752778102955,0
0.6199969000000001,0.69000155,0.7079499335751059,0
0.6204968975,0.68975155125,0.707624680364442,0
0.620996895,0.6895015525,0.7072995180390563,0
0.6214968925000001,0.6892515537499999,0.706974446459587,0
0.62199689,0.6890015549999999,0.7066494654876415,0
0.6224968875,0.68875155625,0.7063245749833715,0
0.6229968850000001,0.6885015575,0.7059997748090598,0
0.6234968825,0.68825155875,0.7056750648276717,0
0.62399688,0.68800156,0.7053504449020642,0
0.6244968775,0.68775156125,0.7050259148949795,0
0.624996875,0.6875015625,0.7047014746690906,0
0.6254968725000001,0.68725156375,0.7043771240883575,0
0.62599687,0.687001565,0.704052863014679,0
0.6264968675,0.68675156625,0.7037286913130898,0
0.6269968650000001,0.6865015674999999,0.7034046088485151,0
0.6274968625,0.6862515687499999,0.7030806154857637,0
0.62799686,0.68600157,0.7027567110895215,0
0.6284968575000001,0.68575157125,0.702432895525012,0
0.628996855,0.6855015725,0.7021091686569491,0
0.6294968525,0.68525157375,0.7017855303507099,0
0.62999685,0.685001575,0.7014619804732518,0
0.6304968475,0.68475157625,0.7011385188914147,0
0.6309968450000001,0.6845015775,0.7008151454719136,0
0.6314968425,0.68425157875,0.7004918600813326,0
0.63199684,0.68400158,0.7001686625873069,0
0.6324968375000001,0.6837515812499999,0.6998455528558034,0
0.632996835,0.6835015824999999,0.6995225307551863,0
0.6334968325,0.68325158375,0.6991995961542911,0
0.6339968300000001,0.683001585,0.6988767489218274,0
0.6344968275,0.68275158625,0.6985539889263729,0
0.634996825,0.6825015875,0.6982313160365552,0
0.6354968225000001,0.68225158875,0.6979087301218404,0
0.63599682,0.68200159,0.6975862310502661,0
0.6364968175,0.6817515912500001,0.697263818692629,0
0.636996815,0.6815015925,0.6969414929195991,0
0.6374968125,0.68125159375,0.6966192536017132,0
0.6379968100000001,0.6810015949999999,0.6962971006093673,0
0.6384968075,0.6807515962499999,0.6959750338135858,0
0.638996805,0.6805015974999999,0.6956530530845967,0
0.6394968025000001,0.68025159875,0.6953311582936895,0
0.6399968,0.6800016,0.695009349313461,0
0.6404967975,0.67975160125,0.6946876260163738,0
0.6409967950000001,0.6795016025,0.6943659882747487,0
0.6414967925,0.67925160375,0.694044435960759,0
0.64199679,0.6790016050000001,0.6937229689477147,0
0.6424967875,0.67875160625,0.6934015871070568,0
0.642996785,0.6785016075,0.693080290312865,0
0.6434967825000001,0.6782516087499999,0.6927590784394942,0
0.64399678,0.6780016099999999,0.6924379513611583,0
0.6444967775,0.6777516112499999,0.6921169089519215,0
0.6449967750000001,0.6775016125,0.6917959510860111,0
0.6454967725,0.67725161375,0.6914750776380855,0
0.64599677,0.677001615,0.6911542884819531,0
0.6464967675000001,0.67675161625,0.6908335834938297,0
0.646996765,0.6765016175,0.6905129625497889,0
0.6474967625,0.6762516187500001,0.6901924255257545,0
0.6479967600000001,0.67600162,0.6898719722974945,0
0.6484967575,0.67575162125,0.689551602741492,0
0.648996755,0.6755016225,0.6892313167331741,0
0.6494967525,0.6752516237499999,0.6889111141493892,0
0.64999675,0.6750016249999999,0.6885909948680393,0
0.6504967475000001,0.67475162625,0.6882709587668767,0
0.650996745,0.6745016275,0.687951005723497,0
0.6514967425,0.67425162875,0.6876311356153321,0
0.6519967400000001,0.67400163,0.6873113483210391,0
0.6524967375,0.67375163125,0.6869916437172162,0
0.652996735,0.6735016325000001,0.6866720216833186,0
0.6534967325000001,0.67325163375,0.686352482098896,0
0.65399673,0.673001635,0.6860330248433413,0
0.6544967275,0.67275163625,0.6857136497958829,0
0.6549967250000001,0.6725016374999999,0.6853943568360185,0
0.6554967225,0.6722516387499999,0.6850751458433071,0
0.6559967200000001,0.67200164,0.6847560166969863,0
0.6564967175,0.67175164125,0.6844369692783728,0
0.656996715,0.6715016425,0.6841180034686264,0
0.6574967125000001,0.67125164375,0.6837991191487425,0
0.65799671,0.671001645,0.6834803161995464,0
0.6584967075,0.67075164625,0.6831615945026642,0
0.6589967050000001,0.6705016475,0.682842953938428,0
0.6594967025,0.67025164875,0.6825243943889173,0
0.6599967,0.67000165,0.6822059157370293,0
0.6604966975000001,0.6697516512499999,0.681887517865497,0
0.660996695,0.6695016524999999,0.6815692006568826,0
0.6614966925,0.66925165375,0.6812509639935711,0
0.66199669,0.669001655,0.6809328077592642,0
0.6624966875,0.66875165625,0.6806147318354201,0
0.6629966850000001,0.6685016575,0.6802967361065557,0
0.6634966825,0.66825165875,0.6799788204571133,0
0.66399668,0.66800166,0.6796609847713635,0
0.6644966775000001,0.66775166125,0.6793432289333999,0
0.664996675,0.6675016625,0.6790255528276853,0
0.6654966725,0.66725166375,0.6787079563384091,0
0.6659966700000001,0.6670016649999999,0.67839043934992,0
0.6664966675,0.6667516662499999,0.678073001748341,0
0.666996665,0.6665016675,0.6777556434196235,0
0.6674966625000001,0.66625166875,0.6774383642495417,0
0.66799666,0.66600167,0.677121164123686,0
0.6684966575,0.66575167125,0.6768040429285338,0
0.668996655,0.6655016725,0.6764870005490489,0
0.6694966525,0.66525167375,0.6761700368722368,0
0.6699966500000001,0.665001675,0.6758531517857028,0
0.6704966475,0.66475167625,0.6755363451768743,0
0.670996645,0.6645016775,0.6752196169329949,0
0.6714966425000001,0.6642516787499999,0.6749029669411729,0
0.67199664,0.6640016799999999,0.6745863950897096,0
0.6724966375,0.66375168125,0.6742699012648132,0
0.6729966350000001,0.6635016825,0.6739534853557154,0
0.6734966325,0.66325168375,0.6736371472514702,0
0.67399663,0.663001685,0.673320886840948,0
0.6744966275000001,0.66275168625,0.6730047040128287,0
0.674996625,0.6625016875,0.6726885986562587,0
0.6754966225000001,0.66225168875,0.6723725706598062,0
0.67599662,0.66200169,0.6720566199126367,0
0.6764966175,0.66175169125,0.6717407463054047,0
0.6769966150000001,0.6615016924999999,0.671424949728581,0
0.6774966125,0.6612516937499999,0.6711092300724469,0
0.67799661,0.661001695,0.670793587227087,0
0.6784966075000001,0.66075169625,0.6704780210843323,0
0.678996605,0.6605016975,0.6701625315322212,0
0.6794966025,0.66025169875,0.6698471184623088,0
0.6799966000000001,0.6600017,0.6695317817669638,0
0.6804965975,0.65975170125,0.6692165213383704,0
0.680996595,0.6595017025000001,0.6689013370685212,0
0.6814965925,0.65925170375,0.6685862288492109,0
0.68199659,0.659001705,0.6682711965720304,0
0.6824965875000001,0.6587517062499999,0.6679562401304912,0
0.682996585,0.6585017074999999,0.6676413594144883,0
0.6834965825,0.6582517087499999,0.667326554317398,0
0.6839965800000001,0.65800171,0.6670118247332971,0
0.6844965775,0.65775171125,0.6666971705560738,0
0.684996575,0.6575017125,0.66638259167942,0
0.6854965725000001,0.65725171375,0.6660680879968253,0
0.68599657,0.657001715,0.6657536594015703,0
0.6864965675,0.6567517162500001,0.665439305788597,0
0.6869965650000001,0.6565017175,0.6651250270499292,0
0.6874965625,0.65625171875,0.6648108230807307,0
0.68799656,0.65600172,0.6644966937766393,0
0.6884965575,0.6557517212499999,0.6641826390330989,0
0.688996555,0.6555017224999999,0.6638686587453506,0
0.6894965525000001,0.65525172375,0.6635547528084275,0
0.68999655,0.655001725,0.6632409211178341,0
0.6904965475,0.65475172625,0.6629271635689841,0
0.6909965450000001,0.6545017275,0.6626134800564051,0
0.6914965425,0.65425172875,0.6622998704773841,0
0.69199654,0.6540017300000001,0.6619863347290116,0
0.6924965375000001,0.65375173125,0.6616728727081759,0
0.692996535,0.6535017325,0.6613594843115568,0
0.6934965325,0.65325173375,0.6610461694356187,0
0.6939965300000001,0.6530017349999999,0.6607329279783167,0
0.6944965275,0.6527517362499999,0.6604197598348244,0
0.6949965250000001,0.6525017375,0.6601066649031961,0
0.6954965225,0.65225173875,0.6597936430821405,0
0.69599652,0.65200174,0.6594806942701633,0
0.6964965175000001,0.65175174125,0.6591678183655614,0
0.696996515,0.6515017425,0.6588550152664159,0
0.6974965125,0.6512517437500001,0.6585422848711432,0
0.6979965100000001,0.651001745,0.6582296270784433,0
0.6984965075,0.65075174625,0.6579170417855804,0
0.698996505,0.6505017475,0.6576045288928515,0
0.6994965025000001,0.6502517487499999,0.657292088300351,0
0.6999965,0.6500017499999999,0.6569797199079639,0
0.7004964975,0.64975175125,0.6566674236153597,0
0.700996495,0.6495017525,0.6563551993219854,0
0.7014964925,0.64925175375,0.6560430469286606,0
0.7019964900000001,0.649001755,0.6557309663336667,0
0.7024964875,0.64875175625,0.6554189574378215,0
0.702996485,0.6485017575,0.6551070201427796,0
0.7034964825000001,0.64825175875,0.6547951543499863,0
0.70399648,0.64800176,0.6544833599606709,0
0.7044964775,0.64775176125,0.6541716368758411,0
0.7049964750000001,0.6475017624999999,0.6538599849966988,0
0.7054964725,0.6472517637499999,0.6535484042251264,0
0.70599647,0.647001765,0.653236894460991,0
0.7064964675000001,0.64675176625,0.6529254556074802,0
0.706996465,0.6465017675,0.6526140875675723,0
0.7074964625000001,0.64625176875,0.6523027902440297,0
0.70799646,0.64600177,0.6519915635393921,0
0.7084964575,0.64575177125,0.6516804073559713,0
0.7089964550000001,0.6455017725,0.6513693215973331,0
0.7094964525,0.64525177375,0.6510583061647582,0
0.70999645,0.645001775,0.6507473609617024,0
0.7104964475000001,0.6447517762499999,0.6504364858926497,0
0.710996445,0.6445017774999999,0.6501256808618687,0
0.7114964425,0.64425177875,0.6498149457734059,0
0.7119964400000001,0.64400178,0.6495042805310791,0
0.7124964375,0.64375178125,0.6491936850387579,0
0.712996435,0.6435017825,0.6488831592014086,0
0.7134964325,0.64325178375,0.6485727029213759,0
0.71399643,0.643001785,0.6482623161046247,0
0.7144964275000001,0.64275178625,0.6479519986569036,0
0.714996425,0.6425017875,0.6476417504837394,0
0.7154964225,0.64225178875,0.6473315714904307,0
0.7159964200000001,0.6420017899999999,0.6470214615820417,0
0.7164964175,0.6417517912499999,0.6467114206647725,0
0.716996415,0.6415017925,0.6464014486428024,0
0.7174964125000001,0.64125179375,0.6460915454221057,0
0.71799641,0.641001795,0.6457817109098862,0
0.7184964075,0.64075179625,0.6454719450131261,0
0.7189964050000001,0.6405017975,0.6451622476385792,0
0.7194964025,0.64025179875,0.6448526186927654,0
0.7199964000000001,0.6400018,0.6445430580821082,0
0.7204963975,0.63975180125,0.6442335657145684,0
0.720996395,0.6395018025,0.6439241414948484,0
0.7214963925000001,0.6392518037499999,0.6436147853315825,0
0.72199639,0.6390018049999999,0.6433054971331836,0
0.7224963875,0.6387518062499999,0.6429962768078368,0
0.7229963850000001,0.6385018075,0.642687124263493,0
0.7234963825,0.63825180875,0.6423780394078634,0
0.72399638,0.63800181,0.642069022149677,0
0.7244963775000001,0.63775181125,0.6417600723959173,0
0.724996375,0.6375018125,0.6414511900549643,0
0.7254963725,0.6372518137500001,0.6411423750366374,0
0.7259963700000001,0.637001815,0.6408336272505287,0
0.7264963675,0.63675181625,0.6405249466059972,0
0.7269963650000001,0.6365018174999999,0.6402163330121615,0
0.7274963625,0.6362518187499999,0.6399077863778952,0
0.72799636,0.6360018199999999,0.6395993066140604,0
0.7284963575000001,0.63575182125,0.639290893627613,0
0.728996355,0.6355018225,0.638982547329753,0
0.7294963525,0.63525182375,0.6386742676314562,0
0.7299963500000001,0.635001825,0.6383660544434656,0
0.7304963475,0.63475182625,0.6380579076762851,0
0.730996345,0.6345018275000001,0.6377498272401736,0
0.7314963425000001,0.63425182875,0.6374418130462879,0
0.73199634,0.63400183,0.637133865004329,0
0.7324963375,0.63375183125,0.6368259830249745,0
0.732996335,0.6335018324999999,0.6365181670205621,0
0.7334963325,0.6332518337499999,0.6362104169031962,0
0.7339963300000001,0.633001835,0.635902732584743,0
0.7344963275,0.63275183625,0.6355951139768242,0
0.734996325,0.6325018375,0.6352875609908105,0
0.7354963225000001,0.63225183875,0.6349800735399398,0
0.73599632,0.63200184,0.6346726515337622,0
0.7364963175,0.6317518412500001,0.634365294885798,0
0.7369963150000001,0.6315018425,0.634058003509491,0
0.7374963125,0.63125184375,0.6337507773180484,0
0.73799631,0.631001845,0.6334436162244321,0
0.7384963075000001,0.6307518462499999,0.6331365201413549,0
0.738996305,0.6305018474999999,0.6328294889823074,0
0.7394963025000001,0.63025184875,0.6325225226596253,0
0.7399963,0.63000185,0.6322156210861836,0
0.7404962975,0.62975185125,0.6319087841767445,0
0.7409962950000001,0.6295018525,0.6316020118458333,0
0.7414962925,0.62925185375,0.6312953040077324,0
0.74199629,0.629001855,0.6309886605764741,0
0.7424962875000001,0.62875185625,0.6306820814658362,0
0.742996285,0.6285018575,0.6303755665913444,0
0.7434962825,0.62825185875,0.6300691158650567,0
0.7439962800000001,0.6280018599999999,0.6297627292027181,0
0.7444962775,0.6277518612499999,0.629456406520152,0
0.744996275,0.6275018625,0.629150147732939,0
0.7454962725000001,0.62725186375,0.6288439527564114,0
0.74599627,0.627001865,0.6285378215056473,0
0.7464962675000001,0.62675186625,0.6282317538963805,0
0.746996265,0.6265018675,0.6279257498435077,0
0.7474962625,0.62625186875,0.6276198092620029,0
0.7479962600000001,0.62600187,0.6273139320689667,0
0.7484962575,0.62575187125,0.6270081181812583,0
0.748996255,0.6255018725,0.6267023675154894,0
0.7494962525000001,0.6252518737499999,0.6263966799880178,0
0.74999625,0.6250018749999999,0.6260910555149428,0
0.7504962475,0.62475187625,0.6257854940139939,0
0.7509962450000001,0.6245018775,0.6254799953996575,0
0.7514962425,0.62425187875,0.6251745595898133,0
0.75199624,0.62400188,0.6248691865025785,0
0.7524962375,0.62375188125,0.6245638760558242,0
0.752996235,0.6235018825,0.6242586281671695,0
0.7534962325000001,0.62325188375,0.6239534427539741,0
0.75399623,0.623001885,0.62364831973413,0
0.7544962275,0.62275188625,0.6233432590250252,0
0.7549962250000001,0.6225018874999999,0.623038260543641,0
0.7554962225,0.6222518887499999,0.6227333242093341,0
0.75599622,0.62200189,0.622428449941216,0
0.7564962175000001,0.62175189125,0.6221236376581465,0
0.756996215,0.6215018925,0.6218188872787282,0
0.7574962125,0.62125189375,0.6215141987213003,0
0.7579962100000001,0.621001895,0.6212095719057181,0
0.7584962075,0.62075189625,0.6209050067488224,0
0.7589962050000001,0.6205018975,0.6206005031705407,0
0.7594962025,0.62025189875,0.6202960610912054,0
0.7599962,0.6200019,0.619991680430899,0
0.7604961975000001,0.6197519012499999,0.6196873611094477,0
0.760996195,0.6195019024999999,0.6193831030464155,0
0.7614961925,0.6192519037499999,0.6190789061617709,0
0.7619961900000001,0.619001905,0.6187747703753299,0
0.7624961875,0.61875190625,0.6184706956059933,0
0.762996185,0.6185019075,0.6181666817752969,0
0.7634961825000001,0.61825190875,0.6178627288045271,0
0.76399618,0.61800191,0.6175588366147156,0
0.7644961775,0.6177519112500001,0.6172550051266331,0
0.7649961750000001,0.6175019125,0.6169512342607834,0
0.7654961725,0.61725191375,0.6166475239390723,0
0.7659961700000001,0.6170019149999999,0.6163438740806273,0
0.7664961675,0.6167519162499999,0.6160402846073414,0
0.766996165,0.6165019174999999,0.6157367554416874,0
0.7674961625000001,0.61625191875,0.6154332865058846,0
0.76799616,0.61600192,0.6151298777218926,0
0.7684961575,0.61575192125,0.6148265290114053,0
0.7689961550000001,0.6155019225,0.6145232402963915,0
0.7694961525,0.61525192375,0.6142200114990366,0
0.76999615,0.6150019250000001,0.6139168425400774,0
0.7704961475000001,0.61475192625,0.6136137333431557,0
0.770996145,0.6145019275,0.6133106838316611,0
0.7714961425000001,0.6142519287499999,0.6130076939287248,0
0.77199614,0.6140019299999999,0.6127047635572137,0
0.7724961375,0.6137519312499999,0.6124018926397249,0
0.7729961350000001,0.6135019325,0.6120990811001442,0
0.7734961325,0.61325193375,0.6117963288598224,0
0.77399613,0.613001935,0.61149363584254,0
0.7744961275000001,0.61275193625,0.6111910019728399,0
0.774996125,0.6125019375,0.6108884271750085,0
0.7754961225,0.6122519387500001,0.6105859113730685,0
0.7759961200000001,0.61200194,0.6102834544907746,0
0.7764961175,0.61175194125,0.6099810564520227,0
0.776996115,0.6115019425,0.6096787171813149,0
0.7774961125000001,0.6112519437499999,0.6093764366011437,0
0.77799611,0.6110019449999999,0.609074214637189,0
0.7784961075000001,0.61075194625,0.6087720512148752,0
0.778996105,0.6105019475,0.6084699462593653,0
0.7794961025,0.61025194875,0.6081678996955552,0
0.7799961000000001,0.61000195,0.6078659114480673,0
0.7804960975,0.60975195125,0.6075639814427014,0
0.780996095,0.6095019525,0.6072621096029726,0
0.7814960925000001,0.60925195375,0.6069602958544755,0
0.78199609,0.609001955,0.6066585401237569,0
0.7824960875,0.60875195625,0.6063568423371034,0
0.7829960850000001,0.6085019574999999,0.6060552024205362,0
0.7834960825,0.6082519587499999,0.6057536202998052,0
0.7839960800000001,0.60800196,0.6054520959006641,0
0.7844960775,0.60775196125,0.6051506291498829,0
0.784996075,0.6075019625,0.6048492199716348,0
0.7854960725000001,0.60725196375,0.604547868293573,0
0.78599607,0.607001965,0.6042465740430927,0
0.7864960675,0.60675196625,0.6039453371473247,0
0.7869960650000001,0.6065019675,0.6036441575331302,0
0.7874960625,0.60625196875,0.6033430351270945,0
0.78799606,0.60600197,0.6030419698568672,0
0.7884960575000001,0.6057519712499999,0.6027409616480749,0
0.788996055,0.6055019724999999,0.6024400104280557,0
0.7894960525,0.60525197375,0.6021391161252978,0
0.7899960500000001,0.605001975,0.6018382786680264,0
0.7904960475,0.60475197625,0.6015374979841991,0
0.7909960450000001,0.6045019775,0.6012367740014993,0
0.7914960425,0.60425197875,0.6009361066474735,0
0.79199604,0.60400198,0.6006354958511154,0
0.7924960375000001,0.60375198125,0.6003349415382065,0
0.792996035,0.6035019825,0.6000344436383133,0
0.7934960325,0.60325198375,0.5997340020807408,0
0.7939960300000001,0.6030019849999999,0.5994336167945283,0
0.7944960275,0.6027519862499999,0.5991332877084423,0
0.794996025,0.6025019875,0.5988330147509716,0
0.7954960225000001,0.60225198875,0.5985327978515552,0
0.79599602,0.60200199,0.5982326369378832,0
0.7964960175,0.60175199125,0.5979325319389694,0
0.7969960150000001,0.6015019925,0.597632482785185,0
0.7974960125,0.60125199375,0.5973324894066357,0
0.7979960100000001,0.601001995,0.5970325517331574,0
0.7984960075,0.60075199625,0.5967326696943095,0
0.798996005,0.6005019975,0.5964328432193693,0
0.7994960025000001,0.6002519987499999,0.5961330722395124,0
0.799996,0.6000019999999999,0.5958333566820624,0
0.8004959975,0.5997520012499999,0.5955336964784406,0
0.8009959950000001,0.5995020025,0.5952340915598062,0
0.8014959925,0.59925200375,0.5949345418570499,0
0.80199599,0.599002005,0.5946350473007879,0
0.8024959875000001,0.59875200625,0.5943356078213559,0
0.802995985,0.5985020075,0.5940362233499268,0
0.8034959825000001,0.59825200875,0.5937368938162078,0
0.80399598,0.59800201,0.5934376191508262,0
0.8044959775,0.59775201125,0.5931383992859802,0
0.8049959750000001,0.5975020124999999,0.5928392341536018,0
0.8054959725,0.5972520137499999,0.5925401236853507,0
0.80599597,0.5970020149999999,0.5922410678126073,0
0.8064959675000001,0.59675201625,0.5919420664664691,0
0.806995965,0.5965020175,0.5916431195798141,0
0.8074959625,0.59625201875,0.5913442270818858,0
0.8079959600000001,0.59600202,0.5910453889057596,0
0.8084959575,0.59575202125,0.5907466049843956,0
0.808995955,0.5955020225000001,0.5904478752504824,0
0.8094959525000001,0.59525202375,0.5901491996364331,0
0.80999595,0.595002025,0.5898505780743787,0
0.8104959475000001,0.5947520262499999,0.5895520104971712,0
0.810995945,0.5945020274999999,0.5892534968364954,0
0.8114959425,0.5942520287499999,0.5889550370245302,0
0.8119959400000001,0.59400203,0.5886566309952505,0
0.8124959375,0.59375203125,0.5883582786823621,0
0.812995935,0.5935020325,0.5880599800192968,0
0.8134959325000001,0.59325203375,0.5877617349392064,0
0.81399593,0.593002035,0.5874635433749571,0
0.8144959275,0.5927520362500001,0.5871654052610812,0
0.8149959250000001,0.5925020375,0.586867320528696,0
0.8154959225,0.59225203875,0.5865692891124756,0
0.81599592,0.59200204,0.5862713109471303,0
0.8164959175000001,0.5917520412499999,0.5859733859670975,0
0.816995915,0.5915020424999999,0.5856755141065381,0
0.8174959125000001,0.59125204375,0.5853776952993279,0
0.81799591,0.591002045,0.5850799294799479,0
0.8184959075,0.59075204625,0.5847822165820235,0
0.8189959050000001,0.5905020475,0.5844845565392276,0
0.8194959025,0.59025204875,0.5841869492872628,0
0.8199959,0.5900020500000001,0.5838893947615607,0
0.8204958975000001,0.58975205125,0.5835918928972774,0
0.820995895,0.5895020525,0.5832944436292877,0
0.8214958925,0.58925205375,0.5829970468921791,0
0.8219958900000001,0.5890020549999999,0.5826997026220925,0
0.8224958875,0.5887520562499999,0.5824024107519776,0
0.8229958850000001,0.5885020575,0.5821051712180532,0
0.8234958825,0.58825205875,0.581807983956733,0
0.82399588,0.58800206,0.5815108489041576,0
0.8244958775000001,0.58775206125,0.5812137659961876,0
0.824995875,0.5875020625,0.5809167351683988,0
0.8254958725,0.58725206375,0.580619756356852,0
0.8259958700000001,0.587002065,0.5803228294970803,0
0.8264958675,0.58675206625,0.5800259545241958,0
0.826995865,0.5865020675,0.5797291313755828,0
0.8274958625000001,0.5862520687499999,0.5794323599883539,0
0.82799586,0.5860020699999999,0.5791356402993442,0
0.8284958575,0.58575207125,0.5788389722451063,0
0.8289958550000001,0.5855020725,0.5785423557619043,0
0.8294958525,0.58525207375,0.5782457907874451,0
0.8299958500000001,0.585002075,0.5779492772564714,0
0.8304958475,0.58475207625,0.5776528151066973,0
0.830995845,0.5845020775,0.5773564042761964,0
0.8314958425000001,0.58425207875,0.5770600447027667,0
0.83199584,0.58400208,0.5767637363239264,0
0.8324958375,0.58375208125,0.5764674790769073,0
0.8329958350000001,0.5835020824999999,0.5761712728993045,0
0.8334958325,0.5832520837499999,0.5758751177285291,0
0.83399583,0.583002085,0.5755790135010799,0
0.8344958275000001,0.58275208625,0.5752829601559805,0
0.834995825,0.5825020875,0.574986957631981,0
0.8354958225000001,0.58225208875,0.574691005867554,0
0.8359958200000001,0.58200209,0.5743951048008874,0
0.8364958175,0.58175209125,0.5740992543698803,0
0.8369958150000001,0.5815020925,0.5738034545137646,0
0.8374958125,0.58125209375,0.5735077051690415,0
0.83799581,0.581002095,0.573212006274872,0
0.8384958075000001,0.5807520962499999,0.5729163577709477,0
0.838995805,0.5805020974999999,0.5726207595966843,0
0.8394958025,0.58025209875,0.572325211691216,0
0.8399958000000001,0.5800021,0.5720297139933896,0
0.8404957975,0.57975210125,0.5717342664422916,0
0.840995795,0.5795021025,0.5714388689771841,0
0.8414957925000001,0.57925210375,0.5711435215359034,0
0.84199579,0.579002105,0.5708482240590714,0
0.8424957875000001,0.57875210625,0.5705529764870368,0
0.842995785,0.5785021075,0.570257778759869,0
0.8434957825,0.57825210875,0.5699626308173527,0
0.8439957800000001,0.5780021099999999,0.5696675325989817,0
0.8444957775,0.5777521112499999,0.569372484045475,0
0.844995775,0.5775021124999999,0.5690774850950605,0
0.8454957725000001,0.57725211375,0.5687825356883004,0
0.84599577,0.577002115,0.568487635766466,0
0.8464957675,0.57675211625,0.5681927852705517,0
0.8469957650000001,0.5765021175,0.5678979841412691,0
0.8474957625,0.57625211875,0.5676032323190425,0
0.8479957600000001,0.57600212,0.5673085297444082,0
0.8484957575000001,0.57575212125,0.5670138763584562,0
0.848995755,0.5755021225,0.5667192721003124,0
0.8494957525000001,0.5752521237499999,0.5664247169121598,0
0.84999575,0.5750021249999999,0.566130210735908,0
0.8504957475,0.5747521262499999,0.5658357535131858,0
0.8509957450000001,0.5745021275,0.5655413451853375,0
0.8514957425,0.57425212875,0.5652469856934159,0
0.85199574,0.57400213,0.5649526749795896,0
0.8524957375000001,0.57375213125,0.5646584129837848,0
0.852995735,0.5735021325,0.5643641996479221,0
0.8534957325,0.5732521337500001,0.5640700349148157,0
0.8539957300000001,0.573002135,0.5637759187270023,0
0.8544957275,0.57275213625,0.5634818510267359,0
0.8549957250000001,0.5725021374999999,0.5631878317559816,0
0.8554957225,0.5722521387499999,0.5628938608564925,0
0.85599572,0.5720021399999999,0.5625999382705988,0
0.8564957175000001,0.57175214125,0.562306063940617,0
0.856995715,0.5715021425,0.562012237809674,0
0.8574957125,0.57125214375,0.5617184598206142,0
0.8579957100000001,0.571002145,0.5614247299161007,0
0.8584957075,0.57075214625,0.5611310480388355,0
0.858995705,0.5705021475000001,0.5608374141315164,0
0.8594957025000001,0.57025214875,0.5605438281377492,0
0.8599957,0.57000215,0.5602502900008554,0
0.8604956975,0.56975215125,0.5599567996640048,0
0.8609956950000001,0.5695021524999999,0.5596633570703335,0
0.8614956925,0.5692521537499999,0.5593699621631159,0
0.8619956900000001,0.569002155,0.5590766148864319,0
0.8624956875,0.56875215625,0.5587833151840779,0
0.862995685,0.5685021575,0.5584900629998484,0
0.8634956825000001,0.56825215875,0.5581968582772541,0
0.86399568,0.56800216,0.557903700959726,0
0.8644956775,0.56775216125,0.5576105909920487,0
0.8649956750000001,0.5675021625,0.5573175283187256,0
0.8654956725,0.56725216375,0.5570245128839733,0
0.86599567,0.567002165,0.5567315446320326,0
0.8664956675000001,0.5667521662499999,0.5564386235069939,0
0.866995665,0.5665021674999999,0.5561457494529762,0
0.8674956625000001,0.56625216875,0.5558529224153381,0
0.8679956600000001,0.56600217,0.5555601423391563,0
0.8684956575,0.56575217125,0.5552674091692206,0
0.8689956550000001,0.5655021725,0.5549747228503658,0
0.8694956525,0.56525217375,0.5546820833272204,0
0.86999565,0.565002175,0.5543894905445333,0
0.8704956475000001,0.56475217625,0.5540969444482324,0
0.870995645,0.5645021775,0.5538044449839633,0
0.8714956425,0.56425217875,0.5535119920970845,0
0.8719956400000001,0.5640021799999999,0.5532195857330193,0
0.8724956375,0.5637521812499999,0.5529272258369311,0
0.872995635,0.5635021825,0.5526349123541935,0
0.8734956325000001,0.56325218375,0.5523426452312982,0
0.87399563,0.563002185,0.5520504244144555,0
0.8744956275000001,0.56275218625,0.5517582498495875,0
0.874995625,0.5625021875,0.5514661214827021,0
0.8754956225,0.56225218875,0.5511740392594939,0
0.8759956200000001,0.56200219,0.5508820031259551,0
0.8764956175,0.56175219125,0.5505900130291377,0
0.876995615,0.5615021925,0.5502980689158112,0
0.8774956125000001,0.5612521937499999,0.5500061707324577,0
0.87799561,0.5610021949999999,0.5497143184259592,0
0.8784956075,0.56075219625,0.5494225119422999,0
0.8789956050000001,0.5605021975,0.5491307512274813,0
0.8794956025,0.56025219875,0.548839036229388,0
0.8799956,0.5600022,0.5485473668956257,0
0.8804955975000001,0.55975220125,0.5482557431735161,0
0.880995595,0.5595022025,0.5479641650100914,0
0.8814955925000001,0.55925220375,0.5476726323523716,0
0.88199559,0.559002205,0.5473811451480313,0
0.8824955875,0.55875220625,0.5470897033428634,0
0.8829955850000001,0.5585022074999999,0.546798306885483,0
0.8834955825,0.5582522087499999,0.5465069557242276,0
0.88399558,0.5580022099999999,0.5462156498071513,0
0.8844955775000001,0.55775221125,0.5459243890820201,0
0.884995575,0.5575022125,0.5456331734963069,0
0.8854955725,0.55725221375,0.5453420029988714,0
0.8859955700000001,0.557002215,0.5450508775356963,0
0.8864955675,0.55675221625,0.5447597970559012,0
0.8869955650000001,0.5565022175,0.5444687615085483,0
0.8874955625000001,0.55625221875,0.5441777708424193,0
0.88799556,0.55600222,0.5438868250060072,0
0.8884955575000001,0.5557522212499999,0.5435959239475135,0
0.888995555,0.5555022224999999,0.5433050676161587,0
0.8894955525,0.5552522237499999,0.5430142559590316,0
0.8899955500000001,0.555002225,0.5427234889253681,0
0.8904955475,0.55475222625,0.5424327664649502,0
0.890995545,0.5545022275,0.5421420885272794,0
0.8914955425000001,0.55425222875,0.541851455061571,0
0.89199554,0.55400223,0.5415608660167492,0
0.8924955375,0.5537522312500001,0.5412703213423893,0
0.8929955350000001,0.5535022325,0.54097982098681,0
0.8934955325,0.55325223375,0.5406893648992318,0
0.8939955300000001,0.5530022349999999,0.5403989530301505,0
0.8944955275,0.5527522362499999,0.5401085853297821,0
0.894995525,0.5525022374999999,0.539818261748058,0
0.8954955225000001,0.55225223875,0.5395279822346191,0
0.89599552,0.55200224,0.5392377467393631,0
0.8964955175,0.55175224125,0.538947555212016,0
0.8969955150000001,0.5515022425,0.5386574076016256,0
0.8974955125,0.55125224375,0.5383673038593951,0
0.89799551,0.5510022450000001,0.5380772439362499,0
0.8984955075000001,0.55075224625,0.537787227782831,0
0.898995505,0.5505022475,0.5374972553494912,0
0.8994955025000001,0.5502522487499999,0.5372073265863903,0
0.8999955000000001,0.5500022499999999,0.5369174414448933,0
0.9004954975,0.5497522512499999,0.5366275998736907,0
0.9009954950000001,0.5495022525,0.5363378018246885,0
0.9014954925,0.54925225375,0.5360480472495149,0
0.90199549,0.549002255,0.5357583360995162,0
0.9024954875000001,0.54875225625,0.5354686683257508,0
0.902995485,0.5485022575,0.5351790438789845,0
0.9034954825,0.54825225875,0.5348894627112141,0
0.9039954800000001,0.54800226,0.5345999247718551,0
0.9044954775,0.54775226125,0.5343104300130798,0
0.904995475,0.5475022625,0.5340209783872146,0
0.9054954725000001,0.5472522637499999,0.5337315698463051,0
0.90599547,0.5470022649999999,0.5334422043421103,0
0.9064954675000001,0.54675226625,0.5331528818260978,0
0.9069954650000001,0.5465022675,0.532863602250605,0
0.9074954625,0.54625226875,0.5325743655661656,0
0.9079954600000001,0.54600227,0.5322851717250036,0
0.9084954575,0.54575227125,0.5319960206801384,0
0.908995455,0.5455022725,0.5317069123843096,0
0.9094954525000001,0.54525227375,0.5314178467899716,0
0.90999545,0.545002275,0.531128823849289,0
0.9104954475,0.54475227625,0.5308398435144424,0
0.9109954450000001,0.5445022774999999,0.5305509057377794,0
0.9114954425,0.5442522787499999,0.530262010472158,0
0.9119954400000001,0.54400228,0.5299731576708193,0
0.9124954375000001,0.54375228125,0.5296843472867198,0
0.912995435,0.5435022825,0.5293955792727316,0
0.9134954325000001,0.54325228375,0.5291068535815563,0
0.91399543,0.543002285,0.5288181701662522,0
0.9144954275,0.54275228625,0.528529528980532,0
0.9149954250000001,0.5425022875,0.5282409299778235,0
0.9154954225,0.54225228875,0.5279523731114047,0
0.91599542,0.54200229,0.5276638583345359,0
0.9164954175000001,0.5417522912499999,0.5273753856005288,0
0.916995415,0.5415022924999999,0.527086954863565,0
0.9174954125,0.54125229375,0.5267985660775422,0
0.9179954100000001,0.541002295,0.5265102191962188,0
0.9184954075,0.54075229625,0.5262219141737764,0
0.9189954050000001,0.5405022975,0.5259336509626736,0
0.9194954025000001,0.54025229875,0.5256454295179102,0
0.9199954,0.5400023,0.525357249794207,0
0.9204953975000001,0.53975230125,0.5250691117460022,0
0.920995395,0.5395023025,0.524781015327446,0
0.9214953925,0.53925230375,0.5244929604929957,0
0.9219953900000001,0.5390023049999999,0.5242049471964904,0
0.9224953875,0.5387523062499999,0.5239169753921227,0
0.922995385,0.5385023074999999,0.523629045035383,0
0.9234953825000001,0.53825230875,0.5233411560814819,0
0.92399538,0.53800231,0.5230533084853464,0
0.9244953775,0.53775231125,0.522765502201613,0
0.9249953750000001,0.5375023125,0.5224777371856152,0
0.9254953725,0.53725231375,0.522190013391163,0
0.9259953700000001,0.537002315,0.5219023307737879,0
0.9264953675,0.53675231625,0.521614689289467,0
0.926995365,0.5365023175,0.521327088893897,0
0.9274953625000001,0.5362523187499999,0.5210395295424889,0
0.92799536,0.5360023199999999,0.5207520111903631,0
0.9284953575,0.5357523212499999,0.520464533793726,0
0.9289953550000001,0.5355023225,0.5201770973065636,0
0.9294953525,0.53525232375,0.519889701685532,0
0.92999535,0.535002325,0.5196023468870917,0
0.9304953475000001,0.53475232625,0.5193150328674214,0
0.930995345,0.5345023275,0.519027759582413,0
0.9314953425000001,0.53425232875,0.5187405269880784,0
0.9319953400000001,0.53400233,0.5184533350403205,0
0.9324953375,0.53375233125,0.5181661836946184,0
0.9329953350000001,0.5335023324999999,0.5178790729081896,0
0.9334953325,0.5332523337499999,0.5175920026379739,0
0.93399533,0.5330023349999999,0.5173049728406285,0
0.9344953275000001,0.53275233625,0.5170179834725227,0
0.934995325,0.5325023375,0.5167310344905501,0
0.9354953225,0.53225233875,0.5164441258504491,0
0.9359953200000001,0.53200234,0.5161572575091321,0
0.9364953175,0.53175234125,0.5158704294242941,0
0.936995315,0.5315023425000001,0.5155836415533509,0
0.9374953125000001,0.53125234375,0.5152968938534347,0
0.93799531,0.531002345,0.5150101862813887,0
0.9384953075000001,0.5307523462499999,0.5147235187949589,0
0.9389953050000001,0.5305023474999999,0.5144368913499772,0
0.9394953025,0.5302523487499999,0.5141503039045504,0
0.9399953000000001,0.53000235,0.5138637564168466,0
0.9404952975,0.52975235125,0.5135772488447551,0
0.940995295,0.5295023525,0.5132907811458796,0
0.9414952925000001,0.52925235375,0.5130043532779022,0
0.94199529,0.529002355,0.5127179651992775,0
0.9424952875,0.52875235625,0.5124316168652949,0
0.9429952850000001,0.5285023575,0.5121453082351689,0
0.9434952825,0.52825235875,0.5118590392678427,0
0.94399528,0.52800236,0.511572809921983,0
0.9444952775000001,0.5277523612499999,0.5112866201559746,0
0.944995275,0.5275023624999999,0.5110004699279164,0
0.9454952725000001,0.52725236375,0.510714359195623,0
0.94599527,0.527002365,0.5104282879191242,0
0.9464952675,0.52675236625,0.5101422560537539,0
0.9469952650000001,0.5265023675,0.5098562635594197,0
0.9474952625,0.52625236875,0.5095703103957596,0
0.94799526,0.52600237,0.5092843965221358,0
0.9484952575000001,0.52575237125,0.5089985218976301,0
0.948995255,0.5255023725,0.508712686481039,0
0.9494952525,0.52525237375,0.5084268902308682,0
0.9499952500000001,0.5250023749999999,0.5081411331075908,0
0.9504952475,0.5247523762499999,0.5078554150675395,0
0.9509952450000001,0.5245023775,0.5075697360709269,0
0.9514952425000001,0.52425237875,0.5072840960780808,0
0.95199524,0.52400238,0.5069984950490545,0
0.9524952375000001,0.52375238125,0.5067129329436224,0
0.952995235,0.5235023825,0.5064274097212748,0
0.9534952325,0.52325238375,0.5061419253412118,0
0.9539952300000001,0.523002385,0.5058564797643267,0
0.9544952275,0.52275238625,0.5055710729480035,0
0.954995225,0.5225023875,0.5052857048527121,0
0.9554952225000001,0.5222523887499999,0.5050003754394659,0
0.95599522,0.5220023899999999,0.5047150846690055,0
0.9564952175,0.52175239125,0.5044298325017936,0
0.9569952150000001,0.5215023925,0.5041446188980095,0
0.9574952125,0.52125239375,0.5038594438175449,0
0.9579952100000001,0.521002395,0.503574307221709,0
0.9584952075000001,0.52075239625,0.5032892090689738,0
0.958995205,0.5205023975,0.5030041493200235,0
0.9594952025000001,0.52025239875,0.5027191279365535,0
0.9599952,0.5200024,0.5024341448799874,0
0.9604951975,0.51975240125,0.5021492001114718,0
0.9609951950000001,0.5195024024999999,0.5018642935918717,0
0.9614951925,0.5192524037499999,0.5015794252817654,0
0.96199519,0.5190024049999999,0.5012945951428711,0
0.9624951875000001,0.51875240625,0.5010098031347935,0
0.962995185,0.5185024075,0.5007250492183851,0
0.9634951825000001,0.51825240875,0.5004403333560188,0
0.9639951800000001,0.51800241,0.5001556555097972,0
0.9644951775,0.51775241125,0.4998710156415474,0
0.9649951750000001,0.5175024125,0.4995864137128158,0
0.9654951725,0.51725241375,0.4993018496848633,0
0.96599517,0.517002415,0.4990173235198052,0
0.9664951675000001,0.5167524162499999,0.4987328351784332,0
0.966995165,0.5165024174999999,0.49844838462171714,0
0.9674951625,0.5162524187499999,0.49816397181270383,0
0.9679951600000001,0.51600242,0.4978795967141708,0
0.9684951575,0.51575242125,0.49759525928862164,0
0.968995155,0.5155024225,0.4973109594982807,0
0.9694951525000001,0.51525242375,0.49702669730508797,0
0.96999515,0.515002425,0.4967424726715383,0
0.9704951475000001,0.51475242625,0.49645828555967475,0
0.9709951450000001,0.5145024275,0.4961741359305291,0
0.9714951425,0.51425242875,0.49589002374781815,0
0.9719951400000001,0.5140024299999999,0.49560594897499105,0
0.9724951375,0.5137524312499999,0.49532191157522426,0
0.972995135,0.5135024324999999,0.4950379115114162,0
0.9734951325000001,0.51325243375,0.4947539487461824,0
0.97399513,0.513002435,0.49447002324237604,0
0.9744951275,0.51275243625,0.49418613496336367,0
0.9749951250000001,0.5125024375,0.49390228387018015,0
0.9754951225,0.51225243875,0.4936184699272089,0
0.9759951200000001,0.51200244,0.4933346930985671,0
0.9764951175000001,0.51175244125,0.49305095334810023,0
0.976995115,0.5115024425,0.49276725063937743,0
0.9774951125000001,0.5112524437499999,0.49248358493568634,0
0.9779951100000001,0.5110024449999999,0.4921999562002127,0
0.9784951075,0.5107524462499999,0.49191636439772773,0
0.9789951050000001,0.5105024475,0.49163280948920646,0
0.9794951025,0.51025244875,0.49134929143969547,0
0.9799951,0.51000245,0.4910658102139762,0
0.9804950975000001,0.50975245125,0.4907823657765602,0
0.980995095,0.5095024525,0.49049895809168376,0
0.9814950925,0.5092524537500001,0.4902155871233034,0
0.9819950900000001,0.509002455,0.48993225283509007,0
0.9824950875,0.50875245625,0.4896489551927604,0
0.9829950850000001,0.5085024574999999,0.4893656941577119,0
0.9834950825000001,0.5082524587499999,0.48908246969546804,0
0.98399508,0.5080024599999999,0.48879928177147114,0
0.9844950775000001,0.50775246125,0.4885161303508954,0
0.984995075,0.5075024625,0.48823301539864117,0
0.9854950725,0.50725246375,0.48794993687933014,0
0.9859950700000001,0.507002465,0.4876668947573004,0
0.9864950675,0.50675246625,0.4873838889986652,0
0.986995065,0.5065024675,0.48710091956582025,0
0.9874950625000001,0.50625246875,0.48681798642454716,0
0.98799506,0.50600247,0.48653508954094654,0
0.9884950575,0.50575247125,0.48625222888085157,0
0.9889950550000001,0.5055024724999999,0.4859694044098234,0
0.9894950525,0.5052524737499999,0.4856866160931462,0
0.9899950500000001,0.505002475,0.4854038638958216,0
0.9904950475000001,0.50475247625,0.4851211477843596,0
0.990995045,0.5045024775,0.4848384677221863,0
0.9914950425000001,0.50425247875,0.48455582367530303,0
0.99199504,0.50400248,0.48427321561046516,0
0.9924950375,0.50375248125,0.48399064349416215,0
0.9929950350000001,0.5035024825,0.4837081072926128,0
0.9934950325,0.50325248375,0.4834256069717605,0
0.99399503,0.503002485,0.48314314249726786,0
0.9944950275000001,0.5027524862499999,0.48286071383603707,0
0.994995025,0.5025024874999999,0.48257832095256487,0
0.9954950225000001,0.50225248875,0.4822959638130303,0
0.9959950200000001,0.50200249,0.4820136423848405,0
0.9964950175,0.50175249125,0.4817313566351381,0
0.9969950150000001,0.5015024925,0.48144910653079676,0
0.9974950125000001,0.50125249375,0.48116689203841584,0
0.99799501,0.501002495,0.48088471312431597,0
0.9984950075000001,0.50075249625,0.4806025697557831,0
0.998995005,0.5005024975,0.48032046189843375,0
0.9994950025,0.50025249875,0.48003838951857863,0
0.9999950000000001,0.5000024999999999,0.47975635258427335,0
1.0004949975000001,0.4997525012499999,0.479474351063311,0
1.000994995,0.49950250249999995,0.47919238492321714,0
1.0014949925,0.49925250374999997,0.4789104541312444,0
1.00199499,0.499002505,0.47862855865436843,0
1.0024949875,0.49875250625,0.47834669846024613,0
1.002994985,0.4985025075,0.4780648735156712,0
1.0034949825000001,0.49825250874999993,0.47778308378703593,0
1.00399498,0.49800250999999995,0.47750132924304195,0
1.0044949775,0.49775251125,0.4772196098521298,0
1.004994975,0.4975025125,0.4769379255824739,0
1.0054949725,0.49725251375,0.4766562764019778,0
1.0059949700000002,0.4970025149999999,0.4763746622782691,0
1.0064949675000001,0.49675251624999994,0.47609308317935817,0
1.006994965,0.49650251749999996,0.47581153907328255,0
1.0074949625,0.49625251875,0.47553002992646215,0
1.00799496,0.49600252,0.4752485557082416,0
1.0084949575,0.49575252125,0.4749671163877061,0
1.0089949550000001,0.49550252249999993,0.47468571193367654,0
1.0094949525,0.49525252374999995,0.4744043423147046,0
1.00999495,0.49500252499999997,0.4741230074990672,0
1.0104949475,0.49475252625,0.47384170745510645,0
1.010994945,0.4945025275,0.47356044215217824,0
1.0114949425000002,0.4942525287499999,0.4732792115566722,0
1.0119949400000001,0.49400252999999994,0.47299801563857374,0
1.0124949375,0.49375253124999996,0.4727168543676101,0
1.012994935,0.4935025325,0.47243572771324593,0
1.0134949325,0.49325253375,0.47215463564467813,0
1.01399493,0.493002535,0.47187357813083086,0
1.0144949275000001,0.49275253624999993,0.47159255514035153,0
1.014994925,0.49250253749999995,0.4713115666439973,0
1.0154949225,0.49225253874999997,0.47103061260806667,0
1.01599492,0.49200254,0.47074969300318265,0
1.0164949175,0.49175254125,0.4704688077997122,0
1.016994915,0.49150254250000003,0.47018795696776117,0
1.0174949125000001,0.49125254374999994,0.46990714047716914,0
1.01799491,0.49100254499999996,0.4696263582975051,0
1.0184949075,0.49075254625,0.4693456103980617,0
1.018994905,0.4905025475,0.4690648967499785,0
1.0194949025,0.49025254875,0.46878421732050696,0
1.0199949000000001,0.4900025499999999,0.46850357208053584,0
1.0204948975,0.48975255124999995,0.4682229610010696,0
1.020994895,0.48950255249999997,0.4679423840528522,0
1.0214948925,0.48925255375,0.4676618412063642,0
1.02199489,0.489002555,0.46738133243181634,0
1.0224948875,0.48875255625,0.4671008576991453,0
1.0229948850000001,0.48850255749999993,0.4668204169798735,0
1.0234948825,0.48825255874999995,0.4665400102422353,0
1.02399488,0.48800256,0.4662596374573501,0
1.0244948775,0.48775256125,0.4659792985968568,0
1.024994875,0.4875025625,0.4656989936321359,0
1.0254948725000002,0.4872525637499999,0.46541872253430594,0
1.0259948700000001,0.48700256499999994,0.4651384852742175,0
1.0264948675,0.48675256624999996,0.46485828182244865,0
1.026994865,0.4865025675,0.4645781121509047,0
1.0274948625,0.48625256875,0.4642979762288366,0
1.02799486,0.48600257,0.46401787402755734,0
1.0284948575000001,0.48575257124999993,0.4637378055193376,0
1.028994855,0.48550257249999995,0.46345777067619265,0
1.0294948525,0.48525257374999997,0.4631777694698762,0
1.02999485,0.485002575,0.4628978018718765,0
1.0304948475,0.48475257625,0.46261786785341114,0
1.0309948450000002,0.4845025774999999,0.46233796738719396,0
1.0314948425000001,0.48425257874999994,0.4620581004430433,0
1.03199484,0.48400257999999996,0.4617782669920353,0
1.0324948375,0.48375258125,0.4614984670072321,0
1.032994835,0.4835025825,0.4612187004614446,0
1.0334948325,0.48325258375,0.46093896732722656,0
1.0339948300000001,0.48300258499999993,0.4606592675768703,0
1.0344948275,0.48275258624999995,0.4603796011824022,0
1.034994825,0.48250258749999997,0.4600999681155766,0
1.0354948225,0.48225258875,0.45982036834984397,0
1.03599482,0.48200259,0.45954080185549967,0
1.0364948175,0.48175259125000003,0.4592612686046079,0
1.0369948150000001,0.48150259249999994,0.4589817685708749,0
1.0374948125,0.48125259374999996,0.4587023017277567,0
1.03799481,0.481002595,0.458422868048453,0
1.0384948075,0.48075259625,0.4581434675059037,0
1.038994805,0.4805025975,0.45786410007278255,0
1.0394948025000001,0.4802525987499999,0.45758476572149365,0
1.0399948,0.48000259999999995,0.45730546442629594,0
1.0404947975,0.47975260124999997,0.4570261961578509,0
1.040994795,0.4795026025,0.45674696088916783,0
1.0414947925,0.47925260375,0.4564677585945954,0
1.04199479,0.479002605,0.4561885892482322,0
1.0424947875000001,0.47875260624999993,0.45590945282392226,0
1.042994785,0.47850260749999995,0.45563034929525054,0
1.0434947825,0.47825260875,0.45535127863553737,0
1.04399478,0.47800261,0.4550722408178343,0
1.0444947775,0.47775261125,0.4547932358172027,0
1.0449947750000002,0.4775026124999999,0.45451426360468544,0
1.0454947725000001,0.47725261374999994,0.4542353241542208,0
1.04599477,0.47700261499999996,0.4539564174407974,0
1.0464947675,0.47675261625,0.45367754343915484,0
1.046994765,0.4765026175,0.45339870212377975,0
1.0474947625,0.47625261875,0.45311989346889997,0
1.0479947600000001,0.47600261999999993,0.45284111744848066,0
1.0484947575,0.47575262124999995,0.45256237403621896,0
1.048994755,0.47550262249999997,0.45228366320797375,0
1.0494947525,0.47525262375,0.4520049849351838,0
1.04999475,0.475002625,0.4517263391927,0
1.0504947475000002,0.4747526262499999,0.45144772595614896,0
1.0509947450000001,0.47450262749999994,0.45116914520091006,0
1.0514947425,0.47425262874999996,0.45089059690211003,0
1.05199474,0.47400263,0.45061208103461864,0
1.0524947375,0.47375263125,0.4503335975730438,0
1.052994735,0.4735026325,0.45005514649172634,0
1.0534947325000001,0.47325263374999993,0.44977672776731853,0
1.05399473,0.47300263499999995,0.449498341371668,0
1.0544947275,0.47275263624999997,0.449219987280523,0
1.054994725,0.4725026375,0.44894166547014674,0
1.0554947225,0.47225263875,0.448663375916556,0
1.0559947200000002,0.4720026399999999,0.4483851185955164,0
1.0564947175000001,0.47175264124999994,0.4481068934825379,0
1.056994715,0.47150264249999996,0.4478287005528694,0
1.0574947125,0.47125264375,0.4475505397814942,0
1.05799471,0.471002645,0.44727241114585414,0
1.0584947075,0.47075264625,0.4469943146182171,0
1.0589947050000001,0.4705026474999999,0.4467162501752145,0
1.0594947025,0.47025264874999995,0.4464382177937445,0
1.0599947,0.47000264999999997,0.4461602174504599,0
1.0604946975,0.46975265125,0.4458822491217636,0
1.060994695,0.4695026525,0.44560431278380375,0
1.0614946925,0.46925265375,0.44532640841246907,0
1.0619946900000001,0.46900265499999994,0.4450485359833836,0
1.0624946875,0.46875265624999995,0.4447706954747758,0
1.062994685,0.4685026575,0.4444928868593444,0
1.0634946825,0.46825265875,0.4442151101145906,0
1.06399468,0.46800266,0.4439373652180456,0
1.0644946775000002,0.4677526612499999,0.44365965214699665,0
1.0649946750000001,0.46750266249999994,0.4433819708784825,0
1.0654946725,0.46725266374999996,0.44310432138928824,0
1.06599467,0.467002665,0.44282670365594073,0
1.0664946675,0.46675266625,0.4425491176547036,0
1.066994665,0.4665026675,0.44227156336458884,0
1.0674946625000001,0.46625266874999993,0.441994040758736,0
1.06799466,0.46600266999999995,0.441716549815503,0
1.0684946575,0.46575267124999997,0.4414390905130528,0
1.068994655,0.4655026725,0.44116166282930575,0
1.0694946525,0.46525267375,0.44088426674193454,0
1.0699946500000002,0.4650026749999999,0.4406069022283599,0
1.0704946475000001,0.46475267624999994,0.4403295692657456,0
1.070994645,0.46450267749999996,0.4400522678311664,0
1.0714946425,0.46425267875,0.43977499790389785,0
1.07199464,0.46400268,0.43949775945804637,0
1.0724946375,0.46375268125,0.43922055247264213,0
1.0729946350000001,0.46350268249999993,0.43894337692647784,0
1.0734946325,0.46325268374999995,0.43866623279810607,0
1.07399463,0.46300268499999997,0.43838912006583225,0
1.0744946275,0.46275268625,0.4381120387077113,0
1.074994625,0.4625026875,0.43783498870154247,0
1.0754946225000002,0.4622526887499999,0.43755797002524266,0
1.0759946200000001,0.46200268999999994,0.4372809826582521,0
1.0764946175,0.46175269124999996,0.4370040265757497,0
1.076994615,0.4615026925,0.43672710175739304,0
1.0774946125,0.46125269375,0.4364502081826044,0
1.07799461,0.461002695,0.43617334583056594,0
1.0784946075000001,0.4607526962499999,0.4358965146802149,0
1.078994605,0.46050269749999995,0.43561971471023947,0
1.0794946025,0.46025269874999997,0.4353429458990732,0
1.0799946,0.4600027,0.4350662082254645,0
1.0804945975,0.45975270125,0.43478950166904545,0
1.080994595,0.4595027025,0.4345128262060456,0
1.0814945925000001,0.45925270374999994,0.43423618181674856,0
1.08199459,0.45900270499999996,0.4339595684812047,0
1.0824945875,0.45875270625,0.43368298617922496,0
1.082994585,0.4585027075,0.4334064348903775,0
1.0834945825,0.45825270875,0.4331299145939817,0
1.0839945800000002,0.4580027099999999,0.43285342526910436,0
1.0844945775000001,0.45775271124999994,0.432576966895316,0
1.084994575,0.45750271249999996,0.4323005394524669,0
1.0854945725,0.45725271375,0.43202414291781516,0
1.08599457,0.457002715,0.4317477772722701,0
1.0864945675,0.45675271625,0.43147144249650826,0
1.0869945650000001,0.45650271749999993,0.43119513857096864,0
1.0874945625,0.45625271874999995,0.4309188654758485,0
1.08799456,0.45600272,0.43064262319109825,0
1.0884945575,0.45575272125,0.43036641169641676,0
1.088994555,0.4555027225,0.4300902309721867,0
1.0894945525000002,0.4552527237499999,0.42981408099850144,0
1.0899945500000001,0.45500272499999994,0.4295379617536282,0
1.0904945475,0.45475272624999996,0.4292618732191,0
1.090994545,0.4545027275,0.4289858153762185,0
1.0914945425,0.45425272875,0.42870978820604994,0
1.09199454,0.45400273,0.4284337916894196,0
1.0924945375000001,0.45375273124999993,0.4281578258069073,0
1.092994535,0.45350273249999995,0.42788189053884346,0
1.0934945325,0.45325273374999997,0.4276059858664143,0
1.09399453,0.453002735,0.4273301117699805,0
1.0944945275,0.45275273625,0.42705426822879766,0
1.0949945250000002,0.4525027374999999,0.4267784552250214,0
1.0954945225000001,0.45225273874999994,0.4265026727405783,0
1.09599452,0.45200273999999996,0.4262269207571602,0
1.0964945175,0.45175274125,0.4259511992562195,0
1.096994515,0.4515027425,0.42567550821896494,0
1.0974945125,0.45125274375,0.42539984762635663,0
1.0979945100000001,0.4510027449999999,0.4251242174603772,0
1.0984945075,0.45075274624999995,0.42484861770167637,0
1.098994505,0.45050274749999997,0.42457304833047954,0
1.0994945025,0.45025274875,0.42429750932956445,0
1.0999945,0.45000275,0.42402200068148077,0
1.1004944975,0.44975275125,0.42374652236854504,0
1.1009944950000001,0.44950275249999994,0.42347107437283604,0
1.1014944925,0.44925275374999996,0.4231956566761905,0
1.10199449,0.449002755,0.42292026926019766,0
1.1024944875,0.44875275625,0.4226449121076288,0
1.102994485,0.4485027575,0.42236958519944423,0
1.1034944825000002,0.4482527587499999,0.42209428851682035,0
1.1039944800000001,0.44800275999999994,0.42181902204315647,0
1.1044944775,0.44775276124999996,0.4215437857616244,0
1.104994475,0.4475027625,0.4212685796551645,0
1.1054944725,0.44725276375,0.4209934037064813,0
1.10599447,0.447002765,0.4207182578980381,0
1.1064944675000001,0.44675276624999993,0.42044314221205253,0
1.106994465,0.44650276749999995,0.4201680566320781,0
1.1074944625,0.44625276875,0.41989300113940553,0
1.10799446,0.44600277,0.41961797571614534,0
1.1084944575,0.44575277125,0.4193429803463167,0
1.1089944550000002,0.4455027724999999,0.41906801501371266,0
1.1094944525000001,0.44525277374999994,0.4187930797018972,0
1.10999445,0.44500277499999996,0.4185181743941992,0
1.1104944475,0.44475277625,0.41824329907370805,0
1.110994445,0.4445027775,0.41796845372326935,0
1.1114944425,0.44425277875,0.4176936383272122,0
1.1119944400000001,0.44400277999999993,0.4174188528671764,0
1.1124944375,0.44375278124999995,0.4171440973261902,0
1.112994435,0.44350278249999997,0.4168693716888915,0
1.1134944325,0.44325278375,0.4165946759396946,0
1.11399443,0.443002785,0.41632001006278535,0
1.1144944275000002,0.4427527862499999,0.4160453740421162,0
1.1149944250000001,0.44250278749999994,0.41577076786140266,0
1.1154944225,0.44225278874999996,0.41549619150411676,0
1.11599442,0.44200279,0.4152216449553585,0
1.1164944175,0.44175279125,0.41494712819713436,0
1.116994415,0.4415027925,0.41467264121337344,0
1.1174944125000001,0.4412527937499999,0.41439818398933226,0
1.11799441,0.44100279499999995,0.41412375651004507,0
1.1184944075,0.44075279624999997,0.41384935876031936,0
1.118994405,0.4405027975,0.413574990724731,0
1.1194944025,0.44025279875,0.4133006523876196,0
1.1199944,0.4400028,0.41302634373308406,0
1.1204943975000001,0.43975280124999994,0.41275206474698967,0
1.120994395,0.43950280249999996,0.4124778154117261,0
1.1214943925,0.43925280375,0.41220359571210863,0
1.12199439,0.439002805,0.41192940563401115,0
1.1224943875,0.43875280625,0.4116552451630873,0
1.1229943850000002,0.4385028074999999,0.4113811142847653,0
1.1234943825,0.43825280874999994,0.41110701298424385,0
1.12399438,0.43800280999999996,0.4108329412464866,0
1.1244943775,0.43775281125,0.41055889905621795,0
1.124994375,0.4375028125,0.4102848864000651,0
1.1254943725,0.43725281375,0.4100109032608153,0
1.1259943700000001,0.43700281499999993,0.4097369496241553,0
1.1264943675,0.43675281624999995,0.4094630254765766,0
1.126994365,0.4365028175,0.40918913080435104,0
1.1274943625,0.43625281875,0.4089152655935273,0
1.12799436,0.43600282,0.4086414298299258,0
1.1284943575000002,0.4357528212499999,0.4083676234991335,0
1.1289943550000001,0.43550282249999994,0.40809384658650055,0
1.1294943525,0.43525282374999996,0.4078200990794118,0
1.12999435,0.435002825,0.40754638096106643,0
1.1304943475,0.43475282625,0.4072726922180091,0
1.130994345,0.4345028275,0.4069990328373473,0
1.1314943425000001,0.43425282874999993,0.406725402805971,0
1.13199434,0.43400282999999995,0.4064518021105489,0
1.1324943375,0.43375283124999997,0.40617823073752246,0
1.132994335,0.4335028325,0.40590468867310214,0
1.1334943325,0.43325283375,0.4056311759032624,0
1.1339943300000002,0.4330028349999999,0.40535769241614283,0
1.1344943275000001,0.43275283624999994,0.4050842381953676,0
1.134994325,0.43250283749999996,0.4048108132283258,0
1.1354943225,0.43225283875,0.40453741750274097,0
1.13599432,0.43200284,0.4042640510061206,0
1.1364943175,0.43175284125,0.4039907137257523,0
1.1369943150000001,0.43150284249999993,0.40371740564869857,0
1.1374943125,0.43125284374999995,0.4034441267617925,0
1.13799431,0.43100284499999997,0.4031708770516329,0
1.1384943075,0.43075284625,0.4028976565071116,0
1.138994305,0.4305028475,0.4026244651122889,0
1.1394943025000002,0.4302528487499999,0.4023513028553863,0
1.1399943000000001,0.43000284999999994,0.40207816972474264,0
1.1404942975,0.42975285124999996,0.4018050657084827,0
1.140994295,0.4295028525,0.40153199079451257,0
1.1414942925,0.42925285375,0.4012589449705152,0
1.14199429,0.429002855,0.400985928223946,0
1.1424942875000001,0.4287528562499999,0.4007129405420274,0
1.142994285,0.42850285749999995,0.4004399819144017,0
1.1434942825,0.42825285874999997,0.4001670523255763,0
1.14399428,0.42800286,0.39989415176459325,0
1.1444942775,0.42775286125,0.39962128022040605,0
1.144994275,0.4275028625,0.39934843768175593,0
1.1454942725000001,0.42725286374999993,0.39907562413716735,0
1.14599427,0.42700286499999995,0.398802839574944,0
1.1464942675,0.42675286625,0.39853008398316236,0
1.146994265,0.4265028675,0.39825735734974715,0
1.1474942625,0.42625286875,0.3979846596648544,0
1.1479942600000002,0.4260028699999999,0.39771199091368264,0
1.1484942575000001,0.42575287124999994,0.3974393510860054,0
1.148994255,0.42550287249999996,0.3971667401713907,0
1.1494942525,0.42525287375,0.396894158159196,0
1.14999425,0.425002875,0.39662160503856375,0
1.1504942475,0.42475287625,0.39634908079841696,0
1.1509942450000001,0.42450287749999993,0.39607658542745405,0
1.1514942425,0.42425287874999995,0.39580411891441,0
1.15199424,0.42400287999999997,0.3955316812496277,0
1.1524942375,0.42375288125,0.39525927241933134,0
1.152994235,0.4235028825,0.3949868924139068,0
1.1534942325000002,0.4232528837499999,0.3947145412235359,0
1.1539942300000001,0.42300288499999994,0.3944422188381923,0
1.1544942275,0.42275288624999996,0.3941699252476363,0
1.154994225,0.4225028875,0.3938976604414099,0
1.1554942225,0.42225288875,0.3936254244088333,0
1.15599422,0.42200289,0.39335321713944177,0
1.1564942175000001,0.42175289124999993,0.39308103862379273,0
1.156994215,0.42150289249999995,0.3928088888491157,0
1.1574942125,0.42125289374999997,0.39253676780640817,0
1.15799421,0.421002895,0.3922646754864661,0
1.1584942075,0.42075289625,0.3919926118798785,0
1.1589942050000002,0.4205028974999999,0.3917205769770229,0
1.1594942025000001,0.42025289874999994,0.3914485707680611,0
1.1599942,0.42000289999999996,0.3911765932429339,0
1.1604941975,0.41975290125,0.3909046443919686,0
1.160994195,0.4195029025,0.3906327242059634,0
1.1614941925,0.41925290375,0.39036083267313265,0
1.1619941900000001,0.4190029049999999,0.3900889697850856,0
1.1624941875,0.41875290624999995,0.3898171355332322,0
1.162994185,0.41850290749999997,0.3895453299087763,0
1.1634941825,0.41825290875,0.38927355290271315,0
1.16399418,0.41800291,0.3890018045058231,0
1.1644941775,0.41775291125,0.38873008470866827,0
1.1649941750000001,0.41750291249999993,0.3884583935023589,0
1.1654941725,0.41725291374999995,0.38818673087795946,0
1.16599417,0.417002915,0.3879150968246501,0
1.1664941675,0.41675291625,0.3876434913346519,0
1.166994165,0.4165029175,0.38737191439998747,0
1.1674941625000002,0.4162529187499999,0.38710036601247627,0
1.1679941600000001,0.41600291999999994,0.38682884616373053,0
1.1684941575,0.41575292124999996,0.38655735484514964,0
1.168994155,0.4155029225,0.3862858920479164,0
1.1694941525,0.41525292375,0.38601445776391713,0
1.16999415,0.415002925,0.38574305198450526,0
1.1704941475000001,0.41475292624999993,0.38547167469980875,0
1.170994145,0.41450292749999995,0.3852003259026604,0
1.1714941425,0.41425292874999997,0.38492900558569554,0
1.17199414,0.41400293,0.38465771374134894,0
1.1724941375,0.41375293125,0.3843864503618496,0
1.1729941350000002,0.4135029324999999,0.38411521543921584,0
1.1734941325000001,0.41325293374999994,0.3838440089652514,0
1.17399413,0.41300293499999996,0.3835728309326111,0
1.1744941275,0.41275293625,0.3833016813329602,0
1.174994125,0.4125029375,0.3830305601573573,0
1.1754941225,0.41225293875,0.38275946739924566,0
1.1759941200000001,0.41200293999999993,0.382488403051874,0
1.1764941175,0.41175294124999995,0.3822173671082921,0
1.176994115,0.41150294249999997,0.38194635956134604,0
1.1774941125,0.41125294375,0.3816753804036726,0
1.17799411,0.411002945,0.3814044296276966,0
1.1784941075000002,0.4107529462499999,0.3811335072268348,0
1.1789941050000001,0.41050294749999994,0.3808626131930858,0
1.1794941025,0.41025294874999996,0.38059174751842145,0
1.1799941,0.41000295,0.3803209101968962,0
1.1804940975,0.40975295125,0.38005010122237165,0
1.180994095,0.4095029525,0.37977932058851255,0
1.1814940925000001,0.4092529537499999,0.3795085682887816,0
1.18199409,0.40900295499999995,0.3792378443164351,0
1.1824940875,0.40875295624999997,0.37896714866451836,0
1.182994085,0.4085029575,0.3786964813272044,0
1.1834940825,0.40825295875,0.378425842296845,0
1.1839940800000002,0.4080029599999999,0.378155231566309,0
1.1844940775000001,0.40775296124999993,0.3778846491302622,0
1.184994075,0.40750296249999995,0.3776140949831793,0
1.1854940725,0.40725296375,0.37734356911933997,0
1.18599407,0.407002965,0.37707307153282366,0
1.1864940675,0.40675296625,0.37680260221750583,0
1.1869940650000002,0.4065029674999999,0.3765321611670524,0
1.1874940625000001,0.40625296874999994,0.3762617483763878,0
1.18799406,0.40600296999999996,0.3759913638382356,0
1.1884940575,0.40575297125,0.37572100754634663,0
1.188994055,0.4055029725,0.37545067949599764,0
1.1894940525,0.40525297375,0.37518037968227635,0
1.1899940500000001,0.40500297499999993,0.37491010810007735,0
1.1904940475,0.40475297624999995,0.37463986474409766,0
1.190994045,0.40450297749999997,0.37436964960883135,0
1.1914940425,0.40425297875,0.37409946268856575,0
1.19199404,0.40400298,0.3738293039789714,0
1.1924940375000002,0.4037529812499999,0.37355917347316103,0
1.1929940350000001,0.40350298249999994,0.37328907116575355,0
1.1934940325,0.40325298374999996,0.37301899705263636,0
1.19399403,0.403002985,0.3727489511295105,0
1.1944940275,0.40275298625,0.3724789333918859,0
1.194994025,0.4025029875,0.37220894383507647,0
1.1954940225000001,0.40225298874999993,0.37193898245419554,0
1.19599402,0.40200298999999995,0.37166904924415217,0
1.1964940175,0.40175299124999997,0.3713991442013584,0
1.196994015,0.4015029925,0.37112926731933354,0
1.1974940125,0.40125299375,0.37085941859354954,0
1.1979940100000002,0.4010029949999999,0.3705895980205051,0
1.1984940075000001,0.40075299624999994,0.370319805596515,0
1.198994005,0.40050299749999996,0.370050041317704,0
1.1994940025,0.40025299875,0.3697803051800037,0
1.199994,0.400003,0.3695105971791472,0
1.2004939975,0.39975300125,0.3692409173106646,0
1.2009939950000001,0.3995030024999999,0.36897126557170623,0
1.2014939925,0.39925300374999995,0.3687016419562134,0
1.20199399,0.39900300499999997,0.36843204646049826,0
1.2024939875,0.39875300625,0.3681624790816708,0
1.202993985,0.3985030075,0.3678929398166591,0
1.2034939825000002,0.3982530087499999,0.3676234286622039,0
1.2039939800000001,0.39800300999999993,0.36735394561485424,0
1.2044939775,0.39775301124999995,0.367084490670963,0
1.204993975,0.3975030125,0.3668150638266825,0
1.2054939725,0.39725301375,0.36654566507989805,0
1.20599397,0.397003015,0.3662762944249866,0
1.2064939675000002,0.3967530162499999,0.3660069518590879,0
1.2069939650000001,0.39650301749999994,0.3657376373799243,0
1.2074939625,0.39625301874999996,0.36546835098503727,0
1.20799396,0.39600302,0.3651990926717834,0
1.2084939575,0.39575302125,0.3649298624373299,0
1.208993955,0.3955030225,0.3646606602786497,0
1.2094939525000001,0.39525302374999993,0.3643914861925171,0
1.20999395,0.39500302499999995,0.36412234017755024,0
1.2104939475,0.39475302624999997,0.36385322222857525,0
1.210993945,0.3945030275,0.36358413234354786,0
1.2114939425,0.39425302875,0.36331507052080214,0
1.2119939400000002,0.3940030299999999,0.3630460367584935,0
1.2124939375000001,0.39375303124999994,0.36277703105459536,0
1.212993935,0.39350303249999996,0.3625080534068928,0
1.2134939325,0.39325303375,0.3622391038129795,0
1.21399393,0.393003035,0.3619701822702527,0
1.2144939275,0.39275303625,0.3617012887780603,0
1.2149939250000001,0.39250303749999993,0.36143242333169,0
1.2154939225,0.39225303874999995,0.36116358592990255,0
1.21599392,0.39200303999999997,0.3608947765716441,0
1.2164939175,0.39175304125,0.360625995255685,0
1.216993915,0.3915030425,0.3603572419806147,0
1.2174939125000002,0.3912530437499999,0.3600885167448374,0
1.2179939100000001,0.39100304499999994,0.3598198195465678,0
1.2184939075,0.39075304624999996,0.3595511503838261,0
1.218993905,0.3905030475,0.35928250925668925,0
1.2194939025,0.39025304875,0.35901389616091717,0
1.2199939,0.39000305,0.35874531109606506,0
1.2204938975000001,0.3897530512499999,0.3584767540616918,0
1.220993895,0.38950305249999995,0.35820822505718275,0
1.2214938925,0.38925305374999997,0.35793972408174435,0
1.22199389,0.389003055,0.35767125113440024,0
1.2224938875,0.38875305625,0.35740280621398657,0
1.2229938850000002,0.3885030574999999,0.3571343893191473,0
1.2234938825000001,0.38825305874999994,0.35686600045068617,0
1.22399388,0.38800305999999996,0.35659763960484686,0
1.2244938775,0.38775306125,0.3563293067819687,0
1.224993875,0.3875030625,0.3560610019822241,0
1.2254938725,0.38725306375,0.3557927252056134,0
1.2259938700000002,0.3870030649999999,0.35552447645196084,0
1.2264938675000001,0.38675306624999994,0.35525625572090985,0
1.226993865,0.38650306749999996,0.3549880630119187,0
1.2274938625,0.38625306875,0.3547198983244198,0
1.22799386,0.38600307,0.35445176165945147,0
1.2284938575,0.38575307125,0.3541836530142414,0
1.2289938550000001,0.38550307249999993,0.35391557238974036,0
1.2294938525,0.38525307374999995,0.3536475197867345,0
1.22999385,0.385003075,0.3533794952058403,0
1.2304938475,0.38475307625,0.3531114986475,0
1.230993845,0.3845030775,0.3528435301119778,0
1.2314938425000002,0.3842530787499999,0.35257558959935414,0
1.2319938400000001,0.38400307999999994,0.3523076771098417,0
1.2324938375,0.38375308124999996,0.3520397926447404,0
1.232993835,0.3835030825,0.35177193620224306,0
1.2334938325,0.38325308375,0.3515041077839127,0
1.23399383,0.383003085,0.3512363073911495,0
1.2344938275000001,0.38275308624999993,0.3509685350251865,0
1.234993825,0.38250308749999995,0.3507007906870851,0
1.2354938225,0.38225308874999997,0.3504330743777303,0
1.23599382,0.38200309,0.3501653860978263,0
1.2364938175,0.38175309125,0.34989772584835743,0
1.2369938150000002,0.3815030924999999,0.3496300936309112,0
1.2374938125000001,0.38125309374999994,0.34936248944462744,0
1.23799381,0.38100309499999996,0.34909491329168185,0
1.2384938075,0.38075309625,0.3488273651740898,0
1.238993805,0.3805030975,0.34855984509370125,0
1.2394938025,0.38025309875,0.3482923530521974,0
1.2399938000000001,0.3800030999999999,0.3480248890510849,0
1.2404937975,0.37975310124999995,0.3477574530916924,0
1.240993795,0.37950310249999997,0.347490045175769,0
1.2414937925,0.37925310375,0.3472226653052139,0
1.24199379,0.379003105,0.34695531348009684,0
1.2424937875000002,0.3787531062499999,0.34668798970320663,0
1.2429937850000001,0.37850310749999994,0.3464206939771746,0
1.2434937825,0.37825310874999996,0.34615342630446894,0
1.24399378,0.37800311,0.3458861866873908,0
1.2444937775,0.37775311125,0.34561897512806966,0
1.244993775,0.3775031125,0.345351791628459,0
1.2454937725000002,0.3772531137499999,0.34508463619106616,0
1.2459937700000001,0.37700311499999994,0.34481750881812584,0
1.2464937675,0.37675311624999996,0.34455040951062055,0
1.246993765,0.3765031175,0.34428333827195373,0
1.2474937625,0.37625311875,0.34401629510537274,0
1.24799376,0.37600312,0.34374928001396465,0
1.2484937575000001,0.37575312124999993,0.34348229300065186,0
1.248993755,0.37550312249999995,0.3432153340681876,0
1.2494937525,0.37525312375,0.3429484032191512,0
1.24999375,0.375003125,0.3426815004568022,0
1.2504937475,0.37475312625,0.3424146257837321,0
1.2509937450000002,0.3745031274999999,0.3421477792018212,0
1.2514937425000001,0.37425312874999994,0.34188096071508806,0
1.25199374,0.37400312999999996,0.3416141703273972,0
1.2524937375,0.37375313125,0.3413474080424555,0
1.252993735,0.3735031325,0.3410806738638075,0
1.2534937325,0.37325313375,0.3408139677948307,0
1.2539937300000001,0.37300313499999993,0.3405472898387313,0
1.2544937275,0.37275313624999995,0.3402806399995159,0
1.254993725,0.37250313749999997,0.3400140182801539,0
1.2554937225,0.37225313875,0.33974742468340824,0
1.25599372,0.37200314,0.3394808592139132,0
1.2564937175000002,0.3717531412499999,0.33921432187615147,0
1.2569937150000001,0.37150314249999994,0.338947812674451,0
1.2574937125,0.37125314374999996,0.3386813316129791,0
1.25799371,0.371003145,0.33841487869573894,0
1.2584937075,0.37075314625,0.3381484539265647,0
1.258993705,0.3705031475,0.33788205731020465,0
1.2594937025000001,0.3702531487499999,0.337615688850026,0
1.2599937,0.37000314999999995,0.3373493485496603,0
1.2604936975,0.36975315124999997,0.33708303641435844,0
1.260993695,0.3695031525,0.33681675244922277,0
1.2614936925,0.36925315375,0.33655049665920245,0
1.2619936900000002,0.3690031549999999,0.3362842690490891,0
1.2624936875000001,0.36875315624999994,0.3360180696235127,0
1.262993685,0.36850315749999996,0.3357518983869362,0
1.2634936825,0.36825315875,0.33548575534484565,0
1.26399368,0.36800316,0.3352196405010247,0
1.2644936775,0.36775316125,0.33495355385995973,0
1.2649936750000002,0.3675031624999999,0.3346874954275194,0
1.2654936725,0.36725316374999994,0.3344214652094267,0
1.26599367,0.36700316499999996,0.33415546321125345,0
1.2664936675,0.36675316625,0.33388948943841684,0
1.266993665,0.3665031675,0.3336235438961742,0
1.2674936625000002,0.3662531687499999,0.3333576265896188,0
1.2679936600000001,0.36600316999999993,0.33309173752497073,0
1.2684936575,0.36575317124999995,0.33282587670644764,0
1.268993655,0.3655031725,0.33256004413937795,0
1.2694936525,0.36525317375,0.33229423983024964,0
1.26999365,0.365003175,0.3320284637854066,0
1.2704936475000002,0.3647531762499999,0.3317627160110453,0
1.2709936450000001,0.36450317749999994,0.33149699651320913,0
1.2714936425,0.36425317874999996,0.33123130529778455,0
1.27199364,0.36400318,0.3309656423704964,0
1.2724936375,0.36375318125,0.33070000773829517,0
1.272993635,0.3635031825,0.3304344014058493,0
1.2734936325000001,0.36325318374999993,0.33016882337931697,0
1.27399363,0.36300318499999995,0.3299032736658068,0
1.2744936275,0.36275318624999997,0.32963775227228553,0
1.274993625,0.3625031875,0.3293722592055748,0
1.2754936225,0.36225318875,0.3291067944723457,0
1.2759936200000002,0.3620031899999999,0.3288413580791151,0
1.2764936175000001,0.36175319124999994,0.32857595003224077,0
1.276993615,0.36150319249999996,0.32831057033940086,0
1.2774936125,0.36125319375,0.3280452190057301,0
1.27799361,0.361003195,0.3277798960382058,0
1.2784936075,0.36075319625,0.3275146014445576,0
1.2789936050000001,0.36050319749999993,0.32724933523237665,0
1.2794936025,0.36025319874999995,0.3269840974091113,0
1.2799936,0.36000319999999997,0.32671888798206167,0
1.2804935975,0.35975320125,0.32645370695837655,0
1.280993595,0.3595032025,0.3261885543450478,0
1.2814935925000002,0.3592532037499999,0.3259234301504792,0
1.2819935900000001,0.35900320499999994,0.3256583343802865,0
1.2824935875,0.35875320624999996,0.32539326704225513,0
1.282993585,0.3585032075,0.32512822814473763,0
1.2834935825,0.35825320875,0.3248632176959509,0
1.28399358,0.35800321,0.32459823570397095,0
1.2844935775000001,0.3577532112499999,0.3243332821767289,0
1.284993575,0.35750321249999994,0.32406835712200666,0
1.2854935725,0.35725321374999996,0.32380346054743214,0
1.28599357,0.357003215,0.3235385924621329,0
1.2864935675,0.35675321625,0.3232737528722189,0
1.2869935650000002,0.3565032174999999,0.32300894178627376,0
1.2874935625000001,0.35625321874999993,0.32274415921327504,0
1.28799356,0.35600321999999995,0.3224794051620663,0
1.2884935575,0.35575322125,0.3222146796413533,0
1.288993555,0.3555032225,0.3219499826596996,0
1.2894935525,0.35525322375,0.3216853142255216,0
1.2899935500000002,0.3550032249999999,0.32142067434708466,0
1.2904935475000001,0.35475322624999994,0.3211560630342388,0
1.290993545,0.35450322749999996,0.32089148029360176,0
1.2914935425,0.35425322875,0.320626926134546,0
1.29199354,0.35400323,0.32036240056667487,0
1.2924935375,0.35375323125,0.3200979035994607,0
1.2929935350000001,0.35350323249999993,0.3198334352422405,0
1.2934935325,0.35325323374999995,0.31956899550421186,0
1.29399353,0.35300323499999997,0.3193045843944277,0
1.2944935275,0.35275323625,0.31904020192179255,0
1.294993525,0.3525032375,0.31877584809687803,0
1.2954935225000002,0.3522532387499999,0.3185115229268208,0
1.2959935200000001,0.35200323999999994,0.3182472264217743,0
1.2964935175,0.35175324124999996,0.31798295859196934,0
1.296993515,0.3515032425,0.3177187194475087,0
1.2974935125,0.35125324375,0.31745450899836225,0
1.29799351,0.351003245,0.31719032725436347,0
1.2984935075000001,0.35075324624999993,0.3169261742252032,0
1.298993505,0.35050324749999995,0.3166620499204273,0
1.2994935025,0.35025324874999997,0.3163979543513286,0
1.2999935,0.35000325,0.31613388752557414,0
1.3004934975,0.34975325125,0.3158698494540896,0
1.3009934950000002,0.3495032524999999,0.31560584014773535,0
1.3014934925000001,0.34925325374999994,0.31534185961724664,0
1.30199349,0.34900325499999996,0.31507790787322815,0
1.3024934875,0.34875325625,0.3148139849261505,0
1.302993485,0.3485032575,0.31455009078634527,0
1.3034934825,0.34825325875,0.3142862254640815,0
1.3039934800000001,0.3480032599999999,0.31402238897113105,0
1.3044934775,0.34775326124999995,0.313758581315944,0
1.304993475,0.34750326249999997,0.31349480251013057,0
1.3054934725,0.34725326375,0.3132310525651827,0
1.30599347,0.347003265,0.31296733149246925,0
1.3064934675000002,0.3467532662499999,0.3127036393032319,0
1.3069934650000001,0.34650326749999993,0.3124399760085809,0
1.3074934625,0.34625326874999995,0.31217634161948987,0
1.30799346,0.34600327,0.3119127361470008,0
1.3084934575,0.34575327125,0.3116491596032232,0
1.308993455,0.3455032725,0.31138561199754133,0
1.3094934525000002,0.3452532737499999,0.31112209334219604,0
1.3099934500000001,0.34500327499999994,0.31085860364931267,0
1.3104934475,0.34475327624999996,0.31059514293089635,0
1.310993445,0.3445032775,0.3103317111988276,0
1.3114934425,0.34425327875,0.3100683084648578,0
1.3119934400000002,0.3440032799999999,0.309804934740605,0
1.3124934375000001,0.34375328124999993,0.3095415900378787,0
1.312993435,0.34350328249999995,0.3092782743691503,0
1.3134934325,0.34325328374999997,0.30901498774472325,0
1.31399343,0.343003285,0.3087517301774715,0
1.3144934275,0.34275328625,0.3084885016801553,0
1.3149934250000002,0.3425032874999999,0.30822530226541817,0
1.3154934225000001,0.34225328874999994,0.30796213194578165,0
1.31599342,0.34200328999999996,0.30769899073364093,0
1.3164934175,0.34175329125,0.3074358786412607,0
1.316993415,0.3415032925,0.3071727956812119,0
1.3174934125,0.34125329375,0.3069097418663523,0
1.3179934100000001,0.34100329499999993,0.30664671720788994,0
1.3184934075,0.34075329624999995,0.3063837217193335,0
1.318993405,0.34050329749999997,0.3061207554140812,0
1.3194934025,0.34025329875,0.3058578183054168,0
1.3199934,0.3400033,0.3055949104065052,0
1.3204933975000002,0.3397533012499999,0.30533203173038753,0
1.3209933950000001,0.33950330249999994,0.3050691822899775,0
1.3214933925,0.33925330374999996,0.3048063620986029,0
1.32199339,0.339003305,0.3045435711695306,0
1.3224933875,0.33875330625,0.3042808095148596,0
1.322993385,0.3385033075,0.30401807714873563,0
1.3234933825000001,0.3382533087499999,0.3037553740851968,0
1.32399338,0.33800330999999995,0.3034927003381702,0
1.3244933775,0.33775331124999997,0.30323005592146585,0
1.324993375,0.3375033125,0.30296744084877375,0
1.3254933725,0.33725331375,0.3027048551336584,0
1.3259933700000002,0.3370033149999999,0.30244229879020085,0
1.3264933675000001,0.33675331624999993,0.3021797718320989,0
1.326993365,0.33650331749999995,0.3019172742723291,0
1.3274933625,0.33625331875,0.3016548061256771,0
1.32799336,0.33600332,0.30139236740682357,0
1.3284933575,0.33575332125,0.30112995813034044,0
1.3289933550000002,0.3355033224999999,0.3008675783106862,0
1.3294933525000001,0.33525332374999994,0.3006052279622018,0
1.32999335,0.33500332499999996,0.30034290709910594,0
1.3304933475,0.33475332625,0.30008061573622874,0
1.330993345,0.3345033275,0.2998183538877193,0
1.3314933425000002,0.3342533287499999,0.2995561215674203,0
1.3319933400000001,0.33400332999999993,0.2992939187907594,0
1.3324933375,0.33375333124999995,0.2990317455730625,0
1.332993335,0.33350333249999997,0.2987696019295493,0
1.3334933325,0.33325333375,0.29850748787532944,0
1.33399333,0.333003335,0.2982454034253972,0
1.3344933275000002,0.3327533362499999,0.29798334859462783,0
1.3349933250000001,0.33250333749999994,0.2977213233985982,0
1.3354933225,0.33225333874999996,0.2974593278519284,0
1.33599332,0.33200334,0.29719736196931557,0
1.3364933175,0.33175334125,0.29693542576683235,0
1.336993315,0.3315033425,0.29667351926045227,0
1.3374933125000001,0.33125334374999993,0.2964116424660459,0
1.33799331,0.33100334499999995,0.29614979539937636,0
1.3384933075,0.33075334624999997,0.2958879780760947,0
1.338993305,0.3305033475,0.2956261905117353,0
1.3394933025,0.33025334875,0.2953644327226192,0
1.3399933000000002,0.3300033499999999,0.29510270472385614,0
1.3404932975000001,0.32975335124999994,0.29484100653098766,0
1.340993295,0.32950335249999996,0.29457933816073373,0
1.3414932925,0.32925335375,0.2943176996297189,0
1.34199329,0.329003355,0.2940560909544671,0
1.3424932875,0.32875335625,0.29379451215139807,0
1.3429932850000001,0.3285033574999999,0.29353296323682204,0
1.3434932825,0.32825335874999995,0.29327144422693624,0
1.34399328,0.32800335999999997,0.2930099551388036,0
1.3444932775,0.32775336125,0.29274849598804176,0
1.344993275,0.3275033625,0.29248706679102615,0
1.3454932725000002,0.3272533637499999,0.2922256675651277,0
1.3459932700000001,0.32700336499999993,0.29196429832762466,0
1.3464932675,0.32675336624999995,0.2917029590956976,0
1.346993265,0.3265033675,0.29144164988642574,0
1.3474932625,0.32625336875,0.29118037071678193,0
1.34799326,0.32600337,0.2909191216036288,0
1.3484932575000002,0.3257533712499999,0.29065790256477014,0
1.3489932550000001,0.32550337249999994,0.2903967136163485,0
1.3494932525,0.32525337374999996,0.29013555477556435,0
1.34999325,0.325003375,0.2898744260604425,0
1.3504932475,0.32475337625,0.289613327488918,0
1.3509932450000002,0.3245033774999999,0.2893522590788311,0
1.3514932425000001,0.32425337874999993,0.28909122084792416,0
1.35199324,0.32400337999999995,0.2888302128138357,0
1.3524932375,0.32375338124999997,0.28856923499409703,0
1.352993235,0.3235033825,0.28830828740725206,0
1.3534932325,0.32325338375,0.2880473700699841,0
1.3539932300000002,0.3230033849999999,0.28778648300031057,0
1.3544932275000001,0.32275338624999994,0.2875256262169135,0
1.354993225,0.32250338749999996,0.28726479973838803,0
1.3554932225,0.32225338875,0.28700400358323785,0
1.35599322,0.32200339,0.286743237769871,0
1.3564932175,0.32175339125,0.28648250231659544,0
1.3569932150000001,0.32150339249999993,0.2862217972416146,0
1.3574932125,0.32125339374999995,0.28596112256421236,0
1.35799321,0.32100339499999997,0.285700478301628,0
1.3584932075,0.32075339625,0.28543986447268843,0
1.358993205,0.3205033975,0.28517928109673635,0
1.3594932025000002,0.3202533987499999,0.28491872819303016,0
1.3599932000000001,0.32000339999999994,0.28465820578074064,0
1.3604931975,0.31975340124999996,0.2843977138789454,0
1.360993195,0.3195034025,0.28413725250662514,0
1.3614931925,0.31925340375,0.2838768216826593,0
1.36199319,0.319003405,0.2836164214270713,0
1.3624931875000001,0.3187534062499999,0.2833560517576712,0
1.362993185,0.31850340749999995,0.2830957126940889,0
1.3634931825,0.31825340874999997,0.282835404256331,0
1.36399318,0.31800341,0.2825751264643236,0
1.3644931775,0.31775341125,0.2823148793379072,0
1.3649931750000002,0.3175034124999999,0.28205466289683306,0
1.3654931725000001,0.31725341374999994,0.28179447716075856,0
1.36599317,0.31700341499999996,0.2815343221492426,0
1.3664931675,0.31675341625,0.2812741978830491,0
1.366993165,0.3165034175,0.2810141043805729,0
1.3674931625,0.31625341875,0.28075404166224033,0
1.3679931600000002,0.3160034199999999,0.280494009748726,0
1.3684931575000001,0.31575342124999994,0.2802340086606271,0
1.368993155,0.31550342249999996,0.27997403841845847,0
1.3694931525,0.31525342375,0.2797140990426486,0
1.36999315,0.315003425,0.2794541905535351,0
1.3704931475000002,0.3147534262499999,0.27919431297136044,0
1.3709931450000001,0.31450342749999993,0.2789344663176302,0
1.3714931425,0.31425342874999995,0.27867465061133717,0
1.37199314,0.31400343,0.27841486587369907,0
1.3724931375,0.31375343125,0.27815511212606225,0
1.372993135,0.3135034325,0.277895389389699,0
1.3734931325000002,0.3132534337499999,0.2776356976858022,0
1.3739931300000001,0.31300343499999994,0.27737603703548186,0
1.3744931275,0.31275343624999996,0.2771164074597603,0
1.374993125,0.3125034375,0.2768568089795673,0
1.3754931225,0.31225343875,0.2765972416171519,0
1.37599312,0.31200344,0.276337705392117,0
1.3764931175000001,0.31175344124999993,0.27607820032646707,0
1.376993115,0.31150344249999995,0.2758187264422249,0
1.3774931125,0.31125344374999997,0.2755592837613416,0
1.37799311,0.311003445,0.2752998723056928,0
1.3784931075,0.31075344625,0.2750404920970739,0
1.3789931050000002,0.3105034474999999,0.27478114315719576,0
1.3794931025000001,0.31025344874999994,0.27452182550770077,0
1.3799931,0.31000344999999996,0.27426253917152227,0
1.3804930975,0.30975345125,0.27400328416894654,0
1.380993095,0.3095034525,0.2737440605227403,0
1.3814930925,0.30925345375,0.2734848682556067,0
1.3819930900000001,0.3090034549999999,0.27322570739018054,0
1.3824930875,0.30875345624999995,0.27296657794902446,0
1.382993085,0.30850345749999997,0.2727074799546237,0
1.3834930825,0.30825345875,0.2724484134293825,0
1.38399308,0.30800346,0.2721893783957371,0
1.3844930775000002,0.3077534612499999,0.2719303748770756,0
1.3849930750000001,0.30750346249999994,0.27167140289461134,0
1.3854930725,0.30725346374999996,0.27141246247179274,0
1.38599307,0.307003465,0.271153553632008,0
1.3864930675,0.30675346625,0.27089467639858006,0
1.386993065,0.3065034675,0.2706358307947629,0
1.3874930625000002,0.3062534687499999,0.2703770168437364,0
1.3879930600000001,0.30600346999999994,0.2701182345686028,0
1.3884930575,0.30575347124999996,0.26985948399258997,0
1.388993055,0.3055034725,0.2696007651395653,0
1.3894930525,0.30525347375,0.26934207803165816,0
1.3899930500000002,0.3050034749999999,0.2690834226930033,0
1.3904930475000001,0.30475347624999993,0.2688247991476788,0
1.390993045,0.30450347749999995,0.2685662074197008,0
1.3914930425,0.30425347875,0.268307647533019,0
1.39199304,0.30400348,0.2680491195115134,0
1.3924930375,0.30375348125,0.26779062337898846,0
1.3929930350000002,0.3035034824999999,0.26753215915946177,0
1.3934930325000001,0.30325348374999994,0.2672737268773043,0
1.39399303,0.30300348499999996,0.267015326555551,0
1.3944930275,0.30275348625,0.26675695821902834,0
1.394993025,0.3025034875,0.266498621892509,0
1.3954930225000002,0.3022534887499999,0.2662403176007067,0
1.3959930200000001,0.30200348999999993,0.2659820453682731,0
1.3964930175,0.30175349124999995,0.2657238052197923,0
1.396993015,0.30150349249999997,0.26546559717977675,0
1.3974930125,0.30125349375,0.26520742127303265,0
1.39799301,0.301003495,0.2649492775244566,0
1.3984930075000002,0.3007534962499999,0.2646911659579805,0
1.3989930050000001,0.30050349749999994,0.2644330865991278,0
1.3994930025,0.30025349874999996,0.2641750394733706,0
1.399993,0.3000035,0.2639170246061263,0
1.4004929975,0.29975350125,0.26365904202275253,0
1.400992995,0.2995035025,0.26340109174854354,0
1.4014929925000001,0.2992535037499999,0.263143173808725,0
1.40199299,0.29900350499999995,0.2628852882288907,0
1.4024929875,0.29875350624999997,0.2626274350344854,0
1.402992985,0.2985035075,0.26236961425033006,0
1.4034929825,0.29825350875,0.26211182590264953,0
1.4039929800000002,0.2980035099999999,0.2618540700176214,0
1.4044929775000001,0.29775351124999994,0.26159634662137166,0
1.404992975,0.29750351249999996,0.2613386557399701,0
1.4054929725,0.29725351375,0.2610809973994262,0
1.40599297,0.297003515,0.26082337162568436,0
1.4064929675,0.29675351625,0.2605657784450875,0
1.4069929650000002,0.2965035174999999,0.26030821788366787,0
1.4074929625,0.29625351874999994,0.2600506899672065,0
1.40799296,0.29600351999999996,0.2597931947226177,0
1.4084929575,0.29575352125,0.25953573217677134,0
1.408992955,0.2955035225,0.2592783023564882,0
1.4094929525000002,0.2952535237499999,0.25902090528853555,0
1.4099929500000001,0.29500352499999993,0.25876354099962334,0
1.4104929475,0.29475352624999995,0.25850620951639897,0
1.410992945,0.2945035275,0.25824891086623125,0
1.4114929425,0.29425352875,0.2579916450752438,0
1.41199294,0.29400353,0.2577344121705262,0
1.4124929375000002,0.2937535312499999,0.2574772121796774,0
1.4129929350000001,0.29350353249999994,0.2572200451302544,0
1.4134929325,0.29325353374999996,0.25696291104976715,0
1.41399293,0.293003535,0.2567058099656743,0
1.4144929275,0.29275353625,0.25644874190537936,0
1.4149929250000002,0.2925035374999999,0.25619170689622567,0
1.4154929225000001,0.29225353874999993,0.25593470496657483,0
1.41599292,0.29200353999999995,0.25567773614282313,0
1.4164929175,0.29175354124999997,0.255420800453238,0
1.416992915,0.2915035425,0.2551638979261106,0
1.4174929125,0.29125354375,0.2549070285896916,0
1.4179929100000002,0.2910035449999999,0.25465019247218745,0
1.4184929075000001,0.29075354624999994,0.2543933896017558,0
1.418992905,0.29050354749999996,0.25413662000650084,0
1.4194929025,0.29025354875,0.2538798837147933,0
1.4199929,0.29000355,0.253623180755028,0
1.4204928975,0.28975355125,0.2533665111549417,0
1.4209928950000001,0.2895035524999999,0.25310987494355813,0
1.4214928925,0.28925355374999995,0.25285327214986764,0
1.42199289,0.28900355499999997,0.25259670280282265,0
1.4224928875,0.28875355625,0.25234016693133354,0
1.422992885,0.2885035575,0.252083664564264,0
1.4234928825000002,0.2882535587499999,0.251827195730427,0
1.4239928800000001,0.28800355999999994,0.25157076045921734,0
1.4244928775,0.28775356124999996,0.2513143587791375,0
1.424992875,0.2875035625,0.25105799071926405,0
1.4254928725,0.28725356375,0.2508016563093253,0
1.42599287,0.287003565,0.2505453555790187,0
1.4264928675000002,0.2867535662499999,0.2502890885580058,0
1.426992865,0.28650356749999994,0.25003285527590907,0
1.4274928625,0.28625356874999996,0.24977665576230634,0
1.42799286,0.28600357,0.24952049004672705,0
1.4284928575,0.28575357125,0.24926435815956124,0
1.4289928550000002,0.2855035724999999,0.24900826012959862,0
1.4294928525000001,0.28525357374999993,0.2487521959871168,0
1.42999285,0.28500357499999995,0.24849616576255676,0
1.4304928475,0.28475357625,0.24824016948633096,0
1.430992845,0.2845035775,0.24798420718881864,0
1.4314928425,0.28425357875,0.24772827890036186,0
1.4319928400000002,0.2840035799999999,0.24747238465126076,0
1.4324928375000001,0.28375358124999994,0.2472165244719623,0
1.432992835,0.28350358249999996,0.24696069839327656,0
1.4334928325,0.28325358375,0.2467049064449705,0
1.43399283,0.283003585,0.24644914865822806,0
1.4344928275000002,0.2827535862499999,0.2461934250642113,0
1.4349928250000001,0.28250358749999993,0.2459377356940562,0
1.4354928225,0.28225358874999995,0.24568208057886787,0
1.43599282,0.28200358999999997,0.24542645974971666,0
1.4364928175,0.28175359125,0.24517087323763348,0
1.436992815,0.2815035925,0.24491532107410324,0
1.4374928125000002,0.2812535937499999,0.24465980329005066,0
1.4379928100000001,0.28100359499999994,0.24440431991660644,0
1.4384928075,0.28075359624999996,0.24414887098568172,0
1.438992805,0.2805035975,0.24389345652916816,0
1.4394928025,0.28025359875,0.24363807657893377,0
1.4399928000000002,0.2800035999999999,0.24338273116681822,0
1.4404927975000001,0.27975360124999993,0.243127420324629,0
1.440992795,0.27950360249999995,0.24287214408413652,0
1.4414927925,0.27925360374999997,0.24261690247782872,0
1.44199279,0.279003605,0.2423616955369341,0
1.4424927875,0.27875360625,0.2421065232938076,0
1.4429927850000002,0.2785036074999999,0.24185138578109625,0
1.4434927825000001,0.27825360874999994,0.2415962830314307,0
1.44399278,0.27800360999999996,0.2413412150774198,0
1.4444927775,0.27775361125,0.24108618195164697,0
1.444992775,0.2775036125,0.24083118368666562,0
1.4454927725,0.27725361375,0.2405762203150674,0
1.4459927700000001,0.2770036149999999,0.24032129187012022,0
1.4464927675,0.27675361624999995,0.24006639838369911,0
1.446992765,0.27650361749999997,0.23981153988920664,0
1.4474927625,0.27625361875,0.23955671642003554,0
1.44799276,0.27600362,0.23930192800956404,0
1.4484927575000002,0.2757536212499999,0.23904717469115142,0
1.4489927550000001,0.27550362249999993,0.2387924564981343,0
1.4494927525,0.27525362374999995,0.23853777346382146,0
1.44999275,0.275003625,0.2382831256218599,0
1.4504927475,0.27475362625,0.2380285130056452,0
1.450992745,0.2745036275,0.23777393564843846,0
1.4514927425000002,0.2742536287499999,0.23751939358439478,0
1.4519927400000001,0.27400362999999994,0.23726488684766192,0
1.4524927375,0.27375363124999996,0.2370104154723756,0
1.452992735,0.2735036325,0.23675597949265542,0
1.4534927325,0.27325363375,0.23650157894260032,0
1.4539927300000002,0.2730036349999999,0.23624721385628433,0
1.4544927275000001,0.27275363624999993,0.23599288426837015,0
1.454992725,0.27250363749999995,0.23573859021257698,0
1.4554927225,0.27225363874999997,0.2354843317234137,0
1.45599272,0.27200364,0.2352301088357979,0
1.4564927175,0.27175364125,0.23497592158464217,0
1.4569927150000002,0.2715036424999999,0.23472177000484967,0
1.4574927125000001,0.27125364374999994,0.2344676541313104,0
1.45799271,0.27100364499999996,0.234213573998896,0
1.4584927075,0.27075364625,0.2339595296424558,0
1.458992705,0.2705036475,0.23370552109765602,0
1.4594927025000002,0.2702536487499999,0.2334515483986746,0
1.4599927000000001,0.27000364999999993,0.23319761158116428,0
1.4604926975,0.26975365124999995,0.23294371068081512,0
1.460992695,0.26950365249999997,0.232689845733315,0
1.4614926925,0.26925365375,0.2324360167743451,0
1.46199269,0.269003655,0.2321822238395758,0
1.4624926875000002,0.2687536562499999,0.2319284669646619,0
1.4629926850000001,0.26850365749999994,0.2316747461854932,0
1.4634926825,0.26825365874999996,0.2314210615379903,0
1.46399268,0.26800366,0.23116741305763208,0
1.4644926775,0.26775366125,0.2309138007808874,0
1.464992675,0.2675036625,0.23066022474422984,0
1.4654926725000001,0.2672536637499999,0.2304066849841331,0
1.46599267,0.26700366499999995,0.2301531815370675,0
1.4664926675,0.26675366624999997,0.22989971443949453,0
1.466992665,0.2665036675,0.22964628372786325,0
1.4674926625,0.26625366875,0.22939288943909517,0
1.4679926600000002,0.2660036699999999,0.2291395316094598,0
1.4684926575000001,0.26575367124999993,0.2288862102757078,0
1.468992655,0.26550367249999995,0.22863292547509953,0
1.4694926525,0.26525367375,0.22837967724490313,0
1.46999265,0.265003675,0.22812646562238964,0
1.4704926475,0.26475367625,0.22787329064482897,0
1.4709926450000002,0.2645036774999999,0.22762015234948532,0
1.4714926425000001,0.26425367874999994,0.22736705077361327,0
1.47199264,0.26400367999999996,0.2271139859551492,0
1.4724926375,0.26375368125,0.2268609579308548,0
1.472992635,0.2635036825,0.22660796673864822,0
1.4734926325000002,0.2632536837499999,0.22635501241659317,0
1.4739926300000001,0.26300368499999993,0.22610209500276401,0
1.4744926275,0.26275368624999995,0.2258492145352405,0
1.474992625,0.26250368749999997,0.22559637105210395,0
1.4754926225,0.26225368875,0.225343564591433,0
1.47599262,0.26200369,0.22509079519144953,0
1.4764926175000002,0.2617536912499999,0.22483806289066058,0
1.4769926150000001,0.26150369249999994,0.2245853677268619,0
1.4774926125,0.26125369374999996,0.2243327097389152,0
1.47799261,0.261003695,0.22408008896569945,0
1.4784926075,0.26075369625,0.2238275054461068,0
1.4789926050000002,0.2605036974999999,0.2235749592190378,0
1.4794926025000001,0.26025369874999993,0.22332245032339765,0
1.4799926,0.26000369999999995,0.22306997879809112,0
1.4804925975,0.25975370124999997,0.22281754468239293,0
1.480992595,0.2595037025,0.22256514801519078,0
1.4814925925,0.25925370375,0.22231278883557512,0
1.4819925900000002,0.2590037049999999,0.22206046718323236,0
1.4824925875000001,0.25875370624999994,0.2218081830978695,0
1.482992585,0.25850370749999996,0.22155593661920892,0
1.4834925825,0.25825370875,0.22130372778698448,0
1.48399258,0.25800371,0.2210515566409373,0
1.4844925775,0.25775371125,0.2207994232208112,0
1.4849925750000001,0.2575037124999999,0.2205473275669127,0
1.4854925725,0.25725371374999995,0.22029526971865923,0
1.48599257,0.25700371499999997,0.22004324971633443,0
1.4864925675,0.25675371625,0.21979126760046253,0
1.486992565,0.2565037175,0.2195393234115907,0
1.4874925625000002,0.2562537187499999,0.21928741719028463,0
1.4879925600000001,0.25600371999999993,0.2190355489771248,0
1.4884925575,0.25575372124999995,0.21878371881270112,0
1.488992555,0.2555037225,0.21853192673766886,0
1.4894925525,0.25525372375,0.21828017279319042,0
1.48999255,0.255003725,0.2180284570194895,0
1.4904925475000002,0.2547537262499999,0.21777677945791094,0
1.4909925450000001,0.25450372749999994,0.21752514014983004,0
1.4914925425,0.25425372874999996,0.21727353913664782,0
1.49199254,0.25400373,0.2170219764597868,0
1.4924925375,0.25375373125,0.21677045216068677,0
1.4929925350000002,0.2535037324999999,0.21651896628080036,0
1.4934925325000001,0.25325373374999993,0.21626751886186055,0
1.49399253,0.25300373499999995,0.21601610994544998,0
1.4944925275,0.25275373624999997,0.21576473957311065,0
1.494992525,0.2525037375,0.21551340778704933,0
1.4954925225,0.25225373875,0.2152621146295059,0
1.4959925200000002,0.2520037399999999,0.21501086014274906,0
1.4964925175000001,0.25175374124999994,0.2147596443690723,0
1.496992515,0.25150374249999996,0.2145084673507889,0
1.4974925125,0.25125374375,0.21425732913022807,0
1.49799251,0.251003745,0.21400622975017725,0
1.4984925075000002,0.2507537462499999,0.21375516925279134,0
1.4989925050000001,0.25050374749999993,0.21350414768083298,0
1.4994925025,0.25025374874999995,0.21325316507738495,0
1.4999925,0.25000374999999997,0.21300222148556652,0
1.5004924975,0.24975375125,0.21275131694852842,0
1.500992495,0.2495037525,0.21250045150944907,0
1.5014924925000002,0.24925375374999992,0.21224962521152996,0
1.5019924900000001,0.24900375499999994,0.21199883809799153,0
1.5024924875,0.24875375624999996,0.21174809021238075,0
1.502992485,0.24850375749999998,0.21149738159808468,0
1.5034924825,0.24825375875,0.21124671229893607,0
1.50399248,0.24800376000000002,0.21099608235881104,0
1.5044924775000001,0.24775376124999993,0.2107454918216176,0
1.504992475,0.24750376249999995,0.21049494073129174,0
1.5054924725,0.24725376374999997,0.21024442913196037,0
1.50599247,0.247003765,0.20999395706760876,0
1.5064924675,0.24675376625,0.209743524582628,0
1.5069924650000002,0.24650376749999992,0.20949313172152623,0
1.5074924625000001,0.24625376874999994,0.20924277852884793,0
1.50799246,0.24600376999999995,0.20899246504916905,0
1.5084924575,0.24575377124999997,0.2087421913272103,0
1.508992455,0.2455037725,0.20849195740763737,0
1.5094924525,0.24525377375000001,0.20824176333539193,0
1.5099924500000002,0.24500377499999992,0.2079916091556195,0
1.5104924475000001,0.24475377624999994,0.20774149491350632,0
1.510992445,0.24450377749999996,0.2074914206542739,0
1.5114924425,0.24425377874999998,0.20724138642324427,0
1.51199244,0.24400378,0.20699139226578972,0
1.5124924375000002,0.2437537812499999,0.20674143822739202,0
1.5129924350000001,0.24350378249999993,0.20649152435384005,0
1.5134924325,0.24325378374999995,0.20624165069096673,0
1.51399243,0.24300378499999997,0.205991817284645,0
1.5144924275,0.24275378625,0.20574202418081788,0
1.514992425,0.2425037875,0.20549227142569212,0
1.5154924225000002,0.24225378874999992,0.20524255906503203,0
1.5159924200000001,0.24200378999999994,0.20499288714532607,0
1.5164924175,0.24175379124999996,0.20474325571311544,0
1.516992415,0.24150379249999998,0.20449366481499015,0
1.5174924125,0.24125379375,0.20424411449758445,0
1.5179924100000002,0.2410037949999999,0.20399460480757242,0
1.5184924075000001,0.24075379624999993,0.2037451357917907,0
1.518992405,0.24050379749999995,0.2034957074971117,0
1.5194924025,0.24025379874999997,0.203246319970393,0
1.5199924,0.2400038,0.20299697325896768,0
1.5204923975,0.23975380125,0.2027476674102249,0
1.5209923950000002,0.23950380249999992,0.20249840247160528,0
1.5214923925000001,0.23925380374999994,0.2022491784905972,0
1.52199239,0.23900380499999996,0.20199999551473172,0
1.5224923875,0.23875380624999998,0.20175085359178113,0
1.522992385,0.2385038075,0.20150175276934773,0
1.5234923825000002,0.2382538087499999,0.2012526930953191,0
1.5239923800000001,0.23800380999999993,0.20100367461788726,0
1.5244923775,0.23775381124999995,0.2007546973853031,0
1.524992375,0.23750381249999997,0.2005057614458723,0
1.5254923725,0.23725381375,0.2002568668479508,0
1.52599237,0.237003815,0.20000801363994078,0
1.5264923675000002,0.23675381624999992,0.19975920187055599,0
1.5269923650000001,0.23650381749999994,0.19951043158818407,0
1.5274923625,0.23625381874999996,0.19926170284171776,0
1.52799236,0.23600381999999998,0.1990130156802221,0
1.5284923575,0.23575382125,0.19876437015282433,0
1.528992355,0.23550382250000002,0.19851576630870948,0
1.5294923525000002,0.23525382374999992,0.19826720419711594,0
1.5299923500000001,0.23500382499999994,0.19801868386733154,0
1.5304923475,0.23475382624999996,0.19777020536902387,0
1.530992345,0.23450382749999998,0.19752176875140676,0
1.5314923425,0.23425382875,0.1972733740643623,0
1.5319923400000002,0.2340038299999999,0.19702502135784367,0
1.5324923375000001,0.23375383124999993,0.19677671068186953,0
1.532992335,0.23350383249999995,0.19652844208651934,0
1.5334923325,0.23325383374999997,0.19628021562192904,0
1.53399233,0.233003835,0.19603203133836727,0
1.5344923275,0.23275383625,0.19578388928623278,0
1.5349923250000002,0.23250383749999992,0.1955357895158348,0
1.5354923225000001,0.23225383874999994,0.19528773207795763,0
1.53599232,0.23200383999999996,0.19503971702345813,0
1.5364923175,0.23175384124999998,0.19479174440326152,0
1.536992315,0.2315038425,0.19454381426835732,0
1.5374923125000002,0.2312538437499999,0.19429592666979456,0
1.5379923100000001,0.23100384499999993,0.19404808165882448,0
1.5384923075,0.23075384624999995,0.19380027928664273,0
1.538992305,0.23050384749999997,0.19355251960462902,0
1.5394923025,0.23025384875,0.19330480266448402,0
1.5399923,0.23000385,0.19305712851798437,0
1.5404922975000002,0.22975385124999992,0.19280949721697815,0
1.5409922950000001,0.22950385249999994,0.19256190881338117,0
1.5414922925,0.22925385374999996,0.1923143633591718,0
1.54199229,0.22900385499999998,0.19206686090659045,0
1.5424922875,0.22875385625,0.19181940150768534,0
1.5429922850000002,0.2285038574999999,0.19157198521488672,0
1.5434922825000001,0.22825385874999993,0.1913246120808286,0
1.54399228,0.22800385999999995,0.19107728215822378,0
1.5444922775,0.22775386124999997,0.19082999549986016,0
1.544992275,0.2275038625,0.19058275215859602,0
1.5454922725,0.22725386375,0.19033555218735598,0
1.5459922700000002,0.22700386499999992,0.19008839563938293,0
1.5464922675000001,0.22675386624999994,0.1898412825676204,0
1.546992265,0.22650386749999996,0.18959421302553814,0
1.5474922625,0.22625386874999998,0.1893471870667201,0
1.54799226,0.22600387,0.18910020474483288,0
1.5484922575,0.22575387125000002,0.18885326611362127,0
1.5489922550000002,0.22550387249999992,0.18860637122690352,0
1.5494922525000001,0.22525387374999994,0.18835952013861168,0
1.54999225,0.22500387499999996,0.1881127129028784,0
1.5504922475,0.22475387624999998,0.187865949573705,0
1.550992245,0.2245038775,0.18761923020555354,0
1.5514922425000002,0.2242538787499999,0.18737255485297616,0
1.5519922400000001,0.22400387999999993,0.18712592357061097,0
1.5524922375,0.22375388124999995,0.18687933641317742,0
1.552992235,0.22350388249999997,0.18663279343547207,0
1.5534922325,0.22325388375,0.18638629469246437,0
1.55399223,0.223003885,0.1861398402391623,0
1.5544922275000002,0.22275388624999992,0.185893430130685,0
1.5549922250000001,0.22250388749999994,0.18564706442247786,0
1.5554922225,0.22225388874999996,0.18540074317007965,0
1.55599222,0.22200388999999998,0.1851544664291183,0
1.5564922175,0.22175389125,0.1849082342553066,0
1.5569922150000002,0.2215038924999999,0.18466204670443784,0
1.5574922125000001,0.22125389374999993,0.18441590383252865,0
1.55799221,0.22100389499999995,0.18416980569551716,0
1.5584922075,0.22075389624999997,0.18392375234962655,0
1.558992205,0.2205038975,0.18367774385130445,0
1.5594922025,0.22025389875,0.18343178025709544,0
1.5599922000000002,0.22000389999999992,0.1831858616236366,0
1.5604921975000001,0.21975390124999994,0.18293998800765343,0
1.560992195,0.21950390249999996,0.1826941594659552,0
1.5614921925,0.21925390374999998,0.18244837605562048,0
1.56199219,0.219003905,0.18220263783356128,0
1.5624921875000002,0.2187539062499999,0.18195694485709887,0
1.5629921850000001,0.21850390749999993,0.1817112971837034,0
1.5634921825,0.21825390874999995,0.18146569487094488,0
1.56399218,0.21800390999999997,0.18122013797648961,0
1.5644921775,0.21775391125,0.1809746265580955,0
1.564992175,0.2175039125,0.18072916067362432,0
1.5654921725000002,0.21725391374999992,0.18048374038118678,0
1.5659921700000001,0.21700391499999994,0.18023836573875282,0
1.5664921675,0.21675391624999996,0.17999303680472672,0
1.566992165,0.21650391749999998,0.1797477536376211,0
1.5674921625,0.21625391875,0.17950251629605238,0
1.5679921600000002,0.2160039199999999,0.17925732483873638,0
1.5684921575000002,0.21575392124999992,0.17901217932448454,0
1.568992155,0.21550392249999994,0.17876707981226186,0
1.5694921525,0.21525392374999996,0.1785220263611452,0
1.56999215,0.21500392499999998,0.17827701903027826,0
1.5704921475,0.21475392625,0.17803205787912604,0
1.5709921450000002,0.2145039274999999,0.17778714296726503,0
1.5714921425000001,0.21425392874999993,0.1775422743543796,0
1.57199214,0.21400392999999995,0.1772974521002568,0
1.5724921375,0.21375393124999997,0.17705267626478227,0
1.572992135,0.2135039325,0.17680794690803764,0
1.5734921325,0.21325393375,0.17656326409011924,0
1.5739921300000002,0.21300393499999992,0.1763186278713382,0
1.5744921275000001,0.21275393624999994,0.17607403831224228,0
1.574992125,0.21250393749999996,0.17582949547349427,0
1.5754921225,0.21225393874999998,0.17558499941586808,0
1.57599212,0.21200394,0.1753405502002442,0
1.5764921175000002,0.2117539412499999,0.17509614788760525,0
1.5769921150000001,0.21150394249999993,0.17485179253916705,0
1.5774921125,0.21125394374999995,0.17460748421608985,0
1.57799211,0.21100394499999997,0.17436322297985274,0
1.5784921075,0.21075394625,0.17411900889210885,0
1.578992105,0.2105039475,0.17387484201463027,0
1.5794921025000002,0.21025394874999992,0.17363072240930358,0
1.5799921000000001,0.21000394999999994,0.17338665013812604,0
1.5804920975,0.20975395124999996,0.1731426252632003,0
1.580992095,0.20950395249999998,0.17289864784689832,0
1.5814920925,0.20925395375,0.17265471795148069,0
1.5819920900000002,0.2090039549999999,0.17241083563960122,0
1.5824920875000001,0.20875395624999993,0.17216700097404264,0
1.582992085,0.20850395749999995,0.17192321401771005,0
1.5834920825,0.20825395874999997,0.1716794748336269,0
1.58399208,0.20800396,0.1714357834849304,0
1.5844920775,0.20775396125,0.1711921400349034,0
1.5849920750000002,0.20750396249999992,0.17094854454699285,0
1.5854920725000001,0.20725396374999994,0.17070499708469664,0
1.58599207,0.20700396499999996,0.1704614977118205,0
1.5864920675,0.20675396624999998,0.1702180464923011,0
1.586992065,0.2065039675,0.1699746434902014,0
1.5874920625000002,0.2062539687499999,0.16973128876970625,0
1.5879920600000001,0.20600396999999993,0.1694879823951185,0
1.5884920575,0.20575397124999995,0.1692447244309194,0
1.588992055,0.20550397249999997,0.16900151494167906,0
1.5894920525,0.20525397374999999,0.16875835399213815,0
1.58999205,0.205003975,0.16851524164727855,0
1.5904920475000002,0.2047539762499999,0.16827217797221658,0
1.5909920450000001,0.20450397749999993,0.16802916303219892,0
1.5914920425,0.20425397874999995,0.1677861968925978,0
1.59199204,0.20400397999999997,0.16754327961890683,0
1.5924920375,0.20375398125,0.1673004112768281,0
1.592992035,0.2035039825,0.16705759193209904,0
1.5934920325000002,0.20325398374999992,0.16681482165071124,0
1.5939920300000001,0.20300398499999994,0.16657210049884932,0
1.5944920275,0.20275398624999996,0.16632942854283608,0
1.594992025,0.20250398749999998,0.16608680584912833,0
1.5954920225,0.20225398875,0.16584423248431238,0
1.5959920200000002,0.2020039899999999,0.16560170851509964,0
1.5964920175000001,0.20175399124999993,0.16535923400843924,0
1.596992015,0.20150399249999995,0.16511680903127351,0
1.5974920125,0.20125399374999997,0.16487443365085896,0
1.59799201,0.201003995,0.16463210793461036,0
1.5984920075,0.20075399625,0.16438983195008477,0
1.5989920050000002,0.20050399749999992,0.164147605764977,0
1.5994920025000001,0.20025399874999994,0.16390542944711559,0
1.599992,0.20000399999999996,0.16366330306447413,0
1.6004919975,0.19975400124999998,0.16342122668522813,0
1.600991995,0.1995040025,0.1631792003776078,0
1.6014919925000002,0.1992540037499999,0.16293722421013648,0
1.6019919900000001,0.19900400499999993,0.16269529825148826,0
1.6024919875,0.19875400624999995,0.16245342257048315,0
1.602991985,0.19850400749999997,0.162211597236083,0
1.6034919825,0.19825400875,0.1619698223173872,0
1.60399198,0.19800401,0.1617280978836664,0
1.6044919775000002,0.19775401124999992,0.16148642400433771,0
1.6049919750000001,0.19750401249999994,0.16124480074896558,0
1.6054919725,0.19725401374999996,0.16100322818735824,0
1.60599197,0.19700401499999998,0.16076170638947862,0
1.6064919675,0.19675401625,0.16052023542543983,0
1.6069919650000002,0.1965040174999999,0.16027881536550065,0
1.6074919625000001,0.19625401874999993,0.16003744628006167,0
1.60799196,0.19600401999999995,0.15979612823974645,0
1.6084919575,0.19575402124999997,0.15955486131522537,0
1.608991955,0.19550402249999999,0.15931364557738684,0
1.6094919525,0.19525402375,0.1590724810973604,0
1.6099919500000002,0.19500402499999991,0.15883136794643904,0
1.6104919475000001,0.19475402624999993,0.15859030619607523,0
1.610991945,0.19450402749999995,0.15834929591787586,0
1.6114919425,0.19425402874999997,0.15810833718359835,0
1.61199194,0.19400403,0.15786743006514614,0
1.6124919375,0.19375403125000001,0.15762657463459034,0
1.6129919350000002,0.19350403249999992,0.15738577096422915,0
1.6134919325000001,0.19325403374999994,0.15714501912640477,0
1.61399193,0.19300403499999996,0.15690431919376518,0
1.6144919275,0.19275403624999998,0.15666367123913,0
1.614991925,0.1925040375,0.15642307533548597,0
1.6154919225000002,0.1922540387499999,0.15618253155598238,0
1.6159919200000001,0.19200403999999993,0.15594203997392722,0
1.6164919175,0.19175404124999995,0.15570160066278213,0
1.616991915,0.19150404249999997,0.15546121369615826,0
1.6174919125,0.19125404375,0.15522087914791807,0
1.61799191,0.191004045,0.15498059709198111,0
1.6184919075000002,0.19075404624999992,0.15474036760252818,0
1.6189919050000001,0.19050404749999994,0.15450019075394655,0
1.6194919025,0.19025404874999996,0.15426006662079836,0
1.6199919,0.19000404999999998,0.15401999527781665,0
1.6204918975,0.18975405125,0.15377997679990071,0
1.6209918950000002,0.1895040524999999,0.15354001126211175,0
1.6214918925000001,0.18925405374999993,0.15330009873966888,0
1.62199189,0.18900405499999995,0.15306023930798807,0
1.6224918875,0.18875405624999997,0.1528204330426668,0
1.622991885,0.1885040575,0.15258068001944491,0
1.6234918825,0.18825405875,0.15234098031432028,0
1.6239918800000002,0.18800405999999992,0.15210133400347395,0
1.6244918775000001,0.18775406124999994,0.1518617411632661,0
1.624991875,0.18750406249999996,0.15162220187023112,0
1.6254918725,0.18725406374999998,0.1513827162010736,0
1.62599187,0.187004065,0.15114328423266377,0
1.6264918675000002,0.1867540662499999,0.15090390604203294,0
1.6269918650000001,0.18650406749999993,0.15066458170648933,0
1.6274918625,0.18625406874999995,0.1504253113033857,0
1.62799186,0.18600406999999997,0.15018609491037546,0
1.6284918575,0.18575407124999999,0.14994693260530442,0
1.628991855,0.1855040725,0.14970782446620554,0
1.6294918525000002,0.18525407374999991,0.1494687705712943,0
1.6299918500000001,0.18500407499999993,0.1492297709989649,0
1.6304918475,0.18475407624999995,0.14899082582778495,0
1.630991845,0.18450407749999997,0.14875193513649176,0
1.6314918425,0.18425407875,0.1485130990040466,0
1.63199184,0.18400408000000001,0.14827431750956926,0
1.6324918375000002,0.18375408124999992,0.14803559073238245,0
1.6329918350000001,0.18350408249999994,0.14779691875204531,0
1.6334918325,0.18325408374999996,0.14755830164831218,0
1.63399183,0.18300408499999998,0.14731973950112842,0
1.6344918275,0.18275408625,0.14708123239062607,0
1.6349918250000002,0.1825040874999999,0.14684278039711915,0
1.6354918225000001,0.18225408874999993,0.1466043836010999,0
1.63599182,0.18200408999999995,0.14636604208325008,0
1.6364918175,0.18175409124999997,0.14612775592449465,0
1.636991815,0.1815040925,0.14588952520588086,0
1.6374918125,0.18125409375,0.14565135000873194,0
1.6379918100000002,0.18100409499999992,0.1454132304145749,0
1.6384918075000001,0.18075409624999994,0.14517516650513643,0
1.638991805,0.18050409749999996,0.14493715836233803,0
1.6394918025,0.18025409874999998,0.14469920606829198,0
1.6399918,0.1800041,0.14446130970529647,0
1.6404917975000002,0.1797541012499999,0.14422346935583152,0
1.6409917950000001,0.17950410249999993,0.143985685102633,0
1.6414917925,0.17925410374999995,0.14374795702857218,0
1.64199179,0.17900410499999997,0.1435102852167745,0
1.6424917875,0.17875410625,0.14327266975059402,0
1.642991785,0.1785041075,0.1430351107135927,0
1.6434917825000002,0.17825410874999992,0.14279760818953613,0
1.6439917800000001,0.17800410999999994,0.14256016226238918,0
1.6444917775,0.17775411124999996,0.14232277301631124,0
1.644991775,0.17750411249999998,0.14208544053565178,0
1.6454917725,0.17725411375,0.14184816490498117,0
1.6459917700000002,0.1770041149999999,0.1416109462090884,0
1.6464917675000001,0.17675411624999993,0.14137378453294258,0
1.646991765,0.17650411749999995,0.14113667996178192,0
1.6474917625,0.17625411874999997,0.1408996325810614,0
1.64799176,0.17600412,0.14066264247644827,0
1.6484917575,0.17575412125,0.14042570973381757,0
1.6489917550000002,0.17550412249999991,0.14018883443924737,0
1.6494917525000001,0.17525412374999993,0.13995201667901508,0
1.64999175,0.17500412499999995,0.1397152565395922,0
1.6504917475,0.17475412624999997,0.13947855410774948,0
1.650991745,0.1745041275,0.13924190947035098,0
1.6514917425000002,0.1742541287499999,0.13900532271457985,0
1.6519917400000002,0.17400412999999992,0.13876879392784497,0
1.6524917375000001,0.17375413124999994,0.13853232319777614,0
1.652991735,0.17350413249999996,0.13829591061221952,0
1.6534917325,0.17325413374999998,0.13805955625923355,0
1.65399173,0.173004135,0.1378232602270842,0
1.6544917275000002,0.1727541362499999,0.13758702260424036,0
1.6549917250000001,0.17250413749999993,0.13735084347943174,0
1.6554917225,0.17225413874999995,0.1371147229415714,0
1.65599172,0.17200413999999997,0.13687866107981392,0
1.6564917175,0.17175414125,0.13664265798358627,0
1.656991715,0.1715041425,0.1364067137425454,0
1.6574917125000002,0.17125414374999992,0.1361708284465734,0
1.6579917100000001,0.17100414499999994,0.1359350021857737,0
1.6584917075,0.17075414624999996,0.13569923505046577,0
1.658991705,0.17050414749999998,0.13546352713118126,0
1.6594917025,0.17025414875,0.1352278785186809,0
1.6599917000000002,0.1700041499999999,0.13499228930400287,0
1.6604916975000001,0.16975415124999993,0.13475675957832484,0
1.660991695,0.16950415249999995,0.13452128943315994,0
1.6614916925,0.16925415374999997,0.1342858789602605,0
1.66199169,0.169004155,0.1340505282516133,0
1.6624916875,0.16875415625,0.13381523739943485,0
1.6629916850000002,0.16850415749999992,0.13358000649616705,0
1.6634916825000001,0.16825415874999994,0.1333448356344731,0
1.66399168,0.16800415999999996,0.13310972490723233,0
1.6644916775,0.16775416124999998,0.1328746744076428,0
1.664991675,0.1675041625,0.1326396842290158,0
1.6654916725000002,0.1672541637499999,0.13240475446499825,0
1.6659916700000001,0.16700416499999993,0.13216988520951048,0
1.6664916675,0.16675416624999995,0.13193507655671616,0
1.666991665,0.16650416749999997,0.13170032860101782,0
1.6674916625,0.16625416875,0.1314656414370528,0
1.66799166,0.16600417,0.13123101515968832,0
1.6684916575000002,0.16575417124999992,0.13099644986401712,0
1.6689916550000001,0.16550417249999994,0.13076194564541213,0
1.6694916525,0.16525417374999996,0.1305275025994719,0
1.66999165,0.16500417499999998,0.13029312082200753,0
1.6704916475,0.16475417625,0.13005880040918363,0
1.6709916450000002,0.1645041774999999,0.1298245414574177,0
1.6714916425000002,0.16425417874999992,0.12959034406337575,0
1.6719916400000001,0.16400417999999994,0.1293562083239673,0
1.6724916375,0.16375418124999996,0.1291221343363413,0
1.672991635,0.16350418249999998,0.12888812219788143,0
1.6734916325,0.16325418375,0.1286541720062027,0
1.6739916300000002,0.1630041849999999,0.1284202838593209,0
1.6744916275000001,0.16275418624999993,0.12818645785524327,0
1.674991625,0.16250418749999995,0.1279526940924605,0
1.6754916225,0.16225418874999997,0.12771899266972564,0
1.67599162,0.16200419,0.12748535368604932,0
1.6764916175,0.16175419125,0.12725177724069547,0
1.6769916150000002,0.16150419249999992,0.12701826343317657,0
1.6774916125000001,0.16125419374999994,0.12678481236324962,0
1.67799161,0.16100419499999996,0.12655142413091083,0
1.6784916075,0.16075419624999998,0.1263180988365124,0
1.678991605,0.1605041975,0.12608483658052758,0
1.6794916025000002,0.1602541987499999,0.12585163746377062,0
1.6799916000000001,0.16000419999999993,0.1256185015874167,0
1.6804915975,0.15975420124999995,0.12538542905290812,0
1.680991595,0.15950420249999997,0.1251524199619499,0
1.6814915925,0.15925420375,0.12491947441650536,0
1.68199159,0.159004205,0.12468659251879145,0
1.6824915875000002,0.15875420624999992,0.12445377437127406,0
1.6829915850000001,0.15850420749999994,0.12422102007671446,0
1.6834915825,0.15825420874999996,0.12398832973820423,0
1.68399158,0.15800420999999998,0.12375570345890964,0
1.6844915775,0.15775421125,0.12352314134251972,0
1.6849915750000002,0.1575042124999999,0.12329064349300049,0
1.6854915725000001,0.15725421374999993,0.12305821001459069,0
1.68599157,0.15700421499999995,0.12282584101179655,0
1.6864915675,0.15675421624999997,0.12259353658938793,0
1.686991565,0.1565042175,0.12236129685239332,0
1.6874915625,0.15625421875,0.12212912190609539,0
1.6879915600000002,0.15600421999999992,0.12189701185624582,0
1.6884915575000001,0.15575422124999994,0.12166496680853267,0
1.688991555,0.15550422249999996,0.12143298686919776,0
1.6894915525,0.15525422374999998,0.1212010721448289,0
1.68999155,0.155004225,0.1209692227422961,0
1.6904915475000002,0.1547542262499999,0.12073743876874701,0
1.6909915450000002,0.15450422749999992,0.12050572033160273,0
1.6914915425000001,0.15425422874999994,0.1202740675385528,0
1.69199154,0.15400422999999996,0.1200424804975506,0
1.6924915375,0.15375423124999998,0.11981095931694316,0
1.692991535,0.1535042325,0.11957950410525817,0
1.6934915325000002,0.1532542337499999,0.11934811497126903,0
1.6939915300000001,0.15300423499999993,0.11911679202428946,0
1.6944915275,0.15275423624999995,0.1188855353739252,0
1.694991525,0.15250423749999997,0.11865434513006977,0
1.6954915225,0.15225423875,0.11842322140289989,0
1.6959915200000002,0.1520042399999999,0.11819216430287073,0
1.6964915175000002,0.15175424124999992,0.11796117394071179,0
1.6969915150000001,0.15150424249999994,0.117730250427427,0
1.6974915125,0.15125424374999996,0.11749939387463228,0
1.69799151,0.15100424499999998,0.11726860439361779,0
1.6984915075,0.15075424625,0.11703788209653364,0
1.6989915050000002,0.1505042474999999,0.11680722709583226,0
1.6994915025000001,0.15025424874999993,0.11657663950426425,0
1.6999915,0.15000424999999995,0.11634611943487341,0
1.7004914975,0.14975425124999997,0.11611566700099225,0
1.700991495,0.1495042525,0.11588528231623747,0
1.7014914925,0.14925425375,0.11565496549450521,0
1.7019914900000002,0.14900425499999992,0.11542471665023134,0
1.7024914875000001,0.14875425624999994,0.1151945358977742,0
1.702991485,0.14850425749999996,0.11496442335202928,0
1.7034914825,0.14825425874999998,0.11473437912841379,0
1.70399148,0.14800426,0.11450440334265365,0
1.7044914775000002,0.1477542612499999,0.11427449611077808,0
1.7049914750000001,0.14750426249999993,0.11404465754911584,0
1.7054914725,0.14725426374999995,0.11381488777428982,0
1.70599147,0.14700426499999997,0.11358518690321263,0
1.7064914675,0.14675426625,0.11335555505319844,0
1.706991465,0.1465042675,0.11312599234196508,0
1.7074914625000002,0.14625426874999992,0.11289649888712842,0
1.7079914600000001,0.14600426999999994,0.11266707480719684,0
1.7084914575,0.14575427124999996,0.11243772022099745,0
1.708991455,0.14550427249999998,0.11220843524767138,0
1.7094914525,0.14525427375,0.1119792200066697,0
1.7099914500000002,0.1450042749999999,0.11175007461774804,0
1.7104914475000002,0.14475427624999992,0.11152099920096287,0
1.710991445,0.14450427749999994,0.11129199387666579,0
1.7114914425,0.14425427874999996,0.11106305876592062,0
1.71199144,0.14400427999999998,0.11083419398941224,0
1.7124914375,0.14375428125,0.11060539966875227,0
1.7129914350000002,0.1435042824999999,0.11037667592599565,0
1.7134914325000001,0.14325428374999993,0.1101480228835214,0
1.71399143,0.14300428499999995,0.1099194406640275,0
1.7144914275,0.14275428624999997,0.1096909293905268,0
1.714991425,0.1425042875,0.10946248918634176,0
1.7154914225000002,0.1422542887499999,0.10923412017510015,0
1.7159914200000002,0.14200428999999992,0.10900582248116206,0
1.7164914175000001,0.14175429124999994,0.10877759622850058,0
1.716991415,0.14150429249999996,0.10854944154200229,0
1.7174914125,0.14125429374999998,0.10832135854708609,0
1.71799141,0.141004295,0.10809334736950399,0
1.7184914075000002,0.1407542962499999,0.10786540813533621,0
1.7189914050000001,0.14050429749999993,0.10763754097098693,0
1.7194914025,0.14025429874999995,0.10740974600317903,0
1.7199914,0.14000429999999997,0.10718202335894984,0
1.7204913975,0.13975430125,0.10695437316609055,0
1.720991395,0.1395043025,0.10672679555202914,0
1.7214913925000002,0.13925430374999992,0.10649929064505158,0
1.7219913900000001,0.13900430499999994,0.10627185857408979,0
1.7224913875,0.13875430624999996,0.10604449946841787,0
1.722991385,0.13850430749999998,0.10581721345764741,0
1.7234913825,0.13825430875,0.10559000067172329,0
1.7239913800000002,0.1380043099999999,0.10536286124091819,0
1.7244913775000001,0.13775431124999993,0.1051357952958289,0
1.724991375,0.13750431249999995,0.10490880296782168,0
1.7254913725,0.13725431374999997,0.10468188438795135,0
1.72599137,0.137004315,0.10445503968803231,0
1.7264913675,0.13675431625,0.10422826900066758,0
1.7269913650000002,0.13650431749999992,0.104001572458812,0
1.7274913625000001,0.13625431874999994,0.103774950195768,0
1.72799136,0.13600431999999996,0.10354840234517987,0
1.7284913575,0.13575432124999998,0.10332192904102996,0
1.728991355,0.1355043225,0.10309553041763338,0
1.7294913525000002,0.1352543237499999,0.10286920661008327,0
1.7299913500000001,0.13500432499999993,0.10264295775324939,0
1.7304913475,0.13475432624999995,0.10241678398260738,0
1.730991345,0.13450432749999996,0.10219068543460068,0
1.7314913425,0.13425432874999998,0.10196466224603427,0
1.73199134,0.13400433,0.10173871455407023,0
1.7324913375000002,0.1337543312499999,0.10151284249622251,0
1.7329913350000001,0.13350433249999993,0.10128704621035277,0
1.7334913325,0.13325433374999995,0.10106132583466491,0
1.73399133,0.13300433499999997,0.10083568150813789,0
1.7344913275,0.13275433625,0.10061011336966309,0
1.7349913250000002,0.1325043374999999,0.10038462155851398,0
1.7354913225000002,0.13225433874999992,0.100159206215155,0
1.7359913200000001,0.13200433999999994,0.09993386748042195,0
1.7364913175,0.13175434124999996,0.09970860549551763,0
1.736991315,0.13150434249999998,0.09948342040200683,0
1.7374913125,0.13125434375,0.0992583123418115,0
1.7379913100000002,0.1310043449999999,0.099033281457206,0
1.7384913075000001,0.13075434624999993,0.09880832789122257,0
1.738991305,0.13050434749999995,0.09858345178700166,0
1.7394913025,0.13025434874999997,0.09835865328775488,0
1.7399913,0.13000435,0.09813393253816033,0
1.7404912975,0.12975435125,0.09790928968327785,0
1.7409912950000002,0.12950435249999992,0.09768472486854404,0
1.7414912925000001,0.12925435374999994,0.09746023823976832,0
1.74199129,0.12900435499999996,0.09723582994312666,0
1.7424912875,0.12875435624999998,0.09701150012515806,0
1.742991285,0.1285043575,0.09678724893312343,0
1.7434912825000002,0.1282543587499999,0.09656307651466318,0
1.7439912800000001,0.12800435999999993,0.09633898301707086,0
1.7444912775,0.12775436124999995,0.09611496858944442,0
1.744991275,0.12750436249999997,0.09589103338127414,0
1.7454912725,0.12725436375,0.09566717754243774,0
1.74599127,0.127004365,0.0954434012231953,0
1.7464912675000002,0.12675436624999992,0.09521970457418476,0
1.7469912650000001,0.12650436749999994,0.09499608774641691,0
1.7474912625,0.12625436874999996,0.0947725508915659,0
1.74799126,0.12600436999999998,0.09454909416205014,0
1.7484912575,0.12575437125,0.09432571770939081,0
1.7489912550000002,0.1255043724999999,0.09410242168732659,0
1.7494912525000001,0.12525437374999993,0.09387920624999968,0
1.74999125,0.12500437499999995,0.09365607155194973,0
1.7504912475,0.12475437624999997,0.0934330177481099,0
1.750991245,0.12450437749999999,0.09321004499380156,0
1.7514912425,0.12425437875,0.09298715344472945,0
1.7519912400000002,0.12400437999999991,0.09276434325717424,0
1.7524912375000001,0.12375438124999993,0.09254161458864098,0
1.752991235,0.12350438249999995,0.09231896759502617,0
1.7534912325,0.12325438374999997,0.09209640243494632,0
1.75399123,0.123004385,0.09187391926743206,0
1.7544912275000002,0.1227543862499999,0.09165151825192275,0
1.7549912250000002,0.12250438749999992,0.09142919954826215,0
1.7554912225000001,0.12225438874999994,0.09120696331669288,0
1.75599122,0.12200438999999996,0.09098480971785185,0
1.7564912175,0.12175439124999998,0.09076273891282875,0
1.756991215,0.1215043925,0.0905407510645585,0
1.7574912125000002,0.12125439374999991,0.09031884633346142,0
1.7579912100000001,0.12100439499999993,0.09009702488328639,0
1.7584912075,0.12075439624999995,0.08987528687820685,0
1.758991205,0.12050439749999997,0.08965363248281667,0
1.7594912025,0.12025439874999999,0.08943206186212493,0
1.7599912,0.12000440000000001,0.08921057518155105,0
1.7604911975000002,0.11975440124999992,0.08898917260691952,0
1.7609911950000001,0.11950440249999994,0.08876785430445555,0
1.7614911925,0.11925440374999996,0.08854662044256319,0
1.76199119,0.11900440499999998,0.08832547118667937,0
1.7624911875,0.11875440625,0.08810440670584294,0
1.7629911850000002,0.11850440749999991,0.08788342716964409,0
1.7634911825000001,0.11825440874999993,0.08766253274810497,0
1.76399118,0.11800440999999995,0.08744172361167413,0
1.7644911775,0.11775441124999997,0.08722099993122202,0
1.764991175,0.11750441249999999,0.08700036187803559,0
1.7654911725,0.11725441375000001,0.08677980962381365,0
1.7659911700000002,0.11700441499999992,0.08655934334250587,0
1.7664911675000001,0.11675441624999994,0.08633896320506503,0
1.766991165,0.11650441749999996,0.08611866938599659,0
1.7674911625,0.11625441874999998,0.08589846206060174,0
1.76799116,0.11600442,0.08567834140462512,0
1.7684911575000002,0.1157544212499999,0.08545830759424972,0
1.7689911550000001,0.11550442249999993,0.08523836080609248,0
1.7694911525,0.11525442374999995,0.08501850121719809,0
1.76999115,0.11500442499999997,0.08479872900503488,0
1.7704911475,0.11475442624999999,0.08457904434938292,0
1.770991145,0.1145044275,0.08435944742705027,0
1.7714911425000002,0.11425442874999991,0.08413993841826031,0
1.7719911400000001,0.11400442999999993,0.08392051750434222,0
1.7724911375,0.11375443124999995,0.0837011848670808,0
1.772991135,0.11350443249999997,0.0834819406887113,0
1.7734911325,0.11325443375,0.08326278515191468,0
1.7739911300000002,0.1130044349999999,0.08304371843981202,0
1.7744911275000002,0.11275443624999992,0.08282474073596012,0
1.7749911250000001,0.11250443749999994,0.08260585222627205,0
1.7754911225,0.11225443874999996,0.08238705309378765,0
1.77599112,0.11200443999999998,0.08216834352471007,0
1.7764911175,0.11175444125,0.0819497237067386,0
1.7769911150000002,0.11150444249999991,0.0817311938280405,0
1.7774911125000001,0.11125444374999993,0.08151275407724638,0
1.77799111,0.11100444499999995,0.08129440464344449,0
1.7784911075,0.11075444624999997,0.08107614571617595,0
1.778991105,0.11050444749999999,0.08085797748542932,0
1.7794911025000002,0.1102544487499999,0.08063990014357403,0
1.7799911000000002,0.11000444999999992,0.08042191388029851,0
1.7804910975000001,0.10975445124999994,0.08020401888805902,0
1.780991095,0.10950445249999996,0.0799862153612945,0
1.7814910925,0.10925445374999998,0.07976850349492515,0
1.78199109,0.109004455,0.07955088348434686,0
1.7824910875000002,0.10875445624999991,0.0793333555254262,0
1.7829910850000001,0.10850445749999993,0.07911591981449546,0
1.7834910825,0.10825445874999995,0.07889857654834687,0
1.78399108,0.10800445999999997,0.07868132592615018,0
1.7844910775,0.10775446124999999,0.07846416814470634,0
1.784991075,0.10750446250000001,0.07824710340300843,0
1.7854910725000002,0.10725446374999992,0.07803013190263541,0
1.7859910700000001,0.10700446499999994,0.07781325384566073,0
1.7864910675,0.10675446624999996,0.07759646943464689,0
1.786991065,0.10650446749999998,0.07737977887264012,0
1.7874910625,0.10625446875,0.07716318236316527,0
1.7879910600000002,0.1060044699999999,0.07694668011022027,0
1.7884910575000001,0.10575447124999993,0.076730272320142,0
1.788991055,0.10550447249999995,0.07651395919736204,0
1.7894910525,0.10525447374999997,0.07629774094770457,0
1.78999105,0.10500447499999999,0.07608161778032226,0
1.7904910475,0.10475447625,0.07586558990487577,0
1.7909910450000002,0.10450447749999991,0.07564965753152884,0
1.7914910425000001,0.10425447874999993,0.07543382087094251,0
1.79199104,0.10400447999999995,0.07521808013426957,0
1.7924910375,0.10375448124999997,0.07500243553314988,0
1.792991035,0.1035044825,0.07478688728147713,0
1.7934910325000002,0.1032544837499999,0.07457143559189498,0
1.7939910300000002,0.10300448499999992,0.07435608067736149,0
1.7944910275000001,0.10275448624999994,0.07414082275507426,0
1.794991025,0.10250448749999996,0.07392566204275289,0
1.7954910225,0.10225448874999998,0.07371059875863412,0
1.79599102,0.10200449,0.07349563312146577,0
1.7964910175000002,0.10175449124999991,0.07328076535050172,0
1.7969910150000001,0.10150449249999993,0.0730659956654967,0
1.7974910125,0.10125449374999995,0.07285132428831739,0
1.79799101,0.10100449499999997,0.07263675144047213,0
1.7984910075,0.10075449624999999,0.0724222773423645,0
1.7989910050000002,0.1005044974999999,0.07220790221974904,0
1.7994910025000002,0.10025449874999992,0.07199362629891759,0
1.7999910000000001,0.10000449999999994,0.07177944980669274,0
1.8004909975,0.09975450124999996,0.07156537297042337,0
1.800990995,0.09950450249999998,0.07135139601797841,0
1.8014909925,0.09925450375,0.07113751917774194,0
1.8019909900000002,0.09900450499999991,0.07092374267999592,0
1.8024909875000001,0.09875450624999993,0.0707100667558507,0
1.802990985,0.09850450749999995,0.070496491633473,0
1.8034909825,0.09825450874999997,0.07028301754773295,0
1.80399098,0.09800450999999999,0.07006964473405257,0
1.8044909775,0.09775451125000001,0.06985637342840047,0
1.8049909750000002,0.09750451249999992,0.06964320386728579,0
1.8054909725000001,0.09725451374999994,0.06943013628775342,0
1.80599097,0.09700451499999996,0.06921717092737757,0
1.8064909675,0.09675451624999998,0.06900430802532588,0
1.806990965,0.0965045175,0.06879154782314482,0
1.8074909625000002,0.0962545187499999,0.06857889055708599,0
1.8079909600000001,0.09600451999999993,0.06836633647174489,0
1.8084909575,0.09575452124999995,0.06815388581228428,0
1.808990955,0.09550452249999997,0.0679415388244291,0
1.8094909525,0.09525452374999999,0.06772929575446048,0
1.80999095,0.095004525,0.06751715684921011,0
1.8104909475000002,0.09475452624999992,0.06730512235605494,0
1.8109909450000001,0.09450452749999994,0.06709319252354845,0
1.8114909425,0.09425452874999996,0.06688136760462111,0
1.81199094,0.09400452999999998,0.06666964784393253,0
1.8124909375,0.09375453125,0.06645803349647021,0
1.8129909350000002,0.0935045324999999,0.06624652481780506,0
1.8134909325000002,0.09325453374999992,0.06603512206408668,0
1.8139909300000001,0.09300453499999994,0.0658238254920366,0
1.8144909275,0.09275453624999996,0.06561263535894322,0
1.814990925,0.09250453749999998,0.06540155192265573,0
1.8154909225,0.09225453875,0.06519057544164349,0
1.8159909200000002,0.09200453999999991,0.06497970618130211,0
1.8164909175000001,0.09175454124999993,0.06476894439501933,0
1.816990915,0.09150454249999995,0.06455829034890552,0
1.8174909125,0.09125454374999997,0.06434774430967218,0
1.81799091,0.09100454499999999,0.06413730654462546,0
1.8184909075000002,0.0907545462499999,0.06392697732166051,0
1.8189909050000002,0.09050454749999992,0.0637167569092563,0
1.8194909025000001,0.09025454874999994,0.06350664557646837,0
1.8199909,0.09000454999999996,0.06329664359292446,0
1.8204908975,0.08975455124999998,0.06308675123568143,0
1.820990895,0.0895045525,0.0628769687692072,0
1.8214908925000002,0.08925455374999991,0.06266729647085861,0
1.8219908900000001,0.08900455499999993,0.062457734619291515,0
1.8224908875,0.08875455624999995,0.06224828349377396,0
1.822990885,0.08850455749999997,0.06203894337418028,0
1.8234908825,0.08825455874999999,0.06182971454098522,0
1.8239908800000002,0.0880045599999999,0.061620597275258225,0
1.8244908775000002,0.08775456124999992,0.06141159185865742,0
1.8249908750000001,0.08750456249999994,0.06120269858012616,0
1.8254908725,0.08725456374999996,0.0609939177169284,0
1.82599087,0.08700456499999998,0.06078524955828026,0
1.8264908675,0.08675456625,0.06057669439558124,0
1.8269908650000002,0.08650456749999991,0.0603682525208604,0
1.8274908625000001,0.08625456874999993,0.06015992422677065,0
1.82799086,0.08600456999999995,0.05995170980658214,0
1.8284908575,0.08575457124999997,0.05974360955417657,0
1.828990855,0.08550457249999999,0.05953562376404128,0
1.8294908525,0.08525457375,0.05932775273932224,0
1.8299908500000002,0.08500457499999992,0.059119996768383025,0
1.8304908475000001,0.08475457624999994,0.0589123561549655,0
1.830990845,0.08450457749999996,0.05870483120410894,0
1.8314908425,0.08425457874999998,0.05849742222149954,0
1.83199084,0.08400458,0.05829012951346426,0
1.8324908375000002,0.0837545812499999,0.0580829533869653,0
1.8329908350000002,0.08350458249999992,0.057875894149592946,0
1.8334908325000001,0.08325458374999994,0.05766895210996475,0
1.83399083,0.08300458499999996,0.05746212758539637,0
1.8344908275,0.08275458624999998,0.057255420877352275,0
1.834990825,0.0825045875,0.05704883230488511,0
1.8354908225000002,0.08225458874999991,0.05684236218771894,0
1.8359908200000001,0.08200458999999993,0.05663601084624369,0
1.8364908175,0.08175459124999995,0.05642977860150773,0
1.836990815,0.08150459249999997,0.056223665775212275,0
1.8374908125,0.08125459374999999,0.05601767268970515,0
1.8379908100000002,0.0810045949999999,0.05581179966959255,0
1.8384908075000002,0.08075459624999992,0.055606047045260634,0
1.8389908050000001,0.08050459749999994,0.05540041513448852,0
1.8394908025,0.08025459874999996,0.055194904272152824,0
1.8399908,0.08000459999999998,0.05498951479382075,0
1.8404907975,0.07975460125,0.05478424703574375,0
1.8409907950000002,0.07950460249999991,0.054579101334851235,0
1.8414907925000001,0.07925460374999993,0.05437407802874419,0
1.84199079,0.07900460499999995,0.05416917745568851,0
1.8424907875,0.07875460624999997,0.05396439995763442,0
1.842990785,0.07850460749999999,0.053759745878956954,0
1.8434907825000002,0.0782546087499999,0.053555215555176706,0
1.8439907800000002,0.07800460999999992,0.05335080933827907,0
1.8444907775000001,0.07775461124999994,0.05314652758096006,0
1.844990775,0.07750461249999996,0.052942370636619794,0
1.8454907725,0.07725461374999998,0.05273833885935635,0
1.84599077,0.077004615,0.052534432603958695,0
1.8464907675000002,0.07675461624999991,0.05233065222590005,0
1.8469907650000001,0.07650461749999993,0.05212699808599199,0
1.8474907625,0.07625461874999995,0.05192347054361378,0
1.84799076,0.07600461999999997,0.05172006995361969,0
1.8484907575,0.07575462124999999,0.05151679668653503,0
1.848990755,0.07550462250000001,0.051313651113617104,0
1.8494907525000002,0.07525462374999992,0.05111063360684791,0
1.8499907500000001,0.07500462499999994,0.05090774453892853,0
1.8504907475,0.07475462624999996,0.05070498428327067,0
1.850990745,0.07450462749999998,0.05050235321399142,0
1.8514907425,0.07425462875,0.050299851712469104,0
1.8519907400000002,0.0740046299999999,0.050097480154209596,0
1.8524907375000002,0.07375463124999992,0.0498952389151848,0
1.852990735,0.07350463249999994,0.049693128386059694,0
1.8534907325,0.07325463374999996,0.04949114895825298,0
1.85399073,0.07300463499999998,0.04928930102393043,0
1.8544907275,0.07275463625,0.04908758497599791,0
1.8549907250000002,0.07250463749999991,0.04888600120809399,0
1.8554907225000001,0.07225463874999993,0.04868455011458373,0
1.85599072,0.07200463999999995,0.04848323209933765,0
1.8564907175,0.07175464124999997,0.04828204755523159,0
1.856990715,0.07150464249999999,0.048080996881360645,0
1.8574907125000002,0.0712546437499999,0.047880080490322406,0
1.8579907100000002,0.07100464499999992,0.04767929879549208,0
1.8584907075000001,0.07075464624999994,0.04747865221101395,0
1.858990705,0.07050464749999996,0.047278141151795544,0
1.8594907025,0.07025464874999998,0.04707776603349979,0
1.8599907,0.07000465,0.04687752727253827,0
1.8604906975000002,0.06975465124999991,0.04667742529745708,0
1.8609906950000001,0.06950465249999993,0.04647746051987853,0
1.8614906925,0.06925465374999995,0.04627763336428715,0
1.86199069,0.06900465499999997,0.046077944267230886,0
1.8624906875,0.06875465624999999,0.04587839366605908,0
1.8629906850000002,0.0685046574999999,0.04567898199891509,0
1.8634906825000002,0.06825465874999992,0.0454797097047291,0
1.8639906800000001,0.06800465999999994,0.04528057722321055,0
1.8644906775,0.06775466124999996,0.04508158499484082,0
1.864990675,0.06750466249999998,0.04488273347533142,0
1.8654906725,0.06725466375,0.044684023096574925,0
1.8659906700000002,0.06700466499999991,0.04448545431101567,0
1.8664906675000001,0.06675466624999993,0.04428702758143076,0
1.866990665,0.06650466749999995,0.044088743371423905,0
1.8674906625,0.06625466874999997,0.04389060214541857,0
1.86799066,0.06600466999999999,0.04369260436865012,0
1.8684906575,0.06575467125000001,0.04349475050715845,0
1.8689906550000002,0.06550467249999992,0.043297041027779974,0
1.8694906525000001,0.06525467374999994,0.043099476413159324,0
1.86999065,0.06500467499999996,0.04290205712196938,0
1.8704906475,0.06475467624999998,0.042704783638024935,0
1.870990645,0.0645046775,0.04250765645204155,0
1.8714906425000002,0.0642546787499999,0.04231067605558546,0
1.8719906400000002,0.06400467999999992,0.04211384294106548,0
1.8724906375,0.06375468124999994,0.04191715760172527,0
1.872990635,0.06350468249999996,0.04172062053163559,0
1.8734906325,0.06325468374999998,0.04152423223570895,0
1.87399063,0.063004685,0.04132799320851392,0
1.8744906275000002,0.06275468624999991,0.041131903950021975,0
1.8749906250000001,0.06250468749999993,0.0409359649800854,0
1.8754906225,0.062254688749999954,0.04074017681943653,0
1.87599062,0.06200468999999997,0.04054453998968075,0
1.8764906175,0.06175469124999999,0.04034905501328746,0
1.8769906150000002,0.0615046924999999,0.04015372241358284,0
1.8774906125000002,0.06125469374999992,0.03995854271760614,0
1.8779906100000001,0.06100469499999994,0.039763516466796225,0
1.8784906075,0.06075469624999996,0.039568644173082784,0
1.878990605,0.06050469749999998,0.03937392638833262,0
1.8794906025,0.06025469875,0.03917936366532529,0
1.8799906000000002,0.06000469999999991,0.038984956557744456,0
1.8804905975000001,0.05975470124999993,0.03879070562017013,0
1.880990595,0.05950470249999995,0.03859661140806917,0
1.8814905925,0.05925470374999997,0.03840267447778762,0
1.88199059,0.05900470499999999,0.0382088954070399,0
1.8824905875000002,0.0587547062499999,0.03801527473860673,0
1.8829905850000002,0.05850470749999992,0.03782181305100179,0
1.8834905825000001,0.05825470874999994,0.037628510932332375,0
1.88399058,0.05800470999999996,0.03743536897164372,0
1.8844905775,0.05775471124999998,0.0372423877589102,0
1.884990575,0.0575047125,0.0370495678850266,0
1.8854905725000002,0.05725471374999991,0.03685690994179915,0
1.8859905700000001,0.05700471499999993,0.03666441453604992,0
1.8864905675,0.05675471624999995,0.03647208225981914,0
1.886990565,0.05650471749999997,0.03627991371223523,0
1.8874905625,0.05625471874999999,0.03608790952048727,0
1.88799056,0.05600472000000001,0.035896070312738115,0
1.8884905575000002,0.05575472124999992,0.03570439671811498,0
1.8889905550000001,0.05550472249999994,0.03551288936670103,0
1.8894905525,0.05525472374999996,0.035321548889525184,0
1.88999055,0.05500472499999998,0.035130375922539425,0
1.8904905475,0.054754726249999996,0.034939371122262815,0
1.8909905450000002,0.054504727499999905,0.03474853510224548,0
1.8914905425000001,0.054254728749999925,0.03455786853307551,0
1.89199054,0.054004729999999945,0.03436737208635248,0
1.8924905375,0.053754731249999965,0.03417704643467883,0
1.892990535,0.053504732499999985,0.03398689225164941,0
1.8934905325,0.053254733750000005,0.033796910211842515,0
1.8939905300000002,0.053004734999999914,0.03360710099081028,0
1.8944905275000001,0.052754736249999934,0.033417465287255456,0
1.894990525,0.052504737499999954,0.0332280037684132,0
1.8954905225,0.052254738749999974,0.03303871714150422,0
1.89599052,0.052004739999999994,0.03284960612404186,0
1.8964905175000002,0.0517547412499999,0.032660671434574705,0
1.8969905150000002,0.05150474249999992,0.03247191379267816,0
1.8974905125000001,0.05125474374999994,0.03228333391894248,0
1.89799051,0.05100474499999996,0.032094932543764346,0
1.8984905075,0.05075474624999998,0.03190671040052328,0
1.898990505,0.0505047475,0.031718668211263505,0
1.8994905025000002,0.05025474874999991,0.03153080674160001,0
1.8999905000000001,0.05000474999999993,0.03134312675822486,0
1.9004904975,0.04975475124999995,0.0311556290288963,0
1.900990495,0.04950475249999997,0.030968314322428404,0
1.9014904925,0.04925475374999999,0.030781183408680655,0
1.9019904900000002,0.0490047549999999,0.03059423708421023,0
1.9024904875000002,0.04875475624999992,0.030407476105522274,0
1.9029904850000001,0.04850475749999994,0.030220901277741147,0
1.9034904825,0.04825475874999996,0.030034513421074327,0
1.90399048,0.04800475999999998,0.02984831335683916,0
1.9044904775,0.04775476125,0.02966230190745185,0
1.9049904750000002,0.04750476249999991,0.02947647989641622,0
1.9054904725000001,0.04725476374999993,0.02929084815788431,0
1.90599047,0.04700476499999995,0.029105407534599118,0
1.9064904675,0.04675476624999997,0.028920158847345837,0
1.906990465,0.04650476749999999,0.028735102976067062,0
1.9074904625000002,0.0462547687499999,0.02855024080186183,0
1.9079904600000002,0.04600476999999992,0.02836557320697424,0
1.9084904575000001,0.04575477124999994,0.028181101074781566,0
1.908990455,0.04550477249999996,0.027996825289783173,0
1.9094904525,0.04525477374999998,0.02781274676902345,0
1.90999045,0.045004775,0.02762886638130239,0
1.9104904475000002,0.044754776249999906,0.027445185052736177,0
1.9109904450000001,0.044504777499999926,0.027261703731451845,0
1.9114904425,0.044254778749999946,0.027078423366770504,0
1.91199044,0.044004779999999966,0.026895344909196,0
1.9124904375,0.043754781249999986,0.026712469310402272,0
1.912990435,0.043504782500000005,0.0265297975302235,0
1.9134904325000002,0.043254783749999914,0.02634733054545911,0
1.9139904300000001,0.043004784999999934,0.026165069317170036,0
1.9144904275,0.042754786249999954,0.025983014863977912,0
1.914990425,0.042504787499999974,0.025801168205742037,0
1.9154904225,0.042254788749999994,0.025619530363547523,0
1.9159904200000002,0.0420047899999999,0.025438102359691395,0
1.9164904175000002,0.04175479124999992,0.025256885239420063,0
1.9169904150000001,0.04150479249999994,0.025075880023815895,0
1.9174904125,0.04125479374999996,0.024895087775108394,0
1.91799041,0.04100479499999998,0.024714509587276168,0
1.9184904075,0.04075479625,0.024534146555575342,0
1.9189904050000002,0.04050479749999991,0.024353999776525966,0
1.9194904025000001,0.04025479874999993,0.02417407034789915,0
1.9199904,0.04000479999999995,0.023994359407250157,0
1.9204903975,0.03975480124999997,0.023814868036245183,0
1.920990395,0.03950480249999999,0.023635597405170034,0
1.9214903925000002,0.0392548037499999,0.023456548692414758,0
1.9219903900000002,0.03900480499999992,0.02327772307768925,0
1.9224903875000001,0.03875480624999994,0.023099121742008694,0
1.922990385,0.03850480749999996,0.02292074588226947,0
1.9234903825,0.03825480874999998,0.022742596699829976,0
1.92399038,0.03800481,0.022564675392998373,0
1.9244903775000002,0.03775481124999991,0.022386983233795555,0
1.9249903750000001,0.03750481249999993,0.0222095214956227,0
1.9254903725,0.03725481374999995,0.02203229145324626,0
1.92599037,0.03700481499999997,0.021855294382782685,0
1.9264903675,0.03675481624999999,0.021678531588099587,0
1.9269903650000002,0.0365048174999999,0.021502004353238107,0
1.9274903625000002,0.03625481874999992,0.02132571402435045,0
1.9279903600000001,0.03600481999999994,0.021149661974121648,0
1.9284903575,0.03575482124999996,0.020973849576656073,0
1.928990355,0.03550482249999998,0.020798278207461447,0
1.9294903525,0.03525482375,0.020622949275009503,0
1.9299903500000002,0.035004824999999906,0.02044786415324301,0
1.9304903475000001,0.034754826249999926,0.020273024298486847,0
1.930990345,0.034504827499999946,0.02009843119039178,0
1.9314903425,0.034254828749999966,0.019924086310079192,0
1.93199034,0.034004829999999986,0.019749991140123414,0
1.9324903375,0.033754831250000006,0.019576147204066918,0
1.9329903350000002,0.033504832499999915,0.01940255598027608,0
1.9334903325000001,0.033254833749999935,0.019229219049964722,0
1.93399033,0.033004834999999955,0.01905613801338691,0
1.9344903275,0.032754836249999975,0.018883314472321975,0
1.934990325,0.032504837499999994,0.018710750030056456,0
1.9354903225000002,0.0322548387499999,0.018538446340778544,0
1.9359903200000002,0.03200483999999992,0.01836640500078685,0
1.9364903175000001,0.03175484124999994,0.018194627733109963,0
1.936990315,0.03150484249999996,0.018023116274716786,0
1.9374903125,0.03125484374999998,0.017851872364160602,0
1.93799031,0.031004845000000003,0.01768089774156015,0
1.9384903075000002,0.030754846249999912,0.017510194195959897,0
1.9389903050000001,0.030504847499999932,0.01733976349022502,0
1.9394903025,0.030254848749999952,0.017169607500361044,0
1.9399903,0.030004849999999972,0.016999728108215498,0
1.9404902975,0.029754851249999992,0.016830127197271644,1
1.9409902950000002,0.0295048524999999,0.01666080668947232,1
1.9414902925000002,0.02925485374999992,0.016491768480083456,1
1.9419902900000001,0.02900485499999994,0.016323014579516824,1
1.9424902875,0.02875485624999996,0.01615454702420263,1
1.942990285,0.02850485749999998,0.015986367852274478,1
1.9434902825,0.02825485875,0.015818479133714224,1
1.9439902800000002,0.02800485999999991,0.015650882923298443,1
1.9444902775000001,0.02775486124999993,0.015483581373784517,1
1.944990275,0.02750486249999995,0.015316576697080368,1
1.9454902725,0.02725486374999997,0.015149871106871002,1
1.94599027,0.02700486499999999,0.014983466838799281,1
1.9464902675000002,0.026754866249999898,0.014817366140840626,1
1.9469902650000002,0.026504867499999918,0.014651571312883437,1
1.9474902625000001,0.026254868749999938,0.014486084767236866,1
1.94799026,0.026004869999999958,0.014320908918067442,1
1.9484902575,0.025754871249999978,0.014156046183481628,1
1.948990255,0.025504872499999998,0.01399149904016965,1
1.9494902525000002,0.025254873749999907,0.013827269973612132,1
1.9499902500000001,0.025004874999999926,0.013663361608826195,1
1.9504902475,0.024754876249999946,0.013499776572756406,1
1.950990245,0.024504877499999966,0.01333651752268738,1
1.9514902425,0.024254878749999986,0.01317358711765453,1
1.9519902400000002,0.024004879999999895,0.013010988144810132,1
1.9524902375000002,0.023754881249999915,0.012848723459309472,1
1.9529902350000001,0.023504882499999935,0.012686795918299283,1
1.9534902325,0.023254883749999955,0.012525208441479132,1
1.95399023,0.023004884999999975,0.01236396393765853,1
1.9544902275,0.022754886249999995,0.012203065510571392,1
1.9549902250000002,0.022504887499999904,0.012042516278457175,1
1.9554902225000002,0.022254888749999924,0.011882319381362234,1
1.9559902200000001,0.022004889999999944,0.011722477993942618,1
1.9564902175,0.021754891249999964,0.011562995418182495,1
1.956990215,0.021504892499999984,0.01140387505462526,1
1.9574902125,0.021254893750000003,0.01124512031917526,1
1.9579902100000002,0.021004894999999912,0.011086734668936834,1
1.9584902075000001,0.020754896249999932,0.01092872166201198,1
1.958990205,0.020504897499999952,0.010771085009547866,1
1.9594902025,0.020254898749999972,0.010613828428284865,1
1.9599902,0.020004899999999992,0.010456955710806806,1
1.9604901975000002,0.0197549012499999,0.010300470697605481,1
1.9609901950000002,0.01950490249999992,0.010144377457147082,1
1.9614901925000001,0.01925490374999994,0.009988680060251283,1
1.96199019,0.01900490499999996,0.00983338265090925,1
1.9624901875,0.01875490624999998,0.009678489452218449,1
1.962990185,0.0185049075,0.009524004910828653,1
1.9634901825000002,0.01825490874999991,0.009369933501375747,1
1.9639901800000001,0.01800490999999993,0.009216279752322271,1
1.9644901775,0.01775491124999995,0.00906304837020591,1
1.964990175,0.01750491249999997,0.008910244239102487,1
1.9654901725,0.01725491374999999,0.008757872287164363,1
1.9659901700000002,0.0170049149999999,0.00860593749484986,1
1.9664901675000002,0.016754916249999918,0.00845444513847484,1
1.9669901650000001,0.016504917499999938,0.008303400597747411,1
1.9674901625,0.016254918749999958,0.008152809319985256,1
1.96799016,0.016004919999999978,0.008002676892117236,1
1.9684901575,0.015754921249999998,0.007853009201225914,1
1.9689901550000002,0.015504922499999907,0.007703812203640116,1
1.9694901525000001,0.015254923749999927,0.0075550919424627475,1
1.96999015,0.015004924999999947,0.007406854815237211,1
1.9704901475,0.014754926249999967,0.007259107350829506,1
1.970990145,0.014504927499999987,0.007111856176127566,1
1.9714901425000002,0.014254928749999896,0.006965108204604397,1
1.9719901400000002,0.014004929999999916,0.006818870646431673,1
1.9724901375000001,0.013754931249999935,0.006673150799095448,1
1.972990135,0.013504932499999955,0.006527956212732053,1
1.9734901325,0.013254933749999975,0.0063832948296065825,1
1.97399013,0.013004934999999995,0.006239174716871997,1
1.9744901275000002,0.012754936249999904,0.006095604213322553,1
1.9749901250000002,0.012504937499999924,0.005952592112264574,1
1.9754901225000001,0.012254938749999944,0.00581014735595633,1
1.97599012,0.012004939999999964,0.00566827921870879,1
1.9764901175,0.011754941249999984,0.005526997495601565,1
1.976990115,0.011504942500000004,0.005386312151457992,1
1.9774901125000002,0.011254943749999913,0.005246233617383073,1
1.9779901100000001,0.011004944999999933,0.005106772829101201,1
1.9784901075,0.010754946249999953,0.004967940946192888,1
1.978990105,0.010504947499999973,0.0048297498581133455,1
1.9794901025,0.010254948749999993,0.0046922117976254465,1
1.9799901000000002,0.010004949999999901,0.004555339513783426,1
1.9804900975000002,0.009754951249999921,0.004419146500740608,1
1.9809900950000001,0.009504952499999941,0.004283646600998251,1
1.9814900925,0.009254953749999961,0.00414885460864927,1
1.98199009,0.009004954999999981,0.004014785815086611,1
1.9824900875,0.008754956250000001,0.0038814563607748585,1
1.9829900850000002,0.00850495749999991,0.003748883230286778,1
1.9834900825000001,0.00825495874999993,0.0036170842033520405,1
1.98399008,0.00800495999999995,0.0034860782062391847,1
1.9844900775,0.00775496124999997,0.003355884985870476,1
1.984990075,0.00750496249999999,0.003226525699329161,1
1.9854900725000002,0.007254963749999899,0.003098022479366085,1
1.9859900700000002,0.007004964999999919,0.0029703991331573244,1
1.9864900675000001,0.0067549662499999386,0.002843680690954457,1
1.986990065,0.0065049674999999585,0.002717894104197183,1
1.9874900625,0.006254968749999978,0.0025930679793873426,1
1.98799006,0.006004969999999998,0.002469233108019785,1
1.9884900575000002,0.005754971249999907,0.0023464225487225725,1
1.9889900550000001,0.005504972499999927,0.00222467181453,1
1.9894900525,0.005254973749999947,0.0021040195594428184,1
1.98999005,0.005004974999999967,0.001984507463596759,1
1.9904900475,0.004754976249999987,0.0018661810992413998,1
1.9909900450000002,0.004504977499999896,0.0017490903543228577,1
1.9914900425000002,0.004254978749999916,0.0016332899462504862,1
1.9919900400000001,0.004004979999999936,0.0015188403964684716,1
1.9924900375,0.0037549812499999558,0.00140580910140354,1
1.992990035,0.0035049824999999757,0.0012942713965604356,1
1.9934900325,0.0032549837499999956,0.001184312252563204,1
1.9939900300000002,0.0030049849999999045,0.0010760283111762557,1
1.9944900275000002,0.0027549862499999245,0.0009695306407991893,1
1.9949900250000001,0.0025049874999999444,0.000864948344012896,1
1.9954900225,0.0022549887499999643,0.0007624335871187495,1
1.99599002,0.0020049899999999843,0.0006621687549142678,1
1.9964900175,0.0017549912500000042,0.0005643769473247067,1
1.9969900150000002,0.0015049924999999131,0.0004693380470703114,1
1.9974900125000001,0.001254993749999933,0.00037741549745718924,1
1.99799001,0.001004994999999953,0.0002891024678468049,1
1.9984900075,0.000754996249999973,0.0002051134192812351,1
1.998990005,0.0005049974999999929,0.00012659386952730534,1
1.9994900025000002,0.0002549987499999018,5.5759179874862786e-05,1
1.99999,5.000000000032756e-06,4.980185539960174e-07,1
