tau,t,s,q,q_bound,q_over_bound,mean_radius,reduced_radius,mean_error,y1,y2,eta1_x,eta1_y,eta2_x,eta2_y,eta3_x,eta3_y,eta4_x,eta4_y,eta5_x,eta5_y,eta6_x,eta6_y
0.0,0.0,1.0,0.009999999999999998,0.01,0.9999999999999998,0.8746881125707061,0.8746881125707061,0.0,0.8732839051438487,0.0495430649961594,-0.0024552082061584223,-0.004242647603078456,0.0020281988298572967,-0.004231083364906371,0.00012566717932859677,-0.0013923761868605818,0.00195298849999183,0.0011828325478230885,-0.0012384180973806658,0.002420126106697362,-0.00041322820563863705,0.00626314850032496
0.0025031176867902883,0.004999975,0.9975000125,0.009945021172978954,0.009994604920421358,0.9950389487291196,0.8757121001532375,0.8757121949359814,9.483901369469047e-08,0.8737665346447329,0.05834145429905453,-0.002375987700489119,-0.004239044170619255,0.0020401468193201977,-0.00420801949069736,0.00015053286666342127,-0.0013933701218087915,0.0019131443796110207,0.001198528036433125,-0.0012437705796168323,0.0024188852745493355,-0.00048406578548869,0.006223020472142948
0.005012516697916457,0.00999995,0.995000025,0.009890640344521483,0.009989137457232669,0.9901395778030997,0.876729451679601,0.8767296392814105,1.877077796211055e-07,0.8741538082140397,0.06715393530766316,-0.002297552915258766,-0.004234420083220702,0.002052256988658234,-0.004185001369451884,0.00017514600279312242,-0.0013939956540749616,0.0018735313138047859,0.001213584547807509,-0.0012495094443121795,0.0024175914766842613,-0.0005538719456851989,0.00618224108225578
0.007528228637416973,0.014999925,0.9925000375,0.009836847329380689,0.009983597353804493,0.9853008871228284,0.8777401831061519,0.877740461599252,2.7864261045582676e-07,0.8744455143292502,0.07597941503245537,-0.002219910774111624,-0.004228795357472803,0.0020645257090953885,-0.004162020315991955,0.00019950586706727615,-0.001394260109422071,0.0018341544509493629,0.0012280112348424233,-0.001255628851912989,0.0024162346788324796,-0.0006226464010874159,0.0061408298692119286
0.010050285348452212,0.0199999,0.99000005,0.009783632058743299,0.009977984353062032,0.9805218882449851,0.878744310782841,0.8787446782746531,3.6767909649323244e-07,0.8746414548230529,0.08481679808990492,-0.002143067831458323,-0.004222189937714003,0.002076949183271826,-0.004139067825593048,0.00022361184697123961,-0.0013941707134374173,0.0017950187599812333,0.0012418172210029398,-0.001262122801379014,0.0024148050538979355,-0.0006903891573869635,0.006098806201843596
0.01257871891572288,0.024999875,0.9875000625,0.009730984581458844,0.009972298197487272,0.9758016044797746,0.879741851446671,0.8797423060791199,4.54852121165197e-07,0.874741444896748,0.09366498687752124,-0.0020670302772799257,-0.004214623690299648,0.0020895234508285032,-0.004116135576095099,0.00024746343443822683,-0.001393734590930353,0.0017561290331219606,0.001255011597705603,-0.0012689851357308474,0.0024132929836137686,-0.0007571005053779188,0.00605618927600573
0.015113561667919091,0.02999985,0.985000075,0.009678895065156849,0.00996653862912118,0.9711390709785777,0.8807328222151494,0.8807333621639833,5.401958740270922e-07,0.8747453131312192,0.10252288174855098,-0.001991803941993214,-0.00420611639802162,0.002102244393985531,-0.004093215429869396,0.00027106022219872735,-0.001392958765425415,0.0017174898886191893,0.0012676034217887404,-0.0012762095475831138,0.002411689060067526,-0.0008227810152271215,0.006012998111460167
0.017654846180200544,0.034999825,0.9825000875,0.00962735379725368,0.009960705389565927,0.966533334811665,0.8817172405797455,0.8817178640538633,6.237438577330166e-07,0.8746529014954989,0.1113893811862959,-0.0019173943013727406,-0.004196687754678939,0.0021151077431104505,-0.004070299435643151,0.0002944019001693703,-0.001391850158748398,0.0016791057735014395,0.0012796017130696233,-0.0012837895846604561,0.0024099840870977175,-0.0008874315307480653,0.005969251548903151
0.02020260527670833,0.0399998,0.9800001,0.009576351185852278,0.009954798219987166,0.9619834550362814,0.8826951243993248,0.8826958296401313,7.055289164274335e-07,0.8744640653529064,0.12026338197808743,-0.00184380648152797,-0.0041863573597990455,0.002128109082275517,-0.00404737983018217,0.00031748825188225805,-0.0013904155907051158,0.0016409809663451263,0.0012910154519887795,-0.0012917186552950052,0.0024081690815621723,-0.0009510531636799283,0.005924968247135382
0.020343454409216956,0.040275844887088935,0.9798620775564555,0.009573550870534492,0.009954469930910594,0.9617338679990108,0.8827489226543499,0.8827496323588474,7.099935021544158e-07,0.8744508284519614,0.12075350540292284,-0.0018397677884910936,-0.004185761149209186,0.0021288308056876333,-0.004046114198653373,0.0003187553918779368,-0.0013903270289896822,0.0016388837603428567,0.0012916287473458952,-0.0012921664466496905,0.0024080654953617187,-0.0009545357227676446,0.00592250813414463
0.022756872033108774,0.044999775000000006,0.9775001125,0.009525877760534448,0.009948816861116342,0.9574885027550465,0.8836664918936156,0.8836672771743751,7.855832350312612e-07,0.8741786734648463,0.12914377938875307,-0.0017710452639279758,-0.0041751447135087464,0.0021412438547969105,-0.00402444903983572,0.0003403191509580572,-0.0013886617788471287,0.0016031195800509164,0.0013018535773383873,-0.0012999900339003545,0.0024062352744822816,-0.001013647287977556,0.00588016668037093
0.02531767977916989,0.04999975,0.975000125,0.009475924173049375,0.009942761053253044,0.9530475611650217,0.8846313616366746,0.8846322252618714,8.639383460602109e-07,0.8737966079922442,0.13802946733362864,-0.0016991150904720731,-0.004163069211554776,0.002154507368755137,-0.00400149968194371,0.0003628945576237132,-0.0013865953383246264,0.0015655255646275954,0.0013121249840755012,-0.0013085968664209174,0.0024041741120631403,-0.0010752155341134566,0.005834865135684472
0.027885062101370883,0.054999725,0.9725001375,0.00942648119790123,0.009936630536267404,0.948659725597707,0.8855897525503451,0.8855906928550553,9.406251425190685e-07,0.8733177644946235,0.14691933855110695,-0.0016280200686036815,-0.004150150140473464,0.002167894802494632,-0.003978524566107437,0.0003852145152759688,-0.0013842227818250423,0.0015282027099817969,0.0013218385212196615,-0.0013175321757548397,0.002401977256590787,-0.0011357597833938783,0.005789081710595497
0.030459052845545245,0.0599997,0.97000015,0.009377539732837852,0.009930425049602539,0.9443241035501481,0.8865416838977116,0.8865426992470093,1.0156739102198583e-06,0.872742051926849,0.15581228477467113,-0.0015577639764633461,-0.004136406672908728,0.0021814012100991515,-0.0039555166953260815,0.000407279147092431,-0.0013815505195947497,0.0014911546487116072,0.0013310029898336202,-0.0013267888671477754,0.002399636587208604,-0.0011952821622920697,0.005742834310787339
0.03303968611955796,0.064999675,0.9675001625,0.00932909079924254,0.009924144332277028,0.9400398147073343,0.8874871752765676,0.8874882640649521,1.089114348511354e-06,0.8720693926335734,0.16470719690435964,-0.0014883502680766514,-0.004121857863077477,0.002195021526839414,-0.0039324692670012875,0.0004290886526919517,-0.0013785848595409941,0.001454384858901985,0.0013396271410857944,-0.001336359733554751,0.00239714420057518,-0.0012537850368019494,0.005696140647958786
0.03562699629601731,0.06999965,0.965000175,0.00928112554243077,0.009917788122887454,0.9358059909560432,0.8884262466129093,0.8884274072637447,1.1609755849864185e-06,0.871299722341424,0.17360296517761226,-0.0014197820785725344,-0.00410652264238131,0.0022087505745893394,-0.003909375673812408,0.00045064330484613914,-0.001375332007411027,0.001417896666919832,0.0013477196743929354,-0.0013462374609672543,0.0023944924114060735,-0.0013112710068155233,0.005649018237805738
0.03822101801502193,0.074999625,0.9625001875,0.00923363523185378,0.009911356159610954,0.9316217763903082,0.8893589181544739,0.8893601491194082,1.23128615428348e-06,0.8704329901489755,0.18249847933944463,-0.0013520622294273075,-0.004090419815163273,0.0022225830672070843,-0.003886229504465204,0.00047194344624384396,-0.0013717980670451921,0.001381693250206469,0.0013552892356413428,-0.0013564146337025783,0.002391673752902159,-0.0013677429005275136,0.005601484398130169
0.04068690881843391,0.07974061793349345,0.9601296910332533,0.009189035630336326,0.009905187142790662,0.9276993455923167,0.8902373879276377,0.8902386841595963,1.2965479143993165e-06,0.8695214666878182,0.19093199269187155,-0.00128863589437149,-0.00407445901499186,0.0022357897389558854,-0.003864228024542468,0.0004919056041236961,-0.0013681929963165929,0.0013476308348705974,0.0013619914759204494,-0.001366334426713753,0.0023888403816881456,-0.001420355856864937,0.005556048178242327
0.0408217861869435,0.0799996,0.9600002,0.009186611261211014,0.009904848180207856,0.9274863273086766,0.890285210464341,0.8902865102226577,1.3000739353190952e-06,0.8694691585145516,0.1913926288119095,-0.0012851932337298588,-0.004073568054608288,0.002236513615877309,-0.003863024544316765,0.0004929894863103404,-0.0013679890407008461,0.0013457776400652907,0.001362344415485045,-0.00136688373965263,0.0023886809770672,-0.0014232037688704537,0.005553556247073657
0.043429335995245746,0.08499957500000001,0.9575002125,0.009140045148482916,0.009898263922024335,0.923398812204398,0.8912051444143428,0.8912065114724532,1.3673662870389356e-06,0.8684082032415427,0.20028430286316795,-0.0012191773014817344,-0.004055985898789748,0.002250536734428099,-0.003839754775868495,0.0005137818980751231,-0.001363910829457937,0.0013101527244480406,0.0013688937477283301,-0.0013776371755009683,0.002385507054906446,-0.001477656879968562,0.005505250701481405
0.04604370289934032,0.08999955000000001,0.955000225,0.009093928535876568,0.009891603121995121,0.9193584117477549,0.8921187411786086,0.892120174069568,1.4331900721806443e-06,0.8672501134616715,0.20917239077570224,-0.001154016344908321,-0.004037691746857597,0.0022646468446008267,-0.003816414379141035,0.000534321215098066,-0.0013595692336890856,0.0012748212507321687,0.0013749457077816317,-0.00138866725189303,0.002382145176519551,-0.0015311057136297118,0.005456584475386537
0.04866492263748009,0.094999525,0.9525002375,0.009048253189686297,0.009884865516646257,0.9153643187607264,0.8930260222272176,0.8930275195101796,1.4975715974682062e-06,0.8659948916162107,0.21805578201367315,-0.0010897119837776843,-0.004018703855365961,0.0022788382812704193,-0.0037929977319335977,0.0005546080284557711,-0.0013549699535913113,0.001239785828486838,0.001380508711189303,-0.0013999661985571376,0.0023785887510905782,-0.0015835539558782079,0.005407574078610989
0.05129303122969042,0.0999995,0.95000025,0.009003011000078682,0.009878050842097905,0.9114157381849047,0.893927009319787,0.893928569579482,1.5605366394482263e-06,0.864642553434942,0.22693336638961215,-0.0010262655507382644,-0.003999040334741215,0.0022931052976270998,-0.0037694994099632083,0.0005746429837813285,-0.0013501185897858941,0.0012050489322317983,0.0013855911122339294,-0.0014115261693844474,0.002374831406770172,-0.0016350054935175158,0.005358235815486219
0.05392806498073914,0.10499947500000001,0.9475002625,0.008958193980800862,0.009871158834067195,0.9075118870425302,0.8948217244991044,0.8948233463453223,1.6221104471756952e-06,0.8631931279130202,0.23580403423030624,-0.0009636780966630363,-0.003978719145888426,0.002307442070308794,-0.0037459141868895415,0.0005944267783636947,-0.00134502064397959,0.0011706129041834299,0.0013902012026129344,-0.0014233392474594085,0.0023708669904554036,-0.0016854644087334753,0.00530858578368922
0.05657006048314563,0.10999945,0.9450002750000001,0.008913794268816166,0.00986418922787113,0.9036519943910204,0.8957101900847709,0.8957118721518619,1.682317761238456e-06,0.8616466572857109,0.24466667654189692,-0.0009019503959996501,-0.003957758096935369,0.002321842704484397,-0.003722237034226007,0.0006139601583065148,-0.0013396815196868848,0.0011364799569872747,0.0013943472101875028,-0.0014353974500405436,0.002366689567467839,-0.0017349349737379941,0.005258639873192919
0.05921905462022995,0.114999425,0.9425002875,0.00886980412386967,0.009857141758429538,0.8998353012712305,0.8965924286668627,0.896594169613265,1.741182841456489e-06,0.8600031970010392,0.2535201851741494,-0.0008410829521235009,-0.003936174840112491,0.0023363012388856632,-0.003698463121139818,0.0006332439157469673,-0.001334106523010488,0.0011026521764358756,0.0013980372978021915,-0.001447692733489938,0.0023622934211323123,-0.0017834216454550695,0.005208413765328296
0.06103036322765087,0.11841065244103739,0.9407946737794813,0.008840023014929222,0.009852288811658243,0.8972557731426626,0.8971907732791169,0.8971925536381483,1.7805854587141239e-06,0.858826324588054,0.25955467218247913,-0.00080005000184823,-0.0039211016109987,0.0023461956967194392,-0.0036821854831714136,0.0006462574175733912,-0.0013301703076148798,0.001079749343612851,0.001400297380457252,-0.0014562130738305862,0.0023591658090335206,-0.0018159393822268668,0.0051739942122942225
0.06187508456920223,0.1199994,0.9400003,0.008826215927986075,0.00985001616026806,0.8960610606496585,0.8974684630996234,0.8974702616074167,1.79872949012072e-06,0.8582628156903872,0.2623634529838492,-0.0007810760026905481,-0.003913986868766994,0.002350811650785513,-0.003674587814144003,0.0006522788861351693,-0.001328300863477095,0.0010691315241707165,0.0014012795621735135,-0.001460216998149797,0.002357673052259065,-0.0018309290602510555,0.005157922931955514
0.06453818780429339,0.124999375,0.9375003125,0.00878302218490223,0.009842812167521222,0.892328537354799,0.8983383164952045,0.8983401712696695,1.8549810604982237e-06,0.8564255951370855,0.27119537399728466,-0.0007219295249865531,-0.00389121151450899,0.0023653678609204185,-0.003650606676684482,0.0006710659455746511,-0.001322269654925262,0.0010359198403670088,0.0014040820328455842,-0.0014729620931644204,0.002352823178532143,-0.0018774620287111056,0.005107182634741008
0.06720840209992758,0.12999935,0.935000325,0.00874021551943639,0.009835529513935522,0.8886370080078323,0.8992020122174728,0.8992039219866225,1.909960429343537e-06,0.8544916302430501,0.2800148435717766,-0.0006636432412692828,-0.00386786594448752,0.002379963738354538,-0.0036265154686256577,0.000689606008224388,-0.0013160179164420484,0.0010030188464000406,0.0014064526712108149,-0.0014859198212458995,0.00234773873380712,-0.0019230255304637867,0.005056207924537294
0.06988576553393704,0.134999325,0.9325003375,0.008697788676796527,0.009828167932872587,0.8849857609478523,0.9000595738758991,0.9000615373899314,1.963689920204955e-06,0.8524610289935087,0.28882075855622497,-0.0006062166241003581,-0.0038439671587941777,0.0023945931052834126,-0.003602310145637686,0.0007079000237628821,-0.001309550573345326,0.0009704301474917186,0.001408399369593756,-0.0014990819433819255,0.002342414867321063,-0.0019676247090557315,0.005005013640862371
0.07257031649082023,0.1399993,0.93000035,0.008655734521838097,0.009820727157312388,0.8813740961526609,0.9009110253192383,0.9009130413501566,2.0161914677575693e-06,0.8503339124194252,0.2976120174509667,-0.0005496489016745121,-0.00381953198800121,0.0024092497417836627,-0.0035779868584729256,0.0007259489749161599,-0.0013028724582256738,0.0009381552353349379,0.001409929950407394,-0.0015124401834875148,0.002336846942803193,-0.002011264866872735,0.004953614411489224
0.07526209366504372,0.144999275,0.9275003625,0.008614046038264957,0.0098132069198565,0.8778013251544605,0.9017563906293992,0.9017584579706419,2.0674866283380787e-06,0.8481104145581988,0.30638752056649066,-0.0004939390631304642,-0.003794577090822432,0.0024239273904966344,-0.003553541952152488,0.0007437538750479684,-0.001295988312025787,0.0009061954906966963,0.001411052165367333,-0.0015259862329953654,0.0023310305375050387,-0.0020539514601154714,0.004902024652128337
0.07796113606438863,0.14999925,0.925000375,0.008572716327775986,0.009805606952731402,0.8742667709506765,0.9025956941154324,0.9025978115814329,2.117596510495157e-06,0.8457906824125708,0.3151461701810715,-0.0004390858638420155,-0.003769118951895203,0.0024386197612452573,-0.003528971965063797,0.0007613157658136484,-0.0012889027851566432,0.0008745521859976962,0.0014117736947634374,-0.0015397117553835086,0.002324961441151388,-0.0020956900938310804,0.00485025856620082
0.08066748301334249,0.15499922500000002,0.9225003875,0.008531738609165654,0.00979792698779187,0.8707697679107147,0.9034289603074606,0.9034311267332333,2.1665418024459897e-06,0.843374875907518,0.32388687069746697,-0.0003850878306959123,-0.003743173879687382,0.002453320535589983,-0.0035042736279621532,0.0007786357148762155,-0.0012816204386585095,0.000843226487868777,0.0014121021467945571,-0.0015536083906434576,0.0023186356548051943,-0.002136486516995607,0.004798330144708296
0.08137381763686782,0.15630195279277923,0.9218490236036104,0.008521118968443552,0.009795912826912572,0.8698647200119274,0.9036450768366826,0.9036472558299662,2.179105618017289e-06,0.8427296892693276,0.32616114991702566,-0.0003711590395293478,-0.0037363360104927285,0.0024571513719044845,-0.003497817091432854,0.0007831087771440188,-0.0012796912807172757,0.000835116965454421,0.0014121241085482575,-0.0015572561783238788,0.0023169448648721835,-0.002146961896649699,0.004784775409222419
0.08338117415653688,0.1599992,0.9200004,0.008491106217377795,0.009790166756524386,0.8673096616785543,0.9042562139506706,0.9042584281913993,2.2143427740934532e-06,0.8408631678453146,0.33260852879856107,-0.0003319432673475433,-0.0037167580045243285,0.002468023371316992,-0.003479443862884263,0.0007957148136866892,-0.0012741457453987134,0.0008122194596815695,0.0014120450569608382,-0.0015676677596841886,0.002312049389653737,-0.002176346617653521,0.004746253166192732
0.08610224946223212,0.164999175,0.9175004125,0.008450812602516266,0.009782325990050625,0.8638858090715226,0.9050774799993313,0.9050797409299746,2.2610192941964675e-06,0.8382557438587334,0.3413100536019728,-0.00027965025945369203,-0.003689887276735267,0.0024827219068584974,-0.003454479781974173,0.0008125541753290087,-0.0012664830913061914,0.0007815320640523401,0.0014116098875136365,-0.0015818814686713596,0.0023051990657163572,-0.002215276418114797,0.0046940411967856385
0.0888307492258493,0.16999915000000002,0.915000425,0.008410851328814882,0.009774404419130992,0.8604975779754631,0.9058927836108447,0.9058950901257679,2.3065908570013682e-06,0.835552802362423,0.34999035681359336,-0.00022820667988040084,-0.0036625774649169463,0.0024974097656441222,-0.0034293786862244417,0.0008291549324290714,-0.0012586367766402396,0.0007511651653186371,0.0014108040269613605,-0.0015962411133011853,0.0022980813104763334,-0.0022532820702102466,0.0046417075903439345
0.09156671407355063,0.174999125,0.9125004375,0.008371216073568905,0.009766401774168229,0.8571443472365086,0.9067021501398437,0.9067045011524709,2.351076602393908e-06,0.8327545545025042,0.3586483528800199,-0.00017761019388393744,-0.003634844154312254,0.002512080560382365,-0.003404138064135667,0.0008455182351273592,-0.00125061101729073,0.0007211195319883309,0.0014096347896294457,-0.0016107382830083965,0.00229069295743954,-0.0022903698506057234,0.004589265488669664
0.0943101849658691,0.17999910000000002,0.91000045,0.008331900626030106,0.009758317785211046,0.8538255065496322,0.9075056051323505,0.9075079995748225,2.394495321763099e-06,0.8298612241044311,0.3672829591398555,-0.00012785826426279666,-0.0036067027453012997,0.002526727897271201,-0.0033787555902976473,0.0008616452491145483,-0.0012424099461069164,0.0006913958391606767,0.001408109415272524,-0.0016253645651077874,0.0022830310446228645,-0.002326546156175843,0.0045367278218104755
0.09706120320138781,0.184999075,0.9075004624999999,0.008292898886267306,0.009750152181957862,0.8505404563441455,0.9083031743200183,0.9083056111428149,2.436865424106966e-06,0.8268730476191716,0.3758930959738481,-7.894815647862166e-05,-0.0035781684520022014,0.002541345380136861,-0.0033532291238957145,0.000877537153729368,-0.0012340376142517743,0.0006619946709190288,0.0014062350687367043,-0.0016401115488688725,0.0022750928129754034,-0.0023618174994377654,0.004484107308437581
0.09981981042047022,0.18999905,0.905000475,0.008254204863994372,0.009741904693760559,0.8472886076663201,0.9090948836144596,0.9090973617859468,2.478204860451613e-06,0.8237902740677385,0.38447768695385687,-3.0876943743912114e-05,-0.003549256300979159,0.0025559266144998057,-0.0033275567071451213,0.0008931951401185008,-0.001225497992579454,0.0006329165226944232,0.001404018839670262,-0.0016549708295229178,0.0022668757047350696,-0.002396190504045902,0.004431416456298404
0.10171727204608477,0.1934302010767526,0.9032848994616237,0.008227826710148229,0.009736197472891535,0.8450759891689689,0.9096348042891845,0.9096373102477959,2.5059862251175747e-06,0.8216201746061182,0.39035338586264967,1.6273818310258012e-06,-0.00352920488570188,0.002565908465500462,-0.00330985406013153,0.0009038054598808597,-0.0012195430465736542,0.0006131492257340979,0.0014023038208621102,-0.0016652283904713613,0.0022610742677727997,-0.0024192621424750853,0.004395223903772155
0.10258604860904198,0.19499902500000002,0.9025004875,0.008215812677374472,0.00973357504962833,0.8440693820600055,0.9098807591013587,0.9098832776075229,2.5185313107364286e-06,0.8206131649836473,0.3930356589908679,1.6358487923795803e-05,-0.0035199811300667444,0.00257046521156564,-0.003301736563639682,0.0009086204094687912,-0.0012167949730495214,0.0006041618035915022,0.0014014677422916199,-0.001669934012196102,0.002258377361708504,-0.0024296719003536293,0.004378667562755825
0.10535996010242507,0.199999,0.9000005,0.008177716551794237,0.00972516297823157,0.8408822114445714,0.9106608270348524,0.9106633848790012,2.557862150021782e-06,0.8173419943540292,0.4015659424816544,6.27614346851827e-05,-0.003490357587293117,0.0025849547921422823,-0.003275767096640842,0.0009238141712953545,-0.0012079323701533152,0.0005757308386886507,0.0013985887151983204,-0.0016849927157766942,0.0022495956234968493,-0.002462268521034778,0.0043258727153921055
0.10814158758922549,0.204998975,0.8975005125,0.008139910818612227,0.009716668207905833,0.8377265379905945,0.9114351138319713,0.9114377100343866,2.5962144020054546e-06,0.8139770485591249,0.41006747145424066,0.00010833536990086649,-0.003460400129904955,0.002599388990481657,-0.003249646887301097,0.0009387776417921883,-0.0011989139223584939,0.0005476238713063205,0.0013953886212207352,-0.0017001385767120962,0.0022405285256625637,-0.002493987296768938,0.004273043792681248
0.11093097411527497,0.20999895000000002,0.8950005249999999,0.008102389913886399,0.009708090466655859,0.8346018139937488,0.9122036460670652,0.9122062796646767,2.633604759550644e-06,0.8105186263100804,0.41853918371219173,0.00015308393919093914,-0.0034301230234959146,0.0026137614580465413,-0.0032233746928191018,0.0009535120422457126,-0.0011897432935747603,0.0005198410652425073,0.0013918742473226233,-0.0017153632527355364,0.002231174297834631,-0.0025248352519901657,0.004220192464732524
0.1137281630876279,0.214998925,0.8925005375,0.008065148377080797,0.009699429482159658,0.831507501746899,0.9129664504662938,0.9129691205123551,2.6700495870179434e-06,0.8069670385851717,0.42698002097768184,0.00019701095553665692,-0.003399540341233707,0.0026280658672001925,-0.0031969494445329744,0.0009680185975106198,-0.0011804240746350933,0.0004923825069748832,0.0013880523045443384,-0.0017306584265210894,0.0022215313617579067,-0.0025548195007012646,0.00416733019409953
0.11653319827861439,0.2199989,0.89000055,0.00802818084975417,0.009690684981772661,0.8284430734106497,0.9137235539021544,0.9137262594659342,2.705564935694925e-06,0.8033226085644432,0.4353889290333434,0.00024012039442538891,-0.0033686659631847965,0.002642295914818253,-0.0031703702459525743,0.0009822985345483758,-0.0011709597847920827,0.0004652482078286151,0.0013839294279882894,-0.001746015809266296,0.0022115983292873317,-0.002583947242354339,0.004114468236653832
0.11934612382995015,0.22499887500000001,0.8875005625,0.00799148207423238,0.00968185669253194,0.8254080108825176,0.9144749833880552,0.9144777235545545,2.740166570262193e-06,0.7995856715627984,0.44376485786286946,0.00028241638903973734,-0.0033375135757344973,0.00265644532582296,-0.003143636370733539,0.0009963530810271526,-0.0011613538732272496,0.00043843810611012235,0.0013795121768451135,-0.0017614271442026382,0.002201374000329358,-0.002612225757797336,0.004061617642520814
0.12206072645530174,0.2298107635763187,0.8850946182118407,0.00795641278058802,0.009673281126159837,0.8225143750935946,0.9151928135043264,0.9151955861222836,2.77261822406719e-06,0.7959022798797066,0.45179358867988584,0.00032235719022426093,-0.0033072831256856236,0.0026699805060316916,-0.003117761576055288,0.0010096672430413216,-0.0011519787338605321,0.0004129425431963429,0.0013749891650999672,-0.001776302023505983,0.002191258271702829,-0.0026386454589876363,0.004010775998798649
0.12216698425690448,0.22999885,0.885000575,0.00795504689226632,0.009672944341160488,0.8224018056648854,0.9152207660729459,0.9152235399426294,2.7738699831423713e-06,0.7957565749615875,0.45210676179034665,0.0003239032254917493,-0.0033060966711000407,0.00267050785663976,-0.003116747260595922,0.0010101834639818063,-0.0011516097205710738,0.000411952069207058,0.0013748070344589188,-0.0017768842100342392,0.00219085736073306,-0.0026396624052861363,0.00400878925707506
0.12499582445252722,0.23499882500000002,0.8825005875,0.007918870243676778,0.00966394765407157,0.819423958731858,0.9159609292360209,0.9159637359245478,2.8066903934400856e-06,0.7918356781387369,0.46041359961830125,0.00036458533810311024,-0.0032744285469339554,0.0026844772985765344,-0.003089702523190576,0.0010237909085324282,-0.001141730640431371,0.0003857898956548706,0.0013698204084298222,-0.001792378824305253,0.0021800475801336027,-0.002666264616561692,0.003955993721992479
0.12783268969193554,0.23999880000000004,0.8800006,0.007882947164987619,0.00965486635737315,0.8164739803951437,0.9166955002815159,0.9166983389194266,2.8386427036824136e-06,0.7878233523974737,0.46868433476443905,0.0004044673047321981,-0.0032425223060149133,0.0026983474811257124,-0.003062501929916539,0.0010371766366598187,-0.0011317198809275137,0.00035995131717035493,0.001364558630751891,-0.001807902846696487,0.0021689440097508775,-0.002692039892991599,0.0039032414763561997
0.13067762563666177,0.244998775,0.8775006125,0.007847272788049116,0.009645700176872373,0.8135513901691274,0.9174245067335685,0.9174273764659192,2.8697414481343524e-06,0.7837199808936235,0.47691793539709726,0.0004435538421500999,-0.003210390856024616,0.002712112275187933,-0.003035145413690577,0.0010503418660391362,-0.0011215806262298454,0.00033443600065039317,0.0013590279579857138,-0.0018234481822496857,0.002157546180144387,-0.0027169958017778783,0.003850542757814939
0.13353067833906346,0.24999875000000002,0.875000625,0.0078118423386584,0.009636448838080127,0.8106557166358346,0.9181479762308682,0.9181508762170781,2.900001004528556e-06,0.7795259585611025,0.4851133745695259,0.0004818498014730336,-0.0031780469094185556,0.002725765596207996,-0.0030076330666576013,0.001063287808947217,-0.001111315998114279,0.0003092435501236504,0.0013532345714717584,-0.0018390067845073816,0.0021458537989151195,-0.002741139972244517,0.0037979076038035593
0.13639189424679599,0.25499872500000004,0.8725006375,0.007776651135169214,0.009627112066215679,0.8077864973089628,0.9188659365216942,0.9188688659352707,2.929435473060143e-06,0.7752416920365034,0.4932696303526799,0.0005193601636388384,-0.0031455029833695916,0.0027393014072419415,-0.002979965137871355,0.0010760156712088845,-0.0011009290575074836,0.0002843735086807564,0.0013471845775685654,-0.0018545706585932336,0.0021338667483784602,-0.002764480092177189,0.0037453458528014065
0.13926132020735,0.2599987,0.8700006499999999,0.007741694587098631,0.009617689586211368,0.8049432784977484,0.9195784154588769,0.919581373487153,2.9580586888355135e-06,0.7708675995821247,0.5013856859667535,0.0005560900349378874,-0.003112771399795582,0.0027527137219415174,-0.0029521420309278536,0.0010885266512066524,-0.0010904228060376426,0.0002598253603637621,0.0013408840079249717,-0.0018701318642146765,0.002121585083194292,-0.0027870239042351447,0.0036928671456418166
0.1421390034726536,0.264998675,0.8675006625,0.007706968193730803,0.009608181122717392,0.8021256151706592,0.9202854409948228,0.9202884268386978,2.985884224661464e-06,0.7664041110076748,0.5094605299113673,0.0005920446425960792,-0.003079864285465891,0.0027659966074604974,-0.002924164301558944,0.001100821938945112,-0.0010798001875851047,0.00023559853202071896,0.0013343388197825836,-0.0018856825185936787,0.0021090090279600265,-0.002808779202428731,0.0036404809268673305
0.1424041808645187,0.265458697129816,0.867270651435092,0.007703784602402248,0.009607301968593163,0.8018676447962575,0.920350217829398,0.9203532061927697,2.9884047070780247e-06,0.7659889728131895,0.5102013494564821,0.0005953138831792308,-0.0030768282719219695,0.002767211989648099,-0.0029215824698504223,0.0011019423716541854,-0.0010788171106989627,0.0002333856653293746,0.0013337245487876103,-0.0018871124502192712,0.0021078371931949453,-0.0028107414595916207,0.0036356661104888005
0.1450249917037414,0.26999865,0.865000675,0.007672467542719118,0.009598586400106652,0.7993330708190394,0.920987041176593,0.9209900540502794,3.0129253974335366e-06,0.7618516675906452,0.5174931560944246,0.0006272293304128433,-0.003046793572184489,0.0027791441872809116,-0.002896032655188035,0.0011129027151716138,-0.0010690640898315105,0.0002116923951233991,0.0013275548963069788,-0.001901214799323517,0.0020961389747685562,-0.0028297538286652536,0.0035881964461285006
0.14791933297549065,0.274998625,0.8625006875,0.007638188308688364,0.009588905142479677,0.7965652173208524,0.921683244141028,0.9216862832718151,3.0391952855186995e-06,0.7572107219953723,0.5254825639596206,0.0006616495544546565,-0.0030135709970480575,0.002792150643959408,-0.002867747944449662,0.0011247701505524605,-0.0010582173458063729,0.00018810626754816657,0.0013205380469467286,-0.0019167209471517399,0.002082975480732529,-0.002849955669362953,0.0035360227596248363
0.1508220757814265,0.2799986,0.8600007000000001,0.007604126251838083,0.009579137073669641,0.7938216348046309,0.9223740781099266,0.9223771427379636,3.064706748164734e-06,0.7524817381908258,0.5334277586125891,0.0006953108788041061,-0.002980208102776976,0.0028050102217946063,-0.0028393111666752376,0.001136425404902801,-0.0010472627354295276,0.00016483941532075198,0.0013132940078189868,-0.0019321932686902877,0.0020695192654769535,-0.0028693926521319787,0.0034839687315858015
0.15373326903859721,0.28499857500000003,0.8575007124999999,0.007570277216548184,0.00956928191724742,0.7911019115137279,0.9230595713852919,0.9230626607633814,3.0894724364788707e-06,0.7476651913671638,0.5413277509456735,0.0007282189713644611,-0.0029467162381168776,0.002817717229416441,-0.0028107234613475086,0.0011478696264682847,-0.0010362029870477926,0.00014189105432576196,0.0013058284421202573,-0.0019476241390538513,0.0020557712086022232,-0.002888072742521099,0.0034320430357897
0.15665296209252,0.28999855,0.855000725,0.0075366371299876115,0.009559339396526765,0.788405643670935,0.9237397523446584,0.9237428657380372,3.113504780133213e-06,0.7427615678511053,0.5491815577613098,0.0007603795997196234,-0.002913106558308293,0.0028302660422986152,-0.0027819861075263903,0.0011591039512563652,-0.0010250407789641092,0.00011926035198185079,0.0012981469405609028,-0.0019630060044277197,0.002041732347119805,-0.002906003940828737,0.0033802541571180864
0.1595812047222001,0.294998525,0.8525007375,0.007503202000726745,0.009549309234569538,0.7857324353435259,0.924414649436521,0.9244177861225815,3.1368159281917275e-06,0.7377713650201602,0.5569882018940219,0.0007917986270492788,-0.002879390025621668,0.002842651105195456,-0.002753100521248984,0.001170129502414975,-0.0010137787409573362,9.694642888355896e-05,0.0012902550218218199,-0.0019783313845664744,0.0020274038728629556,-0.002923194278976797,0.0033286103931432142
0.162518047145223,0.2999985,0.85000075,0.00746996791735632,0.009539191154191025,0.7830818983089991,0.9250842911757321,0.9250874504437795,3.1594177842215223e-06,0.7326950912155491,0.5647467123310633,0.0008224820081067205,-0.002845577409958845,0.0028548669344954473,-0.0027240682529012096,0.0011809473896684877,-0.001002419455794687,7.494836040164637e-05,0.0012821581330338114,-0.0019935928752147837,0.0020127871298709003,-0.00293965181745752,0.0032771198557500314
0.16274763527373565,0.3003887553621403,0.8498056223189299,0.00746738229467151,0.009538397716253094,0.7828759626941697,0.9251363374234799,0.92513949842453,3.1611523963637033e-06,0.7322952745224438,0.5653502221927834,0.0008248461164717137,-0.002842934553029616,0.002855813119729574,-0.0027217961188669188,0.0011817830368382985,-0.0010015288298563963,7.324463960423225e-05,0.0012815176927198876,-0.001994781154909334,0.0020116341862649804,-0.0029409057577344864,0.003273107622768065
0.1654635400229217,0.304998475,0.8475007625,0.0074369310471152,0.009528984877965338,0.7804536519217521,0.9257487061388584,0.9257518872899974,3.181322138136366e-06,0.7275332656538289,0.572456124331678,0.0008524357852600999,-0.0028116792895210036,0.00286690812049125,-0.002694890984561366,0.0011915587088106878,-0.0009909654607370127,5.326517824175359e-05,0.0012738616502796986,-0.002008783150449926,0.0019978836117465325,-0.0029553846423538673,0.0032257904727931524
0.1684177344656205,0.30999845000000004,0.845000775,0.007404087634522011,0.009518690128230903,0.7778473229801524,0.9264079229598537,0.9264111253067503,3.2025405400930423e-06,0.7222864183377551,0.5801154795448987,0.0008816660845808818,-0.0027777060515306175,0.002878769329586477,-0.0026655705273313356,0.0012019645412267492,-0.0009794192490258729,3.18958719819081e-05,0.0012653708791120631,-0.0020238949649688887,0.0019826949589998957,-0.002970400862407129,0.003174629989775868
0.17138068203795623,0.314998425,0.8425007875,0.007371434000017195,0.009508306627096015,0.7752625455946771,0.9270619703256298,0.9270651931923096,3.2230843366382178e-06,0.7169550899658124,0.5877238261259727,0.0009101791119975828,-0.0027436678930164854,0.0028904453064181597,-0.0026361088186422567,0.0012121659534730198,-0.0009677832713619136,1.0839390566503217e-05,0.001256691055091913,-0.002038921156296036,0.0019672229563677587,-0.0029847086061592313,0.0031236459715609844
0.1743524347642789,0.3199984,0.8400008,0.0073389665386138815,0.009497834096444495,0.7726989610569442,0.9277108769717235,0.9277141196933656,3.242964666812503e-06,0.711539831840713,0.5952802188513694,0.0009379811495077073,-0.0027095748216549457,0.002901930875904714,-0.0026065079195434315,0.0012221639969003666,-0.0009560599373687073,-9.905356233138908e-06,0.0012478273443442425,-0.0020538546469223806,0.001951469530115971,-0.0029983160191572704,0.0030728458041068716
0.17733304513413242,0.324998375,0.8375008125,0.007306681718559079,0.009487272257941434,0.7701562177097779,0.928354671678013,0.928357933600754,3.2621924728433192e-06,0.7060412057768088,0.6027837192323804,0.0009650785514511685,-0.002675436656666347,0.002913220945216512,-0.0025767700119747492,0.0012319597073245242,-0.0009442516170420305,-3.0339496394754462e-05,0.001238784844129864,-0.0020686884463731107,0.0019354367453251946,-0.0030112312612243413,0.0030222366962280697
0.18032256610781758,0.32999835,0.835000825,0.007274576080005887,0.009476620833039002,0.7676339708183773,0.9289933832644828,0.9289966637452386,3.2807785168634544e-06,0.7004597840064525,0.6102333956272994,0.000991477740844607,-0.0026412630297650524,0.002924310505670404,-0.0025468973960244075,0.0012415541047414626,-0.0009323606421836109,-5.0464194256662585e-05,0.001229568583432639,-0.002083415653204715,0.0019191268031614557,-0.0030234625037950974,0.002971825681378977
0.1830910896829526,0.33461539479083363,0.8326923026045832,0.007245085486057679,0.009466705363982452,0.7653228031816359,0.9295786891046167,0.9295819861601894,3.2973803757905494e-06,0.6952328003540673,0.6170639290618916,0.0010152406745276377,-0.002609683323500787,0.00293436843234495,-0.0025191950771702534,0.0012502357939775037,-0.0009213089396279417,-6.877384959421726e-05,0.0012209081491972756,-0.002096914400809255,0.0019038218687593609,-0.0030341566504466207,0.0029254573223423466
0.1833210511220382,0.33499832500000004,0.8325008375,0.007242646233697375,0.009465879542982381,0.7651318824426389,0.9296270405870536,0.9296303389933535,3.2987333952139592e-06,0.6947961490853474,0.617628323352172,0.0010171852057758897,-0.002607063386161133,0.0029351946345496983,-0.0025168924871738123,0.0012509481930856267,-0.0009203893078183831,-7.028064916370051e-05,0.0012201835235611759,-0.0020980294569331844,0.0019025420381330732,-0.003035017927314332,0.00292161961945908
0.18632855409563231,0.33999830000000003,0.83000085,0.007210888859662522,0.009455048108815752,0.7626496213106724,0.9302556725334825,0.9302589882433052,3.316067539318104e-06,0.6890508937969225,0.6249675847901105,0.0010422074958579674,-0.0025728469856117517,0.0029458684968512667,-0.002486757813531642,0.0012601429600287374,-0.0009083398735942353,-8.979009414634575e-05,0.0012106345587639949,-0.002112523139894942,0.001885684915335572,-0.0030459057186966853,0.0028716251986380626
0.18934512943538978,0.344998275,0.8275008625,0.007179300705924514,0.0094441262513884,0.7601868626935255,0.9308793080193531,0.9308826404209362,3.332791188605173e-06,0.6832246210557766,0.6322502694991756,0.001066551218741126,-0.002538622903520086,0.002956327346961621,-0.0024564960130591513,0.0012691393768166695,-0.0008962145651632197,-0.00010899379463168702,0.001200926516857105,-0.0021268900790423267,0.0018685580276863,-0.003056134068845404,0.0028218489371990532
0.1923708320419579,0.34999825,0.825000875,0.007147878587221742,0.009433113691360892,0.7577432882811502,0.9314979759841516,0.9315013244757436,3.348914333046754e-06,0.6773179438102003,0.6394754743188308,0.0010902230366842142,-0.0025044000320796943,0.0029665665302621917,-0.002426109830788519,0.0012779383981438854,-0.000884015575543255,-0.00012789304718642094,0.0011910641598628197,-0.0021411237476736946,0.0018511640931503587,-0.003065711170230178,0.002772297185398291
0.1954057173158366,0.354998225,0.8225008875,0.007116619383745374,0.009422010149211372,0.7553185860600076,0.9321117053871996,0.9321150693769594,3.3644468622828043e-06,0.671331484943481,0.6466423034749692,0.0011132296632018674,-0.0024701870814655374,0.0029765814846459677,-0.002395602116031127,0.0012865409620863475,-0.0008717450664612419,-0.00014648917830820484,0.0011810521846590029,-0.002155217717079055,0.0018335059519567884,-0.003074645214546925,0.002722976127342116
0.19844984116346498,0.35999820000000005,0.8200009,0.007085520039889488,0.00941081534524192,0.7529124501918855,0.9327205252038484,0.9327239041096916,3.379398511371861e-06,0.6652658771745903,0.6537498686834788,0.0011355778597586922,-0.0024359925810663666,0.002986367741977892,-0.0023649758195844494,0.0012949479900539324,-0.0008594051696748669,-0.0001647835432361058,0.001170895223638557,-0.002169165658135431,0.0018155865638094777,-0.0030829443904189804,0.0026738917828776484
0.20150326000340052,0.36499817500000004,0.8175009125,0.0070545775630159535,0.009399528999585034,0.7505245808941486,0.9333244644216961,0.9333278576711227,3.3937788428319326e-06,0.6591217629579217,0.6607972892523752,0.0011572744325268293,-0.002401824880757674,0.0029959209294816995,-0.0023342339909357746,0.0013031603867831483,-0.0008469979882727162,-0.00018277752479646176,0.001160597845377197,-0.0021829613428334745,0.0017974090050932815,-0.0030906168811617426,0.0026250500094956875
0.20343454409216954,0.3681527808092087,0.8159236095953957,0.0070351345842590745,0.009392360945591417,0.7490272813207017,0.933703006399455,0.933706408408305,3.4025620497373232e-06,0.6552051945518967,0.6652123399273286,0.0011706311587920525,-0.00238028513073573,0.0030018264211027807,-0.002314780198263682,0.001308242052193335,-0.0008391363158906406,-0.0001939764544036145,0.0011540307705372817,-0.0021915842725476605,0.0017858089486320942,-0.0030951389051368933,0.0025943619257206775
0.20456603077259328,0.36999815,0.815000925,0.007023789022234876,0.009388150832210198,0.748154684321503,0.9339235520368372,0.9339269590667653,3.4075972523468833e-06,0.6528997943821376,0.6677836921824801,0.0011783262292047883,-0.0023676921522150125,0.003005236771056015,-0.0023033797754632842,0.0013111790403665781,-0.0008345255979531387,-0.00020047253228195494,0.001150164555309788,-0.002196598645738072,0.0017789764660753181,-0.003097670862607356,0.0025764565042463304
0.20763821093275633,0.374998125,0.8125009375,0.0069931515472005865,0.009376680562930555,0.7458024724492663,0.9345178170501772,0.9345212373067838,3.4208629752346597e-06,0.6466006330681671,0.6747082122666613,0.0011987401358979112,-0.002333602390264441,0.0030143110885204605,-0.002272416411637457,0.0013190048223177021,-0.0008219900482801085,-0.00021787000036332325,0.0011395997964133444,-0.0022100715453836203,0.0017602922481041341,-0.003104114500989132,0.0025281168056645285
0.21071985847683422,0.3799981,0.8100009499999999,0.006962662326923713,0.009365117911409664,0.743467662958199,0.9351072884637971,0.9351107214023661,3.4335850947642515e-06,0.6402249500663633,0.6815699921876239,0.0012185230740608883,-0.0022995634142688602,0.003023139802791899,-0.0022413472282238117,0.0013266385876708595,-0.0008093933639156928,-0.00023497138803391085,0.0011289079498960758,-0.0022233741256038834,0.001741359760807669,-0.0031099559508858537,0.00248003629570462
0.2138110319355714,0.384998075,0.8075009625,0.006932318608599662,0.00935346259716839,0.7411499791209204,0.9356919952773738,0.9356954403621605,3.445772558948822e-06,0.6337734257528544,0.6883681826142488,0.0012376819975011726,-0.002265582869548918,0.003031718934992585,-0.0022101756414882414,0.0013340811751142195,-0.0007967375458287597,-0.0002517781775858096,0.0011180933358919552,-0.002236500576798156,0.0017221825192910295,-0.003115203353224014,0.0024322202016829352
0.21691179038418296,0.38999805000000004,0.805000975,0.006902117696453556,0.009341714339591857,0.7388491496899179,0.9362719664846647,0.9362754231887694,3.4574341889235023e-06,0.6272467497251206,0.6951019422964757,0.001256223889442,-0.002231668228837021,0.003040044607492191,-0.0021789051524062353,0.0013413334071534406,-0.0007840245724795572,-0.0002682918736162336,0.0011071602141602655,-0.002249445197135556,0.001702764141335076,-0.003119864833335844,0.002384673598227473
0.22002219344912824,0.39499802500000003,0.8025009875,0.006872056950601635,0.009329872857936551,0.7365649087871385,0.936847231070071,0.9368506988753017,3.4685786691013146e-06,0.6206456206968337,0.7017704381587335,0.001274155759643559,-0.0021978267937629325,0.003048113044885824,-0.0021475393438773545,0.0013483960903035615,-0.0007712564009798279,-0.0002845140020626396,0.00109611278478955,-0.0022622023936994962,0.001683108344596911,-0.0031239484990708095,0.0023374014092336554
0.22314230131499102,0.399998,0.800001,0.006842133785929006,0.00931793787133749,0.7342969957951535,0.9374178180052911,0.9374212964019811,3.4792144993995173e-06,0.6139707463919936,0.7083728453919301,0.0012914846415807062,-0.0021640656963692836,0.003055920574910416,-0.002116081877946362,0.0013552700153064813,-0.0007584349682281133,-0.0003004461092650045,0.0010849551889053541,-0.0022747666835745577,0.0016632189438133646,-0.0031274624389580423,0.002290408409825042
0.22377799850138652,0.4010147935489866,0.7994926032255066,0.006836065224985986,0.009315499309450598,0.7338377684222229,0.9375332826655299,0.9375367631544839,3.4813159087547594e-06,0.6126043867363439,0.7097073491637186,0.0012949354917737288,-0.002157210507562856,0.0030574760655847607,-0.002109673815929924,0.0013566448687897018,-0.000755821260931679,-0.0003036507123453499,0.0010826730715081153,-0.0022772976658099694,0.0016591460071441457,-0.0031281080479928737,0.0022808865057721986
0.22627217473146685,0.404997975,0.7975010125,0.006812345670984815,0.009305909098815523,0.7320451552500019,0.9379837562459808,0.9379872447328175,3.489350008728239e-06,0.6072228434382567,0.7149083475439897,0.0013082175896857444,-0.002130391900654317,0.003063463629291302,-0.002084536493032714,0.00136195595738286,-0.0007455621920182002,-0.0003160897610623976,0.0010736915093791613,-0.0022871326948671615,0.0016430998480099414,-0.0031304147204303493,0.0022436992283161295
0.2294118750204602,0.40999795,0.795001025,0.006782690126896693,0.009293786259284731,0.7298091367359144,0.938545074728355,0.9385485728123298,3.498993477490337e-06,0.6004026372594206,0.7213761366089025,0.0013243616766618611,-0.0020968122041414854,0.0030707387445137032,-0.002052907001168637,0.0013684546765239287,-0.0007326399721202657,-0.00033144654192831337,0.0010623257715377077,-0.0022992951676543737,0.0016227550577158406,-0.003132813388116808,0.0021972783481768415
0.23256146408329334,0.41499792500000005,0.7925010375,0.0067531647262997615,0.00928156907155995,0.727588694781405,0.9391018023660824,0.9391053095623341,3.508153027822211e-06,0.5935108619675242,0.7277754131143693,0.0013399239908347593,-0.0020633332394756772,0.003077742562553573,-0.002021197285247618,0.0013747669177856087,-0.0007196701913386402,-0.00034651805411633883,0.001050861943877088,-0.002311248954896161,0.0016021886621834574,-0.0031346664621614427,0.0021511501100013914
0.23572100440802912,0.41999790000000004,0.79000105,0.006723767092284399,0.009269257254364388,0.7253835887571837,0.9396539680470988,0.939657483878781,3.516836650621627e-06,0.5865482602541029,0.7341053862079636,0.0013549116335741364,-0.0020299614760428894,0.003084471831535037,-0.001989411296283983,0.0013808934116209342,-0.0007066547165411602,-0.0003613059168440588,0.0010393039387756001,-0.002322989023277233,0.0015814048366163858,-0.0031359819366088165,0.002105318713476048
0.23889055907690993,0.424997875,0.7875010625,0.006694494897361203,0.009256850526337375,0.7231935827757164,0.9402016006305073,0.9402051246286572,3.525052204538568e-06,0.5795155832808344,0.7403652737418485,0.0013693317167707884,-0.001996703221612841,0.003090923406330105,-0.00195755305068481,0.0013868348742333832,-0.0006935953996620175,-0.00037581176550226323,0.0010276556132071265,-0.0023345104539943327,0.00156040783940542,-0.0031367677778376827,0.0020597882193471224
0.2420701917739147,0.42999785,0.785001075,0.006665345862443651,0.009244348606042216,0.721018445592489,0.9407447289435279,0.9407482606469384,3.5328074202771467e-06,0.572413590569538,0.746554302356045,0.0013831913603737215,-0.0019635646240020723,0.00309709424909682,-0.0019256266275359756,0.0013925920079552554,-0.0006804940786765834,-0.00039003725089289785,0.001015920769453148,-0.002345808443484829,0.0015392020093747474,-0.003137031923048071,0.0020145625513867367
0.24412145291060347,0.43321503362487207,0.7833924831875639,0.006646654285527985,0.009236253909258516,0.7196266311892218,0.9410918312779487,0.9410953676989426,3.5375575949977162e-06,0.5678075930116091,0.7504987489772692,0.001391816208412776,-0.0019423079894863385,0.003100915015508305,-0.0019050497702540832,0.0013961992394784155,-0.0006720428074733383,-0.000399043035970277,0.0010083261062292326,-0.002352957692933719,0.0015254489701321213,-0.0031369297344955014,0.0019856254908524064
0.2452599667924367,0.434997825,0.7825010875,0.006636317755848511,0.009231751211974167,0.7188579505089766,0.9412833817784979,0.9412869207336024,3.5401099142671635e-06,0.5652430498915552,0.7526717075602473,0.0013964976899859237,-0.0019305516727566776,0.0031029814297576217,-0.0018936361659030142,0.001398165501649166,-0.0006673525785483248,-0.0004039840384945483,0.0010041031558132279,-0.0023568783040982763,0.0015177917630388026,-0.0031367822787998897,0.001969645498355987
0.24845994904308377,0.4399978,0.7800011,0.006607408392313921,0.009219058062568527,0.7167118752773131,0.9418175878899284,0.9418211336506963,3.5469671983910085e-06,0.5580047371565421,0.7587167338141827,0.001409257834517275,-0.0018976702008538303,0.0031085821264199708,-0.0018615858621474424,0.001403556031130516,-0.0006541727121480014,-0.0004176538077541107,0.000992206467313834,-0.002367715464712827,0.001496181591870291,-0.003136026719600825,0.0019250407159651507
0.25167020406160434,0.444997775,0.7775011125,0.006578615632034957,0.009206268876208863,0.7145800020066357,0.9423473759916261,0.9423509281194614,3.553386683947652e-06,0.5506994363007032,0.7646886346065246,0.0014214789238928764,-0.0018649258864211497,0.0031138936257414274,-0.0018294799672592668,0.001408764259608671,-0.0006409562811453553,-0.0004310482514031793,0.0009802343464153556,-0.0023783154712985637,0.0014743760595798449,-0.003134773086541233,0.001880751728830572
0.2548907980169404,0.44999775000000003,0.775001125,0.006549937379716371,0.009193383371235337,0.7124621170710779,0.942872774753892,0.9428763328175109,3.5593756594848244e-06,0.5433279391744933,0.7705866725323646,0.0014331680868149158,-0.0018323242544729323,0.003118913323241611,-0.0017973227842063315,0.001413790838144419,-0.0006277050768735853,-0.0004441690747975638,0.0009681903837171764,-0.0023886739874299915,0.0014523797994078096,-0.0031330291859733924,0.0018367819324278637
0.2581217977194113,0.4549977250000001,0.7725011374999999,0.006521371583642209,0.00918040126595318,0.7103580110193701,0.9433938128008051,0.9433973763760666,3.564941242862731e-06,0.5358910454298084,0.7764101193692595,0.001444332448576755,-0.0017998706786619308,0.003123638723562876,-0.0017651186653014094,0.0014186364061218695,-0.0006144208811666334,-0.00045701799527881167,0.0009560781186603817,-0.0023987867947493744,0.0014301975114288832,-0.003130802788233315,0.0017931345950407095
0.2613632706290293,0.4599977,0.77000115,0.00649291623476455,0.009167322278641279,0.708267478486301,0.9439105187074193,0.9439140873772465,3.5700904753653607e-06,0.5283895624064764,0.7821582561517852,0.0014549791289495647,-0.001767570383039244,0.003128067440660035,-0.0017328720095930313,0.001423301591754878,-0.0006011054671617823,-0.00046959674157338367,0.0009439010402206777,-0.002408649793360737,0.001407833959877321,-0.003128101626430358,0.0017498128596960592
0.2644649073198204,0.4647668277634458,0.7676165861182771,0.006465875770780763,0.009154756609706936,0.7062859283364116,0.9443993579012561,0.944402931048211,3.5746204010603907e-06,0.521174983000653,0.7875701773801328,0.0014646583994621463,-0.0017369088687216934,0.003132013142671597,-0.001702078611379227,0.0014275838716591115,-0.000588377351587882,-0.0004813445756940554,0.0009322289356205936,-0.002417820992136212,0.0013863384496952391,-0.0031250898459625888,0.0017087974463729709
0.26461528486395147,0.464997675,0.7675011625,0.006464569365809141,0.009154146127560886,0.7061903181057936,0.9444229209971039,0.9444264943514088,3.574830322591401e-06,0.5208243050183763,0.7878303732446644,0.001465115240113691,-0.001735428443831031,0.003132197197947301,-0.0017005872602730895,0.0014277870125990167,-0.0005877606000782057,-0.0004819070532074374,0.0009316625876012334,-0.002418259002182869,0.0013852939704832022,-0.0031249333952697044,0.0017068197460978912
0.2678779092090684,0.46999765000000004,0.765001175,0.006436329050397303,0.00914087253096448,0.7041263324255312,0.9449310481389893,0.9449346257745513,3.579167629436564e-06,0.51319609563911,0.7934257704144871,0.001474747884639633,-0.00170344979122663,0.0031360258283980296,-0.0016682689021052292,0.0014320932760740269,-0.0005743880379678317,-0.0004939506799411621,0.0009193661509215842,-0.002427610559256758,0.0013625824278243903,-0.0031213057499137713,0.0016641581525537175
0.2711512131247339,0.474997625,0.7625011875,0.006408193402185543,0.009127501207104746,0.7020753278232903,0.9454349285454038,0.9454385100657621,3.583109133077236e-06,0.5055057639871451,0.798943756899962,0.0014838841535272523,-0.0016716392111766508,0.0031395512745888334,-0.0016359214588751142,0.0014362209800053288,-0.0005609895324366193,-0.0005057293812296062,0.0009070150719005004,-0.0024367007219987316,0.0013397042726959077,-0.00311722630489308,0.0016218308578919759
0.2744352667556384,0.47999759999999997,0.7600012,0.006380160574022016,0.00911403187424368,0.7000371144248897,0.9459345905693773,0.9459381755847234,3.5866614635860045e-06,0.4977541470105124,0.8043836514807425,0.001492531124297731,-0.0016400013471998284,0.003142771588694424,-0.0016035494908634266,0.0014401707131781012,-0.0005475668293372276,-0.0005172449257051574,0.0008946126445331877,-0.002445525867405438,0.001316664499497078,-0.0031127026330596626,0.0015798405233702173
0.2777301409398279,0.484997575,0.7575012125,0.00635222875711999,0.009100464250661858,0.6980115060237729,0.9464300625021926,0.9464336506292713,3.5898311523114776e-06,0.48994208877105916,0.8097447825448187,0.0015006958591398934,-0.0016085407021969812,0.003145684932431963,-0.0015711575923428604,0.0014439430559052178,-0.0005341216694322723,-0.0005284990906828335,0.0008821621157617192,-0.0024540824922092822,0.0012934681536378317,-0.003107742264584961,0.001538189694572563
0.28103590721787236,0.48999755000000006,0.755001225,0.006324396180248151,0.009086798054667809,0.6959983200022107,0.9469213725709866,0.946924963433005,3.5926246399526705e-06,0.4820704403282816,0.8150264881544759,0.0015083854031093195,-0.0015772616402717121,0.0031482895769568624,-0.001538750389099252,0.001447538580607216,-0.0005206557890287573,-0.000539493661687169,0.0008696666861388999,-0.002462367212986087,0.0012701203289642328,-0.0031023526860001435,0.0014968808032965895
0.28435263784218606,0.494997525,0.7525012375,0.006296661108937462,0.009073033004607553,0.6939973772540926,0.9474085489364046,0.9474121421629487,3.5950482852216935e-06,0.4741400596227624,0.8202281161108214,0.0015156067823784906,-0.0015461683885574934,0.003150583902712087,-0.0015063325359769624,0.0014509578524023357,-0.0005071709205843221,-0.0005502304319993591,0.0008571295104857675,-0.002470376766216908,0.0012466261652031836,-0.003096541339276648,0.0014559161694298276
0.2848083617290374,0.4956832343187023,0.7521583828406488,0.006292864958802397,0.009071137506728704,0.6937239077386419,0.9474750407796635,0.9474786343019524,3.5953521812717476e-06,0.47304793528058636,0.8209352007480244,0.0015165610248589196,-0.0015419188982643797,0.003150874269982901,-0.0015018860982704124,0.0014514130677724575,-0.0005053201868364248,-0.0005516828978984913,0.0008554070483694849,-0.0024714535844333873,0.00124339299226088,-0.0030957118802824018,0.0014503251427408523
0.28768040578650317,0.49999750000000004,0.75000125,0.006269021844704233,0.009059168818874284,0.6920085021092739,0.9478916196903164,0.9478952149172662,3.5971083615494444e-06,0.466151811359235,0.8253490240168917,0.0015223670025360419,-0.001515265039050761,0.0031525663992332505,-0.0014739087144485833,0.0014542014297045482,-0.0004936687932860477,-0.0005607112022232307,0.0008445536985429786,-0.0024781080083060994,0.0012229908454262908,-0.0030903156209445117,0.001415298002816123
0.2910192847555112,0.504997475,0.7475012624999999,0.006241476724288966,0.009045205215918168,0.6900315222594318,0.9483706128536057,0.9483742097230252,3.5988110325693704e-06,0.45810656688929574,0.8303885793393517,0.0015286730469329921,-0.001484555550449621,0.003154235664911938,-0.0014414836302089917,0.0014572698648273592,-0.0004801511336026297,-0.0005709377798684751,0.000831942315616344,-0.002485557915557918,0.0011992195935327638,-0.003083682881245898,0.0013750284051121345
0.2943693491946461,0.5099974500000001,0.7450012749999999,0.006214024118910805,0.009031141914256321,0.6880662686854152,0.9488455563740197,0.9488491545340141,3.6001623183629106e-06,0.4500052040937559,0.8353461594687918,0.0015345318750771444,-0.0014540437499958971,0.0031555904067165777,-0.0014090620107953956,0.0014601637045942237,-0.0004666196658089216,-0.000580911978951941,0.0008192983832151241,-0.0024927235841107685,0.0011753176717531483,-0.0030766504233252384,0.0013351093716319421
0.29773067430005173,0.514997425,0.7425012875,0.006186662433540083,0.009016978632482924,0.6861125755863655,0.9493164781239181,0.9493200772286057,3.6011682132834775e-06,0.4418486072645094,0.8402211517785141,0.0015399504210983717,-0.0014237333353083696,0.0031566294398496387,-0.0013766486032440602,0.0014628834909758948,-0.0004530761124710972,-0.0005906356196327967,0.0008066248796722847,-0.0024996022298074782,0.0011512903781862864,-0.0030692255024836307,0.0012955427931649558
0.301103336028708,0.5199974,0.7400013,0.006159390106184488,0.009002715089279478,0.6841702803101201,0.949783405898252,0.9497870056076765,3.6018346236139484e-06,0.4336376669862739,0.8450129536820044,0.0015449355922382449,-0.0013936278762304646,0.0031573516873860154,-0.0013442481717630321,0.0014654297617116402,-0.00043952219491719883,-0.000600110527848462,0.0007939247407684441,-0.002506191188046618,0.0011271430443452724,-0.0030614153254408215,0.00125633045779698
0.3044874111087288,0.524997375,0.7375013125000001,0.006132205607191023,0.008988351003425234,0.6822392232851381,0.950246367412534,0.9502499673925663,3.602167358458642e-06,0.42537328001794933,0.8497209726889691,0.0015494942673952028,-0.001363730816673422,0.0031577561798629868,-0.001311865495437024,0.00146780305094329,-0.0004259596336751904,-0.0006093385349736955,0.0007812008603431205,-0.0025124879135849797,0.0011028810327311826,-0.0030532270496428063,0.0012174740527113336
0.3051518161382543,0.525977048676516,0.7370114756617421,0.006126889354193516,0.00898552476197815,0.6818621634786625,0.9503366157792389,0.9503402157736397,3.6021939512030323e-06,0.423747806783158,0.850633575364387,0.0015503380929295645,-0.0013578976185306692,0.003157798129362988,-0.001305523063597708,0.0014682478415875663,-0.00042330137834181735,-0.0006111178608253882,0.0007787052614400481,-0.002513687217952247,0.0010981142639953185,-0.0030515789851024854,0.0012099025350348282
0.30788297704983686,0.52999735,0.735001325,0.006105107438563154,0.008973886093807762,0.6803192479538884,0.9507053903008443,0.9507089902230983,3.6021721417290375e-06,0.4170563491736778,0.8543446264599575,0.001553633295716296,-0.0013340454764603376,0.003157842054830625,-0.001279505365959619,0.0014700038898534942,-0.0004123901488843435,-0.0006183214774964595,0.0007684560908981132,-0.0025184899802999246,0.0010785097344289502,-0.0030446677826040324,0.0011789751659772372
0.3112901121540152,0.5349973250000001,0.7325013375,0.006078094133292991,0.008959320079433689,0.6784102007076839,0.9511605021138921,0.951164101655636,3.601854610711855e-06,0.40868778320362453,0.8588833428595868,0.0015573594952362575,-0.0013045750531679346,0.003157608556362614,-0.0012471725853952067,0.0014720328073084005,-0.000398815460678624,-0.0006270611967106903,0.0007556932441912582,-0.002524195080911295,0.0010540345667279637,-0.0030357445812852885,0.0011408352883225436
0.31470889552634174,0.5399973,0.73000135,0.0060511642547083555,0.008944652679439587,0.6765119308229508,0.9516117303171182,0.9516153291611956,3.6012203229213903e-06,0.4002684966744903,0.8633365600083684,0.0015606796515637866,-0.0012753226239652711,0.003157055034527904,-0.0012148719639710752,0.001473890330504496,-0.0003852372895421084,-0.0006355595384258851,0.0007429150918202637,-0.0025296010266631667,0.001029460970767883,-0.0030264644515071368,0.0011030558148903086
0.31813940708600963,0.5449972750000001,0.7275013625,0.006024316395834455,0.008929883613103038,0.6746242903989058,0.952059102288847,0.9520627001236034,3.6002747638130755e-06,0.39179940984977907,0.8677037263331362,0.001563600516613412,-0.001246291147449507,0.0031561809448250044,-0.0011826083178993706,0.0014755769856180424,-0.0003716573566373633,-0.0006438183526923988,0.0007301243657970947,-0.002534705746967121,0.0010047944092093078,-0.003016834347396941,0.0010656380469798391
0.32158172757753656,0.54999725,0.7250013750000001,0.005997549178769858,0.00891501259985386,0.6727471342966104,0.9525026453184863,0.9525062418376984,3.59902334900799e-06,0.3832814485698404,0.8719843006160826,0.001566128807381136,-0.0012174834654788648,0.0031549858475808977,-0.0011503864672285202,0.0014770932984554514,-0.0003580773841078146,-0.0006518394935412422,0.0007173237591134281,-0.0025395072890088705,0.00098004036392885,-0.0030068611708673754,0.001028583193772922
0.32503593858216895,0.554997225,0.7225013874999999,0.005970861254076318,0.008900039359285485,0.6708803200793566,0.9529423866047805,0.9529459815075855,3.5974714224455344e-06,0.37471554413169694,0.8761777520424159,0.001568271204761879,-0.0011889023050029339,0.0031534694073167406,-0.0011182112337236292,0.0014784397951028221,-0.00034449909535521657,-0.000659624818737081,0.000704515926297737,-0.002544003817320261,0.0009552043337380477,-0.002996551771124101,0.0009918923740459956
0.3254952705474713,0.5556608085502728,0.7221695957248636,0.005967325191926975,0.008898044451164266,0.6706333312536081,0.9530004636024482,0.953004058268396,3.5972431486629666e-06,0.373575146102449,0.8767277193296759,0.0015685268876407907,-0.0011851262560522604,0.003153243981805744,-0.001113944782899256,0.0014786057624051757,-0.00034269723924830556,-0.0006606404408351316,0.0007028157014634971,-0.0025445775650124063,0.0009519022930546785,-0.002995158626004174,0.0009870502836816463
0.328502122529482,0.5599972,0.7200014,0.005944251300181959,0.008884963611166544,0.6690237079543327,0.9533783532541309,0.9533819462449287,3.595624231508389e-06,0.36610263316867475,0.8802835602466521,0.0015700343524065457,-0.001160550279890545,0.0031516313920826396,-0.0010860874387753157,0.0014796170025727676,-0.0003309242152934677,-0.0006671761895430289,0.0006917034839646402,-0.002548193613318796,0.0009302918321255312,-0.002985912944200129,0.0009555666178691571
0.3319803627091837,0.564997175,0.7175014125,0.0059177180227979916,0.008869785075452587,0.6671771607155922,0.9538105722789532,0.953814163067295,3.593486911878162e-06,0.3574436575298136,0.8843012153575349,0.0015714248556228181,-0.001132429892750431,0.003149471672758163,-0.0010540199013407405,0.0014806254494518292,-0.0003173544705755237,-0.0006744954704997974,0.0006788890113531675,-0.0025520750748111005,0.000905308385026643,-0.0029749514325219137,0.0009196068682868849
0.3354707432831225,0.5699971500000001,0.715001425,0.005891260154351007,0.00885450347229801,0.6653405436885609,0.9542390705959632,0.9542426588965408,3.5910645895657295e-06,0.34873956415904833,0.8882302180414742,0.0015724492803379287,-0.0011045435367312,0.0031469902223023372,-0.0010220134359290411,0.0014814656665630094,-0.00030379158978134624,-0.0006815845292305799,0.0006660750508431359,-0.002555646715443731,0.0008802595286340409,-0.002963673924528967,0.0008840139829644108
0.33897334929750705,0.574997125,0.7125014375,0.005864876453425836,0.008839118522068144,0.6635137246755227,0.9546638750246846,0.9546674605572417,3.5883623031033244e-06,0.3399913049743486,0.8920700795447554,0.0015731141520746793,-0.0010768934973356401,0.0031441871149979145,-0.0009900728505993829,0.0014821381876032956,-0.00029023730360045434,-0.0006884452362405676,0.0006532641084786316,-0.002558907164146367,0.0008551508072140308,-0.0029520870542889565,0.0008487887358428151
0.34248826669534027,0.5799971,0.7100014499999999,0.005838565704222255,0.00882362994535153,0.6616965739024597,0.9550850122859124,0.9550885947751683,3.5853850140350664e-06,0.3311998367466364,0.8958203217343212,0.0015734259549807848,-0.0010494819542172576,0.003141062525653379,-0.0009582029449998542,0.001482643549789553,-0.00027669334498024256,-0.0006950794647369722,0.0006404586544729587,-0.0025618551645305325,0.0008299877709600305,-0.002940197401156213,0.0008139318187643655
0.34583872495668827,0.5847467991698592,0.7076266004150704,0.005813638431507784,0.008808820425830938,0.6599792197443259,0.9554816971719334,0.9554852765197323,3.5823065102528987e-06,0.3228092858202344,0.8992994154444829,0.001573401016006562,-0.0010236652867631141,0.0031377968408928675,-0.0009279981240473179,0.00148296929139214,-0.00026383848028726164,-0.0007011735648779341,0.0006283014838326478,-0.00256436517974,0.0008060390343034423,-0.002928628403673637,0.0007811613729616036
0.3460155823290717,0.584997075,0.7075014625,0.005812326716024123,0.008808037462972384,0.6598889639670856,0.9555025090002252,0.9555060881758031,3.582137613013149e-06,0.3223661209785749,0.8994804771371928,0.0015733911308951735,-0.0010223109829717212,0.003137616728778008,-0.0009264085084357958,0.0014829822944989832,-0.0002631614492523636,-0.0007014890904589833,0.0006276611237054232,-0.002564489574259002,0.0008047759738704944,-0.002928011489454181,0.0007794438430839636
0.3495553839734755,0.58999705,0.705001475,0.005786158322680982,0.008792340796003243,0.6580907697880877,0.9559163916865441,0.955919967282903,3.57862492306543e-06,0.3134911237832266,0.9030500889785417,0.00157301607845463,-0.0009953825569179978,0.0031338500977274295,-0.0008946943179716417,0.001483154967906696,-0.0002496433542339161,-0.000707675991519516,0.0006148739162065897,-0.002566809364383142,0.0007795209716558674,-0.002915535788186098,0.0007453253412610985
0.3531077603387556,0.5949970250000001,0.7025014875,0.005760059382101979,0.008776539665777816,0.6563018685555609,0.9563266867607325,0.9563302585171002,3.5748517009655125e-06,0.3045758157626069,0.9065287112184052,0.0015723071522399414,-0.0009686985488691659,0.003129763103820655,-0.000863065136566121,0.0014831621216196825,-0.00023614080030407857,-0.0007136420482582394,0.0006020993976322559,-0.0025688136186490045,0.0007542283196744483,-0.002902776710773036,0.0007115767684326616
0.35667280108388544,0.599997,0.7000015,0.005734028775761774,0.008760633793904002,0.6545221396826038,0.9567334205342376,0.9567369881945479,3.57082264134002e-06,0.2956211718861445,0.9099159085870545,0.0015712706619600172,-0.00094226073289341,0.003125356315430213,-0.0008315257112401044,0.0014830043133059784,-0.0002226555304573322,-0.0007193891431049792,0.000589339899726822,-0.002570501532773732,0.0007289035708964134,-0.0028897406148174994,0.0006781985039676114
0.3602505968301861,0.604996975,0.6975015125,0.00570806540821808,0.008744622902277137,0.6527514647580372,0.9571366192127736,0.9571401825256068,3.5665423794771237e-06,0.28662817136906216,0.9132112566190178,0.0015699128716722625,-0.0009160707860657806,0.0031206303970471258,-0.0008000807712762807,0.001482682107317692,-0.00020918929033454515,-0.0007249191604524757,0.0005765977207768047,-0.0025718724136938906,0.0007035522738951819,-0.002876433801890715,0.0006451908530046197
0.36384123917514793,0.60999695,0.695001525,0.005682168206640415,0.008728506713093423,0.650989727500207,0.9575363088950513,0.9575398676135705,3.562015486757525e-06,0.277597797550687,0.916414341685772,0.0015682399990373298,-0.0008901302902113829,0.003115586108322617,-0.0007687350264497486,0.0014821960753065462,-0.0001957438282333009,-0.0007302339865374209,0.0005638751260553119,-0.0025729256787875234,0.0006781799708651835,-0.0028628625173415492,0.0006125540479739372
0.3661821793659052,0.6132470583661546,0.6933764708169228,0.005665369364936218,0.008717974188156653,0.6498492932718943,0.957794247666985,0.9577978032688507,3.558942763984561e-06,0.2717082545561102,0.918446756905395,0.0015669865432614129,-0.0008734028054780077,0.0031121368603117994,-0.0007484149292761495,0.0014817925601861802,-0.0001870159149150695,-0.0007335742477684217,0.0005556166840043381,-0.002573439768179203,0.0006616786983362639,-0.00285390194781177,0.0005915382673286246
0.3674448207065017,0.614996925,0.6925015375,0.005656336120349604,0.008712284948863561,0.6492368137118176,0.9579325155715587,0.9579360694534327,3.557246457662483e-06,0.26853103777268666,0.919524761027118,0.0015662582146061894,-0.0008644407336407126,0.003110224303088608,-0.0007374931652884558,0.0014815467968304667,-0.00018232089509896874,-0.000735335509328604,0.0005511743482583633,-0.0025736608550718616,0.000652792195664948,-0.0028490329501247996,0.0005802882501048259
0.37106143501654354,0.6199969000000001,0.69000155,0.005630568120368283,0.008695957332426604,0.6474926112358321,0.9583252651233777,0.958328813930694,3.552239701526637e-06,0.25942888325724023,0.9225421227812274,0.0015639736411439966,-0.0008390035128707425,0.0031045459283534325,-0.0007063598533687057,0.0014807348599545117,-0.00016892224449213854,-0.0007402256184246228,0.0005384975879287678,-0.0025740775783728944,0.0006273944718913223,-0.0028349512326544257,0.0005483935509114966
0.3746911767167206,0.624996875,0.6875015625,0.005604863198984332,0.008679523586964,0.6457570099126663,0.9587145833209557,0.9587181268202065,3.5469996129115446e-06,0.2502923289852025,0.9254660460132705,0.0015613923530066918,-0.0008138199343155851,0.0030985520232594105,-0.000675339731660124,0.0014797608618572833,-0.0001555496325191913,-0.0007449062049698969,0.00052584701385578,-0.0025741755924530035,0.0006019923110005248,-0.0028206234407004874,0.000516869973638596
0.3783341414524821,0.62999685,0.685001575,0.005579220369322083,0.00866298343601387,0.644029901538086,0.9591004958230509,0.9591040337850583,3.5415305131611153e-06,0.24112237357425953,0.9282961607428619,0.0015585203755244183,-0.0007888912159930636,0.0030922437180421446,-0.0006444374148786512,0.0014786254094096456,-0.00014220481776595963,-0.0007493791615631668,0.0005132247634850888,-0.0025739547481371224,0.0005765912104309734,-0.002806055593275921,0.0004857174747216125
0.3819904259184014,0.634996825,0.6825015875,0.005553638664924979,0.008646336603485488,0.6423111798222395,0.959483028175645,0.959486560375495,3.5358366570382194e-06,0.23192001915705493,0.9310321079701263,0.0015553636844309149,-0.0007642184892041711,0.0030856222329577313,-0.0006136574898851556,0.0014773291197546134,-0.00012888956119896372,-0.0007536463821807854,0.0005006329433077361,-0.0025734150024030594,0.0005511966517689764,-0.0027912536525594167,0.0004549359452115781
0.3856601278735764,0.6399968,0.6800016,0.00552811713934793,0.008629582813673995,0.6406007403496213,0.9598622058108943,0.9598657320278796,3.529922242417959e-06,0.22268627125930648,0.9336735397004577,0.0015519282053222437,-0.0007398028002034783,0.003078688877192546,-0.000583004514113567,0.001475872620876111,-0.00011560562604989295,-0.0007577097621053426,0.00048807362924131406,-0.002572556417450628,0.0005258140989397794,-0.0027762235238349337,0.0004245252121858445
0.38652563377512217,0.6411733815531341,0.6794133092234329,0.005522120124049348,0.008625624778327887,0.6401994366742944,0.9599509480890137,0.9599544728664982,3.5284988699801406e-06,0.2205089551773223,0.9342813406161989,0.0015510798936159088,-0.0007340948269894775,0.0030770121577000558,-0.0005758102752980316,0.0014755066644662523,-0.00011248442739318898,-0.000758636524414122,0.00048512314981147546,-0.0025723080513051885,0.0005198434754409396,-0.002772654140062908,0.00041742290442828306
0.38934334615731275,0.6449967750000001,0.6775016125,0.005502654865759639,0.00861272179127532,0.6388984805400105,0.9602380540461242,0.9602415740636896,3.523791413951617e-06,0.2134221386779426,0.9362201189679809,0.001548219813148239,-0.0007156451118540564,0.003071445047753178,-0.000552483014033668,0.0014742565521589591,-0.00010235477767934383,-0.0007615711978612134,0.0004755488669994683,-0.0025713791597469587,0.0005004489964297403,-0.0027609710554522067,0.0003944850401378596
0.3930401807050976,0.64999675,0.675001625,0.005477250936554674,0.00859575326140135,0.6372042996103552,0.9606105980828618,0.9606141116885477,3.517448260111497e-06,0.20412863335926823,0.938671519857714,0.00154424433173588,-0.0006917463052671296,0.0030638922283373585,-0.0005220974836481081,0.0014724815649395586,-8.913878342053976e-05,-0.0007652325871566344,0.00046306067245006465,-0.0025698834990487327,0.00047510676753923387,-0.0027455020388074316,0.0003648151323464791
0.3967507325648695,0.6549967250000001,0.6725016374999999,0.0054519044629749765,0.00857867694959532,0.6355180985375791,0.960979863005906,0.9609833699912936,3.5108968151064688e-06,0.19480677027717752,0.9410274275264376,0.0015400075333432497,-0.0006681071814273242,0.003056031988187225,-0.0004918523830226785,0.001470548323046423,-7.595941240430577e-05,-0.00076869582883161,0.00045061103196284195,-0.0025680698074026275,0.00044979281266532974,-0.002729822208342662,0.0003355151322261366
0.40047510391359054,0.6599967,0.67000165,0.0054266145747405015,0.008561492581847432,0.6338397800222734,0.9613458737824309,0.9613493739430866,3.5041410573078264e-06,0.18545756731141946,0.9432875382222728,0.0015355151382425685,-0.0006447284628044611,0.0030478659809263313,-0.0004617521368487325,0.0014684575033296402,-6.281843536667422e-05,-0.0007719628228108945,0.0004382019027474378,-0.0025659385581253275,0.0004245125076131228,-0.00271393724156232,0.00030658462465930724
0.40421339807413,0.664996675,0.6675016625,0.005401380419688591,0.008544199884610741,0.6321692484532352,0.9617086552611245,0.9617121483965438,3.4971849083357063e-06,0.1760820451259112,0.9454515593029803,0.0015307728143306614,-0.0006216107949529464,0.003039395943381963,-0.0004318011330364872,0.0014662097961783218,-4.9717624440615574e-05,-0.0007750354700612479,0.00042583521318275384,-0.0025634903247645905,0.0003992712019344588,-0.002697852759065109,0.0002780231373128365
0.4068690881843391,0.6685373266096408,0.6657313366951796,0.005383544510840566,0.008531888674025665,0.6309909466153885,0.9619636135577601,0.9619671015992252,3.4921399417445385e-06,0.1694275612749411,0.9469257073759956,0.0015272665265364934,-0.0006053985876607532,0.0030332151371463964,-0.0004106844501856687,0.0014645236181107476,-4.046575691277574e-05,-0.0007770948142960385,0.00041710464713594006,-0.0025615653011933624,0.00038142347176593267,-0.002686345166304239,0.00025802067585732494
0.40796571953246263,0.6699966500000001,0.665001675,0.005376201163421666,0.008526798584817252,0.630506409872808,0.9620682321713644,0.9620717180849163,3.4900322344251007e-06,0.16668122704709948,0.9475192092529879,0.0015257861767650467,-0.0005987547480999393,0.003030623694394403,-0.00040200372133782243,0.0014638059060250507,-3.665875293352915e-05,-0.0007779156725520798,0.00041351286313872536,-0.002560725780042977,0.00037407421729267486,-0.0026815743245894464,0.00024983014193989054
0.4117321739551925,0.674996625,0.6625016874999999,0.0053510759889632475,0.008509288409894289,0.6288511719430279,0.9624246291224325,0.9624281076212936,3.4826868393102672e-06,0.1572561389423719,0.9494902176991552,0.0015205607876270777,-0.0005761608187184006,0.0030215511336122423,-0.00037236421200146014,0.0014612465518383422,-2.3643595088361723e-05,-0.0007806053332201058,0.0004012367242882103,-0.0025576456947831476,0.000348926845856657,-0.0026651074450744117,0.00022200505566335503
0.41551286820740735,0.6799966000000001,0.6600017,0.0053260040964247315,0.008491669087781106,0.6272034439128656,0.9627778706027206,0.9627813414978468,3.475152497080656e-06,0.1478078090986907,0.9513643254252043,0.0015151021556305615,-0.0005538294310580746,0.0030121802402594154,-0.00034288687448379997,0.0014585324676141321,-1.0673925808403662e-05,-0.0007831063559465002,0.00038900864039118673,-0.0025542509367997204,0.000323834348749642,-0.0026484575707578905,0.00019454724220944946
0.4193079103708717,0.684996575,0.6575017125,0.005300984702677714,0.008473940346945751,0.6255631365859614,0.9631279809790273,0.9631314440850999,3.467432928065273e-06,0.13833726810123184,0.9531412843849676,0.0015094157358346472,-0.000531760938694601,0.003002513071907048,-0.0003135759361632431,0.0014556644028410634,2.2484796080144786e-06,-0.0007854206455271295,0.0003768304275917209,-0.0025505424697918637,0.0002988019544960466,-0.0026316300952637676,0.00016745601316206193
0.4231174097625668,0.68999655,0.655001725,0.005276017041035076,0.00845610191640221,0.6239301622892273,0.9634749844958739,0.9634784396312368,3.459531790174845e-06,0.12884554871216125,0.9548208577143602,0.0015035069293908455,-0.0005099556260485721,0.002992551763226301,-0.00028443558109883966,0.0014526431229584435,1.5121845758550255e-05,-0.0007875501076500625,0.00036470387469592075,-0.002546521352212038,0.0002738348575109999,-0.0026146303557134927,0.0001407306291819407
0.4269414769535849,0.6949965250000001,0.6525017375,0.005251100360939652,0.008438153525727791,0.6223044348421883,0.9638189052748244,0.9638223522614395,3.4514526964254264e-06,0.11933368574952091,0.9564028197420769,0.0014973810833144858,-0.0004884137098915072,0.0029822985247300376,-0.00025546994881881906,0.0014494694098008745,2.7944397440828402e-05,-0.000789496648875938,0.00035263074344193035,-0.002542188736118809,0.0002489382166168205,-0.0025974636328506525,0.00011437030121074697
0.42721254259355607,0.6953502186628503,0.6523248906685749,0.005249339689205884,0.008436879701553254,0.62218970459416,0.9638431177964822,0.9638465642000136,3.4508745429962294e-06,0.11866008947661069,0.9565110239244743,0.00149693966561759,-0.00048689983399340797,0.0029815622234578986,-0.0002534276707784913,0.0014492391521211004,2.884948221178268e-05,-0.0007896274677813732,0.00035177876984330837,-0.002541870485858121,0.0002471798533875644,-0.002596243087557097,0.00011251939932924385
0.4307802237883862,0.6999965,0.65000175,0.005226233927660493,0.008420094905080801,0.6206858695270657,0.9641597673138511,0.964163205977255,3.4431992185139307e-06,0.10980271596625268,0.9578869559990542,0.0014910434902810413,-0.0004671353408341037,0.002971755641503504,-0.00022668313314224981,0.0014461440620297328,4.0714359971370295e-05,-0.0007912621766209494,0.00034061276875970846,-0.0025375458660137273,0.00022411715359030063,-0.0025801351511796035,8.837419165497404e-05
0.43463376340442694,0.7049964750000001,0.6475017624999999,0.005201417021996656,0.008401925785218475,0.619074383059598,0.9644975944867368,0.9645010246559961,3.43477488382639e-06,0.10025367792938186,0.9592730632266985,0.0014844993884473052,-0.00044612060479609834,0.002960925471924195,-0.00019807918103420467,0.001442667895551582,5.3429959519496185e-05,-0.0007928485991424575,0.00032865165902032226,-0.0025325940776623865,0.00019937675174130142,-0.0025626500791182394,6.274141554918302e-05
0.4385022102521666,0.70999645,0.645001775,0.0051766489399882615,0.00838364589751521,0.6174698935605742,0.9648324105425108,0.9648358320501714,3.4261831696344105e-06,0.09068761189937237,0.96056094938388,0.0014777539612963397,-0.00042536952445882987,0.002949810446371903,-0.00016966209149331106,0.0014390417439230068,6.608942345494762e-05,-0.0007942578255267914,0.0003167490962756149,-0.0025273347969006397,0.00017472205452153584,-0.00254501352916382,3.747104170004239e-05
0.4423856801154649,0.714996425,0.6425017875,0.005151928992634509,0.00836525497398106,0.6158723205280477,0.9651642391049118,0.9651676517869449,3.4174274981808014e-06,0.08110555970965003,0.9617504336526954,0.0014708123375050005,-0.00040488206070169976,0.0029384130659300006,-0.0001414358144703922,0.0014352664587413556,7.86909807078766e-05,-0.0007954917656787543,0.00030490673648917566,-0.002521769538427005,0.00015015806416224548,-0.0025272305580705994,1.2562093812794116e-05
0.44628429013237464,0.7199964000000001,0.6400018,0.005127256505618364,0.008346752747280538,0.6142815848101981,0.9654931036718752,0.9654965073676239,3.4085112370826667e-06,0.071508564646296,0.962841346443004,0.0014636795908327153,-0.0003846581140238895,0.002926735901079098,-0.00011340424981678916,0.0014313429100208555,9.123286213971685e-05,-0.0007965523303123242,0.000293126209759644,-0.0025158999045823936,0.0001256897403393525,-0.002509306167037953,-1.1986448398034811e-05
0.44755599700277304,0.7216231547754051,0.6391884226122975,0.005119239370196409,0.008340708958124507,0.6137654959426281,0.9655994654695854,0.9656028662075425,3.4055762413603322e-06,0.06838311032876677,0.9631749986045697,0.0014613185668117972,-0.00037813499109890463,0.0029228768219219533,-0.00010432673319227258,0.001430034555182647,9.530023399129188e-05,-0.0007968603268216003,0.000289306985244123,-0.002513924859487293,0.00011775035682595404,-0.0025034447576075063,-1.9895851770191863e-05
0.4501981588163427,0.724996375,0.6375018124999999,0.0051026308190375074,0.008328138950751702,0.612697608578798,0.9658190276150418,0.9658224221671775,3.3994377099769423e-06,0.061897671327889564,0.9638335293957403,0.001456360740030061,-0.0003646975259528066,0.0029147815903842727,-8.55712462607465e-05,0.0014272719865535642,0.00010371330092334958,-0.0007974414309419813,0.0002814091205374548,-0.0025097275841183624,0.00010132199886446697,-0.0024912453019075563,-3.61756481117184e-05
0.4541274060778274,0.7299963500000001,0.6350018249999999,0.005078051287141269,0.008309413318425538,0.6111203153032536,0.9661420341792915,0.9661454194337834,3.390210214688774e-06,0.05227392558548352,0.9647268353850132,0.001448860748765821,-0.0003450000804402785,0.0029025528391769893,-5.794060041061497e-05,0.001423054596254719,0.00011613053293124857,-0.0007981609798741595,0.00026975704783586485,-0.002503254350954992,7.705971040055374e-05,-0.0024730528533683793,-6.000661031677389e-05
0.45807215324634176,0.734996325,0.6325018375,0.005053517278075745,0.008290575585045668,0.6095496297254864,0.966462146482333,0.9664655222883995,3.3808320009921783e-06,0.042638374342962956,0.9655211285190127,0.0014411845255858798,-0.0003255655052158672,0.0028900524182226767,-3.0516055810132646e-05,0.0014186916664986823,0.00012848279715157513,-0.0007987128902031856,0.00025817154541808783,-0.00249648206291855,5.290769923027152e-05,-0.002454733657185505,-8.348048077393483e-05
0.46203252309293374,0.7399963,0.63000185,0.005029028173634442,0.008271625486088337,0.6079854778353458,0.9667793875142959,0.9667827537243674,3.3713062787243202e-06,0.032992065497591136,0.966216284139695,0.0014333369238873,-0.00030639347313698865,0.002877283162385826,-3.301302013021157e-06,0.0014141841444375168,0.0001407683361054565,-0.0007990990758061366,0.00024665414198440304,-0.002489412660471505,2.8870742040847723e-05,-0.002436292494433003,-0.00010659844498069765
0.4660086398531129,0.744996275,0.6275018625000001,0.005004583369013789,0.008252562757782746,0.6064277868464697,0.9670937801373783,0.967097136607038,3.3616361989040026e-06,0.023336047800669193,0.9668121888213081,0.001425322741904898,-0.000287483603532406,0.0028642479692947663,2.370002632149231e-05,0.0014095329973014402,0.00015298539626626027,-0.000799321451335308,0.00023520634135801118,-0.0024820481654373324,4.953566727730006e-06,-0.0024177340917284668,-0.00012936172714108797
0.46789945141198996,0.747367008538161,0.6263164957309195,0.0049930081984580444,0.00824348474482662,0.6056914463985048,0.9672418601961124,0.9672452119977908,3.35700158592509e-06,0.018754565291205727,0.9670600200589277,0.0014214659770532992,-0.00027860900484733773,0.0028579752544763254,3.6427058988189735e-05,0.00140727774949137,0.00015875366757094004,-0.0007993701936592327,0.00022980312950391637,-0.0024784537698162405,-6.343527928032366e-06,-0.002408895017545523,-0.0001400313232876762
0.47000062925023556,0.74999625,0.625001875,0.0049801822725752155,0.008233387137131683,0.6048764851728075,0.9674053470854863,0.9674086936734275,3.3518248705292165e-06,0.013671370738494677,0.9673087403676868,0.001417146722722582,-0.0002688354635182028,0.0028509497979972054,5.0484350294230254e-05,0.001404739212687134,0.0001651322284958295,-0.0007993819322131498,0.0002238296226562387,-0.0024743906797104745,-1.8839148763428358e-05,-0.0023990631214833,-0.0001517715891646675
0.47400861851935727,0.7549962250000001,0.6225018874999999,0.004955824305612705,0.008214098361932497,0.6033315024056722,0.9677141109638998,0.9677174475318974,3.34187537463005e-06,0.003999084413542145,0.9677058478083639,0.0014088135543014616,-0.0002504485692990648,0.002837391667612727,7.704814760416472e-05,0.0013998037988300646,0.00017720708848755558,-0.0007992824346263488,0.000212525440455682,-0.002466442383957902,-4.250277756863714e-05,-0.002380284202160005,-0.00017382932967970052
0.4780327364315664,0.7599962,0.6200019,0.0049315089021260295,0.008194696170798403,0.6017927692913545,0.9680200942489808,0.9680234206618586,3.3317907618605434e-06,-0.0056797605740824125,0.9680034313935187,0.0014003278695263514,-0.00023232238744943796,0.002823576655981359,0.0001033879533548677,0.001394727784861613,0.00018920823721932297,-0.0007990248755194835,0.0002012952249483135,-0.002458205536311235,-6.603274500648918e-05,-0.002361401898538607,-0.0001955362830665772
0.48207311331880914,0.7649961750000001,0.6175019125,0.004907235508599541,0.008175180303180105,0.6002602177092842,0.968323319287915,0.9683266354135037,3.3215740408392453e-06,-0.01536411324490275,0.9682014225877605,0.0013916942462699141,-0.000214456336175751,0.002809507898308864,0.0001295003608304538,0.0013895122210508392,0.00020113394141519335,-0.0007986111725880543,0.00019014038208935944,-0.002449682471050097,-8.942452964929563e-05,-0.002342420721991469,-0.0002168938185099603
0.48612988109921706,0.76999615,0.615001925,0.0048830035837861985,0.008155550499387803,0.5987337806507043,0.9686238082984779,0.9686271140075607,3.3112281654285387e-06,-0.025052922358045987,0.9682997640627453,0.0013829172074735932,-0.00019684978656103836,0.0027951885858094375,0.00015538202224230533,0.0013841581790306823,0.00021298247401460062,-0.0007980432442706615,0.00017906229373783894,-0.0024408755972773954,-0.00011267366436575387,-0.0023233451307656584,-0.00023790333906795292
0.48824290582120694,0.7725924345704446,0.6137037827147777,0.004870437107736407,0.008145312509767985,0.5979435536568675,0.9687787681839027,0.968782068434108,3.3058059874582753e-06,-0.03008533820121384,0.9683115067524699,0.0013783045592462328,-0.0001878095556245176,0.002787655389530251,0.00016872921290314106,0.0013813237810045417,0.00021910392717363133,-0.000797688144333135,0.0001733406171693665,-0.002436191416910363,-0.0001246882675438655,-0.0023134041685375297,-0.00024867593407775613
0.49020317330295204,0.774996125,0.6125019374999999,0.0048588125984966035,0.008135806500613517,0.597213392197836,0.968921583368817,0.9689248785350724,3.300756029102245e-06,-0.03474513652894276,0.9682984096886251,0.0013740012212443854,-0.0001795020637934321,0.002780621964346519,0.00018102964944805122,0.001378666752008447,0.00022475211464773805,-0.0007973230097401006,0.00016806231779072618,-0.0024317873975872816,-0.0001357757373366494,-0.0023041795302719704,-0.0002585662807564342
0.4942931250985782,0.7799961000000001,0.61000195,0.00483466203539277,0.008115948048953787,0.5956989875034991,0.9692166664572425,0.9692199509572001,3.2901604798466947e-06,-0.04443970434676499,0.9681973245243253,0.0013649507009664346,-0.00016241244838018055,0.0027658113330724936,0.00020644001464440823,0.0013730390549604198,0.0002364411501156971,-0.0007964523888931215,0.00015714178831180377,-0.0024224204267265905,-0.00015872639304523897,-0.002284928273379637,-0.0002788841116464899
0.49839987331997654,0.784996075,0.6075019625,0.004810551388786229,0.008095974887432722,0.5941905027711469,0.9695090793920221,0.9695123531050469,3.2794443523886922e-06,-0.05413557449163649,0.9679964848066478,0.0013557700054262912,-0.00014558017734899817,0.0027507600430680406,0.00023160995103570716,0.0013672762248104994,0.00024804787487382046,-0.0007954333023385829,0.00014630201565635234,-0.0024127773102505887,-0.00018152133324417848,-0.0022655956607156615,-0.0002988583309727036
0.5025235564938141,0.7899960500000001,0.605001975,0.004786480164440918,0.008075886760025446,0.5926878752353676,0.9697988438712102,0.9698021066795084,3.2686104974429324e-06,-0.06383169585155032,0.9676958779382347,0.0013464634389530375,-0.00012900444542954156,0.002735471495980822,0.0002565363534727326,0.0013613794205931881,0.00025957059152195575,-0.0007942676713839224,0.00013554428658802173,-0.002402860743172543,-0.00020415631789273147,-0.002246185940970583,-0.0003184904682604373
0.5066643148675811,0.794996025,0.6025019875000001,0.004762447879383422,0.008055683411681898,0.5911910431431787,0.9700859814626122,0.9700892332511416,3.25766166596191e-06,-0.07352701763854792,0.9672955024745336,0.0013370352515828183,-0.00011268440618197935,0.00271994914265888,0.000281216179035353,0.0013553498236028717,0.0002710076113206265,-0.0007929574180209476,0.0001248698643702817,-0.002392673488601492,-0.00022662716603430796,-0.0022267033112221327,-0.00033778208250997423
0.5085863602304239,0.7973098729296848,0.6013450635351576,0.004751339461224068,0.008046294800921009,0.5905002959474231,0.9702179775233979,0.9702212241741092,3.2525566983996863e-06,-0.07801317763109808,0.9670764540745945,0.001332632154866075,-0.00010521824876151876,0.0027126876689013407,0.00029255302079898366,0.0013525148834704728,0.00027627087029348594,-0.0007923026541728032,0.00011995858353806289,-0.0023878682790725555,-0.00023696934138818653,-0.002217663773992533,-0.0003465948844808277
0.5108222904382129,0.799996,0.600002,0.004738454061714089,0.008035364588351022,0.5896999457353175,0.9703705136036173,0.9703737542600589,3.246600582555434e-06,-0.08322048950506541,0.9667953681094491,0.0013274896392235854,-9.661917315885102e-05,0.0027041964817913476,0.0003056464476282058,0.0013491886375243238,0.00028235725468198775,-0.0007915044649082797,0.00011427998887909486,-0.0023822183763830087,-0.0002489297566921486,-0.00220715191724797,-0.000356734761338289
0.5149976269813069,0.8049959750000001,0.5975020125,0.004714498250424034,0.008014930037005362,0.5882145232281433,0.97065246160113,0.9706556910158405,3.2354299236852444e-06,-0.09291106165973625,0.9661954956599589,0.0013178307438389603,-8.080782102510026e-05,0.0026882170585469257,0.00032982424252989725,0.0013428970885487341,0.0002936178516794091,-0.0007899107353522305,0.00010377587669640257,-0.002371498301731812,-0.00027106002971595333,-0.002187535853850579,-0.00037535012016465567
0.5191904700809542,0.80999595,0.595002025,0.00469057999521606,0.007994379505666036,0.5867347167959189,0.9709318466314818,0.9709350646974695,3.2241523428724347e-06,-0.10259768498289529,0.9654959170495595,0.001308062653644527,-6.524938666504623e-05,0.0026720144632134887,0.00035374671091861054,0.0013364764254740564,0.00030478774255868744,-0.0007881781532857238,9.335872119984027e-05,-0.002360516223860031,-0.0002930139866052022,-0.0021678591651863193,-0.00039362980140688995
0.5234009671601981,0.814995925,0.5925020375,0.004666698856329775,0.00797371274342814,0.585260468553501,0.9712086897403825,0.9712118963532871,3.212770475823073e-06,-0.11227931114171519,0.9646966752906182,0.0012981894033163822,-4.994287027048235e-05,0.002655592329839552,0.0003774110643701297,0.0013299279197894014,0.0003158652782532036,-0.0007863086432445569,8.302969264622229e-05,-0.0023492751646018027,-0.00031478769130424927,-0.0021481258450989785,-0.0004115754736948243
0.527629267512137,0.8199959,0.5900020500000001,0.004642854404370906,0.007952929500486542,0.5837917215394487,0.9714830118429068,0.9714862069009685,3.2012869281404048e-06,-0.12195489270495453,0.9637978244656337,0.0012882149742118234,-3.488723640957273e-05,0.0026389543348778128,0.0004008145793281751,0.0013232528657435814,0.0003268488209029334,-0.0007843041303409996,7.278993824870673e-05,-0.002337778207034439,-0.0003363772709689699,-0.002128339837457781,-0.0004291888311012731
0.5289298146396408,0.8215295534322434,0.5892352232838783,0.0046355478301882145,0.00794653122817111,0.5833423033379412,0.9715666532457837,0.9715698447396042,3.1977445718930246e-06,-0.12492133265297571,0.9635021652012089,0.0012851358250929301,-3.0319303408191724e-05,0.0026338082370420974,0.0004079405058175112,0.001321180252581571,0.00033019873942213883,-0.0007836625226579102,6.966714079671527e-05,-0.002334200918275598,-0.00034296200180367655,-0.0021222608737830927,-0.0004345250808244975
0.5318755223316874,0.824995875,0.5875020625,0.004619046220144543,0.007932029528162125,0.5823284196995154,0.9717548337235065,0.9717580171275173,3.189704255679439e-06,-0.13162338325731784,0.9627994297074012,0.0012781432946016396,-2.0081415077846805e-05,0.0026221041958311244,0.00042395459754824557,0.0013164525803978926,0.00033773674437630196,-0.000782166540234713,6.264058224839507e-05,-0.0023260284940965293,-0.00035777891670621083,-0.002108505036499416,-0.00044647159238888533
0.5361398847480242,0.8299958500000001,0.585002075,0.00459527389449216,0.007911012578928438,0.5808705078705105,0.9720241760360345,0.9720273476892789,3.1780249524741646e-06,-0.14128373751343465,0.9617015671780756,0.0012679782399134401,-5.524302732752665e-06,0.002605045669901274,0.00044682852651630714,0.0013095284036632431,0.00034852743479379266,-0.0007798977991009806,5.2582725981197087e-05,-0.002314029227203419,-0.00037898888428744456,-0.0020886252871735594,-0.00046342550027109994
0.5404225098577157,0.8349958249999999,0.5825020875,0.004571537028132106,0.007889878406438802,0.5794179317644931,0.97229105930377,0.9722942191119751,3.16625145947252e-06,-0.1509349114314814,0.9605043240471217,0.001257723632985381,8.785236686610013e-06,0.0025877825526408977,0.00046943383984384134,0.001302481698321792,0.00035921929105214655,-0.0007774998335962461,4.2617447940864484e-05,-0.0023017836648604713,-0.00040000349483821843,-0.0020687043854913548,-0.0004800523206852445
0.5447235547585716,0.8399958000000001,0.5800021,0.004547835231503341,0.007868626765553841,0.5779706379532715,0.9725555039194306,0.9725586517907546,3.1543862080739284e-06,-0.1605758623264758,0.959207798468135,0.0012473832443295793,2.2848370752767265e-05,0.002570318676608918,0.0004917680776409297,0.0012953138500332872,0.00036981072534789073,-0.0007749745708209596,3.27458038391857e-05,-0.002289295121274563,-0.000420819135505159,-0.0020487460788762638,-0.0004963538420756147
0.5490431785842209,0.844995775,0.5775021125,0.004524168124612416,0.00784725741236951,0.5765285738532089,0.9728175301451901,0.9728206659902628,3.1424316813930765e-06,-0.17020554898323415,0.9578120995545545,0.001236960792404756,3.6666297557829455e-05,0.0025526579100299917,0.0005138288468664653,0.0012880262673260934,0.00038030016370060524,-0.0007723239382794149,2.2968826662741597e-05,-0.0022765669649643396,-0.0004414322600992558,-0.0020287540665170885,-0.0005123318746883865
0.5492732690488578,0.845261499887234,0.577369250056383,0.004522911294108283,0.007846118434086457,0.5764520803635941,0.972831388300608,0.972834523504087,3.141793902175976e-06,-0.1707169858756375,0.9577351516971828,0.001236404662595594,3.7393815935763466e-05,0.0025517138889380253,0.0005149935739885955,0.0012876356435342076,0.00038085474317662785,-0.000772179598238346,2.2451895523294157e-05,-0.002275883883773122,-0.0004425220153042999,-0.00202769071305636,-0.0005131720133199815
0.5533815425394416,0.84999575,0.575002125,0.004500535336886193,0.007825770104245535,0.5750916877106601,0.9730771581129043,0.9730802818447293,3.1303902575491398e-06,-0.17982293176849082,0.9563173473545645,0.0012264599439017032,5.024024476879137e-05,0.0025348041554587243,0.0005356138216307954,0.0012806203815709557,0.0003906860464917083,-0.0007695498638341708,1.328752671105203e-05,-0.002263602617369215,-0.00046183938968655795,-0.0020087319997279993,-0.0005279882499157895
0.5577388099362582,0.8549957250000001,0.5725021374999999,0.004476936507025558,0.007804164599834375,0.5736599285874328,0.973334407824132,0.9733375193580718,3.1182642986827206e-06,-0.18942697274297865,0.9547236728246475,0.0012158843140351136,6.357146866669124e-05,0.002516761348447532,0.0005571207434989693,0.0012730976469414869,0.000400966828987045,-0.0007666542756598188,3.7028916460499217e-06,-0.0022504055514572185,-0.0004820371131822364,-0.001988683482307097,-0.0005433248196165196
0.5621151462308304,0.8599957,0.57000215,0.004453371282863183,0.007782440659110631,0.5722332463466685,0.973589299150312,0.9735923984040181,3.1060560956249785e-06,-0.19901663577296985,0.9530312178022317,0.0012052374668435,7.66612532140901e-05,0.0024985334562208925,0.0005783474217618349,0.0012654595403583221,0.0004111409818644153,-0.0007636391021919068,-5.7841134674289714e-06,-0.0022369792903340494,-0.0005020220879094239,-0.001968612070896759,-0.0005583434554634881
0.5665107190611524,0.8649956750000001,0.5675021625,0.004429839321224078,0.007760598043400972,0.570811591638982,0.9738418518328529,0.9738449387262439,3.0937679171237374e-06,-0.2085908866414219,0.9512401349771706,0.0011945229154989294,8.951090913620755e-05,0.0024801244763532617,0.0005992917336852421,0.0012577075614190142,0.00042120699174004364,-0.0007605062720735614,-1.5172546124369475e-05,-0.002223327405850427,-0.0005217910401353435,-0.0019485212753472196,-0.0005730460483017808
0.5696167234580748,0.8685155342450799,0.5657422328774601,0.004413293168907954,0.007745150072928061,0.5698137708569286,0.9740182506399787,0.9740213287852086,3.085070605343826e-06,-0.21532112146643362,0.9499201899266073,0.001186941401669173,9.841344799866679e-05,0.0024670585711573044,0.0006138655427763734,0.00125218288299965,0.00042822754302287443,-0.0007582313116167456,-2.172215160603877e-05,-0.0022135834461007365,-0.0005355765949422432,-0.0019343680981086465,-0.0005832077872496332
0.5709256982855835,0.86999565,0.565002175,0.0044063402877892715,0.007738636515414546,0.5693949158889047,0.9740920854832597,0.9740951599385254,3.081402040752985e-06,-0.21814869315867813,0.9493505878621906,0.0011837441226241626,0.00010212177301929504,0.0024615384354530227,0.0006199516247357359,0.001249843232312693,0.000431163361694027,-0.000757257714098238,-2.4461486345966797e-05,-0.002209453517210303,-0.0005413407655820074,-0.0019284145590813383,-0.000587434507521084
0.5753602560222347,0.874995625,0.5625021874999999,0.004382873856962716,0.007716555839273918,0.5679831712816477,0.9743400195833103,0.9743430815249113,3.0689607467944283e-06,-0.2276890252726793,0.9473627507623374,0.0011729045006170812,0.00011449520642833786,0.0024427793878528253,0.0006403251087813695,0.0012418680977194121,0.0004410086117954678,-0.0007538953571483806,-3.365003665052011e-05,-0.002195361289580329,-0.0005606681299097491,-0.0019082953394606098,-0.0006015107604449065
0.5798145666892304,0.8799956,0.5600022,0.0043594397117413,0.007694355780546518,0.5665763107501712,0.9745856734852727,0.9745887228399067,3.0564462830304004e-06,-0.23721085517867418,0.9452768087434202,0.0011620074119822145,0.00012663259504275325,0.0024238514143064423,0.0006604102682687177,0.001233783724694468,0.0004507412796264681,-0.0007504211301301539,-4.273732202817947e-05,-0.0021810544327006947,-0.00057977006917478,-0.0018881669881522783,-0.0006152767517349801
0.5842888070458727,0.884995575,0.5575022125,0.004336037543587719,0.007672036106276623,0.565174287962531,0.9748290664121377,0.974832103108673,3.0438608278910504e-06,-0.24671315742844685,0.9430929575994332,0.0011510561696691252,0.0001385353478086117,0.002404758620692144,0.0006802052543773635,0.001225591702537995,0.00046035992080412005,-0.0007468369619044339,-5.17224899188528e-05,-0.0021665366994974345,-0.0005986435902621656,-0.001868032831497397,-0.0006287344428090773
0.5887831562347297,0.8899955500000001,0.555002225,0.00431266705230605,0.007649596585017895,0.5637770573094818,0.975070217457854,0.9750732414272432,3.0312064662984667e-06,-0.2561949090390693,0.9408114038189427,0.0011400540374174306,0.00015020489610570367,0.002385505136722619,0.0006997082871532432,0.001217293642650227,0.0004698631094995571,-0.0007431447812142765,-6.060471019249088e-05,-0.002151811884696292,-0.0006172857712957551,-0.0018478961508797101,-0.0006418858112702587
0.5899601778672917,0.8913012806625278,0.5543493596687361,0.0043065690882680314,0.007643716797426475,0.5634129576488219,0.9751328266158586,0.9751358472504673,3.027890715627522e-06,-0.2586675333425916,0.9401995196437262,0.0011371728787148772,0.0001532141461937559,0.002380451192256481,0.0007047531635108168,0.0012151093662714529,0.0004723256559624083,-0.0007421630303503992,-6.290722583498813e-05,-0.00214793291144229,-0.0006221156783116134,-0.001842637495450124,-0.0006452700615203799
0.5932977958246738,0.894995525,0.5525022375,0.004289327945919745,0.00762703698686646,0.5623845738923051,0.9753091455875413,0.975312156762752,3.018485206227381e-06,-0.26565508960121875,0.9384323645504072,0.0011290042301081737,0.0001616426929276045,0.0023660951146614075,0.0007189176556224289,0.0012088911783728557,0.0004792494389530712,-0.0007393465166090917,-6.938317513091386e-05,-0.002136883823438165,-0.0006356937620268099,-0.0018277601830951813,-0.0006547328503453813
0.5978329098548973,0.8999955000000001,0.5500022499999999,0.0042660199405518025,0.007604357083494553,0.5609967935108289,0.9755458696376628,0.9755488679536769,3.0056990565537497e-06,-0.2750926813871,0.9359560675663998,0.0011179099141212499,0.0001728502120726712,0.0023465327280457597,0.000737831717887084,0.0012003859648169824,0.0004885175219842341,-0.0007354440963657884,-7.805709941025359e-05,-0.0021217563898961816,-0.0006538647842032594,-0.0018076281207220234,-0.0006672775683304765
0.6023886848799282,0.904995475,0.5475022625,0.004242742760306866,0.007581556648184751,0.5596136726516057,0.9757804083161347,0.9757833937100966,2.992850196854662e-06,-0.2845066694580308,0.933382751226688,0.001106774207698569,0.00018382894734369538,0.0023268221704158135,0.0007564489012055151,0.0011917796786782373,0.0004976659914958829,-0.0007314394484071789,-8.662572008300809e-05,-0.0021064334958943694,-0.0006717961319217213,-0.0017875031124910726,-0.0006795219880403648
0.6069653100156788,0.9099954499999999,0.545002275,0.004219496137158222,0.007558635455864781,0.5582351684766454,0.9760127802027717,0.9760157526139607,2.9799407865868723e-06,-0.29389604177105966,0.9307126644407755,0.0010956001813096708,0.00019458041179330242,0.0023069676540570894,0.0007747677020304524,0.001183074018033145,0.000506693500985876,-0.0007273345002112509,-9.508829657391759e-05,-0.002090919089534766,-0.0006894851719304195,-0.0017673882636538895,-0.0006914681463052944
0.6103036322765086,0.9136281694858028,0.5431859152570986,0.004202625377567869,0.007541906252859425,0.557236491235156,0.976180260914203,0.9761832238558025,2.9705246022961814e-06,-0.3007018524843503,0.9287121716177738,0.001087459410496849,0.00020225018768609308,0.0022924545224622863,0.0007878892128821502,0.0011766875923833805,0.0005131757920774745,-0.0007242902494383675,-0.00010116983843531927,-0.0020795292867109042,-0.000702183660240975,-0.0017527819891932457,-0.0006999616939694242
0.6115629769865506,0.9149954250000001,0.5425022875,0.004196279810837856,0.00753559328314294,0.5568612388124634,0.9762430037497466,0.976245963119372,2.966972751406377e-06,-0.303259789284825,0.9279460666295489,0.0010843908580238878,0.0002051061369896454,0.0022869734087509804,0.0007927866860228305,0.0011742707021210276,0.0005155987250568029,-0.0007231311787161997,-0.0001034441106799123,-0.002075217153827298,-0.0007069293439043888,-0.0017472866363523996,-0.0007031180934849784
0.6161818801736284,0.9199954,0.5400022999999999,0.004173093528724927,0.007512429908344126,0.5554918421388308,0.9764710972816568,0.9764740435528835,2.953948050760917e-06,-0.3125969060657904,0.9250832276852382,0.0010731492138884593,0.00021540767224769708,0.002266843680526187,0.0008105044880814007,0.0011653714711200621,0.0005243803599011078,-0.0007188314102290945,-0.00011169246655166345,-0.002059331705316807,-0.0007241261607411866,-0.001727201249988808,-0.0007144738929373562
0.6208222166639928,0.9249953750000001,0.5375023124999999,0.004149937045739359,0.007489145111546487,0.554126937578114,0.9766970789959103,0.9767000121138053,2.940868588810776e-06,-0.321906389393358,0.9221244279308922,0.001061878178309289,0.00022548658391271912,0.0022465827304241764,0.0008279198123259513,0.0011563780859043303,0.0005330371237968118,-0.0007144371203249185,-0.00011983269069202807,-0.0020432667927190997,-0.0007410732088020183,-0.0017071350815937784,-0.0007255376205414364
0.625484186301181,0.92999535,0.535002325,0.004126810124236725,0.007465738674618718,0.5527664848846969,0.9769209669629787,0.9769238868745256,2.9277362877248505e-06,-0.33118723986463566,0.9190699580786685,0.0010505806344369443,0.0002353444546472726,0.002226194833270952,0.0008450314320691149,0.0011472923277896457,0.0005415677575939176,-0.0007099502337436677,-0.00012786413195158203,-0.002027026495558792,-0.0007577681481403766,-0.0016870910661950834,-0.000736311364218347
0.63016799173683,0.934995325,0.5325023375,0.004103712533905644,0.007442210381258006,0.5514104444346501,0.977142779126719,0.9771456857808406,2.9145530984128853e-06,-0.34043846149861495,0.9159201191872269,0.0010392594195554503,0.000244982882736186,0.002205684276458737,0.0008618381897671685,0.0011381159982657258,0.0005499710251962468,-0.0007053726742826457,-0.00013578616152628195,-0.002010614922812711,-0.0007742087127060156,-0.0016670720971845576,-0.0007467972234673043
0.6306470866857257,0.9355054411535493,0.5322472794232254,0.004101357671375325,0.007439803077973984,0.5512723426131612,0.9771652932423965,0.9771681985411511,2.913205316352776e-06,-0.341380600989674,0.9155934117201957,0.0010381031665335917,0.00024595395838913697,0.002203584986486068,0.0008635356963604707,0.0011371747747805257,0.0005508211499641782,-0.0007049006329949464,-0.0001365882218135817,-0.0020089310870055077,-0.0007758716536014631,-0.0016650312077997325,-0.0007478509292987415
0.6348738384835354,0.9399953000000001,0.53000235,0.004080644051667588,0.00741856001702865,0.5500587772156362,0.9773625333047476,0.9773654266522994,2.9013209687273734e-06,-0.3496590618397513,0.9126752226182209,0.0010279173254739698,0.00025440348140830666,0.0021850553587374564,0.0008783389969507314,0.0011288509187151034,0.0005582457140381541,-0.0007007063646842422,-0.0001435981729568035,-0.0019940362115587707,-0.0007903927105253041,-0.0016470810266835175,-0.000756997308915085
0.639601934968959,0.944995275,0.5275023624999999,0.0040576044615789,0.0073947873694013375,0.5487114448170256,0.9775802471888431,0.9775831271825574,2.888041788987848e-06,-0.358848052060957,0.9093355899918667,0.0010165570989214294,0.0002636078781737054,0.002164312389015799,0.0008945328341363879,0.0011194989301192093,0.0005663906355555361,-0.0006959532265195,-0.00015129958212906002,-0.0019772945256301315,-0.0008063180238591631,-0.001627120665906808,-0.0007669137418774071
0.644352492591222,0.9499952500000001,0.5250023749999999,0.004034593554734877,0.007370892227793156,0.5473684094202032,0.9777959383453521,0.97779880493974,2.874717343322617e-06,-0.3680044470660196,0.9059015531415655,0.0010051814419442069,0.0002725977141748266,0.002143459685171613,0.0009104187507204041,0.0011100618927521518,0.0005744046256505249,-0.0006911151800678218,-0.000158889827275354,-0.001960394054274457,-0.0008219826093399472,-0.0016071937855256942,-0.000776548653930455
0.6491257257756201,0.954995225,0.5225023875,0.004011611129175664,0.007346874383608266,0.5460296337890351,0.9780096242155709,0.9780124773668202,2.861349301736948e-06,-0.37712726559148,0.902373454067536,0.000993793012306974,0.0002813746435498957,0.002122501572871281,0.000925995864855833,0.001100541685862739,0.0005822865451492268,-0.000686194144193201,-0.0001663683689755653,-0.0019433390108179673,-0.000837384498088805,-0.0015873031160298263,-0.0007859041864905858
0.6509905410949426,0.9569421500211741,0.521528924989413,0.0040026697346159145,0.007337488912307247,0.5455094763962361,0.9780922920008633,0.9780951399060286,2.8561325153126297e-06,-0.38067027879783644,0.9009742895951469,0.0009893556159363199,0.0002847350317542084,0.002114313177135247,0.0009319776799012973,0.0010968125520806884,0.0005853196952428287,-0.0006842559211530894,-0.00016925008709781306,-0.001936657098913535,-0.0008433103213495957,-0.0015795683250856324,-0.0007894719984509264
0.6539218520326995,0.9599952,0.5200024,0.003988656989793753,0.007322733630279331,0.5446950812604668,0.9782213221160722,0.9782241617820017,2.8479392831081714e-06,-0.3862155303080109,0.8987516448894088,0.0009823944238968256,0.0002899403328066948,0.0021014423843976632,0.0009412633633144705,0.001090940207345414,0.0005900352802518283,-0.0006811920362174033,-0.000173734690157721,-0.001926133631333947,-0.000852521795815235,-0.0015674513480885529,-0.0007949824904000384
0.6587410920177306,0.9649951750000001,0.5175024125,0.0039657309482428365,0.007298469763309687,0.5433647157352158,0.978431049238942,0.978433875379116,2.8344890353689877e-06,-0.39526826792135505,0.8950364877977147,0.0009709882471308302,0.00029829646020459956,0.0020802864574860987,0.0009562205013352676,0.0010812593734008094,0.0005976497429743628,-0.0006761107717905698,-0.0001809882960972321,-0.0019087821733152718,-0.0008673926829007472,-0.001547641132911898,-0.0008037857255162512
0.663583669591623,0.96999515,0.5150024249999999,0.00394283282284848,0.007274082580316253,0.5420385016686268,0.9786388226520277,0.9786416352280258,2.821000621150345e-06,-0.4042845092727383,0.8912283550043997,0.0009595770093650823,0.00030644471515023087,0.0020590381341705015,0.0009708666024560966,0.0010715011181848912,0.000605128871583312,-0.0006709522647578372,-0.00018812871441623307,-0.0018912889143532531,-0.0008819954144623112,-0.0015278750826093863,-0.0008123160603110961
0.6684498118833231,0.9749951250000001,0.5125024375,0.003919962438525592,0.007249571881073215,0.5407164040623715,0.9788446593000225,0.9788474582750403,2.8074756564593002e-06,-0.41326328943755797,0.8873276286938361,0.0009481631952923469,0.000314386797658481,0.0020377017596569375,0.0009852010582955691,0.001061667393434435,0.0006124716310360218,-0.0006657184270093291,-0.0001951554950981198,-0.0018736581508409307,-0.0008963283203518856,-0.001508155770533461,-0.0008205756715400672
0.6713339955041595,0.9779471681081779,0.511026415945911,0.0039064724547129255,0.007235042409470831,0.5399377410143811,0.9789652851551132,0.978968076083345,2.799473871195776e-06,-0.4185464875813266,0.8849812807467549,0.000941424129696398,0.00031897979024297424,0.0020250649395928445,0.0009935177479453848,0.0010558268131860928,0.0006167424463046308,-0.0006625937152748158,-0.00019925066071437093,-0.001863185933955056,-0.0009046633012048924,-0.0014965362332454647,-0.0008253260225737272
0.6733397493537358,0.9799951,0.51000245,0.0038971196266914206,0.007224937467556519,0.5393983884554547,0.9790485760044584,0.9790513613433388,2.793915791020796e-06,-0.42220364782476144,0.8833347009711678,0.0009367492473597146,0.00032212441775834877,0.0020162816811846477,0.0009992233283623428,0.0010517601680976104,0.0006196770133954123,-0.0006604111683433119,-0.00020206821048148008,-0.001855894196658646,-0.0009103898051933732,-0.0014884857316400156,-0.0008285667438412513
0.6782537158612179,0.984995075,0.5075024625,0.0038743042251829078,0.007200179143989151,0.5380844209157285,0.9792505894642152,0.9792533611334004,2.7803226261862913e-06,-0.43110462827516216,0.8792499738104899,0.0009253375661785863,0.0003296592949397186,0.001994782246907586,0.0010129329398311498,0.0010417814279471724,0.0006267440382438215,-0.0006550323963183705,-0.00020886645526171848,-0.0018380013818774378,-0.0009241783483769094,-0.0014688674628375378,-0.0008362914693760627
0.6831919487286882,0.9899950500000001,0.505002475,0.00385151607817545,0.007175296716887245,0.5367744680315182,0.9794507162559144,0.9794534742234486,2.7666977684028134e-06,-0.43996527915914224,0.875073859001994,0.0009139305109375639,0.0003369931576120732,0.0019732078047851004,0.0010263294873032547,0.0010317331751834317,0.0006336717530893382,-0.0006495840161025146,-0.00021554984649265157,-0.0018199840514675808,-0.0009376925040343498,-0.001449303423336002,-0.0008437520474776654
0.6881546888124025,0.994995025,0.5025024874999999,0.0038287550361033383,0.007150289995107049,0.5354684969033927,0.9796489728343276,0.9796517170698955,2.7530428696465798e-06,-0.4487846534737536,0.8708067780982163,0.0009025303998158213,0.00034412774257512553,0.0019515627014834167,0.00103941263255241,0.0010216174280270282,0.0006404592337631634,-0.0006440679303185757,-0.00022211802358686533,-0.0018018465640145726,-0.0009509309009963747,-0.0014297960349931194,-0.0008509506843074596
0.6916774499133765,0.9985291887700205,0.5007354056149897,0.0038126829777508984,0.00713253925597663,0.5345477733692253,0.9797879885100841,0.979790723022018,2.743373885090409e-06,-0.454993095086659,0.8677360116141886,0.0008944778177124934,0.000349051465741337,0.0019362228969132644,0.0010484710713861986,0.0010144276427776525,0.0006451717898474895,-0.0006401291530950671,-0.00022669096425361238,-0.0017889562262915055,-0.0009601212266488878,-0.0014160429780168385,-0.0008558821360725254
0.6931421805724454,0.9999950000000001,0.5000024999999999,0.003806020955582139,0.007125158789892723,0.5341664751361201,0.9798453755328543,0.9798481060078021,2.7393596096889574e-06,-0.45756180893913934,0.8664491623594907,0.0008911395103959746,0.0003510647945043327,0.0019298512812891148,0.0010521821042545501,0.0010114362203009761,0.0006471055848086101,-0.0006384860388851884,-0.00022857064831564427,-0.0017835932904438695,-0.0009638922427287924,-0.0014103476826570088,-0.0008578895925230574
0.6981546721449858,1.004994975,0.4975025125,0.0037833136993329205,0.007099902914925055,0.5328683708307942,0.980039940564041,0.9800426572513408,2.725649632512327e-06,-0.4662958080942715,0.86200145269859,0.0008797600800767786,0.00035780606545017415,0.0019080778850342555,0.0010646376977020092,0.0010011916010024715,0.0006536099398614336,-0.0006328402388537252,-0.0002349074048081849,-0.0017652286127540502,-0.000976575307249028,-0.001390960714505731,-0.0008645709909564049
0.7031924154163559,1.00999495,0.49500252499999997,0.0037606331361080985,0.007074522186371046,0.5315741525771024,0.9802326840201137,0.9802353868942681,2.711914479268767e-06,-0.47498571839202985,0.8574640996245169,0.0008683943064859742,0.0003643533143499277,0.0018862468490327114,0.0010767792745031528,0.0009908856338649791,0.0006599714620211852,-0.0006271324242415774,-0.0002411279995497831,-0.0017467569227579648,-0.0009889789470239297,-0.0013716374423841232,-0.0008709971043005537
0.7082556660990026,1.014994925,0.49250253749999995,0.003737979140618767,0.0070490164229344374,0.5302837894457171,0.9804236218734865,0.9804263109104041,2.698155551303712e-06,-0.48363061229364007,0.8528375631853959,0.0008570443478937039,0.00037070830655049693,0.0018643625040271794,0.001088606762268429,0.0009805203969112154,0.0006661893442132917,-0.0006213644858622414,-0.00024723216137864716,-0.0017281826208313624,-0.0010011020888501623,-0.0013523801421384959,-0.000877170162803409
0.7120209043225935,1.0186967302960432,0.4906516348519783,0.0037212239664982153,0.007030052195194023,0.5293309157849735,0.9805638316018473,0.9805665103794194,2.687954378163007e-06,-0.4900014421339974,0.8493550580012453,0.0008486526760531703,0.0003752904991799871,0.0018481283067270588,0.0010971610583653466,0.0009728093865441794,0.0006706998463244317,-0.0006170564835449838,-0.00025167630823309844,-0.0017143673479086902,-0.0010098963336407742,-0.0013381665378707352,-0.0008815787619958937
0.7133446838093734,1.0199949000000001,0.4900025499999999,0.003715351593463234,0.007023385445907168,0.5289972509807689,0.9806127699772053,0.9806154451541177,2.6843741565944557e-06,-0.49222956736251644,0.8481223129103945,0.0008457123236269244,0.00037687281334066716,0.0018424291741462103,0.001100120154283948,0.0009700979819976861,0.0006722628095415559,-0.0006155383111526965,-0.00025321964148096557,-0.001709510114668352,-0.0010129437337186293,-0.0013331910539497733,-0.0008830924019665774
0.7184597321477936,1.024994875,0.4875025625,0.00369275038105658,0.0069976290792218,0.5277145071923771,0.9808001440652797,0.9808028053608202,2.670571689727057e-06,-0.5007816663575616,0.8433188277505829,0.000834400314485337,0.00038284861149096537,0.0018204511758705033,0.001111319509173847,0.0009596204943515301,0.0006781911116307906,-0.0006096557839986249,-0.0002590902133838188,-0.0016907438180429678,-0.0010245029566645278,-0.0013140723826657787,-0.0008887660622472572
0.7236010787803975,1.02999485,0.485002575,0.003670175395561111,0.00697174714950493,0.526435528549215,0.980985759752898,0.9809884071474652,2.6567499639278822e-06,-0.5092859973259631,0.838427596018684,0.0008231103631586751,0.00038863748280053767,0.001798432817008293,0.0011222049505520226,0.0009490900521000755,0.0006839735349594278,-0.000603718784557618,-0.0002648436729457374,-0.0016718881495767814,-0.0010357789066036713,-0.001295026298132645,-0.0008941933887625803
0.7287689955231752,1.034994825,0.48250258749999997,0.003647626534822618,0.006945739486131613,0.5251602859718169,0.9811696325375775,0.9811722660130536,2.6429104830005715e-06,-0.5177416536944267,0.8334491153295954,0.0008118444746259541,0.0003942412136918477,0.0017763783957005417,0.0011327766666405933,0.0009385087857817115,0.0006896093951859885,-0.0005977291890677112,-0.00027047983835197206,-0.0016529475315359208,-0.0010467708061219182,-0.0012760549355045761,-0.0008993766310445402
0.7323643587318104,1.0384581394349381,0.48077093028253093,0.00363202296175637,0.00692765105604211,0.5242791434462649,0.9812959813897166,0.9812986052139833,2.6333146265702715e-06,-0.5235695936320096,0.829949807949625,0.0008040561158127836,0.0003980151373111417,0.0017610831558285513,0.001139915554805748,0.0009311508310765356,0.0006934269019520929,-0.0005935505498547768,-0.00027431497470418743,-0.0016397805311573264,-0.0010542176337960507,-0.0012629590217057682,-0.0009028249855687453
0.7339637584282039,1.0399948,0.48000259999999995,0.0036251037023046703,0.006919605921280813,0.5238887508255191,0.9813517777995467,0.9813543973391449,2.629054573377237e-06,-0.5261477343602863,0.8283838925388811,0.0008006046165690106,0.0003996615947873701,0.0017542921994228473,0.0011430349098915766,0.0009278788378567561,0.0006950980394623403,-0.0005916888696619634,-0.00027599855010270694,-0.0016339263886198808,-0.001057477951270955,-0.00125716039556677,-0.0009043180427676258
0.7391856478721308,1.0449947750000002,0.4775026124999999,0.0036026068070239134,0.006893346289991907,0.5226208949134548,0.9815322108020919,0.9815348163903771,2.615183590463657e-06,-0.5345033437821692,0.8232324436802295,0.0007893927197857417,0.00040490042049179246,0.0017321785039971422,0.0011529799965998497,0.000917202362212186,0.000700438846735813,-0.000585599694181292,-0.0002813996709978741,-0.0016148291467578393,-0.0010678997113521453,-0.0012383447450559394,-0.0009090198814774367
0.7444349486469763,1.04999475,0.475002625,0.0035801357634879347,0.00686696043022229,0.5213566904698244,0.9817109466921117,0.981713538314987,2.60129887580356e-06,-0.5428075920696566,0.8179952939025159,0.0007782106785976825,0.00040995948859781807,0.0017100415726204318,0.0011626123064962287,0.0009064815236550763,0.0007056312280433519,-0.0005794635259805346,-0.0002866830861230703,-0.0015956602319198668,-0.001078035528673242,-0.0012196100169727898,-0.0009134844083410871
0.749711950053337,1.054994725,0.4725026375,0.00355769049163408,0.006840448182906049,0.5200961101532173,0.9818880005005828,0.9818905781453413,2.5874018323977843e-06,-0.5510595950723399,0.812672977405882,0.0007670603512577712,0.00041484059989885686,0.0016878856549035412,0.0011719322823309458,0.0008957184973997565,0.0007106746267946354,-0.000573282223732571,-0.0002918487028324012,-0.001576424068935635,-0.0010878849182918908,-0.0012009582108928635,-0.0009177138879001471
0.7527078131410274,1.057821594849219,0.47108920257539055,0.003545011831575137,0.006825402786034376,0.5193850008132374,0.9819873639201303,0.981989933656903,2.5795398584709224e-06,-0.5557016342303434,0.8096263808773354,0.0007607709398524885,0.0004175222009436086,0.0016753524145964758,0.001177063556925656,0.0008896154899132229,0.0007134599209658656,-0.0005697681881170164,-0.0002947170676763299,-0.0015655203041216484,-0.0010933266273652474,-0.0011904503521235237,-0.000920001983793554
0.7550169459960556,1.0599947,0.47000264999999997,0.0035352709167700007,0.006813809392013813,0.5188391270400882,0.9820633871431079,0.9820659507984694,2.5734939072278303e-06,-0.5592584744681136,0.8072660373771414,0.0007559435603552347,0.00041954555781415935,0.0016657149859230283,0.001180940429444653,0.0008849154685473528,0.0007155685190444676,-0.0005670576412287825,-0.00029689645072905954,-0.001557125080324314,-0.0010974474677415056,-0.0011823912932725207,-0.0009217105878327156
0.7603502350824473,1.0649946750000001,0.46750266249999994,0.0035128769695157358,0.006787043904613733,0.5175857146183677,0.9822371214205188,0.9822396710766027,2.559576522360302e-06,-0.567403357850722,0.8017750259244749,0.000744862093218035,0.00042407616802549387,0.0016435337852857958,0.0011896373153275409,0.000874074631558138,0.0007203124137543832,-0.0005607916271761993,-0.00030182628164354366,-0.0015377676851351537,-0.0011067228367403396,-0.0011639111977506163,-0.0009254767787235354
0.7657121207231555,1.0699946500000002,0.4650026749999999,0.0034905085857472045,0.006760151570933669,0.5163358467811865,0.9824092180194929,0.9824117536677175,2.545650988582788e-06,-0.5754933788165619,0.7962005040113757,0.0007338177023134252,0.00042843423812431204,0.0016213462562058671,0.001198023569167205,0.0008631981897172037,0.0007249058530434198,-0.0005544860249917508,-0.00030663816960940283,-0.0015183562977981835,-0.001115710756884642,-0.001145519825446563,-0.0009290147338408924
0.771102911235729,1.074994625,0.4625026875,0.0034681657065409204,0.006733132244424574,0.5150894978206858,0.9825796915131432,0.982582213146085,2.5317184591316945e-06,-0.5835276770507736,0.7905430413897725,0.0007228121056472224,0.0004326215772682087,0.0015991565845926668,0.001206099881385987,0.0008522883545940203,0.0007293484124280586,-0.0005481426725940593,-0.0003113321108363994,-0.001498895326984316,-0.0011244110313269496,-0.0011272190452555344,-0.0009323267289189064
0.7730512675502443,1.0767951105001277,0.4616024447499361,0.003460126295472798,0.006723371488307266,0.5146415457617305,0.9826406841457502,0.9826432007301911,2.5266998586675365e-06,-0.5864070086038302,0.788485595555642,0.0007188588279723582,0.00043408797277198654,0.0015911663870593054,0.0012089323953177434,0.0008483519847701442,0.0007309111486037115,-0.0005458495470642303,-0.0003129935133716932,-0.0014918761587815234,-0.0011274735240631134,-0.001120651493956054,-0.0009334644792586356
0.7765229199510049,1.0799946,0.4600027,0.0034458482781196736,0.006705985781825138,0.5138466424218742,0.9827485563615227,0.982751063972822,2.5177799787004427e-06,-0.5915053984126543,0.7848032165322362,0.0007118469871624895,0.0004366399958453093,0.0015769689381499672,0.0012138670031686053,0.0008413473454964741,0.0007336397010513623,-0.0005417634021932793,-0.00031590812368096407,-0.0014793891744739815,-0.0011328235344406727,-0.001109010694141671,-0.0009354150419436408
0.7819724653223887,1.084994575,0.45750271249999996,0.0034235562517989817,0.006678712043227717,0.5126072556565009,0.9829158269119843,0.9829183204964488,2.503836707723051e-06,-0.5994256950204392,0.7789816165631467,0.0007009239971384273,0.00044049130514504486,0.001554787465484608,0.0012213257459809579,0.0008303773889200859,0.0007377793619013834,-0.0005353500400795282,-0.000320366248613815,-0.0014598422340333173,-0.0011409482114722984,-0.0010908965774302766,-0.0009382819529412729
0.7874518710381319,1.0899945500000001,0.45500272499999994,0.0034012895839343016,0.006651310892145544,0.5113713129769419,0.9830815173994055,0.9830839969534514,2.4898903146002286e-06,-0.6072877253354736,0.773078837188798,0.0006900447525889757,0.0004441773170354098,0.0015326162952251025,0.0012284769810803038,0.0008193807179925935,0.0007417670720187844,-0.0005289044064098529,-0.0003247065481846459,-0.0014402588902982499,-0.0011487850781812606,-0.0010728784690985694,-0.000940929743768592
0.792961466136699,1.0949945250000002,0.4525027374999999,0.0033790482358739796,0.006623782195581304,0.5101387902108447,0.9832456419475794,0.9832481074688433,2.475942035826853e-06,-0.6150906542448495,0.7670954826288252,0.0006792108376383354,0.0004476998436778575,0.0015104595351718715,0.0012353216390029117,0.0008083595719050087,0.00074560254269066,-0.0005224283149826714,-0.000328929106984709,-0.0014206435176925688,-0.0011563342204433918,-0.001054958112039976,-0.0009433606979433292
0.7933947219594613,1.095386538964377,0.4523067305178114,0.003377305512727178,0.0066216184622786035,0.5100423003781758,0.9832584440457648,0.9832609084667459,2.4748483983293226e-06,-0.6156999058910425,0.7666229801362986,0.0006783633861778058,0.0004479691627027505,0.0015087231036351066,0.0012358453499765182,0.0008074945099684536,0.0007458968121851911,-0.0005219193341593565,-0.00032925519451116296,-0.0014191043838519394,-0.0011569139377422433,-0.001053557281770071,-0.0009435421926110543
0.7985015851253332,1.0999945,0.45000275,0.003356832173909339,0.006596125824097075,0.50890966355525,0.9834082145695036,0.9834106660567365,2.4619929828176693e-06,-0.6228336531438873,0.7610321655450698,0.0006684238039142903,0.0004510606972248864,0.0014883212714413513,0.0012418607090538393,0.0007973161953452698,0.0007492855196350402,-0.0005159235730194891,-0.00033303403160542,-0.0014010004793344026,-0.0011635957938603758,-0.0010371372183470204,-0.0009455771004479712
0.8040725681019235,1.104994475,0.4475027625,0.0033346413692265007,0.006568341651885668,0.5076839095708697,0.9835692491678373,0.9835716866209129,2.448044280468225e-06,-0.6305159000179137,0.7548895069698501,0.0006576851709362032,0.0004542616895283569,0.00146620556762403,0.0012480952387870776,0.0007862528379268631,0.000752815783173601,-0.0005093919809436436,-0.0003370214505936026,-0.0013813341259560317,-0.0011705700233541239,-0.0010194174695874214,-0.00094758123754131
0.8096747608802842,1.10999445,0.44500277499999996,0.003312475797860072,0.006540429556843433,0.5064615051765425,0.983728759535477,0.9837311829553979,2.434097063562926e-06,-0.638136579523098,0.7486681362337849,0.0006469964264972311,0.00045730463186284065,0.0014441164639579743,0.0012540263334732654,0.0007751717536109014,0.0007561931483932432,-0.0005028353321548199,-0.00034089151440454317,-0.0013616487948382226,-0.0011772572027423356,-0.0010018005170730653,-0.0009493753965824715
0.8137381763686782,1.1136035746840989,0.44319821265795056,0.0032964917255221505,0.0065202022475963,0.5055812075058586,0.9838429591849874,0.9838453724766727,2.424031169256402e-06,-0.6435986874052679,0.7441288180873584,0.0006393128103790643,0.0004594039178961751,0.0014281907138508374,0.0012581196557018691,0.0007671633673618033,0.0007585359250910901,-0.0004980879921787706,-0.00034361220491362305,-0.0013474300053427808,-0.001181906019037164,-0.0009891488940701543,-0.0009505412747383486
0.8153085151189661,1.1149944250000001,0.44250278749999994,0.0032903354406478326,0.006512389420644515,0.5052424276437382,0.9838867593560755,0.9838891687450415,2.4201525458824777e-06,-0.6456948830665665,0.7423686908927752,0.00063635902704466,0.000460191334655792,0.0014220579765134743,0.0012596551555595927,0.0007640752001245548,0.0007594174652959753,-0.0004962554128021176,-0.0003446443953514112,-0.0013419488087544158,-0.0011836576943019504,-0.0009842879821261566,-0.0009509618658579994
0.8209741884537144,1.1199944,0.4400028,0.0032682202831869757,0.006484221128816662,0.5040266545911906,0.9840432622046518,0.9840456575660977,2.4062119877397947e-06,-0.6531900088856968,0.735991816654422,0.0006257743980558888,0.00046292360722753156,0.0014000340963911204,0.0012649829241207272,0.0007529654383751984,0.0007624886189367116,-0.0004896540015546525,-0.00034828028755104923,-0.0013222384749276442,-0.0011897719283182927,-0.0009668814563399117,-0.0009523429344156294
0.8266721446337025,1.124994375,0.4375028125,0.003246130315791774,0.00645592457081855,0.5028141639796445,0.9841982815482588,0.9842006628868089,2.3922766023425566e-06,-0.6606211621266032,0.7295381673038376,0.0006152439344106529,0.00046550325754031517,0.001378048788932778,0.001270010914301157,0.0007418447318606642,0.0007654065295491279,-0.00048303286937001927,-0.0003517994068662004,-0.0013025220839995642,-0.0011956004026205426,-0.0009495825018345123,-0.0009535208919038579
0.832402753661667,1.12999435,0.435002825,0.003224065533452488,0.0064274996401187424,0.5016049341066826,0.9843518307466549,0.9843541980679934,2.378347458811291e-06,-0.6679875549218206,0.7230084046287836,0.0006047690007601807,0.00046793209195563614,0.0013561059929448399,0.001274740456749366,0.0007307153460760177,0.0007681711526597741,-0.00047639377926098867,-0.0003552019908442487,-0.0012828039090108732,-0.0012011436821042498,-0.0009323926515091772,-0.0009544980284162786
0.8340816307778952,1.1314537571513457,0.4342731214243272,0.003217629949223361,0.0064191786710525,0.5012525922877595,0.9843963738619481,0.9843987370931072,2.3742830886172735e-06,-0.6701253564054328,0.7210882245433246,0.0006017222094547975,0.00046861285241475936,0.0013497098454340712,0.0012760648583359832,0.0007274655589000553,0.0007689491959190528,-0.00047445280965419193,-0.00035617321218189585,-0.001277048788035641,-0.001202707989385401,-0.000927396016099092,-0.0009547457051024994
0.8381663919380827,1.134994325,0.43250283749999996,0.003202025935795313,0.006398946234276268,0.5003989436016051,0.9845039230529226,0.9845062763636343,2.3644254443592548e-06,-0.6752884064672163,0.7164031983440349,0.000594350931894073,0.00047021191499878166,0.0013342096199329592,0.0012791729370443283,0.0007195795479173065,0.0007707824791907107,-0.0004697384860608418,-0.0003584882986525671,-0.0012630882043921994,-0.001206402398241716,-0.000915313409291298,-0.0009552766343395386
0.8439634424095168,1.1399943000000001,0.43000284999999994,0.0031800115270431265,0.006370264255022873,0.49919617142031864,0.9846545716139592,0.9846569109214705,2.35051137653781e-06,-0.6825229430981541,0.7097232260148342,0.0005839910331058236,0.00047234452912951806,0.0013123635533473456,0.0012833097951148258,0.0007084396050827773,0.000773240535550996,-0.0004630687361877881,-0.0003616586110105847,-0.001243379204964401,-0.0012113772485811518,-0.0008983462503837584,-0.0009558590002036045
0.8497942947213069,1.144994275,0.4275028625,0.0031580223159767594,0.006341453608347021,0.49799659684019,0.9848037894707528,0.9848061147835919,2.336606369039151e-06,-0.6896903983649545,0.7029691729792602,0.0005736905805580179,0.0004743317345176211,0.0012905716478375149,0.0012871525246521678,0.0006972977854720867,0.0007755453837174362,-0.000456386267408965,-0.0003647132301186965,-0.0012236811249469973,-0.001216068996235649,-0.0008814926215116579,-0.00095624741653288
0.8544250851871121,1.1489444740284638,0.42552776298576817,0.003140667703114666,0.00631860089615288,0.49705112804748935,0.9849206749568099,0.9849229892203114,2.325628305560947e-06,-0.6953050684873976,0.6975812480945236,0.0005655956284521087,0.0004758000765375009,0.0012733959031148117,0.0012899814843719008,0.0006884954245585602,0.00077725804307885,-0.00045109896831268046,-0.00036704491750188276,-0.0012081292589423767,-0.0012195760408200281,-0.0008682587288704243,-0.0009564186456663418
0.8556593453747184,1.14999425,0.425002875,0.0031360583158980535,0.0063125142045796345,0.4968001994550587,0.984951589558826,0.9849539008870339,2.322712015785332e-06,-0.6967900131075129,0.6961417322701535,0.0005634508216410075,0.0004761753288284766,0.001268837728521537,0.0012907026725150162,0.0006861563565824864,0.0007776971213026897,-0.0004496928086020229,-0.0003676524795829661,-0.0012039981569814402,-0.0012204784693583836,-0.0008647539411615686,-0.000956444173704834
0.8615589978887358,1.154994225,0.4225028875,0.0031141195445982734,0.006283445958481685,0.4956069591709771,0.9850979847099384,0.9851002820643764,2.3088291220990793e-06,-0.7038210355285199,0.6892416045387452,0.0005532729753087314,0.00047787710703440313,0.0012471655902845135,0.0012939618381216348,0.0006750175848982698,0.0007796958816051278,-0.00044299007950849,-0.0003704767043329597,-0.0011843344711879443,-0.0012246065605928309,-0.000848131599795081,-0.0009564515618353761
0.8674936629666562,1.1599942,0.42000289999999996,0.0030922060243213172,0.006254248789333617,0.4944168562010128,0.9852429876518395,0.9852452710443423,2.2949586668499703e-06,-0.7107827212666415,0.6822694979741587,0.0005431582324422284,0.00047943886120410347,0.001225558997062554,0.0012969316728441572,0.0006638837352855355,0.0007815418336562869,-0.0004362797904970889,-0.0003731862705402387,-0.0011646942141998885,-0.0012284542265321996,-0.0008316269600933411,-0.0009562718706321104
0.8734637586676554,1.1649941750000001,0.41750291249999993,0.0030703177817315913,0.006224922621026714,0.4932298710606599,0.9853866110090752,0.9853888804523988,2.281101572523795e-06,-0.7176743334685206,0.6752261282240677,0.0005331077561926674,0.0004808623803146356,0.0012040216811530402,0.0012996138793916233,0.0006527570703814625,0.0007832351822516485,-0.0004295636423200427,-0.0003757815655307452,-0.0011450815082284572,-0.0012320224871565674,-0.0008152413571786709,-0.0009559073892705958
0.874768539596329,1.1660829642056285,0.4169585178971858,0.0030655547759491685,0.006218519475045531,0.4929718059501169,0.9854177045893007,0.9854199709968516,2.2780859330180706e-06,-0.7191656809638365,0.673682993582195,0.0005309278081267854,0.00048115421096646817,0.0011993412869803592,0.001300159988404679,0.0006503353139112452,0.0007835837133939892,-0.0004281005301470568,-0.00037633160271755597,-0.0011408147213817226,-0.001232762566652221,-0.0008116891574896111,-0.0009558037433953608
0.879469710583506,1.16999415,0.415002925,0.003048454847882141,0.0061954673821564155,0.4920459845631671,0.9855288673034799,0.9855311228113607,2.2672588305213422e-06,-0.7244951428600094,0.66811221831421,0.000523122682324817,0.0004821494500672867,0.0011825573425336424,0.0013020102111872206,0.0006416398499826374,0.0007847761679709958,-0.000422843325869521,-0.00037826299769414234,-0.0011255004501347667,-0.001235312425260875,-0.0007989760988368098,-0.0009553604062704864
0.8855119520206359,1.174994125,0.4125029375,0.0030266172581842683,0.006165883006117659,0.4908651778149736,0.9856697689547579,0.9856720105419933,2.253431527737535e-06,-0.7312444278165487,0.6609284985674124,0.0005132041195554715,0.0004833018527107107,0.0011611696481943236,0.001304122471739494,0.0006305343304322436,0.0007861650671862418,-0.0004161205219329908,-0.0003806309963886434,-0.0011059551105154367,-0.001238325185871743,-0.000782832465733612,-0.0009546332093760605
0.8915909241877171,1.1799941,0.41000295,0.003004805052378681,0.006136169431202312,0.4896874322112589,0.9858093282811596,0.9858115559636185,2.239620766925115e-06,-0.7379214744326825,0.6536757065221614,0.0005033531498868817,0.0004843213668713356,0.0011398622314823627,0.001305952514007602,0.0006194427640062794,0.0007874021920568123,-0.0004093969009475396,-0.0003828860118414189,-0.0010864495328016576,-0.0012410619756531918,-0.000766811711626327,-0.0009537280854411399
0.8951119940055461,1.182876320796806,0.408561839601597,0.0029922430215373738,0.006118982402528244,0.489009907971142,0.9858891717026739,0.9858913913773617,2.2316675057315687e-06,-0.741737339465669,0.6494637619782764,0.0004977057127847308,0.0004848493751089973,0.0011276175156882443,0.0013068799452959174,0.000613056280488533,0.000788046501745431,-0.00040552136642675807,-0.00038413475566764126,-0.0010752252348788787,-0.0012425146895801305,-0.0007576329076558721,-0.0009531263769025752
0.8977070763889954,1.184994075,0.40750296249999995,0.0029830182745079615,0.006106326600698712,0.4885127294315754,0.9859475575001982,0.9859497712947203,2.2258275395426516e-06,-0.7445255765907194,0.6463545868506416,0.0004935708289358957,0.0004852097673904815,0.0011186386914597845,0.0013075022397608161,0.0006083673982990621,0.0007884878905129293,-0.00040267412275342727,-0.0003850285150448039,-0.0010669877323709904,-0.0012435240623017414,-0.0007509150635703252,-0.0009526473203176825
0.9038608662235651,1.1899940500000001,0.40500297499999993,0.0029612569728902096,0.00607635446299342,0.48734105143553347,0.9860844687293413,0.9860866686535531,2.2120526278656894e-06,-0.7510560360285446,0.6389658912761437,0.0004838581862596674,0.0004859688251675312,0.001097502592272503,0.0013087735989324777,0.000597310475608314,0.0007894225462272235,-0.0003959538363471705,-0.0003870589976485619,-0.0010475736956710065,-0.001245712773931412,-0.0007351437221223083,-0.0009513931987472595
0.9100527597908161,1.194994025,0.4025029875,0.0029395212000935833,0.006046252971675229,0.486172380458493,0.9862200739865867,0.9862222600587482,2.1982966364821827e-06,-0.7575121624066026,0.6315103784896821,0.0004742162256788966,0.0004866003070083812,0.001076457462530271,0.0013097685889686267,0.0005862742323200947,0.000790206578575192,-0.0003892376796344704,-0.00038897797184849777,-0.0010282113793536407,-0.0012476294984492128,-0.0007194988615411516,-0.0009499680042544897
0.915455448414763,1.1993314940753836,0.4003342529623082,0.0029206861802108207,0.006020035171867448,0.48516098275631964,0.9863366626567808,0.9863388367276616,2.1863792057963467e-06,-0.7630520999154539,0.6249892038391802,0.00046590985517002006,0.00048704614134056136,0.0010582772439126596,0.0013104094565226454,0.0005767187891476698,0.0007907650677980584,-0.000383416030915616,-0.0003905527656245355,-0.0010114595410572692,-0.0012490730557895248,-0.0007060303162574647,-0.0009485948442472061
0.9162832319022799,1.199994,0.400003,0.0029178110129114425,0.006016022085641466,0.48500669900721066,0.9863543851908178,0.986356557429924,2.1845602823794194e-06,-0.7638932733740584,0.6239888140656227,0.0004646459255997295,0.0004871059754782859,0.0010555067946963841,0.0013104892541715139,0.0005752608982938728,0.0007908404425851104,-0.0003825272791833301,-0.0003907859702717507,-0.0010089047094189313,-0.0012492756829217686,-0.0007039816299877258,-0.0009483740190413918
0.9225527663001158,1.204993975,0.3975030125,0.0028961264723380512,0.005985661769206713,0.4838439898554239,0.9864874141618956,0.9864895725882953,2.1708449984169287e-06,-0.7701986946341509,0.6164019703762093,0.00045514823933449585,0.0004874875887587031,0.00103465404448677,0.0013109376850382341,0.0005642726962479984,0.0007913246288776339,-0.0003758242499775193,-0.0003924835458588073,-0.0009896575803678227,-0.0012506528329334439,-0.0006885931497239229,-0.000946613523882321
0.9288618558824913,1.20999395,0.39500302499999995,0.002874467643549995,0.005955171992213942,0.4826842360402357,0.9866191726223049,0.9866213172572813,2.157151747132519e-06,-0.7764277600084412,0.6087506265082574,0.0004457240953980413,0.0004877469005216446,0.0010139026302967047,0.0013111160175943242,0.0005533118411448103,0.0007916596635846198,-0.0003691301951655458,-0.00039407127173525703,-0.0009704738543896216,-0.0012517625119281136,-0.0006733345172843895,-0.000944688798037219
0.9352110029361157,1.2149939250000001,0.39250303749999993,0.0028528345958852806,0.005924552730148205,0.481527420857965,0.9867496721975483,0.9867518030631186,2.1434812555677854e-06,-0.7825798115002841,0.6010355681772492,0.00043637439781683547,0.0004878856598001326,0.0009932559326267896,0.0013110264327228901,0.0005423805395771,0.0007918461082632161,-0.00036244670581307914,-0.00039554974108407077,-0.0009513573605440965,-0.0012526063405472229,-0.0006582068036635499,-0.0009426021191549464
0.9357989028239799,1.2154552943506822,0.39227235282465894,0.002850839722648456,0.005921720832176098,0.48142082402098596,0.9867616509237661,0.9867637805199101,2.1422209939066008e-06,-0.7831435839650069,0.6003204832655976,0.0004355154435199411,0.0004878924498878443,0.0009913561673020271,0.0013110047426433964,0.000541373427678984,0.0007918558449068368,-0.00036183057932771644,-0.0003956806813234196,-0.0009495969206387816,-0.0012526708653864997,-0.0006568175385344548,-0.0009424014907281592
0.9416007193762045,1.2199939,0.39000305,0.002831227402823637,0.005893803964252893,0.4803735278600375,0.9868789244165272,0.9868810415354704,2.1298342853934532e-06,-0.7886541993575427,0.5932575876406766,0.000427100026434628,0.00048790561086265425,0.0009727172935195873,0.0013106711554899204,0.0005314809891561431,0.0007918845597988545,-0.00035577536065598263,-0.0003969195670138079,-0.0009323118939550778,-0.001253185995960041,-0.0006432110544992989,-0.0009403557631775811
0.9480315269941593,1.224993875,0.3875030625,0.0028096461419688523,0.0058629256816486695,0.47922254084905486,0.9870069407121569,0.9870090441080367,2.1162116271684034e-06,-0.7946502821343272,0.585417483611316,0.00041790183720965467,0.0004878084930965866,0.0009522900160115439,0.0013100524544644794,0.0005206153778999089,0.0007917756502951058,-0.0003491177258519622,-0.00039818138242184343,-0.0009133412150212548,-0.0012535032111826248,-0.0006283482902478914,-0.0009379520042517049
0.9545039577132619,1.22999385,0.385003075,0.0027880908950321747,0.005831917875455165,0.47807444387487574,0.9871337324218884,0.9871358221191662,2.102614203058819e-06,-0.800567426751855,0.5775160611698014,0.0004087806625087195,0.00048759604089564204,0.0009319773635955409,0.001309172641035172,0.0005097858836229892,0.0007915200469523083,-0.00034247535473287845,-0.0003993358398533979,-0.0008944490486383887,-0.0012535597743889803,-0.0006136195063559829,-0.0009353931146407451
0.956142357233197,1.2312543947865415,0.3843728026067292,0.002782660713011038,0.0058240800471117595,0.47778545117885135,0.9871655059592706,0.987167592206966,2.0991902551661375e-06,-0.8020466659740375,0.5755144496498358,0.00040649337312249423,0.0004875244807406898,0.0009268748110380367,0.0013089098963709554,0.000507061614991342,0.0007914325357567863,-0.00034080333703907106,-0.0003996100247326634,-0.0008896989703452293,-0.0012535331117012002,-0.000609927491767573,-0.0009347237764345685
0.9610185538526994,1.234993825,0.38250308749999995,0.0027665617478173834,0.005800780544915482,0.47692922123081155,0.987259310788368,0.987261386812467,2.089043012772069e-06,-0.8064050085584162,0.569554131676897,0.00039973731139555696,0.0004872699835526452,0.0009117825596960656,0.0013080340687230815,0.0004989946733284249,0.0007911184519338755,-0.0003358497875573257,-0.00040038361135560983,-0.0008756390834358193,-0.0012533575282138475,-0.0005990256734269029,-0.0009326813646401459
0.9675758684002443,1.2399938000000001,0.3800030999999999,0.002745058790207433,0.005769513695523622,0.4757868574499156,0.9873836869601761,0.9873857493374163,2.075498985947699e-06,-0.8121624113884461,0.5615325126853968,0.00039077256991418513,0.0004868320451573387,0.000891708787156493,0.0013066391324912123,0.0004882439026015494,0.0007905716022207242,-0.0003292425512636292,-0.00040132538832698175,-0.0008569149710265562,-0.001252898369047348,-0.0005845677373820427,-0.0009298190224949459
0.9741764652939351,1.244993775,0.3775031125,0.0027235821161524314,0.005738117339154906,0.4746473373013235,0.9875068719925719,0.9875089207499713,2.0619828253732482e-06,-0.8178390276207037,0.5534520278515345,0.0003818872013680919,0.00048628394449884546,0.0008717591877378284,0.0013049902680504287,0.00047753571500592633,0.000789880269454362,-0.0003226551592234142,-0.00040216188136257613,-0.0008382803252700435,-0.0012521842463217745,-0.0005702466196183895,-0.0009268083543192861
0.9764858116424139,1.246735334163146,0.37663233291842707,0.002716107688794386,0.005727151154669682,0.4742510919377052,0.9875495013283497,0.9875515453482085,2.0572815922544414e-06,-0.819797189602051,0.5506238148631525,0.00037881108192239536,0.0004860674806218916,0.0008648402006357561,0.0013043567731608678,0.00047381629927077207,0.0007896056887968561,-0.0003203656169950018,-0.0004024286542285982,-0.0008318112919324143,-0.001251876004047511,-0.000565290672901508,-0.0009257252843035072
0.9808209197131149,1.24999375,0.375003125,0.0027021318236587362,0.005706591494199486,0.47351064578660335,0.9876288768481359,0.9876309120131797,2.048494966631281e-06,-0.8234342582355484,0.5453135068457251,0.0003730819465962456,0.0004856273949723498,0.0008519368616281004,0.0013030899511618603,0.0004668722414814317,0.0007890452597692716,-0.00031608911099590775,-0.0004028938200953956,-0.000819738721546477,-0.0012512171617908043,-0.0005560632171633937,-0.0009236516240172826
0.9875098183792027,1.254993725,0.37250313749999997,0.0026807080147788244,0.0056749361856990475,0.47237676813604745,0.9877497123971767,0.987751733997789,2.035035808427929e-06,-0.8289475128712995,0.5371177852624058,0.0003643575242470944,0.00048486410448946563,0.000832244866961432,0.001300940696935673,0.0004562555997444922,0.0007880674136153472,-0.00030954589208313956,-0.0004035219530344313,-0.0008012936960413249,-0.001249999168801425,-0.0005420184028285546,-0.0009203510932046302
0.9942437598665933,1.2599937,0.37000314999999995,0.0026593107956015636,0.005643151445486774,0.47124568980483444,0.9878693894177333,0.9878713974828556,2.021606415608398e-06,-0.8343782098796556,0.5288657045286511,0.00035571463105188905,0.00048399577539168595,0.0008126862193456035,0.001298545059126086,0.0004456878936904403,0.0007869476055712572,-0.00030302697368620975,-0.00040404704739994106,-0.0007829487450384327,-0.0012485323715588862,-0.0005281130253632911,-0.0009169090211302024
0.9968292660516308,1.2619045195832308,0.3690477402083846,0.0026511405551526957,0.0056309702278589694,0.47081416663087616,0.9879148221524092,0.9879168250527128,2.0164823937325963e-06,-0.8364317121154778,0.5256973338300248,0.00035243328741697014,0.0004836365441250914,0.0008052474154652145,0.0012975649985847069,0.00044166264055906163,0.0007864823493282879,-0.00030054238977164795,-0.000404220671373104,-0.0007759650882083298,-0.0012479065507050376,-0.0005228358654612688,-0.000915556669959946
1.0010233549240957,1.2649936750000002,0.3675031624999999,0.002637940276246343,0.005611237312330703,0.4701173964696637,0.9879879185965117,0.9879899131563538,2.0082081577318872e-06,-0.8397257763802811,0.5205581118138508,0.0003471539420836643,0.0004830241043707745,0.000793263891407653,0.0012959056294256195,0.00043517121280040115,0.0007856867441415587,-0.00029653381246190036,-0.0004044698889503822,-0.0007647073242366582,-0.0012468189243839958,-0.0005143479095931602,-0.0009133276646035753
1.0078492268073413,1.26999365,0.365003175,0.0026165965708605846,0.00557919383208057,0.4689918740257881,0.9881053105305907,0.9881072916157831,1.994841424814035e-06,-0.8449896483144779,0.512195859940443,0.0003386761110044236,0.0004819507823959309,0.0007739808123565262,0.0012930250367580625,0.0004247076315522915,0.0007842857715384152,-0.00029006785027969195,-0.00040479128180190223,-0.0007465728480879838,-0.0012448610309626644,-0.0005007238565455663,-0.0009096092779278429
1.0147220116226185,1.274993625,0.36250318749999993,0.0025952797976131264,0.005547021057818229,0.46786910858310493,0.9882215757269482,0.9882235433687762,1.9815068742799124e-06,-0.8501692704978041,0.5037798072903321,0.00033028177033118255,0.0004807774946367306,0.0007548398675400477,0.0012899059465648682,0.00041429920883235817,0.0007827456634646981,-0.00028363051398203976,-0.0004050120482526338,-0.0007285486891230235,-0.0012426609435914242,-0.0004872416435985255,-0.0009057561128222397
1.0171727204608478,1.2767682291237945,0.36161588543810275,0.002587720491715686,0.005535571136062871,0.46747127407636946,0.9882625719217123,0.9882645347998189,1.9767819882918975e-06,-0.8519872745480389,0.5007799866902852,0.00032732262015127393,0.0004803373490283335,0.0007480810268966998,0.0012887420738812757,0.0004106186731046906,0.000782165779118891,-0.00028135290773520006,-0.00040506636606360953,-0.0007221786629531327,-0.0012418222809155322,-0.000482490749464332,-0.0009043565550493592
1.0216423586825985,1.2799936,0.36000319999999997,0.002573990078692643,0.005514719050011805,0.46674908646291474,0.9883367246033543,0.9883386788337044,1.9682051057848987e-06,-0.8552640966718943,0.49531081771317625,0.00032197153168272405,0.0004795059203953249,0.0007358438980235559,0.0012865510600915337,0.00040394798735176506,0.0007810674288788379,-0.00027722321514430905,-0.00040513302859729766,-0.0007106381773054551,-0.001240220962414569,-0.00047390202460828113,-0.0009017704183538304
1.0286109308744629,1.284993575,0.35750321249999994,0.0025527275403064054,0.005482287876673638,0.4656317941945189,0.9884507674887892,0.9884527083402839,1.9549368761808535e-06,-0.8602735895552723,0.48678976043345795,0.0003137459860261838,0.0004781377330409825,0.0007169957001764294,0.0012829631136708852,0.00039365599306617245,0.0007792521097511276,-0.0002708473498362709,-0.0004051550809391714,-0.0006928445993945849,-0.0012375434346552864,-0.00046070573003793055,-0.0008976544408685384
1.035628405040943,1.2899935500000002,0.355003225,0.002531492312681067,0.0054497276135222015,0.4645172185119439,0.9885637146240532,0.9885656421301792,1.941703095018043e-06,-0.8651972208932547,0.47821750995744106,0.00030560570391762663,0.0004766745999480154,0.0006982980252704866,0.0012791448780050286,0.0003834252345999495,0.000777300780808401,-0.00026450429838527183,-0.0004050790809968955,-0.0006751711983225641,-0.001234630753841154,-0.0004476534670802271,-0.0008934104239233964
1.0375161748700648,1.2913326144344068,0.3543336927827966,0.00252580987029587,0.005440985606896816,0.46421917879992836,0.9885937787539458,0.9885957026917902,1.9381648679269366e-06,-0.8665011959079547,0.4759131610715236,0.0003034401668056948,0.0004762668465644486,0.000693316424440773,0.0012780835632392581,0.00038069594381400277,0.0007767552381968971,-0.00026281128523059327,-0.0004050421950739872,-0.0006704588239698819,-0.0012338110866624995,-0.00044418242585999586,-0.0008922523662641182
1.042695472374827,1.294993525,0.35250323749999996,0.002510284530065335,0.005417038344148065,0.4634053463507699,0.9886755761625098,0.9886774903576079,1.9285046641838708e-06,-0.8700344715069507,0.4695949459799282,0.00029755123573724706,0.0004751181824370269,0.0006797535790898126,0.0012750991574458517,0.0003732577026749452,0.0007752145492675743,-0.0002581954251410809,-0.00040490592190652004,-0.0006576211725855682,-0.0012314853590240631,-0.00043474591977535603,-0.000889040608219871
1.049812838827504,1.2999935,0.35000324999999993,0.0024891043307343754,0.005384220160184083,0.4622961648450264,0.9887863621708779,0.9887882630899415,1.9153422553196937e-06,-0.8747848313413434,0.4609229532906945,0.00028958311191999345,0.0004734701357193931,0.0006613650215514959,0.0012708287892739267,0.0003631553695437058,0.0007729945545586477,-0.00025192207824241723,-0.00040463651401925033,-0.0006401976756480876,-0.001228109733994614,-0.0004219837491246905,-0.0008845472315381036
1.0569812255321533,1.304993475,0.34750326249999997,0.002467951856995646,0.005351273161479903,0.4611896613240969,0.9888960826299467,0.988897970308307,1.9022161751065604e-06,-0.8794477995124222,0.4522024216803938,0.0002817018431825598,0.0004717321088448484,0.0006431349663365593,0.0012663366429755294,0.00035312018842692153,0.0007706419680378529,-0.0002456855893851262,-0.00040427178469541655,-0.0006229038153592445,-0.0012245064064909576,-0.00040936759320167046,-0.0008799325286718571
1.0578596292792817,1.3056037032831962,0.3471981483584019,0.0024653721819786365,0.005347243288390015,0.4610547994574094,0.9889094011235495,0.9889112871883574,1.9006166770517496e-06,-0.8800108896839202,0.4511348331355636,0.00028074593478694,0.00047151390777513155,0.0006409210337589004,0.0012657733481403622,0.0003519001238479116,0.0007703458229005145,-0.0002449270367694138,-0.00040422078966106137,-0.0006208021893728589,-0.0012240511669167693,-0.00040783786625147987,-0.0008793611222381784
1.06420136924221,1.3099934500000001,0.34500327499999994,0.002446827255195838,0.005318197456280971,0.46008582330955994,0.9890047474350439,0.9890066219081876,1.8891265139154122e-06,-0.8840228843533113,0.44343424584565727,0.0002739079207478705,0.000469905744652019,0.0006250659805302337,0.0012616256195174497,0.0003431540929548103,0.0007681579926917668,-0.0002394872735919531,-0.0004038126780952637,-0.0006057426533797972,-0.001220677947402032,-0.00039689806726116443,-0.0008751987313639406
1.071474022785777,1.3149934250000002,0.3425032874999999,0.0024257306757284767,0.005284993161412149,0.4589846385118731,0.9891123663960374,0.9891142277000188,1.8760738353267508e-06,-0.8885096034593081,0.43461932529301095,0.0002662018165683849,0.0004679926797217044,0.000607160584270529,0.0012566986506191192,0.0003332589966120397,0.0007655438628333291,-0.00023332842898383485,-0.0004032601549672368,-0.0005887172046182381,-0.0012166269699650813,-0.00038457576384888097,-0.0008703480682418354
1.0782030836884986,1.3195874020515637,0.3402062989742182,0.002406371972408167,0.0052543718113281955,0.4579751983329643,0.9892103331311346,0.9892121823684797,1.8641151954943564e-06,-0.8925537009775936,0.4264797463474799,0.00025919924827316385,0.0004661599275378592,0.0005908554313959867,0.0012519839359646872,0.00032423159124437195,0.0007630283541867809,-0.00022770557518020655,-0.0004026709880848388,-0.000573196398940121,-0.0012127110588085876,-0.00037338429679319526,-0.0008657901707959016
1.0787999555366787,1.3199934,0.3400033,0.0024046622730432812,0.005251660402466138,0.4578860948270896,0.9892189492373114,0.9892207974097882,1.863059915295922e-06,-0.8929074837319397,0.4257585642423016,0.0002585839835445823,0.0004659945443327405,0.0005894212504071697,0.0012515586980236999,0.0003234367921878175,0.0007628008437877967,-0.00022721033655324376,-0.00040261519243194824,-0.0005718304366798763,-0.0012123561289584513,-0.0003724012529064499,-0.0008653827647538385
1.0861799539029027,1.324993375,0.3375033125,0.002383622205664032,0.005218199313996819,0.45679018033489494,0.9893245056006974,0.9893263406796283,1.850085028864837e-06,-0.8972160614229658,0.41685287153469996,0.0002510548557169487,0.00046391296242128804,0.0005718504041851154,0.0012462087527773283,0.00031368935123986697,0.0007599302315556801,-0.00022113425994203708,-0.0004018787837510831,-0.000555085269353468,-0.0012078681198943453,-0.0003603750818464267,-0.0008603050431088688
1.0936148218331927,1.32999335,0.3350033249999999,0.0023626106361994215,0.005184610039717727,0.45569688329501684,0.9894290450445583,0.9894308670684132,1.8371496860350007e-06,-0.9014348821762208,0.4079031605341268,0.00024361484848366735,0.0004617495515413004,0.000554450422919475,0.0012406518344954937,0.0003040185235525139,0.0007569333524832102,-0.00021510144521854355,-0.0004010519381067159,-0.0005384845740776287,-0.0012031656782013579,-0.0003484977756594842,-0.0008551171222119312
1.0985465380977155,1.3332894981786598,0.3333552509106701,0.002348774784115354,0.00516239685160653,0.45497757178129744,0.9894974093218107,0.9894992227605729,1.8286441062086105e-06,-0.9041667626555286,0.4019795869986384,0.0002387590848850542,0.00046027938804652565,0.0005430743612020947,0.0012368768114796713,0.00029768598293505475,0.0007548893107564552,-0.00021114867165525212,-0.00040045788950774996,-0.0005276212327255818,-0.0011999497417874026,-0.0003407495246413699,-0.0008516378789875002
1.1011053813426197,1.3349933250000001,0.33250333749999994,0.002341627731359934,0.005150892732705801,0.45460619214445575,0.989532577044673,0.9895343860523487,1.82425430160116e-06,-0.9055635010691238,0.39891034903108596,0.00023626435880023987,0.0004595059228279104,0.0005372236356889377,0.0012348909906341463,0.00029442613660553843,0.0007538115629157271,-0.0002091131206583091,-0.0004001356803702864,-0.000522031173434833,-0.001198251578405552,-0.0003367698370015741,-0.0008498212176019465
1.108652473057986,1.3399933000000002,0.3300033499999999,0.0023206736619755413,0.005117047555610598,0.4535180954945462,0.9896351109946219,0.9896369070255641,1.81139943519218e-06,-0.9096014826530209,0.3898753591454115,0.00022900376537725436,0.00045718368096389183,0.0005201723230377764,0.001228929295758582,0.0002849139950468743,0.0007505662488431063,-0.00020317049652626308,-0.0003991310508690569,-0.0005057278406551136,-0.0011931286333060995,-0.00032519174628052876,-0.0008444195413904244
1.116256956783965,1.344993275,0.32750336249999995,0.0022997486030156148,0.005083074680869166,0.452432582128102,0.9897366562062857,0.9897384393007016,1.7985858977958573e-06,-0.9135484009925828,0.3807991172288802,0.00022183342887322543,0.00045478442414760974,0.0005032987166879741,0.0012227698508124778,0.0002754838801719683,0.0007471988255353753,-0.00019727476486183697,-0.00039803910514804754,-0.000489577299133117,-0.0011877996931477976,-0.0003137639617382142,-0.0008389143021996185
1.1188899925069327,1.3467156625566348,0.32664216872168267,0.00229254710505245,0.0050713421924527,0.4520592415286582,0.9897714091312269,0.9897731877787443,1.7941816386740803e-06,-0.9148868690086454,0.3776631558004731,0.0002193843604394939,0.0004539403836907549,0.000497527658066457,0.0012206028215221783,0.0002722547153214445,0.000746010801489318,-0.0001952548796864498,-0.00039764292577512174,-0.00048404964048891273,-0.0011859168024890977,-0.00030986221365203307,-0.0008369942784380326
1.1239197120909348,1.34999325,0.325003375,0.00227885273361133,0.005048974290926765,0.45134964099669345,0.9898372219105593,0.989838992109503,1.7858146042085469e-06,-0.9174038397043196,0.37168255376784226,0.0002147536920820042,0.00045230974406258126,0.00048660499926180125,0.0012164157823873682,0.0002661375494100366,0.0007437107371684089,-0.00019142709926706796,-0.0003968609137273559,-0.0004735822219590775,-0.0011822676447906409,-0.00030248691952769696,-0.0008333077051003625
1.1316416389255064,1.354993225,0.32250338749999996,0.002257986237080378,0.005014746578463661,0.45026926121801036,0.9899368172581852,0.9899385746033956,1.773086284466233e-06,-0.9211673919941884,0.3625266032857323,0.00020776488011542375,0.0004497612258488212,0.00047009330401443926,0.0012098702419922685,0.000256876735816892,0.0007401034564402815,-0.00018562865469750941,-0.0003955975618553554,-0.0004577452314629576,-0.0011765354108762877,-0.0002913610337862884,-0.0008276019515497287
1.1392334469161496,1.3598714518776516,0.32006427406117427,0.0022376563224379333,0.004981229786390638,0.4492176467248106,0.9900330609542255,0.9900348057991956,1.7607095759104954e-06,-0.9247503654668328,0.3535565348729287,0.00020103416889094358,0.00044720510936900295,0.0004541610843401958,0.001203302584219509,0.00024792547280507154,0.0007364705723952821,-0.00018001992478660316,-0.0003942839482358272,-0.0004424486853201624,-0.0011707526493042403,-0.0002806521159294457,-0.0008219416684437272
1.1394236582448098,1.3599932000000001,0.32000339999999994,0.0022371493009537362,0.004980391746628175,0.44919143207325635,0.9900354513205677,0.9900371958540751,1.7604012103536306e-06,-0.924838660694244,0.3533322042452361,0.00020086730058199883,0.00044714044807616195,0.00045376571457610225,0.0012031364053230297,0.00024770314757387044,0.0007363784841789429,-0.00017988056725571098,-0.00039425014925833216,-0.0004420688987707661,-0.0011706059489911226,-0.0002803866967054947,-0.0008217992393286808
1.1472667126756546,1.3649931750000002,0.3175034124999999,0.0022163421170041317,0.0049459100092762364,0.44811614300448255,0.9901331330903563,0.9901348648540884,1.747759191121009e-06,-0.9284172582982224,0.3441002989497931,0.00019406124376267667,0.0004444489827197597,0.0004376242647029717,0.0011962174715308622,0.00023861846749224412,0.0007325373489420004,-0.00017418395398696867,-0.0003928197898872006,-0.0004265557433718255,-0.001164482250825517,-0.00026956427859909857,-0.0008159017624799054
1.1551717671997417,1.36999315,0.315003425,0.002195564881275695,0.004911301591217683,0.4470433836117439,0.9902298714815148,0.9902315905174128,1.7351601631262483e-06,-0.9319028069958927,0.33483183344400413,0.00018734698278483902,0.0004416883951380119,0.0004216709380361031,0.001189116662489292,0.00022962435252234202,0.0007285816066094932,-0.00016853991267697566,-0.000391307611662018,-0.00041120823269548683,-0.0011581673413287408,-0.0002588941279708218,-0.0008099117112460388
1.1595769013253665,1.372762310933638,0.31361884453318095,0.0021840706812926883,0.004892079816825583,0.4464503366811189,0.9902830459026211,0.9902847579078727,1.7282013473817433e-06,-0.9337930530207839,0.32968324969930796,0.00018366798315268336,0.0004401303142631625,0.0004129170846935806,0.0011851069155282253,0.0002246826643446107,0.0007263420432980764,-0.00016543706196488607,-0.00039043532677032717,-0.00040278040581303686,-0.0011545887671036393,-0.000253050264412952,-0.0008065551792154988
1.1631398098661805,1.374993125,0.3125034375,0.0021748177941143354,0.004876566728469505,0.4459731436499578,0.9903256753285877,0.9903273816800333,1.7226057279667e-06,-0.9352949387059813,0.32552775741247914,0.00018072477379560157,0.000438860244053008,0.0004059076678674586,0.0011818372220588815,0.00022072243326667977,0.0007245128399704549,-0.00016294952165106077,-0.0003897147562148946,-0.0003960287816958898,-0.0011516642778590309,-0.0002483765715827895,-0.0008038312720084198
1.1711718525326145,1.3799931,0.31000344999999996,0.0021541010602070913,0.004841705668516356,0.44490541302713527,0.9904205533891577,0.9904222471005194,1.7100969800002592e-06,-0.938593295109727,0.3161890240833011,0.0001741948561143774,0.0004359660815272522,0.0003903363369240934,0.0011743824153633503,0.00021191431351203792,0.0007203326582911355,-0.0001574138395824235,-0.00038804237861972765,-0.00038101975246792084,-0.0011449761493406993,-0.0002380119145001645,-0.0007976626272213119
1.1792689316363583,1.3849930750000001,0.30750346249999994,0.0021334148886208073,0.0048067186705785395,0.4438401818020334,0.9905145143448469,0.9905161954605983,1.6976339787807489e-06,-0.9417975276827221,0.3068165901292176,0.00016775745238932984,0.0004330074529444718,0.00037495877715760677,0.0011667555280610413,0.00020320156976260422,0.0007160426968794846,-0.00015193390530042017,-0.0003862916471228379,-0.0003661834538666445,-0.0011381060754143088,-0.00022780044014247635,-0.000791407955347852
1.1799203557345834,1.3853935748697246,0.30730321256513776,0.0021317592469751114,0.004803910759140854,0.44375496420677923,0.9905220012388775,0.9905236813476506,1.6966376771279068e-06,-0.9420501060552467,0.30606442560279556,0.00016724582222588878,0.00043276772319751216,0.00037373546482942,0.0011661372666409856,0.00020250784816869114,0.0007156943701303753,-0.00015149740275915844,-0.00038614805876326905,-0.000365002600827637,-0.0011375480035486364,-0.00022698913163720464,-0.0007909032976569685
1.1874321089970075,1.3899930500000002,0.3050034749999999,0.002112759492840246,0.004771606005887786,0.4427774401812026,0.9906075668007913,0.9906092353657253,1.6852170270256761e-06,-0.9449072977250081,0.29741141556605916,0.00016141276875868856,0.0004299858969930725,0.0003597767695372443,0.0011589598656116821,0.00019458575077496414,0.0007116446166474632,-0.0001465107375997767,-0.00038446374287520957,-0.000351522141128685,-0.0011310572055808071,-0.00021774241034243553,-0.0007850694307962019
1.1956624726520786,1.394993025,0.3025034875,0.002092135090811554,0.004736367957971095,0.44171717851662784,0.9906997192864344,0.9907013753456554,1.6728464237730413e-06,-0.9479222763908731,0.2879744636528819,0.00015516099499935393,0.0004269029456501563,0.0003447920438566873,0.001150998752548295,0.00018606837710443701,0.0007071401036605826,-0.00014114533505445146,-0.0003825598596570742,-0.00033703801551489493,-0.0011238327183466456,-0.000207838065391132,-0.0007786492238553151
1.2002638101438003,1.397770471392302,0.301114764303849,0.002080691871291918,0.004716739441205896,0.4411292795007481,0.9907505235587092,0.9907521726907982,1.6659948945104334e-06,-0.9495560024161702,0.2827189385366294,0.00015172838888707777,0.0004251644275077543,0.00033655399963951316,0.0011465061670783141,0.00018138012542747597,0.0007045925287468814,-0.0001381902137679443,-0.00038146988570829984,-0.0003290695416037533,-0.001119744879768708,-0.0002024027585823694,-0.0007750483578559433
1.2039611377273245,1.399993,0.3000035,0.002071541904987377,0.004701004822942949,0.4406593873031891,0.9907909802558029,0.9907926238550082,1.6605228031421527e-06,-0.9508421447173423,0.27850670079116496,0.00014900230467387578,0.00042376012416684355,0.0003300062785480923,0.0011428755317485022,0.00017765094065727796,0.00070253086868113,-0.00013583867583418435,-0.00038058120360030416,-0.00032273322396221007,-0.001116435820366058,-0.00019808762408285183,-0.0007721495006301146
1.2123292473434624,1.404992975,0.2975035125,0.0020509801623753788,0.004665516909806249,0.4396040571762824,0.9908813580881066,0.9908829892738336,1.6482470932981077e-06,-0.9536665936518444,0.2690090964243005,0.00014293685527228914,0.0004205589510534495,0.00031542110050521627,0.0011345935637079767,0.00016933490425184564,0.0006978186467031618,-0.0001305917175253536,-0.0003785289929066374,-0.00030860985874882926,-0.0011088697455831405,-0.00018849128375516842,-0.000765572422974811
1.2206072645530173,1.4098981229326162,0.2950509385336919,0.002030839161649004,0.004630581103204147,0.4385711245277094,0.9909691717064767,0.9909707907601579,1.636251622074482e-06,-0.956344464571934,0.2596635599294621,0.0001370771821082581,0.00041736324745757176,0.000301308975978812,0.0011263176687867208,0.00016127650344165625,0.000693097416815817,-0.00012550318839486542,-0.00037644541567569476,-0.00029493261548319656,-0.0011012859188755228,-0.00017922685765066467,-0.0007590469985088926
1.2207679735611656,1.4099929500000001,0.29500352499999993,0.002030450094590089,0.004629904540762246,0.43855117890957745,0.9909708610885795,0.9909724799081748,1.6360201904457073e-06,-0.9563953240790442,0.25948262293722263,0.0001369647883492456,0.00041730093806492755,0.00030103808491535106,0.0011261562258157185,0.0001611217011882181,0.0006930051964797613,-0.00012540539695578683,-0.00037640445756220286,-0.00029466995717210596,-0.0011011377543734024,-0.00017904922032492212,-0.0007589201484248029
1.2292785183662642,1.4149929250000002,0.2925035374999999,0.002009951937907856,0.004594168051529888,0.43750074341284245,0.9910594974894125,0.9910611039906271,1.6238425168942066e-06,-0.9590280468467682,0.24992825555594878,0.00013108622965703068,0.0004139875901870622,0.0002868587550997237,0.0011175669116306624,0.00015301273482557293,0.0006880923000431252,-0.00012028063002308534,-0.0003742088390488799,-0.0002809155012383659,-0.0010932431326842837,-0.00016976158832087624,-0.0007521948301276872
1.2378621146972322,1.4199929,0.29000354999999994,0.0019894859333245423,0.004558307791674902,0.43645274172973886,0.9911472754505335,0.9911488696808993,1.611713761840353e-06,-0.9615644827908691,0.24034697224667537,0.00012530128927520326,0.00041062040562397077,0.0002728845823618815,0.0011088290301589229,0.00014500937816642036,0.0006830817622181057,-0.00011521831152590301,-0.0003719433900530873,-0.0002673484173636093,-0.0010851891911739272,-0.00016062852091399302,-0.0007453986167739856
1.2409507189622344,1.4217815487667893,0.28910922561660535,0.00198217245289878,0.004545449456697568,0.43607842783910294,0.991178469468253,0.9911800593203757,1.607386655932184e-06,-0.9624484108360053,0.2369130954942687,0.00012325458751423417,0.0004094030680262519,0.0002679356752032635,0.0011056677875438952,0.00014217222967333851,0.0006812659704699393,-0.00011342269360979784,-0.0003711162498807229,-0.00026254090587958946,-0.0010822699868784902,-0.0001573988929014489,-0.0007429505892808741
1.2465200275171557,1.424992875,0.2875035625,0.0019690523266154463,0.00452232412494902,0.43540716503544363,0.991234203059884,0.9912357850663637,1.5996331992567547e-06,-0.9640043627587682,0.230739753613946,0.00011961006173778366,0.000407200875787563,0.00025911698584347434,0.0010999460051307535,0.00013711297344654846,0.0006779754101299201,-0.00011021931499750289,-0.00036960937417267366,-0.00025397057608381944,-0.0010769792643472544,-0.00015165012994648424,-0.0007385336525283095
1.255253554932511,1.42999285,0.285003575,0.001948651368396732,0.004486217429639748,0.4343640046339021,0.9913202883327085,0.9913218581626144,1.5876011715900145e-06,-0.9663474276312856,0.2211075827972473,0.00011401262615912044,0.0004037304852897044,0.00024555733238670635,0.0010909212742760367,0.00012932483172926554,0.0006727750927068125,-0.0001052844925407757,-0.00036720806562266144,-0.0002407837917733017,-0.0010686167096881107,-0.00014282650596101506,-0.0007316020769617824
1.2612941733714513,1.43342566709315,0.28328716645342494,0.001934663781538104,0.004461356742852769,0.43364919979499394,0.9913789080598673,0.9913804695586189,1.5793701887293402e-06,-0.9678999156798218,0.21448051793337453,0.00011022394891608237,0.0004013191498829916,0.00023636880032466227,0.0010846449385047336,0.00012404109755687035,0.0006691512928226513,-0.00010193399340076444,-0.0003655211119021214,-0.00023184171288632906,-0.001062788641243487,-0.00013685814051052155,-0.0007268056280647689
1.2640640293612304,1.4349928250000001,0.28250358749999993,0.0019282833141904046,0.00444998809893111,0.4333232519551186,0.9914055392108497,0.9914070969140145,1.5756205735104881e-06,-0.968593428343375,0.21145144536744814,0.00010850904635515703,0.0004002107119341239,0.00023220693640462213,0.001081758288601828,0.0001216462325083403,0.0006674826801758777,-0.00010041467466743775,-0.0003647407489375885,-0.00022778982237494334,-0.0010601049067915176,-0.00013415771822573844,-0.0007246060249827244
1.272952818752683,1.4399928000000002,0.2800035999999999,0.00190794842450417,0.004413636541275798,0.43228489855502733,0.9914899635683224,0.9914915091942459,1.5636909810301789e-06,-0.9707421259083392,0.20177232923191307,0.00010309937094248834,0.00039664302669400797,0.0002190670597673584,0.0010724605116912023,0.00011407842334266419,0.0006621000635418201,-9.561067015513282e-05,-0.00036220871865875234,-0.00021499036916460394,-0.0010514472565172034,-0.00012564381473277418,-0.0007175476267510756
1.2816376277806683,1.4448352970677312,0.2775823514661344,0.0018882858619053728,0.004378313789761281,0.4312815281355903,0.9915709483960506,0.9915724823724796,1.552185900703445e-06,-0.9727301782135901,0.1923770934794492,9.794962361196149e-05,0.0003931434173306203,0.00020654285235774728,0.001063330363214444,0.00010685572534509884,0.0006568027917950918,-9.102145046988701e-05,-0.00035969597832653853,-0.00020278101872403477,-0.0010429264829474457,-0.00011754573212088589,-0.0007106541110661729
1.2819213278623636,1.444992775,0.2775036125,0.001887646964899521,0.004377163180779219,0.43124893611196913,0.9915735692084826,0.9915751028068542,1.5518125628389935e-06,-0.9727932914351436,0.19207122452785352,9.778363345981246e-05,0.0003930288937101764,0.00020613891168473134,0.0010630314189770324,0.00010662261946631812,0.0006566291540746773,-9.087326588876055e-05,-0.0003596132790359731,-0.00020238707649483618,-0.001042647180113581,-0.00011728482222726529,-0.0007104290076123329
1.2909709995842635,1.44999275,0.275003625,0.0018673792060708485,0.004340568457595899,0.4302153564247964,0.9916563638651051,0.9916578854857926,1.539985474466813e-06,-0.9747467061474898,0.18234912352073665,9.256185247300273e-05,0.0003893697702803406,0.00019342364860135486,0.0010534744970299764,9.928000342176161e-05,0.0006510718827848711,-8.620322671445648e-05,-0.00035695574371892114,-0.00018998153156440847,-0.0010337081183552116,-0.00010908074621725436,-0.0007032522880210561
1.3001033163440774,1.454992725,0.27250363749999995,0.0018471454239271275,0.004303852828338817,0.42918415141069793,0.991738355202696,0.9917398648959619,1.5282101353835156e-06,-0.976602161401317,0.1726070205015573,8.743403167770765e-05,0.00038566710685050763,0.00018092237409844477,0.0010437932428463742,9.205172469833412e-05,0.0006454301998931693,-8.160129529549836e-05,-0.000354237435446903,-0.00017777526419669195,-0.0010246335306778537,-0.00010103157098229634,-0.0006960195834652949
1.3019810821898852,1.4560151607987746,0.2719924196006127,0.0018430120642392914,0.004296330068793629,0.4289735738941475,0.9917550232206982,0.9917565304811966,1.5258086571525017e-06,-0.9769694980439517,0.1706125024001365,8.639702355375738e-05,0.00038490472466873305,0.00017839246031004405,0.0010417985462135475,9.058780957445735e-05,0.0006442663248198863,-8.066870788864947e-05,-0.00035367420957291377,-0.00017530390243138838,-0.0010227615088425608,-9.940468311822107e-05,-0.0006945338772866933
1.3093198015566183,1.4599927000000001,0.27000364999999993,0.0018269458996779283,0.004267016766502147,0.4281553131031057,0.9918195508169436,0.9918210486337479,1.5164873276068615e-06,-0.9783594587013725,0.16284591168427076,8.240015999832153e-05,0.0003819223470054748,0.00016863613880251332,0.001033991163138751,8.493889937995001e-05,0.0006397060742951253,-7.706819197286691e-05,-0.0003514596857359414,-0.0001657697466288912,-0.0010154268943148549,-9.31372595790268e-05,-0.000688733004388555
1.3186220211510196,1.464992675,0.2675036625,0.0018067809199242557,0.004230060762898032,0.4271288336497613,0.9918999582354989,0.9919014442275572,1.5048179023686424e-06,-0.9800184097170339,0.15306679510357685,7.746021168280794e-05,0.00037813692745836483,0.0001565659403010975,0.0010240717736294306,7.79426098023255e-05,0.0006339014930199804,-7.260461463057011e-05,-0.00034862383456307414,-0.00015396639331256506,-0.0010060917034353783,-8.539775384309584e-05,-0.0006813946561093243
1.322324536599102,1.4669698853010729,0.26651505734946357,0.0017988163942525236,0.004215413749933812,0.42672356759304286,0.9919315390444916,0.9919330203749016,1.500218144972992e-06,-0.9806472576925114,0.14919495343787956,7.55326445696027e-05,0.00037662910268435344,0.00015185266883340168,0.0010201176193586382,7.52083542642596e-05,0.0006315843484999879,-7.085885202789417e-05,-0.00034748668008970616,-0.00014935490754156404,-0.0010023654612081922,-8.237990809780582e-05,-0.0006784789292450822
1.3280115851675454,1.46999265,0.265003675,0.0017866507767540793,0.004192985326107971,0.4261047053108796,0.9919795849189277,0.9919810591383511,1.4932022849351618e-06,-0.9815788362972917,0.14327067051278378,7.26141463936302e-05,0.00037431227803989093,0.0001447127230653007,0.0010140385983467704,7.106390421887006e-05,0.000628018460684417,-6.821123856510451e-05,-0.0003457312300482951,-0.0001423665607248387,-0.0009966314682838167,-7.781297438785779e-05,-0.0006740066387389673
1.337490149430078,1.474992625,0.26250368749999997,0.0017665557678422426,0.004155790982949474,0.425082920457292,0.9920584382615415,0.9920599007601739,1.4816401198251656e-06,-0.9830405704846638,0.13345853928136486,6.786190929516655e-05,0.0003704498216881814,0.0001330773783788796,0.0010038951689232826,6.430379647411824e-05,0.0006220589989415379,-6.388871635827898e-05,-0.00034278322813460115,-0.00013097154718954133,-0.0009870497143194476,-7.038282060034416e-05,-0.0006665710470989537
1.342667991008319,1.4777040044109535,0.2611479977945233,0.001755673474116132,0.004135571756047131,0.42452980571524224,0.9921008779511683,0.9921023341152979,1.4753922509468974e-06,-0.9837919108991634,0.12813129235612766,6.532408524070459e-05,0.0003683399865578243,0.0001268591874333949,0.000998349752741839,6.068787747539754e-05,0.000618796071347207,-6.157455831024423e-05,-0.00034116190701259294,-0.00012487836672582208,-0.0009818041722969668,-6.64182251134307e-05,-0.0006625197313373118
1.3470594172986352,1.4799926,0.26000369999999995,0.0017464961965541884,0.004118478278958617,0.4240634715683874,0.9921365255916534,0.9921379764206804,1.470130591482913e-06,-0.9844034545276401,0.12363140429165237,6.320343113811705e-05,0.00036655097444014353,0.00012166074427352291,0.0009936450238946211,5.766326568326211e-05,0.0006160251459254657,-5.963767775244509e-05,-0.0003397811922666415,-0.00011978259270727662,-0.0009773499813550306,-6.310717063518043e-05,-0.0006590899706385589
1.3567211415065492,1.4849925750000001,0.2575037124999999,0.0017264723720527236,0.004081047778889254,0.4230463512295905,0.9922138541705975,0.9922152933816625,1.4586741911190356e-06,-0.9856673408910277,0.11379026983394597,5.86386283415769e-05,0.00036261714542553324,0.00011046360546991271,0.0009832917079980784,5.1143255916007164e-05,0.0006099189556919398,-5.5458729526985876e-05,-0.00033672649306851346,-0.00010880087879321798,-0.0009675358226926463,-5.5985881407293025e-05,-0.0006515654933543927
1.363011445417536,1.4882219606626994,0.25588901966865024,0.001713558524651427,0.004056809816040376,0.4223906474186003,0.9922633992640253,0.992264830999999,1.4513044381102833e-06,-0.9864309761442551,0.10742710469006644,5.574005699765052e-05,0.00036005842659566847,0.00010334860480915781,0.0009765515311821168,4.6996596555895444e-05,0.0006059376080706527,-5.279822106596193e-05,-0.00033472617664433895,-0.00010181868695020333,-0.0009611379018327626,-5.146835034653856e-05,-0.0006466834873713375
1.366477126087267,1.48999255,0.255003725,0.0017064846094114782,0.004043500067229599,0.4220315521302006,0.9922904311925779,0.9922918588395684,1.4472735111389962e-06,-0.9868320922658962,0.10393614150268328,5.416740307006293e-05,0.00035864973685768116,9.948669332494157e-05,0.0009728387714763936,4.474467589261289e-05,0.0006037424976539055,-5.135245538147699e-05,-0.000333620508018318,-9.802752832668037e-05,-0.0009576108042646211,-4.9018788579460104e-05,-0.0006439996937050418
1.3763292283960729,1.494992525,0.2525037375,0.0016865332297422656,0.004005835748736952,0.4210190670633545,0.9923662637898039,0.9923676799260243,1.4359278455571194e-06,-0.9878975815831627,0.09407002609903417,4.9789643300592816e-05,0.0003546501440108758,8.873068578648007e-05,0.000962289769397806,3.8468398705953844e-05,0.0005974978560103268,-4.731941583474566e-05,-0.0003304646211155396,-8.74636054202199e-05,-0.0009475785037938579,-4.22057065380612e-05,-0.0006363946445096119
1.383354899826753,1.4985281071271834,0.2507359464364083,0.0016724473485691736,0.003979132516879159,0.4203045114669559,0.9924194410726963,0.9924208491016979,1.4279384028685763e-06,-0.9885910347807577,0.08708681283726884,4.675038675221272e-05,0.00035180328305613347,8.125857165527654e-05,0.0009547743155908533,3.410459346331289e-05,0.0005930421340642885,-4.4512068750190894e-05,-0.00032820366819114505,-8.012059854604137e-05,-0.0009404216658559102,-3.748088457456991e-05,-0.0006309943986642206
1.3862793612323896,1.4999925,0.25000374999999997,0.0016666185603147485,0.003968055448991465,0.4200088889227448,0.9924413590294113,0.9924427637083496,1.4246373685009352e-06,-0.9888636920190957,0.08419293152342426,4.550522289715746e-05,0.0003506197552188242,7.819620735122226e-05,0.0009516482609572387,3.2315261522945814e-05,0.0005911871291756721,-4.336014810838352e-05,-0.0003272602225557902,-7.711011528182529e-05,-0.000937442509927362,-3.554642838111677e-05,-0.0006287524128685834
1.3963294950687397,1.504992475,0.24750376249999997,0.0016467409346891896,0.003930159814969741,0.41900101070110507,0.992515723914738,0.9925171171900707,1.413402267465351e-06,-0.9897303170035509,0.07430586667314369,4.131400167493087e-05,0.0003465599518615652,6.788382902939009e-05,0.0009409178087920162,2.628606530957437e-05,0.0005848124292030194,-3.94751660244201e-05,-0.00032400870839897,-6.696800409540294e-05,-0.0009272064213867642,-2.9040725894072312e-05,-0.0006210750600708673
1.40369835423597,1.5086267092134735,0.2456866453932632,0.0016323163146989448,0.0039025433544324253,0.4182698733750119,0.992569321671794,0.9925707066923483,1.4052710635628198e-06,-0.990297733264064,0.06711376770873495,3.832601316761386e-05,0.0003435914061243015,6.0527955033599355e-05,0.0009330645888785193,2.1981961696503308e-05,0.0005801400389152952,-3.669826582237759e-05,-0.00032161657424559405,-5.9729371480074895e-05,-0.0009197055558101163,-2.440829259526407e-05,-0.0006154739038624063
1.4064816603928496,1.5099924500000002,0.24500377499999992,0.0016269006928537502,0.003892149515639254,0.41799542548831015,0.9925893653855716,0.9925907473114334,1.4022230570301078e-06,-0.9904973602262875,0.06440984133878756,3.721582546211267e-05,0.0003424721083542015,5.779406831432108e-05,0.0009301019782982058,2.0381574560960777e-05,0.0005783758812039905,-3.56649599048238e-05,-0.0003207114802367699,-5.7038158908423094e-05,-0.0009168738461178017,-2.268834952414763e-05,-0.0006133646415018271
1.4167379501698665,1.514992425,0.2425037875,0.0016070981813688288,0.003854025242574557,0.41699212646963846,0.9926622903187521,0.9926636609499072,1.3911004566156672e-06,-0.9911647356425816,0.054505866101199875,3.3210526158343175e-05,0.00033835759213386854,4.7927389156885275e-05,0.0009192043369509613,1.4602517041049139e-05,0.0005718796227655253,-3.1929996476069484e-05,-0.00031736994485855925,-4.73214075286114e-05,-0.0009064484004435829,-1.6489028351596713e-05,-0.0006056232065482137
1.424041808645187,1.518521946434162,0.24073902678291909,0.0015931423430187131,0.0038270447831192773,0.4162852627295895,0.9927133408703089,0.9927147035616698,1.3832832943277962e-06,-0.9915757889364579,0.047510335053872324,3.0438977619851943e-05,0.00033543780226328766,4.109696716095644e-05,0.0009114642860272501,1.0598936005058048e-05,0.0005672590779773298,-2.9339002291361316e-05,-0.0003149852176971466,-4.0591001732507954e-05,-0.0008990350467227408,-1.220487676199718e-05,-0.0006001409018479809
1.4271005224321585,1.5199924,0.24000379999999996,0.0015873337535185982,0.0038157877105962942,0.41599110692417035,0.9927345055290563,0.9927358649206967,1.3800349409614313e-06,-0.9917323674781111,0.04459495222870735,2.929792178950175e-05,0.00033421776364555645,3.828420194459752e-05,0.0009082284536286722,8.949583531211704e-06,0.0005653258033636625,-2.827071877819552e-05,-0.0003139855139158845,-3.781851842940658e-05,-0.0008959337082212098,-1.0442470057708898e-05,-0.0005978527985007977
1.4375716030047045,1.524992375,0.23750381249999994,0.0015676077694696253,0.0037774376584341703,0.41499236022320823,0.9928060177700719,0.9928073659772377,1.3690263013261572e-06,-0.9922001902328543,0.0346781115742483,2.5477816558819022e-05,0.00033005397632773943,2.8864863485284905e-05,0.0008971778979403195,3.423427586596341e-06,0.0005587165837744517,-2.4687546077466668e-05,-0.00031055960358585124,-2.853020066370677e-05,-0.0008853334000007974,-4.54836088952683e-06,-0.0005900554544558627
1.4443852630544038,1.5282179141351395,0.23589104293243027,0.001554902890451921,0.0037526382643378966,0.4143492606864048,0.9928517812176104,0.9928531222384795,1.3619543506220737e-06,-0.9924489989419754,0.028277976696586715,2.3062410682474624e-05,0.00032735578783972004,2.2907271253335876e-05,0.0008900111083575047,-7.399367625311193e-08,0.0005544245211709657,-2.241657208590781e-05,-0.0003083281647370222,-2.2652370649672514e-05,-0.0008784512938980957,-8.26745523977067e-07,-0.0005850119587330733
1.448153488374696,1.5299923500000001,0.23500382499999994,0.0015479205964360875,0.0037389758494149818,0.4139958798285051,0.9928768337345263,0.9928781708117029,1.3580738584390972e-06,-0.9925681486834734,0.024756356471829458,2.175000089428954e-05,0.0003258675765989578,1.966967699514734e-05,0.000886056239555079,-1.9753347013077274e-06,0.000552054135481986,-2.1180873781541805e-05,-0.0003070936342336349,-1.9457103785284125e-05,-0.0008746511121854472,1.1936343786967836e-06,-0.0005822332052169416
1.4588485487145946,1.5349923250000002,0.23250383749999992,0.0015282726088508454,0.003700403072176988,0.4130016592899826,0.9929469600532426,0.992948286055494,1.34717826506421e-06,-0.9928361978833231,0.014830699631589164,1.811425149246013e-05,0.00032165990384674036,1.0698892091073785e-05,0.0008748670475328754,-7.246124937770429e-06,0.0005453406400834498,-1.7751073355826692e-05,-0.00030358903007434,-1.0599817777133733e-05,-0.0008638904861902559,6.783872487196949e-06,-0.0005743880751984706
1.4647287174636208,1.5377186251905397,0.23114068740473018,0.0015175759373215279,0.003679324313660728,0.4124604976209945,0.9929849091352794,0.9929862291226256,1.341261995388434e-06,-0.9929402518406304,0.009417326853444763,1.6170514900355696e-05,0.0003193571310230111,5.9020668528195055e-06,0.0008687388220084338,-1.006598288625804e-05,0.000541659298332708,-1.591344118896354e-05,-0.0003016623337528502,-5.861379850653662e-06,-0.0008579914175412664,9.768222172700054e-06,-0.0005701015000700371
1.4696592310686045,1.5399923,0.23000385,0.0015086641885475476,0.0036617201414119276,0.4120096922442084,0.9930164032959675,0.9930177182797381,1.3363411148555207e-06,-0.9930043031632122,0.004902154037044904,1.4570331358574749e-05,0.00031743229041049153,1.9527047859767826e-06,0.0008636138896627515,-1.2388402643770626e-05,0.0005385782886926475,-1.439849224840054e-05,-0.0003000472188331571,-1.9588729887589227e-06,-0.0008530551676111677,1.2222731736378571e-05,-0.0005665220823215667
1.480588062713279,1.544992275,0.22750386249999996,0.0014890957249544018,0.0036229278986360546,0.4110199724137515,0.9930851699744075,0.993086473995779,1.325561968093355e-06,-0.9930724401334032,-0.005028267155406361,1.1117989843122534e-05,0.00031318606155918973,-6.5687425128437155e-06,0.0008523003318091374,-1.7401665461696088e-05,0.0005317692813423545,-1.1123453822738713e-05,-0.0002964696314042378,6.465259917967871e-06,-0.0008421488054035388,1.7510612036188125e-05,-0.0005586372379029056
1.4850721718728377,1.5470280116635475,0.22648599416822618,0.0014811399743902755,0.00360710254678417,0.41061765092061275,0.9931129759604882,0.993114275534627,1.3211898969706408e-06,-0.9930715415428127,-0.00907173626593558,9.738544505840795e-06,0.0003114521828203577,-9.973843141570063e-06,0.0008476775408209279,-1.9405746681809673e-05,0.0005289841405556986,-9.81230646875607e-06,-0.0002950030999493679,9.83293589446033e-06,-0.0008376887749900467,1.9620415891834702e-05,-0.0005554219892575703
1.4916376547037957,1.54999225,0.22500387499999994,0.0014695676152900272,0.0035840272129917085,0.4100324936046815,0.9931532665404479,0.9931545596556643,1.3148409896933496e-06,-0.9930405946798742,-0.014959550721989286,7.756962674960589e-06,0.00030892253547993155,-1.4865361000934264e-05,0.0008409299372522795,-2.2285449367218435e-05,0.0005249158263831606,-7.926257283894947e-06,-0.0002928577015105399,1.4672170019290816e-05,-0.0008311750510492605,2.2647934957796268e-05,-0.000550735546555572
1.5028107056183622,1.5549922250000001,0.22250388749999991,0.0014500802647727377,0.003545018982080951,0.4090472497051427,0.9932206993870538,0.9932219816526322,1.3041784855314282e-06,-0.9929087629621822,-0.024890683474290937,4.486971990054452e-06,0.0003046430232591716,-2.293711547186802e-05,0.0008295062660383184,-2.703932886565831e-05,0.000518020139881522,-4.8071776141918e-06,-0.0002892128653620159,2.266150617127726e-05,-0.0008201375577362599,2.763514379038645e-05,-0.0005428190060807368
1.5054156262820548,1.5561499264337653,0.22192503678311734,0.0014455739904560775,0.003535971724224814,0.40881944291366995,0.9932362189279915,0.9932374986895323,1.301718063124966e-06,-0.992863983242691,-0.027190023351047483,3.742782649762399e-06,0.0003036499980084584,-2.4774001707754774e-05,0.000826853993945103,-2.8121485872514308e-05,0.0005164177170877728,-4.096146110747675e-06,-0.0002883643955842685,2.4480315568535136e-05,-0.0008175732204433372,2.8768535472719252e-05,-0.0005409840930137288
1.514110005514175,1.5599922000000002,0.2200038999999999,0.001430634086839132,0.003505904132832976,0.4080642346837635,0.9932874748487057,0.9932887463215933,1.2935749500627213e-06,-0.9926769514098653,-0.03482065236227179,1.307726356979413e-06,0.0003003488288639927,-3.0784024309946385e-05,0.0008180328743325946,-3.166291718206985e-05,0.000511084445016509,-1.7664655117986077e-06,-0.00028553656131361063,3.0432977045781675e-05,-0.0008090399795408382,3.247270360105378e-05,-0.0005348896073586481
1.5255384401094423,1.564992175,0.2175039125,0.0014112295033736457,0.0034666836224070577,0.40708344258821416,0.9933535992021554,0.9933548599396096,1.28303073074026e-06,-0.9923451767181758,-0.04474844457686672,-1.7810792010401034e-06,0.0002960412491218998,-3.8406159480936274e-05,0.0008065133137777421,-3.61558664433048e-05,0.0005041109714757982,1.1956526665209444e-06,-0.00028183022952302814,3.798635116050169e-05,-0.0007978859706151816,3.7161101298258585e-05,-0.0005269493342372313
1.5257590806912718,1.5650881447918037,0.21745592760409818,0.0014108574604098916,0.0034659297947577626,0.40706463891560096,0.9933548620689859,0.9933561226009435,1.2828289243698408e-06,-0.992337831014861,-0.04493897120334834,-1.8394833623082248e-06,0.0002959584467790745,-3.8550261333901075e-05,0.0008062917784751809,-3.624082444831366e-05,0.0005039767674326098,1.2517376092602216e-06,-0.0002817588057696559,3.8129196551954874e-05,-0.0007976713520536329,3.72496349833079e-05,-0.0005267968348635771
1.537098995207156,1.56999215,0.215003925,0.0013918669449491724,0.003427358439132935,0.40610486754379027,0.9934190786671964,0.9934203287263729,1.2725456884391917e-06,-0.9919134658428413,-0.05467304765260285,-4.779763188049262e-06,0.00029172157370008206,-4.580364652101082e-05,0.000794951130856125,-4.0517867853215356e-05,0.0004971019548507825,4.078974959414753e-06,-0.0002780953116083472,4.532145690343533e-05,-0.0007866791843791418,4.170084569942542e-05,-0.0005190001634195012
1.5461025351004887,1.5738463660017643,0.21307681699911785,0.0013769703337418405,0.00339697393759582,0.405352045390251,0.9934691170539489,0.9934703589206624,1.2645035261727844e-06,-0.9915124968170665,-0.06232058404363183,-7.029988394536004e-06,0.00028838431773608336,-5.135276036595504e-05,0.0007860115975751639,-4.379075711992655e-05,0.0004916762284098158,6.247682418834289e-06,-0.00027519765981626703,5.082665510373926e-05,-0.0007780067465190238,4.5099168357844074e-05,-0.0005128677373857729
1.5487947613775683,1.574992125,0.2125039375,0.00137254685107853,0.003387929603490672,0.4051285037517779,0.9934839194068091,0.9934851588446779,1.2621195940785037e-06,-0.9913818559931706,-0.06459344957076976,-7.688657621748108e-06,0.00028739108508533256,-5.2976664523979635e-05,0.0007833498662558415,-4.474865186247919e-05,0.0004900596360304637,6.883323852838364e-06,-0.0002743332503054753,5.243818255205211e-05,-0.0007754232727148784,4.60924676033165e-05,-0.0005110440643512845
1.5606289389177561,1.5799921000000001,0.2100039499999999,0.0013532696704771738,0.003348398169132127,0.40415434548751067,0.9935481275264515,0.9935493564008924,1.2517534981383943e-06,-0.9907503946232288,-0.07450863886311723,-1.050810802425978e-05,0.00028305105856444587,-5.992544612725157e-05,0.0007717130542403006,-4.8847988333137724e-05,0.00048298626059429227,9.608546329789778e-06,-0.00027054548912548845,5.933647628763435e-05,-0.0007641218851644915,5.033651986722499e-05,-0.0005030829991090591
1.5664459895097056,1.5824282148322555,0.20878589258387228,0.001343893023436408,0.0033291006033113434,0.40368050821284385,0.9935791839702909,0.9935804077189543,1.2467246351133438e-06,-0.9904065706341527,-0.07933737873011822,-1.1849517005584458e-05,0.00028093341292380564,-6.322991052277567e-05,0.000766031484536718,-5.0797606059722415e-05,0.0004795293559834719,1.0907636355266395e-05,-0.00026869111813850857,6.261836094389085e-05,-0.0007586001812841847,5.235103628892533e-05,-0.000499202954021303
1.572604843108176,1.5849920750000002,0.2075039624999999,0.0013340358613429958,0.003308765223946356,0.4031823870996488,0.9936117090764626,0.9936129274454266,1.2414474760104686e-06,-0.9900191394253094,-0.08441760471263497,-1.3238473414383392e-05,0.00027870276219737875,-6.665027749894267e-05,0.0007600442220273095,-5.28156866897084e-05,0.0004758840782079168,1.2254513911214404e-05,-0.0002667334720128187,6.601634620579861e-05,-0.0007527786681412296,5.44335774860215e-05,-0.0004951189222785576
1.5847259097878148,1.58999205,0.205003975,0.001314845891646142,0.0032690318911714053,0.40221262300839405,0.9936746700516645,0.9936758779731981,1.2312016272808262e-06,-0.989188158319466,-0.09431933705676378,-1.5880126306103753e-05,0.00027434745679574986,-7.315149832328135e-05,0.000748346889168852,-5.66515960706188e-05,0.0004687553420163758,1.4821122699228303e-05,-0.0002628986430032976,7.247786032274232e-05,-0.0007413972641382166,5.838423767803331e-05,-0.0004871537808394639
1.5867894439189225,1.5908372430565758,0.20458137847171207,0.0013116063952354456,0.003262305553505274,0.40204891103046864,0.9936852520487595,0.9936864582100138,1.229475635282111e-06,-0.9890378415479231,-0.09599233368051897,-1.6317931844297837e-05,0.0002736106354561144,-7.422839418858105e-05,0.0007463670132887638,-5.7286985925018696e-05,0.0004675478417558993,1.5247133628459989e-05,-0.0002622482547680438,7.354854434864524e-05,-0.000739469844610255,5.90376339807924e-05,-0.0004858073911224793
1.596995701271391,1.594992025,0.20250398749999998,0.0012957002394343971,0.0032291993305551122,0.4012450477040267,0.9937370163917297,0.9937382139240932,1.2210161976111436e-06,-0.9882575294428317,-0.10421282668984351,-1.8433452710859148e-05,0.0002699863958988348,-7.942950178690944e-05,0.0007366245669372888,-6.035560547170731e-05,0.0004616023080384153,1.730829341588189e-05,-0.0002590424458827687,7.872114657813718e-05,-0.0007299813109449939,6.218911997545691e-05,-0.0004791895140467768
1.6071328983281394,1.5990769309226893,0.2004615345386553,0.0012800917572338057,0.0031965838992304386,0.40045617371156167,0.9937875003388098,0.9937886894268237,1.2127399358179829e-06,-0.9874233195275643,-0.11228884131036945,-2.045420264550424e-05,0.00026642007030994397,-8.439317021427859e-05,0.0007270314958802466,-6.328377634638956e-05,0.00045574192406581075,1.9281275467696255e-05,-0.00025587713554665415,8.365997430526065e-05,-0.0007206315337887594,6.518989943321554e-05,-0.00047268482092058825
1.609417912634098,1.599992,0.20000399999999996,0.0012765993931541054,0.00318926873956778,0.40027965574550933,0.993798753981681,0.9937999411834276,1.2108915256005275e-06,-0.9872273411380937,-0.11409706536520388,-2.0898852143647494e-05,0.00026562082574837234,-8.548473456622664e-05,0.0007248807577171164,-6.392764388360843e-05,0.0004544272345617653,1.9715971438764218e-05,-0.0002551663238464388,8.474639283536007e-05,-0.0007185344408704123,6.584886631935833e-05,-0.0004712280533104033
1.621996378391641,1.6049919750000001,0.19750401249999996,0.0012575438519875609,0.0031492413546696713,0.3993164417591825,0.9938598886525793,0.9938610655824008,1.2008277646604072e-06,-0.9860976919411851,-0.12397104589695487,-2.327673763316309e-05,0.0002612519852623622,-9.1317696816296e-05,0.0007131189544024299,-6.736768042346236e-05,0.0004472323815396702,2.2044126833735417e-05,-0.0002512717191591606,9.055384687960793e-05,-0.0007070602799720415,6.936414115957818e-05,-0.0004632713220732609
1.6274763527373564,1.607150688593596,0.19642465570320197,0.0012493308497812997,0.00313193013817845,0.3989012508778112,0.9938860983361848,0.9938872708492706,1.1965015828680937e-06,-0.9855792577602185,-0.12823066380059553,-2.4276435588715047e-05,0.0002593650587924478,-9.376748708575995e-05,0.0007080361674811743,-6.881210110899216e-05,0.00044412049368417096,2.302471541510166e-05,-0.00024958489209007836,9.299394640394689e-05,-0.0007020988418365583,7.083736196441871e-05,-0.00045983798603115684
1.6347350796057727,1.6099919500000002,0.19500402499999991,0.0012385341262074216,0.003109118452636622,0.3983554004374163,0.9939204261820425,0.9939215928985524,1.190824818524894e-06,-0.9848686905677975,-0.13383376226186283,-2.5567535736796787e-05,0.0002568811060086566,-9.692894216163757e-05,0.000701342639799896,-7.067572446197984e-05,0.00044002000998839906,2.4292754385625447e-05,-0.0002473600728165631,9.614381641415139e-05,-0.0006955624472914243,7.273563156063742e-05,-0.00045532123568896467
1.6476381514482759,1.614991925,0.1925040375,0.0012195707375485078,0.0030689013519472163,0.3973965265369937,0.9939803722940099,0.99398152885621,1.1808831366033477e-06,-0.9835404558980635,-0.14368420970158147,-2.777168656108522e-05,0.0002525094121790228,-0.00010231907768925269,0.0006895552860368762,-7.385182574684286e-05,0.0004327923813854308,2.646187362762026e-05,-0.00024343282420692173,0.00010151666905507745,-0.0006840445540944152,7.596404731448315e-05,-0.0004473797012999935
1.6478198071465735,1.6150618575586981,0.19246907122065093,0.0012193058356714799,0.003068338190641715,0.39738313051354784,0.9939812065684581,0.9939823629890537,1.180744522292004e-06,-0.9835211753641849,-0.1438218920107087,-2.7801902815594616e-05,0.000252448267151162,-0.0001023929024293032,0.0006893903594598811,-7.389531330918956e-05,0.00043269119414395983,2.6491648571267534e-05,-0.00024337779163163036,0.00010159027926399955,-0.0006838833330505724,7.600819071882038e-05,-0.00044726869607280076
1.6607098912593556,1.6199919,0.19000404999999995,0.0012006542196006038,0.003028591414235244,0.39643981487802754,0.994039732659857,0.9940408791269388,1.1710029398123286e-06,-0.9821131169617451,-0.1535213848236321,-2.9889643784988302e-05,0.00024813812056016267,-0.00010748876394584292,0.000677760353977216,-7.689607451946114e-05,0.0004255517570713184,2.8551528866483337e-05,-0.0002394914107750594,0.00010667283232664897,-0.0006725102031216778,7.90501210571601e-05,-0.0004394486177119605
1.6681632615557904,1.6228137120167432,0.18859314399162844,0.0011899992905941438,0.0030058014342638968,0.395900832646175,0.9940729771387283,0.9940741179346326,1.1654540711510275e-06,-0.9812638803395671,-0.159066907364135,-3.104707193629576e-05,0.000245671749769612,-0.00011030930792557958,0.0006711016610913019,-7.855598583203837e-05,0.0004214605167699733,2.969580434721347e-05,-0.00023726130286601436,0.00010948731840148688,-0.000665994707816953,8.072924294521345e-05,-0.0004349779169479203
1.673954767139724,1.624991875,0.18750406249999996,0.0011817851182209403,0.002988190045811487,0.3954852603426062,0.994098512898753,0.9940996493299852,1.1611843128433262e-06,-0.9805868129216095,-0.16334428570278303,-3.192187468904316e-05,0.00024376844050563135,-0.00011243871493846403,0.0006659612926425687,-7.980860162919024e-05,0.0004183003976527397,3.05617892071795e-05,-0.0002355372676873278,0.00011161279365647206,-0.0006609629878446267,8.199460839304597e-05,-0.00043152987526898576
1.6873774271193769,1.6299918500000001,0.18500407499999993,0.0011629639919684305,0.002947698699259084,0.39453285787341363,0.9941567185778953,0.9941578450327191,1.151427461370817e-06,-0.9789616930556593,-0.1731519119824145,-3.3868860189986076e-05,0.00023940157390744417,-0.00011716969813986774,0.0006541615386403007,-8.258957864416846e-05,0.0004110405624078208,3.249274857603382e-05,-0.00023157182749809023,0.0001163371003715611,-0.0006494064917287189,8.479828802642743e-05,-0.00042362535572875695
1.6885067159650073,1.6304094602309185,0.1847952698845408,0.0011613941938400298,0.0029443127375939353,0.3944534080945186,0.994161554234939,0.994162679859207,1.150615351021319e-06,-0.9788214926360607,-0.17397034653222887,-3.4027635371267445e-05,0.0002390370073460739,-0.00011755495880243508,0.0006531760704578089,-8.281590653560864e-05,0.00041043389051279385,3.265044230533123e-05,-0.00023124015792778472,0.00011672194655357034,-0.0006484409571063353,8.502611185040968e-05,-0.000422965853282557
1.7009827089501321,1.6349918250000002,0.18250408749999994,0.0011441914125614452,0.0029071188751071926,0.3935826024724414,0.9942143552129433,0.9942154717510726,1.1417327094845678e-06,-0.9772379167386146,-0.1829432649754049,-3.573109488001383e-05,0.0002350387151667392,-0.00012168253449956065,0.0006423645155985627,-8.523921795873575e-05,0.000403774508694732,3.4344525742088335e-05,-0.00022759651981823579,0.00012084635969665923,-0.0006378442875053191,8.746196189956272e-05,-0.0004157369321364797
1.7088501703742243,1.6378522458566558,0.18107387707167208,0.0011334739192371648,0.002883864492460289,0.393039937278805,0.9942470746026512,0.994248185494471,1.1362144501280567e-06,-0.9762074672221005,-0.18853706875768883,-3.675853941120311e-05,0.0002325450404390885,-0.00012416650715794885,0.0006356181350880453,-8.669607759260262e-05,0.0003996157667026521,3.5368350721957035e-05,-0.00022531841064150408,0.00012332959956341127,-0.0006312285070785063,8.892317387638635e-05,-0.0004112320245097762
1.7147756505735585,1.6399918,0.1800041,0.001125467965360687,0.0028664521235878806,0.392634489199827,0.9942714282687387,0.9942725349499766,1.1321001573141126e-06,-0.9754156534227537,-0.19271734776459576,-3.750908707100134e-05,0.0002306810511637321,-0.00012597809846140042,0.0006305736336088072,-8.775777289810227e-05,0.0003965044913639189,3.6117264337076465e-05,-0.00022361277098596034,0.0001251412387556687,-0.0006262799364524223,8.9986455337759e-05,-0.00040786646869807585
1.7287615013209796,1.644991775,0.17750411249999998,0.001106794249878254,0.002825700046481709,0.3916885131726307,0.9943279431598155,0.9943290400437926,1.1225296083407223e-06,-0.9734950826175128,-0.20247316530333398,-3.9203358845083054e-05,0.00022632976122789942,-0.0001300573179883162,0.0006187922886756791,-9.014553782149915e-05,0.00038923276217344663,3.781113287504417e-05,-0.0002196220037395538,0.00012922246457648326,-0.0006147169876835371,9.23726172033711e-05,-0.00040001582065393477
1.7291936247834412,1.6451451492426983,0.17742742537865083,0.001106222226311182,0.0028244486451833874,0.39165952908991786,0.9943296679882773,0.9943307645726682,1.1222370147726828e-06,-0.9734346170638666,-0.2027721256568591,-3.925401288286158e-05,0.0002261963987196685,-0.00013017903845043537,0.0006184310828793563,-9.021671847236875e-05,0.0003890096988711473,3.786184752450708e-05,-0.0002194994911920829,0.0001293442870256018,-0.0006143623542484985,9.244363525555688e-05,-0.0003997753350295911
1.7429457339078536,1.64999175,0.17500412499999995,0.0010881708803139132,0.0027848642990578078,0.3907446695632781,0.9943839052499741,0.9943849923967443,1.113021559016594e-06,-0.9714763938670457,-0.21220972451626777,-4.081444611250978e-05,0.00022198601710906032,-0.00013392117459478674,0.0006070238621741403,-9.240284822485861e-05,0.0003819615692070762,3.9426324772380035e-05,-0.0002156256368920088,0.00013309082409971202,-0.00060315897744413,9.462132006006318e-05,-0.00039218683415413865
1.749537079192658,1.6522911887059644,0.1738544056470178,0.0010796232516530591,0.002766056726645595,0.39031131981241807,0.9944094575503506,0.9944105402392742,1.1086699290512702e-06,-0.9705151359244268,-0.2166807333547998,-4.152759534287225e-05,0.00021999122625971452,-0.00013562611055840726,0.0006016169438288002,-9.339727210342005e-05,0.00037861841778984346,4.0142783300484496e-05,-0.00021378625736062285,0.0001347986169634644,-0.0005978461916485494,9.560957774075076e-05,-0.0003885941388691863
1.7573340572911242,1.6549917250000001,0.17250413749999993,0.0010695984861233702,0.0027439465921147706,0.38980295359868006,0.994439319853611,0.9944403973233443,1.1035761507537744e-06,-0.9693597867288234,-0.2219260343987664,-4.234289867275994e-05,0.00021765098294601487,-0.00013757070338979606,0.0005952717203162094,-9.453008084100337e-05,0.0003746931562993066,4.09630583657588e-05,-0.00021162508500966013,0.0001367471641951616,-0.0005916094284209903,9.673346034263905e-05,-0.00038438134613088073
1.7698805336018752,1.6592933217807408,0.1703533391096296,0.0010536615004898434,0.0027086798812389836,0.3889944720997764,0.9944865602459196,0.9944876294384438,1.0955001994588538e-06,-0.9674606209158181,-0.2302682468056349,-4.359216471731141e-05,0.00021392930314679634,-0.0001405397948861249,0.0005851766630912204,-9.625641378572593e-05,0.0003684439019021016,4.222254609164951e-05,-0.0002081810424810503,0.00013972382389557008,-0.0005816825264394731,9.844200340194275e-05,-0.0003776862992195953
1.7719324304651323,1.6599917000000002,0.1700041499999999,0.001051077712617484,0.0027029486941291905,0.38886336055894316,0.9944941922359162,0.994495260088818,1.0941934262154044e-06,-0.9671454707499736,-0.2316211061168206,-4.378928028416987e-05,0.00021332581523692505,-0.0001410069931294652,0.0005835392136255222,-9.652765374126583e-05,0.0003674297624634694,4.2421576931773296e-05,-0.00020762175809288245,0.0001401923916840833,-0.0005800718490594492,9.87099585390444e-05,-0.0003766011841735855
1.786747077279522,1.664991675,0.1675041625,0.0010326092215959591,0.0026618724335192613,0.3879258857761063,0.9945485276130901,0.994549585909526,1.0848735869947719e-06,-0.9648336654426398,-0.24129395310675636,-4.515416874068098e-05,0.0002090116628098204,-0.0001442311862814698,0.0005718296764211233,-9.839602643783533e-05,0.00036017362132501795,4.3802148707193395e-05,-0.0002036170612599154,0.0001434274733696193,-0.0005685497328912918,0.0001005517593831735,-0.00036884816640475474
1.7902239880110922,1.6661544464427178,0.16692277677864106,0.0010283218384457514,0.002652308894712241,0.38770817399732693,0.9945610871904951,0.9945621432732024,1.0827152543622905e-06,-0.9642820947371413,-0.24354013616422726,-4.545996433580936e-05,0.00020801008370722494,-0.00014495071904413383,0.000569110205860043,-9.88120624715588e-05,0.0003584874433186965,4.4112067725215295e-05,-0.00020268570026606134,0.0001441497997062289,-0.0005658727894023765,0.00010096087842005787,-0.00036704924321752705
1.80178450237137,1.66999165,0.16500417499999998,0.0010141936920181605,0.0026207197010314565,0.38699052463298406,0.9946023311528104,0.9946033799533818,1.0756169173559743e-06,-0.962424600258701,-0.2509435911743598,-4.643815595502078e-05,0.000204709666793055,-0.00014724447910267766,0.000560146426311027,-0.00010013569998759576,0.0003529269605610695,4.510506691004149e-05,-0.00019961239443446623,0.00014645343607740547,-0.0005570465578743634,0.00010225983205784737,-0.0003611241013563225
1.810567442420309,1.6728774023083766,0.1635612988458117,0.0010035894834873314,0.0025969342209387863,0.386451638010506,0.9946331439946048,0.9946341873421866,1.0703031485783434e-06,-0.9609900275465088,-0.2565019650777604,-4.714262930964307e-05,0.00020223273159070417,-0.00014888811069252274,0.0005534166545526528,-0.00010108139406353602,0.00034874970956223924,4.5821831451754554e-05,-0.00019730164665469603,0.00014810512680383432,-0.0005504174367445504,0.00010318517581011303,-0.0003566800123063503
1.817051508313597,1.674991625,0.16250418749999992,0.0009958318207137625,0.002579492452259036,0.38605727256214506,0.994655607975007,0.9946566473402679,1.0664233639769104e-06,-0.9599185145638836,-0.26056903859360947,-4.7641848049179885e-05,0.00020042096058613338,-0.00015004812173139649,0.0005484927636961054,-0.0001017472170985419,0.00034569200134652997,4.633064976220209e-05,-0.00019560915203728634,0.00014927136670761008,-0.0005455657857443027,0.0001038351704093062,-0.00035343078784718024
1.830910896829526,1.6794649718102213,0.16026751409488935,0.0009794499980468768,0.0025425460076289198,0.3852241002160956,0.9947028310797104,0.9947038620546241,1.0582514722312796e-06,-0.9575943584227374,-0.2691593707730357,-4.865121221539662e-05,0.00019659615195296564,-0.0001523798421830691,0.0005380942987634345,-0.00010308085641377109,0.0003392308012475661,4.7361880684142355e-05,-0.00019202989883160683,0.00015161711310665335,-0.0005353160446419491,0.00010513291702144123,-0.00034657530849041074
1.8325552140928358,1.6799916000000001,0.16000419999999993,0.00097752432313526,0.0025381927103018845,0.3851261250446963,0.9947083631520848,0.9947093931424492,1.0572927798282053e-06,-0.9573156576102307,-0.2701693162055812,-4.876586545447191e-05,0.00019614666983194706,-0.00015264341829533744,0.0005368719712844542,-0.00010323116224022625,0.0003384709578059374,4.7479240514797556e-05,-0.00019160872268120512,0.00015188241229882634,-0.0005341108613777487,0.0001052787931764118,-0.0003457700148633853
1.8483030750423726,1.6849915750000002,0.1575042124999999,0.0009592719341555935,0.002496822568577991,0.38419707760889277,0.994760601708627,0.994761622384982,1.0482257202601318e-06,-0.9546162885070465,-0.27974344751707947,-4.981084302079134e-05,0.00019188791239024985,-0.00015503172703708708,0.0005252873136169147,-0.00010458816175906377,0.00033126603647208326,4.855120747653449e-05,-0.00018761248887024065,0.0001542877801059733,-0.0005226852121681155,0.00010659174423443455,-0.000338143561440892
1.851254351238743,1.6859198813483465,0.15704005932582682,0.0009558892813143765,0.0024891341210094074,0.3840248194125992,0.9947702439712998,0.9947712629250895,1.0465492947054352e-06,-0.9541045163744383,-0.28151804582409723,-4.999620806302985e-05,0.00019109902095940272,-0.00015545247567879495,0.0005231407184261497,-0.00010482618574128854,0.0003299303058800134,4.8741828656028445e-05,-0.00018687111156157077,0.00015471182844180363,-0.0005205673969224911,0.00010682121238528132,-0.00033673153678150434
1.8643029043698687,1.68999155,0.155004225,0.0009410754089165648,0.0024553841937978937,0.3832701258294514,0.9948123286229462,0.9948133400461204,1.0392221303942322e-06,-0.9518206761930288,-0.2892904587981675,-5.07774301319297e-05,0.00018764579831077123,-0.00015721446046016403,0.0005137420366055648,-0.00010581888399882379,0.00032407943575515566,4.9546944044304064e-05,-0.00018362182670497514,0.00015648873769682678,-0.0005112922474177773,0.00010777509284978674,-0.0003305531965487396
1.8715978056479599,1.6922448024188126,0.15387759879059368,0.0009328935616981513,0.0024366881694943728,0.3828530763096093,0.9948354735763701,0.9948364808494674,1.0351853999987665e-06,-0.9505294408721116,-0.2935837214854933,-5.1187578515856256e-05,0.0001857398128073881,-0.00015813130847499386,0.0005085528606125437,-0.00010633242420894474,0.00032084734796806774,4.997086883036744e-05,-0.00018182561098821395,0.00015741414200306266,-0.0005061695662956163,0.00010826630036636489,-0.0003271448441041697
1.8805628964354733,1.694991525,0.1525042375,0.0009229355237283229,0.0024138798291143855,0.38234526532620866,0.9948635488268408,0.9948645510577235,1.0302820934845004e-06,-0.948929099405353,-0.29880937918024186,-5.166629083423003e-05,0.0001834214298095092,-0.00015919308549561606,0.0005022393670842555,-0.0001069240394292211,0.0003169133454177014,5.046686873926799e-05,-0.00017963810559144195,0.00015848661306452064,-0.0004999353577424064,0.00010882993395527873,-0.0003230006789776181
1.891941260057177,1.6984423527193004,0.15077882364034983,0.0009104493894439833,0.0023851975263717707,0.3817081727520102,0.9948986064411833,0.9948996023634407,1.0241491465171065e-06,-0.9468776018715033,-0.30536215248894133,-5.223477535967468e-05,0.0001805168244611588,-0.00016044041827566015,0.0004943271103693071,-0.00010761393843339791,0.0003119806356275202,5.1057785915084716e-05,-0.00017689342603169263,0.00015974776054033512,-0.0004921199895029342,0.00010948358561331303,-0.00031781115492335955
1.8970916519539296,1.6999915,0.15000424999999995,0.0009048530770264093,0.0023723117974609803,0.38142249176303406,0.9949142672059919,0.9949152603056536,1.0214058400025941e-06,-0.9459418466485467,-0.3082992407534814,-5.247810397462449e-05,0.0001792159012461513,-0.0001609691236928214,0.0004907825123731988,-0.00010790438078281803,0.00030976994605983,5.131142524736196e-05,-0.00017566268795609277,0.00016028279476153166,-0.0004886179144919312,0.00010975738844137039,-0.00031548775723115645
1.912284714466394,1.7045150972324967,0.1477424513837516,0.000888543629411293,0.0023346513515300205,0.3805894309781987,0.9949597249936311,0.9949607098847227,1.0134302956487493e-06,-0.9431570193119927,-0.3168591032019113,-5.314676320567729e-05,0.00017542819827069241,-0.0001624027082170836,0.00048045935597989224,-0.00010868443872185708,0.00030332850386550873,5.201096735221778e-05,-0.00017207431752409331,0.00016173526700484237,-0.0004784155367629033,0.00011048767578755791,-0.00030872620382909715
1.9138982053147262,1.7049914750000001,0.14750426249999993,0.0008868288903904714,0.0023306825050938566,0.38050180084685487,0.9949644886006204,0.9949654726301755,1.0125934281693595e-06,-0.942859216162768,-0.3177590786637334,-5.321356334929827e-05,0.00017503029910352264,-0.00016254415143652685,0.0004793746598582717,-0.00010876070320223701,0.0003026514086148601,5.208108246550981e-05,-0.0001716969289670224,0.00016187873205716712,-0.00047734326918840185,0.00011055860346538534,-0.0003080161694212304
1.9309920542375505,1.7099914500000002,0.14500427499999993,0.0008688638096292406,0.0022889944453535153,0.3795831883266332,0.995014217805983,0.9950151928263526,1.0038446539198067e-06,-0.9396815158908897,-0.3271879312093462,-5.387337786538148e-05,0.00017086570196975633,-0.0001639198001925935,0.00046801897658602576,-0.00010949384439935197,0.0002955598938553152,5.277633455475357e-05,-0.00016774217626131673,0.0001632759351202872,-0.0004661147529813264,0.0001112347527822864,-0.00030058764316845453
1.9326281688756108,1.710465549287667,0.14476722535616648,0.0008671634540017674,0.002285038612249591,0.37949619291030545,0.9950189077708572,0.9950198819401551,1.0030184186845198e-06,-0.9393752820741538,-0.32808033505471457,-5.393204142545202e-05,0.00017047194263723934,-0.00016403995145739336,0.0004669450490168278,-0.00010955699885384002,0.0002948889547226977,5.283841516493835e-05,-0.00016736780521295027,0.0001633981594033384,-0.00046505257586160084,0.00011129241716840872,-0.0002998855653022139
1.94838319200676,1.714991425,0.1425042875,0.0008509587059366588,0.0022472502026638958,0.37866664999203486,0.995063459571985,0.9950644256444411,9.951599344891064e-07,-0.9364090634436467,-0.3365848399378081,-5.445827171723484e-05,0.00016672318052381342,-0.00016509775678501395,0.0004567186088753364,-0.000110104684828242,0.0002884975519095225,5.3397701001379174e-05,-0.00016379976967864938,0.00016447597522952078,-0.00045493567612116053,0.00011178703709959096,-0.0002932038955088628
1.9529716232848278,1.7162961716008462,0.14185191419957688,0.0008462963362349752,0.002236348103084456,0.37842781947395904,0.9950762296311537,0.9950771933787197,9.929041843767494e-07,-0.9355395663831146,-0.3390315951480721,-5.459866532247951e-05,0.00016564595087635678,-0.00016537283517683733,0.0004537792595308812,-0.00011024407624608381,0.0002866596944459467,5.3547758060118395e-05,-0.00016277319275746844,0.00016475688964478919,-0.0004520270312253052,0.00011191092904049325,-0.00029128468087041127
1.9660821425587927,1.7199914,0.14000429999999997,0.0008331144771273807,0.0022054524567885433,0.3777521816727419,0.9951122186045053,0.9951131757902766,9.865392377863902e-07,-0.9330421860658537,-0.3459488497414516,-5.496898457364441e-05,0.00016260379752353646,-0.0001660797637085076,0.0004454766819476728,-0.00011059414787408584,0.0002814665217932601,5.3945726686321604e-05,-0.00015987104100391545,0.0001654804850176972,-0.0004438093274548294,0.00011221668445221913,-0.00028586663280572456
1.9733150776940447,1.722009377294085,0.13899531135295748,0.0008259300429708311,0.002188568464858443,0.3773836899474161,0.995131761954946,0.9951327155714209,9.8307808911226e-07,-0.931656653655004,-0.3497186059561532,-5.515426653667739e-05,0.00016094801841528048,-0.0001664210038596854,0.00044095672670642653,-0.0001107575323578513,0.0002786381678669349,5.4146263694290205e-05,-0.0001582895908423243,0.00016583090219979407,-0.0004393344383009335,0.0001123556368601299,-0.00028291888384538425
1.9840999987309764,1.724991375,0.13750431249999995,0.0008153320489556209,0.002163603987365376,0.37683977923725864,0.9951604995653086,0.9951614479256636,9.779826282230497e-07,-0.9295812206000249,-0.3552790089533049,-5.540627178330892e-05,0.00015850860779843766,-0.00016686761947872611,0.00043429629957664087,-0.00011096320006013537,0.0002744689309530515,5.4420981965241675e-05,-0.00015595731371666538,0.00016629115874946374,-0.0004327389739416241,0.0001125249506074651,-0.0002785775506698409
1.9936585321032616,1.7276075308941694,0.13619623455291532,0.0008060526282723353,0.0021416882028014576,0.37636320133713663,0.9951855728318754,0.9951865165989363,9.73531121653711e-07,-0.9277329477778506,-0.36014705604812003,-5.560607269766691e-05,0.00015637585845548093,-0.0001672031017462548,0.00042847190529236975,-0.00011110865321071167,0.0002708215901453323,5.464085102488414e-05,-0.0001539159385215524,0.00016663867240725722,-0.00042696999354687544,0.00011263830422249212,-0.00027478342182475537
2.002448464019846,1.7299913500000001,0.13500432499999995,0.0007976123765263108,0.0021217076787438632,0.3759294385919033,0.995208307072425,0.9952092466687603,9.694902759623344e-07,-0.9260265134496148,-0.36457436944238497,-5.577090459598514e-05,0.00015443865824673787,-0.0001674631790248054,0.00042318054375885657,-0.00011121285127529851,0.00026750689482505377,5.4824062759879015e-05,-0.00015205990274979792,0.000166909752638799,-0.00042172786019307096,0.00011271311949741109,-0.00027133833388777944
2.0140019865124787,1.7330929493112281,0.1334535253443859,0.0007866524269076392,0.002095695703850567,0.37536576777929553,0.9952377272372015,0.9952386614278551,9.642545560024589e-07,-0.9237744918287333,-0.37032259175323873,-5.596092633137069e-05,0.00015192711621836896,-0.00016773681436520272,0.00041631900810196046,-0.00011130816991286583,0.00026320697603862935,5.5038102676227476e-05,-0.00014965102290597716,0.0001671977442956005,-0.0004149286003278047,0.00011277006363761137,-0.00026687347712517714
2.0211398982426103,1.7349913250000002,0.13250433749999993,0.0007799564458065073,0.002079766525150936,0.3750211556799161,0.9952556457008088,0.995256576594458,9.610621210881765e-07,-0.9223784205416943,-0.3738339867084629,-5.606367040106009e-05,0.0001503949878375991,-0.00016786835412829011,0.0004121324744078463,-0.00011134415502526819,0.00026058251641047756,5.515559066241352e-05,-0.00014818011425808095,0.00016733808521040362,-0.00041077920803829374,0.00011278250368180132,-0.0002641506563595485
2.0343454409216957,1.738467902797634,0.13076604860118304,0.0007677180479880186,0.0020505792531407665,0.3743908199656973,0.9952882871976608,0.9952892120762789,9.552396735007358e-07,-0.9197869842277578,-0.3802508097007286,-5.6225303034144494e-05,0.00014759938188505528,-0.0001680389090715278,0.00040449204485729876,-0.0001113662790919554,0.0002557911668496167,5.534427726013738e-05,-0.00014549349729927325,0.00016752476780134093,-0.0004032049109887195,0.00011276144613614947,-0.0002591841853039782
2.040187367547918,1.7399913,0.13000435,0.000762365275245453,0.0020377836362148174,0.37411492648039235,0.9953025199824868,0.9953034422347617,9.526981636728156e-07,-0.9186373072880419,-0.3830569199767368,-5.6285372987177115e-05,0.00014637862761942628,-0.0001680851139129037,0.00040115512907292584,-0.00011135820870980215,0.00025369788586777236,5.541621305457448e-05,-0.00014431924539649057,0.00016757803770830467,-0.00039989621611636564,0.00011273444484700391,-0.00025701618104726853
2.0546888953309126,1.7437346158875926,0.12813269205620367,0.0007492383687383082,0.002006327049710114,0.37343780459250775,0.9953373119464797,0.9953382277694839,9.464784999060978e-07,-0.9157757943313638,-0.3899372501693104,-5.6405328930047967e-05,0.00014339020233263109,-0.0001681252745305505,0.0003929848576380515,-0.00011129266315274384,0.00024857085519631696,5.5565321598749415e-05,-0.00014144189788268998,0.0001676355352863834,-0.00039179336536879336,0.0001126224097282096,-0.0002517106519155165
2.0596046992827253,1.744991275,0.12750436249999997,0.0007448399175138077,0.00199576224287912,0.37321074700726337,0.995348934406797,0.9953498480791658,9.443985990596727e-07,-0.9148035485454904,-0.3922422322918897,-5.6436832822765666e-05,0.0001423906007349182,-0.00016811548539050496,0.000390251522685318,-0.00011125615392985453,0.0002468550801242197,5.560660324322041e-05,-0.0001404785841100493,0.0001676315545581286,-0.00038908205949844053,0.00011257031434177623,-0.0002499365599359661
2.0750323497401295,1.7488952683178134,0.12555236584109328,0.0007312025283989409,0.001962927221443748,0.37250618383147993,0.9953848580704535,0.9953857650863122,9.379630218246273e-07,-0.911745977473108,-0.39938739118497923,-5.650679742238835e-05,0.000139297091761389,-0.00016801095910227813,0.00038179115317869963,-0.00011109651028912874,0.00024154260774655783,5.57068828045318e-05,-0.00013749465904606625,0.00016754501727642447,-0.00038068822600322103,0.00011236236673283909,-0.0002444479676373595
2.0794065422923222,1.74999125,0.12500437499999992,0.0007273814613735169,0.0019537057037432737,0.3723086133084752,0.995394893421138,0.9953957985750266,9.361633995060858e-07,-0.9108775285759232,-0.40138899061172173,-5.6518887359213605e-05,0.00013843192244378358,-0.00016796155406912706,0.0003794246473341381,-0.00011103917682845358,0.000240056162508926,5.5727460614518e-05,-0.00013665940893634493,0.000167500643889164,-0.00037833988934244186,0.00011229151375311241,-0.00024291343400806108
2.0953758041493464,1.7539519959296364,0.12302400203518182,0.0007135999222552827,0.001920367839281001,0.37159543482172636,0.9954309796473008,0.9954318780968954,9.296856185065233e-07,-0.9077022894562488,-0.408606643310494,-5.653518526125976e-05,0.000135317541301193,-0.00016771020809064728,0.0003709045322432185,-0.00011078653418822212,0.00023470288604699838,5.577432017929589e-05,-0.00013365012745370777,0.00016726739735058678,-0.0003698836102442616,0.0001119902100102466,-0.0002373912218934408
2.099608433312215,1.7549912250000002,0.1225043874999999,0.0007099910336898658,0.001911617511869356,0.37140852146493003,0.9954404014310294,0.9954412981279319,9.279926700791414e-07,-0.9068596410045533,-0.4104962659005095,-5.65323913610448e-05,0.00013450360015431932,-0.00016762546462914307,0.00036867747207494254,-0.00011070850846890443,0.0002333031824077794,5.577951080899738e-05,-0.00013286298882091163,0.00016718737812100346,-0.00036767283258249095,0.00011189947552909162,-0.00023594843323363897
2.1157192585585634,1.7589068915529942,0.12054655422350288,0.0006964201957930742,0.0018786369307095816,0.37070504918160463,0.9954757283754301,0.995476618492283,9.216388857826773e-07,-0.9036492005085941,-0.4176003450726207,-5.649566794125307e-05,0.00013144902767812057,-0.00016723649983354228,0.00036031851629218846,-0.00011037099337567511,0.00022804806557514916,5.577271689978676e-05,-0.0001299065749324659,0.00016681610613165243,-0.0003593735195216641,0.00011151433811903138,-0.00023053551509132856
2.12022687020563,1.7599912,0.12000440000000002,0.0006926698016005608,0.0018695013021002083,0.3705104675896249,0.995485462800686,0.9954863511020722,9.198863993203603e-07,-0.9027502887779425,-0.4195631332217325,-5.647821726299556e-05,0.00013060663346497792,-0.0001671094216750137,0.0003580129427741462,-0.00011026542525568665,0.00022659817494404927,5.5763505920076274e-05,-0.00012909058294782174,0.00016669389462382406,-0.0003570839916570138,0.00011139566364979574,-0.00022904317657833806
2.1360627129677803,1.7637620058725731,0.11811899706371345,0.0006796532389772583,0.001837722492570483,0.36983453253957016,0.9955191536961101,0.9955200357064986,9.138155269380974e-07,-0.8995909087086308,-0.42637375897749524,-5.6393134449338734e-05,0.00012768902101669718,-0.00016660258061781426,0.0003500265716436611,-0.00010985771015859557,0.0002215744531335947,5.570689146282041e-05,-0.00012626221026254466,0.00016620385433421554,-0.0003491518659483838,0.00011094267942871274,-0.00022387596958302472
2.1412793929115375,1.764991175,0.1175044125,0.0006754189748568626,0.001827360858938967,0.3696144478267066,0.9955300818533223,0.9955309618206015,9.118445449096269e-07,-0.8985498841207389,-0.42858867183056665,-5.6357255558809726e-05,0.0001267420142172191,-0.00016641569057047588,0.00034743398199293474,-0.00010971124940260075,0.00021994316068598438,5.568022471883461e-05,-0.00012534344058611526,0.00016602239645894514,-0.00034657644427883277,0.00011078157435410672,-0.00022219927203119034
2.156406167376997,1.7685193482765298,0.11574032586173513,0.0006632891806516629,0.0017976125031969054,0.36898340408294766,0.9955613029080815,0.9955621770315134,9.062087504831031e-07,-0.8955313528932406,-0.4349320680672317,-5.623220138238076e-05,0.00012403499184738878,-0.00016582049841131394,0.0003400221313161637,-0.00010925408913008818,0.00021527830269988668,5.558140886755877e-05,-0.00012271518994737737,0.00016544266483885163,-0.0003392124964652157,0.00011028271521737258,-0.0002174077394508463
2.162784673098287,1.76999115,0.11500442499999995,0.0006582398083544384,0.001785200125046344,0.3687204583504891,0.9955742628713249,0.9955751345660012,9.038672339902885e-07,-0.8942588484914259,-0.43757196526579595,-5.617041522405589e-05,0.00012291072656123696,-0.00016554659836609864,0.00033694348891476764,-0.00010904734945418964,0.0002133401453845183,5.5530472908242655e-05,-0.00012162280095395966,0.0001651751532091179,-0.0003361532432514924,0.00011005873692698373,-0.00021541831665507105
2.176749621786214,1.773180887688118,0.11340955615594095,0.000647318383058196,0.0017582949339101548,0.3681511961242292,0.9956022212763231,0.9956030877255952,8.988118067766415e-07,-0.8914742250599555,-0.4432803729741487,-5.6017226451372196e-05,0.00012048441738402606,-0.0001649016354111039,0.00033029861473006245,-0.00010856713520743237,0.00020915582984098349,5.540059151712453e-05,-0.00011926362803564523,0.00016454390377160832,-0.00032954921470656123,0.00010954150178117569,-0.00021112601921286577
2.18476261367113,1.7749911250000001,0.11250443749999993,0.0006411336048740651,0.00174302321041891,0.367828495364659,0.9956180100969075,0.9956188735804409,8.959544407441979e-07,-0.8898776125377016,-0.44651210144130027,-5.59186241756677e-05,0.00011911374703634596,-0.000164504534829432,0.0003265443393211862,-0.00010827514086736079,0.00020679111974466086,5.531508341057412e-05,-0.00011792989310270555,0.0001641545019093766,-0.0003258174163367393,0.00010922871455250986,-0.00020870189666274847
2.197093076195431,1.7777485533805684,0.11112572330971582,0.0006317314364724435,0.0017197577598950466,0.3673374536835914,0.9956419521339588,0.9956428111154506,8.916182558922297e-07,-0.8874229822743183,-0.4514236894320846,-5.5752321394807175e-05,0.00011703478713064825,-0.00016385673941232855,0.00032084944543186463,-0.0001078034711798093,0.0002032032247924046,5.516852982494234e-05,-0.00011590560506221464,0.00016351831057210002,-0.0003201558007573068,0.00010872569158990272,-0.00020502605153539623
2.20723445946253,1.7799911000000002,0.11000444999999993,0.0006241017180538028,0.0017008344023197617,0.3669385551013037,0.9956613277322481,0.9956621830661324,8.88106229400823e-07,-0.8854066160503853,-0.4554081727371048,-5.560282977394895e-05,0.00011535204466787251,-0.00016329195358887977,0.0003162393856212479,-0.00010739608665978429,0.00020029805923312184,5.503491669182489e-05,-0.00011426593582217369,0.00016296284808843913,-0.00031557196617823784,0.0001082931052423491,-0.00020205158752183085
2.2174365306046484,1.7822242357755562,0.10888788211222193,0.0006165191539542475,0.0016819889704769511,0.3665417340872485,0.995680536978703,0.9956813886925577,8.846218303105994e-07,-0.8833808580962844,-0.4593669462067014,-5.544136431875563e-05,0.00011368360787323577,-0.0001626959540076806,0.0003116680669950752,-0.00010696935474889775,0.00019741666429903435,5.4889092515088854e-05,-0.00011263917617263136,0.00016237602704406064,-0.0003110260289606358,0.00010784155351618464,-0.00019910313403407836
2.2302229206480964,1.784991075,0.10750446250000001,0.0006071455556184836,0.0016586381760422292,0.36605063382010666,0.9957042199400553,0.995705067185686,8.803225110246782e-07,-0.8808463079169526,-0.46425927608988826,-5.5223999369659783e-05,0.00011162658108304754,-0.00016191137340423772,0.0003060314569406783,-0.00010641169813420918,0.00019386292392707712,5.4690861127973216e-05,-0.00011063213757022181,0.0001616026669349034,-0.0003054198702878867,0.00010725354284523016,-0.00019546895409269473
2.2377799850138653,1.7866097872255915,0.1066951063872042,0.0006016725662109127,0.0016449765788222016,0.36576360658077484,0.995718015563782,0.9957188602040541,8.778164127361012e-07,-0.8793508735382363,-0.4671149834096706,-5.5088011484478175e-05,0.00011042840810725821,-0.00016142884763153863,0.000302747957240913,-0.00010607069504898743,0.0001917923223073508,5.4565936608473e-05,-0.00010946237849068566,0.000161126625385855,-0.000302153683925953,0.00010689499217067632,-0.00019335262523888358
2.2537523106851607,1.78999105,0.10500447499999997,0.0005902665828945359,0.0016164392065980096,0.3651647278073778,0.9957466908436501,0.9957475300624606,8.726033522256639e-07,-0.8761971460736035,-0.47306451308310155,-5.47831209032419e-05,0.00010793831064812423,-0.00016036537957833444,0.00029592335927776245,-0.000105323535687097,0.00018748765840775626,5.428383341789723e-05,-0.0001070296964285473,0.0001600765046013506,-0.00029536408110166054,0.0001061116981494256,-0.00018895555080343534
2.2581234394230822,1.790907022780654,0.10454648860967296,0.0005871829165709413,0.0016087086310831074,0.3650026519566842,0.9957544259835339,0.9957552637385221,8.711962322190478e-07,-0.8753358475679823,-0.47467255116368295,-5.469570856317505e-05,0.0001072667419482941,-0.00016006444146644867,0.00029408264091238554,-0.00010511306863785199,0.00018632637959395388,5.42025170893545e-05,-0.00010637323778522729,0.00015977913520432053,-0.0002935325748763651,0.00010589156637380082,-0.00018776994979304124
2.277848700874207,1.794991025,0.10250448749999996,0.0005734663266433198,0.0015742423814336423,0.3642808333752719,0.9957887445275334,0.9957895757809131,8.649487270749385e-07,-0.871459597457043,-0.4818229900365171,-5.428120355987058e-05,0.00010428818063016022,-0.00015865662552627446,0.00028591787573395124,-0.00010413320971333455,0.00018117419170492647,5.3814779049234916e-05,-0.0001034598000884993,0.00015838697966437807,-0.00028540752611309574,0.00010486928008586675,-0.0001825129218674431
2.278466893832299,1.7951177209393872,0.10244113953030647,0.0005730416560666808,0.0015731732150083863,0.3642584621958657,0.9957898047546486,0.9957906358069875,8.647556027778906e-07,-0.8713384071710476,-0.482044308587834,-5.426770137626553e-05,0.00010419619256963379,-0.00015861123623283474,0.0002856657009260237,-0.00010410173495396857,0.00018101503241058786,5.380209624927904e-05,-0.00010336977448924904,0.00015834206952069702,-0.00028515654846595495,0.00010483650679309294,-0.00018235060295104162
2.298810348241516,1.7992436243851664,0.10037818780741684,0.0005592404386234263,0.0015383584680393647,0.36353064012198494,0.9958241868925355,0.9958250114194283,8.584890822363151e-07,-0.8673609969851198,-0.48923482307493044,-5.3807046141888014e-05,0.00010121437520690271,-0.00015707723788520913,0.00027749078831697515,-0.00010304165123739147,0.00017585450021981595,5.336775270688612e-05,-0.00010045000911997633,0.00015682344977921254,-0.00027701950018825625,0.00010373473277839011,-0.0001770901544354614
2.302540094006516,1.7999910000000001,0.10000449999999994,0.0005567463792495961,0.0015320528142936923,0.3633989468608937,0.995830385037615,0.9958312083869445,8.573586533427405e-07,-0.8666341379549846,-0.49053381809533303,-5.3719278488724884e-05,0.00010067713138647253,-0.0001567878345210092,0.0002760177668284654,-0.00010284238161818829,0.00017492443729750346,5.328467282349878e-05,-9.992362586977135e-05,0.00015653678475805856,-0.00027555310809367783,0.00010352803704636508,-0.00017614260154899246
2.319153802650733,1.803286440707345,0.09835677964632754,0.0005457711163533878,0.0015042525849117924,0.36281879906850295,0.9958576059837043,0.9958584241570726,8.523913711723741e-07,-0.8634058885211583,-0.4962485698342958,-5.331661924530202e-05,9.831893976732736e-05,-0.00015546998224032292,0.000269551630984949,-0.00010193748691593988,0.0001708410325918851,5.2902390104399246e-05,-9.76119671464258e-05,0.00015523082987418396,-0.0002691153844890682,0.00010259086842298167,-0.00017198425170866777
2.3278566199980353,1.8049909750000002,0.09750451249999993,0.0005401084033080024,0.0014898758603660645,0.3625190646254897,0.995871616381653,0.9958724318882411,8.498330727196225e-07,-0.861721252356061,-0.4991961133187116,-5.309839959280453e-05,9.710609658606369e-05,-0.00015476180163664926,0.0002662257709075442,-0.00010145276495105004,0.00016874029317761558,5.269451944835568e-05,-9.642234077639326e-05,0.00015452868840316628,-0.00026580370541081814,0.00010208975832898204,-0.00016984611448401225
2.33949725705995,1.807247843107974,0.09637607844601301,0.0005326257349524172,0.0014708438247826633,0.36212256255766634,0.9958900942541004,0.9958909062407381,8.46457330162084e-07,-0.859475188984521,-0.5030899316757022,-5.279912655251055e-05,9.550757307786396e-05,-0.00015379655856439086,0.00026184204134094106,-0.00010079363745961754,0.0001659709153280984,5.240874548261806e-05,-9.485368334721838e-05,0.00015357131921278345,-0.0002614382236890221,0.00010140925788111755,-0.00016702862271066312
2.3538307569369965,1.80999095,0.09500452499999999,0.0005235541366561393,0.0014477171328647403,0.36164118305357845,0.9959124425294911,0.9959132502546191,8.423719801710626e-07,-0.8567214342986108,-0.5078089967678673,-5.241964439894309e-05,9.357600346727113e-05,-0.00015258139591413144,0.0002565446046607461,-9.996612667624489e-05,0.00016262364198575742,5.2045354205554976e-05,-9.295710159437314e-05,0.00015236553705608923,-0.0002561621724559196,0.00010055627572767533,-0.00016362497606348204
2.359840711469167,1.8111294710942916,0.09443526445285425,0.0005197965291976019,0.0014381205179009363,0.36144156399095867,0.9959216826336463,0.9959224885954558,8.406820610679618e-07,-0.8555708497098989,-0.5097631990115753,-5.2257112285079195e-05,9.277800080407618e-05,-0.00015206363214775395,0.0002543559229474684,-9.961423770878919e-05,0.00016124047587203865,5.1889397337723186e-05,-9.21732056988425e-05,0.00015185160483349012,-0.00025398211581389584,0.0001001939799704092,-0.00016221907811084506
2.3801841658783838,1.814932931157266,0.09253353442136705,0.0005072759185439953,0.0014060710718405603,0.36077544635063596,0.9959524008175089,0.9959532009116059,8.350607694229897e-07,-0.851694674223885,-0.516272570056584,-5.1692967473506845e-05,9.012798906926749e-05,-0.00015027746589641374,0.0002470872762383313,-9.840317468364117e-05,0.00015664608806600762,5.1346773364418084e-05,-8.95685988319173e-05,0.00015007797260236985,-0.000246741241423743,9.894886208677393e-05,-0.0001575515131179462
2.3804975816128144,1.814990925,0.09250453749999998,0.0005070853979107466,0.0014055825212286892,0.3607652985521463,0.9959528674134569,0.9959536674183589,8.349753465166198e-07,-0.8516351862188234,-0.5163715945935802,-5.168411501715761e-05,9.008777313728697e-05,-0.00015024956277741913,0.0002469769637586689,-9.838428859967969e-05,0.00015657635122648205,5.133824370479095e-05,-8.952905503661038e-05,0.00015005025740627952,-0.0002466313401968624,9.892946528318603e-05,-0.00015748069288896524
2.4005276202876007,1.8186597974364749,0.09067010128176252,0.0004950565028184009,0.0013746839773137237,0.3601238619117341,0.995982277323869,0.9959830717027686,8.29588854113812e-07,-0.8478483259481372,-0.522622151205038,-5.110893800718398e-05,8.755534580068512e-05,-0.00014844394097056083,0.00024003020339767735,-9.716409988311654e-05,0.00015218417630586225,5.078315789044884e-05,-8.703794709011352e-05,0.00014825632750989565,-0.00023970986952554912,9.767749346051703e-05,-0.00015302190888856235
2.407895054374206,1.8199909,0.09000454999999996,0.0004907040925719267,0.0013634782111434337,0.3598914075498242,0.9959928949286699,0.995993687274543,8.276431572152355e-07,-0.8464630192979135,-0.5248830381232116,-5.089293920146504e-05,8.66423209195264e-05,-0.00014776932673289122,0.00023752552362890864,-9.670912897199873e-05,0.00015060027357520302,5.057428673492222e-05,-8.613933794118344e-05,0.0001475858589544719,-0.00023721401687182755,9.721124921696097e-05,-0.0001514147633106272
2.4208710746968176,1.822311612371596,0.08884419381420207,0.00048313105800854966,0.001343947813581742,0.3594864719642364,0.9960113395487489,0.996012128360491,8.242618337957369e-07,-0.8440333355567289,-0.5288159575681085,-5.05071322971285e-05,8.505792182805045e-05,-0.00014656857650066296,0.0002331789124722231,-9.590044108377642e-05,0.00014785121914417444,5.02006990087895e-05,-8.457935722436214e-05,0.00014639221309325733,-0.00023288236264785094,9.638323777952113e-05,-0.000148626333572235
2.4360643441208176,1.8249908750000001,0.08750456249999994,0.0004744122197710496,0.0013214107066246593,0.35901950649610126,0.9960325289334401,0.9960333136813873,8.203753318702544e-07,-0.841205453408576,-0.5333424639471492,-5.004727152510143e-05,8.324055675633323e-05,-0.0001451437943896314,0.00022819294038991798,-9.49425842929353e-05,0.000144697247288724,4.9754615226122385e-05,-8.27890775304355e-05,0.00014497543690975576,-0.00022791298884407198,9.54035980717901e-05,-0.00014542867806046782
2.4412145291060345,1.8258898873407752,0.08705505632961243,0.00047149253214574116,0.0013138512534805228,0.35886294654490797,0.9960396138178566,0.9960403972061507,8.190753793845937e-07,-0.8402511080003584,-0.5348579136542666,-4.98895285683479e-05,8.263361175721579e-05,-0.00014465654841201302,0.00022652772078502826,-9.461541364925695e-05,0.0001436437523879463,4.9601415414019795e-05,-8.219096075241785e-05,0.00014449083000918459,-0.0002262531811502413,9.50692452064136e-05,-0.0001443609430275313
2.4615579835152515,1.8293961032861434,0.08530194835692831,0.00046013404127918597,0.0012843830680770469,0.35825296417842817,0.99606712543569,0.9960679035400885,8.140253362812335e-07,-0.8365029292102605,-0.5407518541774706,-4.925798179748206e-05,8.028035464028201e-05,-0.00014271270738861649,0.00022007105771408401,-9.331203136234148e-05,0.00013955837173400786,4.898720295017949e-05,-7.98709160118731e-05,0.00014255705378340904,-0.00021981688683519814,9.373846381485156e-05,-0.00014022198124130278
2.465050200410844,1.8299908500000002,0.0850045749999999,0.000458211879750266,0.001279386854442526,0.35814959186048934,0.996071773249486,0.9960725504605723,8.13171851977657e-07,-0.8358630170603844,-0.5417490140047209,-4.914829468628988e-05,7.988338567526495e-05,-0.00014237615784462506,0.00021898185196591945,-9.308665134476038e-05,0.00013886909673414493,4.88803953383492e-05,-7.947939173933254e-05,0.0001422221754490562,-0.00021873102164097046,9.350853308826999e-05,-0.00013952392099502657
2.481901437924469,1.8328317113267336,0.0835841443366332,0.00044904886554031494,0.0012555321309728194,0.35765621162747946,0.9960938987321655,0.9960946716881687,8.091076553154614e-07,-0.8327899724942929,-0.5465015249790256,-4.861423031101173e-05,7.799613446176104e-05,-0.00014074159600726893,0.00021380346689417416,-9.199311679229912e-05,0.00013559173498215482,4.835984087778154e-05,-7.761740993268618e-05,0.00014059545176330402,-0.00021356814592469545,9.239365046949425e-05,-0.0001362057804807085
2.4949013811268554,1.834990825,0.08250458749999999,0.0004421052821768459,0.0012374138712124222,0.3572816601317631,0.9961106316623557,0.9961114013975706,8.060326595327673e-07,-0.8304362473445864,-0.5501018356695586,-4.8197220962013856e-05,7.657170832944063e-05,-0.00013946969848409026,0.0002098948794101748,-9.114338948850807e-05,0.0001331176330536151,4.795282869464972e-05,-7.621138962338312e-05,0.00013932935139086998,-0.00020967086120449356,9.152812884909259e-05,-0.00013370196996535395
2.5022448923336857,1.8361981333590558,0.08190093332047207,0.0004382304452952054,0.0012272874222697824,0.3570723836513608,0.9961199571067132,0.9961207250459185,8.043184417017713e-07,-0.8291133046371342,-0.5521105840499445,-4.795990205922195e-05,7.577898045859999e-05,-0.00013874746507244726,0.00020771960789603547,-9.066131121029232e-05,0.00013174056386316315,4.7720997867785035e-05,-7.54286595533203e-05,0.0001386102993001205,-0.00020750173145949187,9.103738117405612e-05,-0.00013230876120498656
2.5225883467429027,1.839496762645579,0.08025161867721049,0.00042767237738346967,0.0011996380322136524,0.3565011827728569,0.9961453230701768,0.9961460861203851,7.996539036348783e-07,-0.8254738917166111,-0.5575826026418144,-4.72965205799644e-05,7.362696729080043e-05,-0.00013673428918224804,0.00020181425743265674,-8.93190840666056e-05,0.0001280016455161932,4.707223773085623e-05,-7.330291330295434e-05,0.00013660559518781923,-0.00020161252517444312,8.967206091014267e-05,-0.00012852743176225293
2.5256711459613173,1.8399908,0.08000459999999998,0.00042609475541328256,0.0011954993735345202,0.35641570781716436,0.9961491079217119,0.9961498702419713,7.989576967234909e-07,-0.8249256898779321,-0.558400081834378,-4.7195293831739916e-05,7.330642162359576e-05,-0.00013642779126118182,0.00020093462846901782,-8.91149232613194e-05,0.00012744465498540453,4.697315378043398e-05,-7.298617185798365e-05,0.0001363003383430133,-0.0002007352353856856,8.946451623079395e-05,-0.00012796429783434903
2.5429318011521196,1.8427289643913602,0.07863551780431993,0.00041736841144183025,0.0011725731645292454,0.3559423190529793,0.9961700182844976,0.9961707765698431,7.951103847318107e-07,-0.8218726046474601,-0.56292106645509,-4.662551066637832e-05,7.153821507765487e-05,-0.00013470578155523984,0.00019608231013869786,-8.796874204319194e-05,0.00012437183364753744,4.641502489013138e-05,-7.123845207047261e-05,0.00013458507638498753,-0.00019589551889930812,8.829993298969127e-05,-0.0001248583878941096
2.5574178282648186,1.844990775,0.07750461249999996,0.00041018275688627754,0.0011536514116332241,0.35555173144163355,0.9961872057416729,0.9961879607078034,7.919468898922761e-07,-0.8193318987457303,-0.5666429109952037,-4.6143789795926374e-05,7.008841944026233e-05,-0.00013325390952097633,0.00019210369142523703,-8.700344532092032e-05,0.00012185194986582565,4.594264753403727e-05,-6.98048313435363e-05,0.0001331386113955702,-0.0001919268557216775,8.731988570821565e-05,-0.0001223123736661114
2.5632752555613365,1.8458960763090628,0.07705196184546859,0.00040731244631072086,0.0011460821394618165,0.35539550987330526,0.996194063600396,0.9961948172414771,7.906843597184583e-07,-0.8183102244638225,-0.5681293768945928,-4.594820375175627e-05,6.951088931370353e-05,-0.00013266540814748645,0.00019051877896540713,-8.661243769560977e-05,0.00012084804940030057,4.5750729606009534e-05,-6.923359007946621e-05,0.00013255223204646006,-0.000190345815530554,8.692308794238298e-05,-0.00012129831206939114
2.5836187099705534,1.8489994091725968,0.07550029541370158,0.0003974985265222438,0.001120154396538032,0.3548604797256159,0.9962174790931702,0.9962182282071467,7.863724025096021e-07,-0.8147874473512636,-0.5732108523829278,-4.526584302446419e-05,6.754320067721771e-05,-0.00013061640108845527,0.0001851187952300469,-8.525217769833606e-05,0.0001174272819623859,4.508063296146297e-05,-6.728667558700678e-05,0.0001305103168908548,-0.00018495862961619651,8.554347195893782e-05,-0.00011784397266644735
2.5902055006804714,1.8499907500000001,0.07500462499999995,0.00039437188472425774,0.0011118785070310853,0.35468972754703326,0.9962249288011062,0.9962256764738543,7.850001739553971e-07,-0.8136554364440493,-0.5748294873349947,-4.5044020419291154e-05,6.691859348301456e-05,-0.00012995163045674882,0.00018340464926700251,-8.481121979124994e-05,0.00011634129484127154,4.486262715830401e-05,-6.666845393337798e-05,0.00012984775244290523,-0.00018324841954150235,8.509649106608074e-05,-0.00011674766411640849
2.6039621643797703,1.8520402473596085,0.07397987632019577,0.0003879208388677985,0.0010947794970597136,0.3543369600085228,0.9962402840966411,0.996241028797356,7.821712101416799e-07,-0.8113048894387574,-0.5781687297231853,-4.457958828541935e-05,6.563340474290354e-05,-0.00012856177146386126,0.0001798776083557407,-8.388983070734122e-05,0.00011410658893809403,4.440593161629187e-05,-6.539609142259994e-05,0.0001284623639297627,-0.00017972928759245612,8.416289491056733e-05,-0.00011449222302168234
2.6241047536499744,1.8549907250000002,0.0725046374999999,0.00037866489086592396,0.0010701896948942327,0.35382969269139486,0.9962622807439672,0.99626302118399,7.781174748556831e-07,-0.8078968738211452,-0.5829589808067047,-4.389733463418095e-05,6.379783425737129e-05,-0.00012652464129752727,0.0001748400742379155,-8.254058607385953e-05,0.00011091445832558521,4.373445218875606e-05,-6.357811930506167e-05,0.00012643145623485324,-0.00017470261245626102,8.279665358195852e-05,-0.00011127163505954941
2.6243056187889873,1.8550198493830468,0.07249007530847666,0.000378573709043796,0.0010699471263430564,0.35382468883085183,0.9962624972354441,0.9962632376335145,7.780775710957175e-07,-0.8078630913608813,-0.5830061655031133,-4.389052055989117e-05,6.377980160973523e-05,-0.00012650432147276908,0.0001747905853347474,-8.252713485401296e-05,0.00011088309650668173,4.372774233885471e-05,-6.356025538249379e-05,0.00012641119658408893,-0.0001746532277078284,8.278303796372961e-05,-0.0001112400003608423
2.644649073198204,1.8579394484120242,0.07103027579398787,0.00036945159837380967,0.0010456470957155854,0.3533234108214843,0.9962841364556644,0.9962848726585937,7.740883885719203e-07,-0.8044625225999282,-0.5877262375335721,-4.319964647523598e-05,6.198073545366441e-05,-0.00012444665598559148,0.00016985320994547867,-8.11657048840761e-05,0.00010775399938945972,4.304710632355184e-05,-6.177762049332534e-05,0.00012435944021229535,-0.0001697259996674576,8.140546080905648e-05,-0.00010808432462781999
2.6591936105676295,1.8599907,0.07000464999999999,0.00036306469588265203,0.0010285945718125614,0.35297162344816707,0.9962992651796201,0.9962999984474673,7.712986979894486e-07,-0.8020567900180773,-0.5910305672157311,-4.270512134660273e-05,6.072703221410328e-05,-0.00012297674634662847,0.00016641253283542805,-8.019396320219298e-05,0.0001055732017453252,4.255952686077623e-05,-6.053490199977924e-05,0.00012289353727670729,-0.00016629211130091902,8.042276675794072e-05,-0.0001058857534941584
2.664992527607421,1.86080025278219,0.06959987360890496,0.0003605491006056178,0.0010218693442826934,0.3528328769454447,0.9963052190539874,0.9963059511662665,7.702006672850766e-07,-0.8011035856175247,-0.5923319463146987,-4.250790241541878e-05,6.023459401437824e-05,-0.00012239119352879416,0.00016506108175109375,-7.980703895528196e-05,0.00010471656064526787,4.2364993302398656e-05,-6.004667515800974e-05,0.00012230953307493621,-0.0001649432640279082,8.003160852216012e-05,-0.00010502229722482206
2.685335982016638,1.8636034464958233,0.06819827675208834,0.00035186093878155896,0.0009986039404751663,0.35235284432598246,0.9963257617054155,0.9963264898286122,7.664115028089873e-07,-0.7977866197848437,-0.5968262165238302,-4.1816158462927846e-05,5.85398080243221e-05,-0.00012034017672138285,0.00016040991490517907,-7.84525251072294e-05,0.00010176811131263032,4.168230545878254e-05,-5.836594319575319e-05,0.00012026373675914536,-0.00016030079137006143,7.866281807361228e-05,-0.00010205109967631693
2.695558609415083,1.864990675,0.06750466249999999,0.00034757440580778003,0.0009871033499345954,0.35211551640546046,0.9963358856831226,0.9963366118392465,7.645437592041898e-07,-0.7961357724084829,-0.5990434283017557,-4.1468812396126936e-05,5.7707079085036685e-05,-0.0001193118750153292,0.00015812458933945416,-7.777385483162475e-05,0.00010031928162474711,4.133930282689996e-05,-5.7539872660098e-05,0.00011923793772208702,-0.00015801958760960908,7.797730169409403e-05,-0.00010059148977953095
2.705679436425855,1.8663501897118573,0.06682490514407141,0.0003433819621806609,0.0009758410833887166,0.3518830760724163,0.9963457804896104,0.996346504722466,7.62718089363898e-07,-0.7945119051202353,-0.6012118985197025,-4.1125222138207836e-05,5.6894850587530194e-05,-0.00011829568218743118,0.00015589553678788454,-7.71034474164608e-05,9.890604991542236e-05,4.099988115135856e-05,-5.673398378712947e-05,0.00011822414608610743,-0.00015579446127556376,7.73003245046339e-05,-9.916799222814392e-05
2.726022890835072,1.8690416192260342,0.06547919038698288,0.000335107143331047,0.0009535711039261207,0.3514233411135432,0.9963652909159798,0.9963660113544895,7.591177006593224e-07,-0.7912796658428091,-0.6054917698580036,-4.0435841946233416e-05,5.5298236515226266e-05,-0.00011625962996809188,0.00015151388649390412,-7.576099184979336e-05,9.61278418474907e-05,4.031849845592381e-05,-5.5149391334277175e-05,0.00011619269852395553,-0.0001514202611300832,7.59452667842394e-05,-9.637031239226084e-05
2.733296088595918,1.86999065,0.06500467499999997,0.0003321973313286719,0.0009457269185728619,0.35126136816531606,0.9963721457955623,0.996372864900303,7.578525587360014e-07,-0.7901344165376115,-0.6069967518199925,-4.018988593150495e-05,5.4738869448402946e-05,-0.00011553409102629483,0.0001499788099713788,-7.528285497802241e-05,9.515445207386855e-05,4.007528228624773e-05,-5.4594099502930404e-05,0.00011546873643341501,-0.00014988771172457229,7.54628132161595e-05,-9.539032026614781e-05
2.7463663452442892,1.8716788489413925,0.06416057552930371,0.0003270315750911068,0.0009317844657521748,0.3509734140363817,0.9963843079475211,0.9963850246850279,7.556077068862861e-07,-0.7880900737500858,-0.6096685368137714,-3.974871073958203e-05,5.3748521624388514e-05,-0.00011423379245575785,0.00014726101319183956,-7.44262518283698e-05,9.343101865045487e-05,3.963887853282321e-05,-5.361079524546804e-05,0.00011417118312774261,-0.0001471742847747587,7.459869336314391e-05,-9.36554734464563e-05
2.766709799653506,1.8742629703292772,0.06286851483536142,0.00031915046779799113,0.0009104717660713049,0.3505330749300758,0.9964028460235467,0.9964035591508228,7.521855596599084e-07,-0.7849432514276616,-0.6137448359065797,-3.9064468906787894e-05,5.224430200511053e-05,-0.0001122198028721868,0.0001431330743728023,-7.310023351479184e-05,9.081317719766694e-05,3.8961688827359425e-05,-5.2116859652523124e-05,0.00011216124902756769,-0.0001430527310252926,7.326156743883948e-05,-9.102096289776419e-05
2.772513725052142,1.8749906250000001,0.06250468749999992,0.0003169370097765599,0.0009044769146423014,0.3504091753429669,0.9964080490243525,0.9964087611379329,7.512249906520033e-07,-0.7840533260605367,-0.6148897316217975,-3.886987027774529e-05,5.182330256910838e-05,-0.00011164760299983607,0.00014197776780697504,-7.27236546420687e-05,9.008046775777828e-05,3.8769021601570495e-05,-5.1698650073216386e-05,0.00011159015942290906,-0.00014189915766231668,7.28819468951706e-05,-9.028373039832875e-05
2.787053254062723,1.8767950528810677,0.06160247355946609,0.0003114591464819732,0.0008896237362372782,0.3501021092347536,0.996420919081315,0.9964216286866397,7.48848790118078e-07,-0.7818392752983957,-0.6177232354248399,-3.83837073945242e-05,5.0784213261897406e-05,-0.00011021916331164456,0.0001391263340045203,-7.178386083519058e-05,8.827197879627524e-05,3.828754611037293e-05,-5.0666283068864504e-05,0.00011016441348513622,-0.00013905190207654785,7.193477194585023e-05,-8.846434091728066e-05
2.80739670847194,1.87927614455081,0.06036192772459506,0.0003039530481452644,0.0008692312422041239,0.34968030759516383,0.9964385405766308,0.996439246745871,7.455950100936649e-07,-0.7787781785184082,-0.621606236945895,-3.770697057171347e-05,4.9366929733643936e-05,-0.00010823325236930555,0.00013523716060577374,-7.04779802478164e-05,8.580514821829561e-05,3.761701936599016e-05,-4.9257797995332316e-05,0.00010818206953837488,-0.0001351682018089114,7.061911428447042e-05,-8.598323875346965e-05
2.8133323864946,1.8799906000000002,0.06000469999999991,0.0003017972304499309,0.0008633658036077273,0.3495589345661105,0.9964435988435352,0.99644430402606,7.446609476712149e-07,-0.7778931126795889,-0.6227215677346629,-3.7510348387503645e-05,4.896128457043108e-05,-0.00010765677668477326,0.00013412404859658973,-7.00990494881997e-05,8.509908744418604e-05,3.742213549675708e-05,-4.885459333477403e-05,0.00010760659193585816,-0.00013405660889033102,7.023744712786144e-05,-8.527321838610188e-05
2.827740162881157,1.8817072721889314,0.059146363905534335,0.00029662771910389296,0.0008492852848269849,0.349267465718921,0.9964557235034859,0.9964564263201637,7.424218999040621e-07,-0.775759953726878,-0.6253962768489493,-3.70347589433002e-05,4.799116369660986e-05,-0.00010626333237436927,0.0001314620252546387,-6.918336526938634e-05,8.341047267063999e-05,3.695063253332719e-05,-4.7890170480287145e-05,0.00010621549325303244,-0.0001313981340112277,6.931533080069625e-05,-8.357535713037383e-05
2.848083617290374,1.884089441967226,0.05795527901638703,0.00028947881239126946,0.0008297770000213145,0.34886338423917945,0.9964724804127583,0.9964731799581308,7.393272203691247e-07,-0.7727845556563033,-0.6290957278181475,-3.636753172113493e-05,4.665566455421475e-05,-0.00010431055624660074,0.00012779749954277468,-6.790072076998101e-05,8.108580071322988e-05,3.6288867108665546e-05,-4.656219963997617e-05,0.0001042658505994513,-0.00012773830053383666,6.802409102959987e-05,-8.12384646364066e-05
2.8558883780153455,1.884990575,0.0575047125,0.0002867820639363636,0.0008224069730180109,0.348710642474189,0.9964787986940968,0.9964794970055352,7.381603041196887e-07,-0.7716543960810318,-0.6304914664415756,-3.6112962991805366e-05,4.6153731007804456e-05,-0.00010356614915805286,0.00012642025768448605,-6.741194878721256e-05,8.021207825054368e-05,3.603630194973691e-05,-4.6063002168912534e-05,0.00010352259250027446,-0.00012636276520620329,6.753216648705952e-05,-8.036029956771845e-05
2.8684270716995908,1.8864236397952778,0.056788180102361044,0.0002825020852221039,0.0008106976587884617,0.3484678685815944,0.9964888234300621,0.9964895197831872,7.363087988392763e-07,-0.7698519036096982,-0.632706900333443,-3.5705709258984536e-05,4.535921801724202e-05,-0.00010237597399421888,0.00012424025348686005,-6.663068704704258e-05,7.882904113343749e-05,3.5632164614469375e-05,-4.5272717144594586e-05,0.0001023342039720775,-0.00012418539938392702,6.67460017136992e-05,-7.897039610901803e-05
2.8887705261088077,1.8887108317285006,0.055644584135749665,0.00027569339651534533,0.0007920386671153871,0.3480807288354033,0.9965047642727568,0.9965054575105617,7.333645317002936e-07,-0.7669618838108412,-0.6362320441471242,-3.5049675358461446e-05,4.41006452775532e-05,-0.00010046053887035551,0.00012078705340721467,-6.537384368853325e-05,7.663816178443025e-05,3.498092894131422e-05,-4.402058667502462e-05,0.00010042151836852763,-0.0001207362227743745,6.548161060750845e-05,-7.676905101979909e-05
2.900336188348732,1.88999055,0.055004724999999983,0.0002718958962649785,0.0007816148412243335,0.34786429571766647,0.9965136519842482,0.9965143434844397,7.317229394346084e-07,-0.7653378038709333,-0.6381986403597238,-3.467942259379128e-05,4.340156993369113e-05,-9.938044539790931e-05,0.0001188690282694235,-6.466538588350064e-05,7.54212207438761e-05,3.461326792421338e-05,-4.332495636987255e-05,9.934290934755621e-05,-0.00011882035096127148,6.476907660343172e-05,-7.554651161584675e-05
2.9091139805180246,1.8909519643679586,0.054524017816020655,0.0002690487044748477,0.0007737915657559319,0.34770177962848275,0.996520314266176,0.9965210044635227,7.304923809533697e-07,-0.7641143516335033,-0.6396733497441246,-3.4399779452289876e-05,4.287880217819054e-05,-9.856511320456588e-05,0.00011743475978268703,-6.413071323502514e-05,7.451118839425363e-05,3.433552856862254e-05,-4.280470335477217e-05,9.852866724440512e-05,-0.00011738765513612905,6.423141007885328e-05,-7.463239186423002e-05
2.9294574349272415,1.8931479652521377,0.0534260173739312,0.00026256406422649187,0.0007559480299007415,0.34733084000624675,0.9965354843591191,0.9965361715888624,7.276903679947624e-07,-0.7613091337153021,-0.6430329497844729,-3.375633867104612e-05,4.169257838243209e-05,-9.66904739251825e-05,0.00011418032508998645,-6.290176465011421e-05,7.244620335185965e-05,3.369629866987076e-05,-4.162399316121588e-05,9.665643805939697e-05,-0.00011413667110326234,6.299584051707516e-05,-7.25584425598e-05
2.946851875360534,1.894990525,0.05250473749999995,0.0002571434689405766,0.0007410049845592296,0.34701989095732294,0.9965481620897405,0.9965488468383811,7.253487182103814e-07,-0.7589439715103091,-0.6458423085185723,-3.321150848637072e-05,4.0705745567050105e-05,-9.510459774057706e-05,0.00011147303131469977,-6.186253051595263e-05,7.072831508816029e-05,3.315485612105886e-05,-4.064154625040825e-05,9.507249971413032e-05,-0.00011143212493691961,6.195128090771131e-05,-7.08334207825824e-05
2.9498008893364585,1.895299743240825,0.05235012837958751,0.0002562356255105078,0.000738499868742671,0.3469677333142393,0.996550285138622,0.9965509694716767,7.249565811941846e-07,-0.7585460299615855,-0.6463129205264168,-3.311963979924675e-05,4.054089654405426e-05,-9.48373177876324e-05,0.00011102079163481779,-6.168741660815566e-05,7.044134447573156e-05,3.306354310769248e-05,-4.0477412319919214e-05,9.480553752952229e-05,-0.00011098033347893075,6.177529355782007e-05,-7.054528685575369e-05
2.9701443437456754,1.8974081888912604,0.05129590555436978,0.00025005963042777613,0.0007214390249441906,0.34661228708430397,0.9965647268440782,0.9965654083494737,7.222891640920211e-07,-0.7558248154445506,-0.6495152832289809,-3.248994112633114e-05,3.942271148090581e-05,-9.300626632316107e-05,0.00010795328938142783,-6.04880406080403e-05,6.849480377014725e-05,3.243753632413532e-05,-3.936394668537904e-05,9.297659659981962e-05,-0.00010791579118962488,6.0570115133577617e-05,-6.859106675747702e-05
2.9904877981548923,1.899474174826711,0.050262912586644504,0.00024403241123890164,0.0007047575740130441,0.34626433292419634,0.9965788193807115,0.99657949812565,7.196863186659839e-07,-0.7531452422025299,-0.6526420055328537,-3.186747419788244e-05,3.8337009353562544e-05,-9.119787052179275e-05,0.00010497503378646832,-5.930396392129967e-05,6.66048261736985e-05,3.181852513106544e-05,-3.828261111129668e-05,9.11701751511097e-05,-0.00010494027723440027,5.938060835879979e-05,-6.669398096803248e-05
2.9956372780662064,1.8999905000000001,0.050004749999999945,0.00024252992620007059,0.0007005942871510823,0.346177424863542,0.9965823323541498,0.9965830104107879,7.190375003814578e-07,-0.7524735422494833,-0.6534216964372642,-3.171108302408804e-05,3.8067222713038726e-05,-9.074376886956737e-05,0.00010423498750387341,-5.900670341102466e-05,6.613518848986276e-05,3.166297297931788e-05,-3.8013877003198155e-05,9.071655267287093e-05,-0.00010420089226977162,5.908202965249133e-05,-6.622262943380517e-05
3.0108312525641097,1.901498556097624,0.04925072195118799,0.00023815038821487907,0.0006884477235921367,0.34592370641052284,0.996592572332451,0.9965932483823622,7.171463020121779e-07,-0.7505070409442052,-0.655695002818677,-3.125244547213309e-05,3.7282806850708174e-05,-8.941261526272335e-05,0.00010208332364245301,-5.813547238255097e-05,6.476970830416847e-05,3.120673040554699e-05,-3.7232448813136265e-05,8.938676645391234e-05,-0.00010205110663503799,5.8207036257948135e-05,-6.485228334915547e-05
3.0311747069733266,1.9034821705355072,0.04825891473224639,0.00023241006753819615,0.0006725018126693703,0.3455902469848933,0.996605994974235,0.9966066683928263,7.14667422318897e-07,-0.7479099226622751,-0.6586761395419563,-3.0645037886578344e-05,3.6259150382664796e-05,-8.765092350475578e-05,9.927553893549664e-05,-5.6982813029936626e-05,6.298779720346599e-05,3.0602348694808395e-05,-3.6212530725472764e-05,8.762680138201297e-05,-9.924567439247027e-05,5.7049624344449433e-05,-6.306428140368444e-05
3.046925309809663,1.9049904750000002,0.04750476249999991,0.000228060871219711,0.0006604011187503221,0.34533689411561097,0.9966161660891756,0.9966168375132042,7.127891373118993e-07,-0.7459271670617096,-0.6609360362013708,-3.0180099445247846e-05,3.548699212234633e-05,-8.630337917221654e-05,9.715768175704003e-05,-5.610139368647955e-05,6.164370426718299e-05,3.0139618222639803e-05,-3.544307400731162e-05,8.628051632886182e-05,-9.712951894055777e-05,5.616473775244236e-05,-6.171578519869999e-05
3.0515181613825435,1.9054258390996823,0.04728708045015879,0.00022680803925323478,0.0006569123107128918,0.3452637978531702,0.9966190962837624,0.9966197671330741,7.122480419616895e-07,-0.7453535801609076,-0.6615872305439252,-3.004541233929505e-05,3.5265115284306687e-05,-8.591316024881597e-05,9.654913872148773e-05,-5.5846196602879125e-05,6.1257489085942e-05,3.00055537352037e-05,-3.5221954856388545e-05,8.589065239761521e-05,-9.652145345423698e-05,5.590856305817129e-05,-6.132833478111098e-05
3.0718616157917604,1.9073303662170562,0.04633481689147184,0.0002213409752648628,0.0006416718167369729,0.34494420588771546,0.9966318849527398,0.9966325532931916,7.098865708737608e-07,-0.7428376895011316,-0.6644300423378457,-2.9453709089317134e-05,3.429980502849373e-05,-8.419963628402499e-05,9.390165902436445e-05,-5.4725799904198124e-05,5.957722809300772e-05,2.941649788941376e-05,-3.42598456409245e-05,8.417863731950039e-05,-9.387599269716395e-05,5.478401006862618e-05,-5.964285380777749e-05
3.0922050702009773,1.9091965401150488,0.04540172994247555,0.0002160056273841233,0.0006267730583035094,0.34463132153252896,0.9966443693976257,0.9966450352880667,7.075814692592264e-07,-0.7403619113681094,-0.6672062943703025,-2.8870049080239377e-05,3.336235045093798e-05,-8.251061172828552e-05,9.13307107597032e-05,-5.3621768033280177e-05,5.79455050567071e-05,2.883531350591429e-05,-3.332535329540914e-05,8.249102288507459e-05,-9.130691492901815e-05,5.367609245081622e-05,-5.800629804292107e-05
3.100986683730092,1.90999045,0.045004775000000004,0.0002137424335279614,0.0006204455475727426,0.3444982954010185,0.9966496665749283,0.9966503314255789,7.066034729297608e-07,-0.7393055045760443,-0.668384566538962,-2.8620613629550683e-05,3.296607703899549e-05,-8.178913954972246e-05,9.024398098452424e-05,-5.315027976651555e-05,5.72557729710536e-05,2.8586896335999096e-05,-3.293028932846854e-05,8.177013046548051e-05,-9.022094950346022e-05,5.3203006144309134e-05,-5.7314592162644644e-05
3.1125485246101943,1.9110251331478176,0.04448743342609123,0.0002107988254199541,0.0006122088904638976,0.34432499871117933,0.996656557769916,0.9966572212676689,7.053312409083456e-07,-0.7379258923640831,-0.6699176602571765,-2.8294535190992625e-05,3.2451908987350076e-05,-8.084629937381758e-05,8.883397768643026e-05,-5.2534216496737234e-05,5.636085627454528e-05,2.8262114204585802e-05,-3.2417653174271314e-05,8.082802811670533e-05,-8.881191491240442e-05,5.258490874025639e-05,-5.641717486164992e-05
3.132891979019411,1.9128169021159114,0.043591548942044256,0.00020571747531589158,0.0005979722946458214,0.3440250947374375,0.9966684579659806,0.9966691191268867,7.031344361823599e-07,-0.7355292662305918,-0.6725657689940612,-2.7727253417553436e-05,3.156766392355967e-05,-7.920686784759465e-05,8.64092143890863e-05,-5.1463233202685093e-05,5.482186229762273e-05,2.7696996092155425e-05,-3.153594513077507e-05,7.918982750226088e-05,-8.638875741378012e-05,5.151053087341694e-05,-5.4874038065713555e-05
3.153235433428628,1.9145725885794893,0.0427137057102554,0.00020075855733073272,0.000584056377489286,0.3437314702285148,0.9966800776364757,0.9966807365149399,7.009896485711393e-07,-0.7331716550034111,-0.6751522061409637,-2.71682739891658e-05,3.0708823659192755e-05,-7.759244459615846e-05,8.405424429273421e-05,-5.040888034449387e-05,5.3327146733878336e-05,2.7140038910991987e-05,-3.0679452882955356e-05,7.757655399930436e-05,-8.403527528009435e-05,5.045300601952183e-05,-5.3375486522755646e-05
3.1581385623371463,1.914990425,0.04250478749999998,0.0001995813506037129,0.0005807495974065783,0.3436616254147612,0.9966828370602189,0.996683495396554,7.004803431204706e-07,-0.7326092210094808,-0.6757665328960059,-2.703479829894326e-05,3.0505541267927472e-05,-7.720709111242366e-05,8.349685597928714e-05,-5.015725473205195e-05,5.297336612789181e-05,2.7007030479960767e-05,-3.0476709744240868e-05,7.719146607228698e-05,-8.34782289571399e-05,5.0200647591171166e-05,-5.302082467372569e-05
3.173578887837845,1.9162929191652283,0.04185354041738589,0.0001959191242621532,0.0005704543696360109,0.3434439890208275,0.9966914241953604,0.9966920808443905,6.988955125759382e-07,-0.7308526701035036,-0.6776785149812226,-2.6617652422466708e-05,2.9874620985423577e-05,-7.600311870383548e-05,8.17669577122942e-05,-4.937119617961667e-05,5.1875375067981136e-05,2.6591307124628087e-05,-2.9847423385867165e-05,7.598830187195902e-05,-8.174936754519284e-05,4.941235830933181e-05,-5.1920162834638945e-05
3.193922342247062,1.9179786058670543,0.041010697066472826,0.00019119629971229676,0.0005571596244761137,0.3431625180881958,0.9967025048285234,0.9967031592997722,6.968507040814378e-07,-0.728571913367112,-0.6801461976546206,-2.607543051675362e-05,2.9064312377178938e-05,-7.443894355295156e-05,7.954530993779952e-05,-4.835019670881703e-05,5.046525349924563e-05,2.6050850943209674e-05,-2.9039126211147146e-05,7.442512936902325e-05,-7.952899756785357e-05,4.838859046628936e-05,-5.05067520352234e-05
3.214265796656279,1.919630346340815,0.0401848268295925,0.00018658727639437448,0.0005441656168558241,0.34288692746239885,0.9967133265020507,0.9967139788458549,6.948539377528675e-07,-0.7263289780179957,-0.6825567162647492,-2.5541637293458787e-05,2.8277177300135118e-05,-7.289993933421998e-05,7.738731935681834e-05,-4.7345877260892416e-05,4.909552779871436e-05,2.551870729193955e-05,-2.8253852934741833e-05,7.288706125151628e-05,-7.737219120300675e-05,4.7381685345115415e-05,-4.9133980317919254e-05
3.218755832067626,1.9199904,0.040004799999999945,0.00018558506765377683,0.0005413375613632103,0.34282688085864893,0.9967156807628441,0.9967163326437496,6.944195752734233e-07,-0.7258389900983545,-0.6830811875110752,-2.5424960340344935e-05,2.8106499209749413e-05,-7.256365367448646e-05,7.691940866532348e-05,-4.712645734132676e-05,4.8798533373976905e-05,2.5402379520593404e-05,-2.8083566741367163e-05,7.255097366854427e-05,-7.690452997459609e-05,4.7161718167020554e-05,-4.883634453308658e-05
3.234609251065496,1.9212488241930181,0.039375587903490904,0.0001820893144793316,0.0005314659417497719,0.3426170901560123,0.996723895970142,0.9967245462355592,6.92903965986079e-07,-0.7241234495846568,-0.6849114939607274,-2.5016289882749372e-05,2.7512517532749176e-05,-7.138609541508546e-05,7.529106561504831e-05,-4.63582139877406e-05,4.776498218639734e-05,2.499490072543003e-05,-2.7490916533553814e-05,7.137409117743782e-05,-7.527703500745069e-05,4.639160738270761e-05,-4.7800613793190356e-05
3.2549527054747127,1.9228347092637572,0.038582645368121435,0.00017769973998165928,0.0005190543129012427,0.3423528820874457,0.9967342197826984,0.9967348680175443,6.909995775241808e-07,-0.721954906765287,-0.6872119159934221,-2.4499394360025345e-05,2.6769656503502098e-05,-6.98973725734264e-05,7.325468781588187e-05,-4.538716527438767e-05,4.6472438229499426e-05,2.4479444290742462e-05,-2.674965079165274e-05,6.988618395115046e-05,-7.324167448114357e-05,4.541830396594655e-05,-4.6505457276087136e-05
3.27529615988393,1.924388657903937,0.03780567104803141,0.00017341594318344905,0.000506924561433599,0.34209418200811414,0.9967443042925951,0.9967449505434796,6.891395974553299e-07,-0.7198229222430252,-0.6894593307463762,-2.3990946534944356e-05,2.604793864348999e-05,-6.843370510365137e-05,7.12763827595522e-05,-4.4432673068386294e-05,4.5216753762301235e-05,2.3972340341764882e-05,-2.6029409716593522e-05,6.842327764443693e-05,-7.126431234492339e-05,4.446170672078024e-05,-4.524735310382656e-05
3.2832860209064583,1.9249903750000001,0.03750481249999993,0.00017176186100809263,0.0005022363891094264,0.34199405844061503,0.9967482008698713,0.9967488463540484,6.884209881737473e-07,-0.7189954930290218,-0.6903277894893693,-2.3793562171787546e-05,2.5770128476302007e-05,-6.78656856476393e-05,7.051490637203334e-05,-4.406231039848249e-05,4.4733424037720356e-05,2.3775459095877835e-05,-2.5752149098562127e-05,6.785554302159456e-05,-7.050318716167702e-05,4.4090556100437e-05,-4.4763122625816604e-05
3.295639614293147,1.9259113132469199,0.03704434337654,0.00016923537709580654,0.0004950706344359217,0.3418408714316727,0.9967541556626528,0.9967547999750129,6.873228839243804e-07,-0.7177270634540038,-0.6916550507416687,-2.3490932695476788e-05,2.534672875441476e-05,-6.69950028018847e-05,6.935440322229263e-05,-4.349466413276775e-05,4.3996821828260186e-05,2.3473581307443378e-05,-2.5329566966313783e-05,6.698528559593695e-05,-6.934320685534194e-05,4.3521732726748944e-05,-4.402517998331191e-05
3.315983068702364,1.9274033054746975,0.03629834726265121,0.00016515555595675952,0.0004834865935257627,0.3415928345652446,0.9967637798723246,0.9967644222904584,6.855483285059335e-07,-0.7156668933105426,-0.6938003536209825,-2.299933030936221e-05,2.4665411392005997e-05,-6.558115283659931e-05,6.74870562757929e-05,-4.257305122654224e-05,4.2811569644750384e-05,2.29831504162689e-05,-2.4649515286989988e-05,6.557209829534166e-05,-6.747667015710378e-05,4.2598285660893257e-05,-4.283785186845556e-05
3.336326523111581,1.9288652520787057,0.035567373960647096,0.00016117405376481577,0.00047216661339175166,0.34134995824258196,0.996773182724107,0.9967738232912052,6.838148549737017e-07,-0.7136419708817349,-0.6958964831021773,-2.2516108685222015e-05,2.400339026484434e-05,-6.419202151074295e-05,6.567270164709289e-05,-4.166773421654169e-05,4.1659957590770556e-05,2.2501022379300748e-05,-2.3988665962169398e-05,6.418358515840966e-05,-6.566306667345938e-05,4.169125687479627e-05,-4.1684316867079046e-05
3.3522693698512915,1.9299903500000002,0.035004824999999906,0.00015812099266943237,0.0004634761708890208,0.34116315487402776,0.9967804005379169,0.9967810396838768,6.824843935478334e-07,-0.7120794183678207,-0.6975056048760299,-2.2143248425440387e-05,2.3497685943639958e-05,-6.312055892700573e-05,6.42868254661236e-05,-4.096956878918259e-05,4.078031464468303e-05,2.2128967991213734e-05,-2.3483818911092968e-05,6.311257785261892e-05,-6.427774067560098e-05,4.0991830297796094e-05,-4.0803266467752684e-05
3.3566699775207978,1.930297758115386,0.034851120942307044,0.0001572885028473422,0.00046110498031865345,0.3411121318590956,0.996782369849693,0.9967830086078716,6.821214184172345e-07,-0.7116518520335753,-0.6979446499116907,-2.2041229595467507e-05,2.3360087648522626e-05,-6.282745592109972e-05,6.390975011893149e-05,-4.077860112421474e-05,4.054097821784889e-05,2.202716403389686e-05,-2.3346448273429596e-05,6.281959619856675e-05,-6.390081153475867e-05,4.08005264083184e-05,-4.056355617711475e-05
3.3770134319300147,1.9317014164565995,0.03414929177170028,0.00015349659246295774,0.0004502960906973441,0.3408792473086933,0.9967913467158764,0.9967919837062051,6.804670034859084e-07,-0.7096960900306626,-0.6999460326931215,-2.1574647863033315e-05,2.2734943815055745e-05,-6.14872855203425e-05,6.219666197045829e-05,-3.990552911081145e-05,3.945365528427613e-05,2.1561534950217572e-05,-2.2722308972753087e-05,6.14799636005675e-05,-6.218836904523883e-05,3.9925963943402246e-05,-3.947458305179828e-05
3.3973568863392316,1.9330768080350005,0.03346159598249981,0.0001497960674371458,0.000439734449522022,0.3406511989223714,0.9968001186302171,0.9968007538927486,6.788506233269108e-07,-0.7077742361014263,-0.7019017788923584,-2.1116311913864016e-05,2.2127416477401286e-05,-6.017132358695642e-05,6.05319454581119e-05,-3.904838540421802e-05,3.8397042812739084e-05,2.110408800246264e-05,-2.211571176676274e-05,6.016450320142e-05,-6.052425118802021e-05,3.906742970115586e-05,-3.8416441793469354e-05
3.4177003407484485,1.934424502084466,0.03278774895776701,0.00014618472683031484,0.00042941466887686924,0.34042788340850083,0.9968086907464832,0.9968093243202826,6.772713202611917e-07,-0.7058858399687304,-0.7038130056196444,-2.066616429698235e-05,2.1536980248945032e-05,-5.887936860795356e-05,5.891415533638731e-05,-3.820702817054746e-05,3.7370224171338295e-05,2.065476990670894e-05,-2.1526136812906677e-05,5.8873015883517365e-05,-5.890701616817324e-05,3.822477528525712e-05,-3.738820677559076e-05
3.426366354569089,1.934990325,0.032504837499999994,0.00014467290667049046,0.0004250907512403105,0.34033416687700313,0.9968122828934294,0.9968129157594817,6.766095916873938e-07,-0.705091461990323,-0.7046139067287553,-2.047687974228958e-05,2.1290528461943918e-05,-5.833625383382355e-05,5.82389076608833e-05,-3.785338045262321e-05,3.694164444548623e-05,2.04658216177246e-05,-2.1280032276166927e-05,5.83300905939269e-05,-5.823199252304e-05,3.787060181708486e-05,-3.695905576910658e-05
3.4380437951576654,1.9357450563756857,0.03212747181215709,0.00014266042263754914,0.00041933146641423563,0.34020919979475706,0.9968170680698737,0.9968176999930451,6.757281629760173e-07,-0.7040304503476115,-0.7056808004889736,-2.022414217387419e-05,2.0963126117768493e-05,-5.7611205579049146e-05,5.7341891418130695e-05,-3.738130733343363e-05,3.637231117792362e-05,2.021352172712027e-05,-2.0953080227645447e-05,5.760528888466917e-05,-5.733526699363644e-05,3.739784447456755e-05,-3.638898149254096e-05
3.4583872495668824,1.9370390174470067,0.031480491276496714,0.0001392210585193078,0.0004094796638263071,0.33999504937163993,0.9968252554620383,0.9968258857717507,6.742202460013735e-07,-0.7022076154118396,-0.7075062224352348,-1.9790177778836105e-05,2.040536093550002e-05,-5.636660722673134e-05,5.5813797173934525e-05,-3.6571065343828655e-05,3.540244322762056e-05,1.978027935221287e-05,-2.039605360665393e-05,5.636109702948821e-05,-5.580765009368462e-05,3.658647396769505e-05,-3.541789763671658e-05
3.4787307039760993,1.938306920830628,0.030846539584685945,0.0001358645885623517,0.00039985418531211743,0.33978533563753693,0.9968332576458969,0.9968338863784114,6.72746691287508e-07,-0.7004168832308941,-0.7092903025095234,-1.936419885184748e-05,1.9863206920537324e-05,-5.514533515643367e-05,5.4328558370147176e-05,-3.577613790296635e-05,3.445978644336811e-05,1.9354973942776977e-05,-1.985458355701456e-05,5.51402038863647e-05,-5.432285397457495e-05,3.579049408210586e-05,-3.447411420246314e-05
3.499074158385316,1.9395492912742445,0.030225354362877814,0.00013258901607018665,0.00039045005604164114,0.33957996424527637,0.9968410792102728,0.9968417064009658,6.713066429452672e-07,-0.6986578021788796,-0.7110340446530524,-1.8946129045447703e-05,1.9336201175402962e-05,-5.394714093080044e-05,5.288490174495424e-05,-3.4996354641015124e-05,3.3543532849254046e-05,1.893753235297173e-05,-1.932821124135328e-05,5.394236285404124e-05,-5.287960791194193e-05,3.5009729410250336e-05,-3.355681661631607e-05
3.5063962437199634,1.9399903,0.03000484999999997,0.00013142948263556697,0.00038711851991654465,0.3395070911717183,0.9968438510329624,0.9968444776772094,6.707963756871017e-07,-0.6980323270098772,-0.7116519751897009,-1.8797576264902055e-05,1.9150139997534607e-05,-5.352148141517169e-05,5.2375233836208784e-05,-3.4719365002788916e-05,3.3220062024560086e-05,1.878919517841779e-05,-1.91423664137549e-05,5.351682449707513e-05,-5.2370080370800627e-05,3.473240300736978e-05,-3.3232989073747996e-05
3.5194176127945336,1.9407666429582209,0.02961667852088952,0.00012939239238233456,0.00038126240061861385,0.3393788429501312,0.9968487246143456,0.996849350297734,6.698992708590712e-07,-0.6969299213168328,-0.7127384264500972,-1.8535888307023538e-05,1.88238952179932e-05,-5.277176708183458e-05,5.148159372194895e-05,-3.42315397538205e-05,3.265289956638542e-05,1.8527877526036117e-05,-1.881649193383743e-05,5.27673181816002e-05,-5.147668067945429e-05,3.424399943504234e-05,-3.266521589303587e-05
3.5397610672037505,1.941959479708399,0.029020260145800458,0.0001262728157217542,0.00037228644154362577,0.33918188155922174,0.9968561981919314,0.9968568224016956,6.68523766939792e-07,-0.6952327907497964,-0.7144043998604158,-1.8133393237838414e-05,1.8325854526460366e-05,-5.161894806052013e-05,5.011743916056632e-05,-3.348151260001272e-05,3.178712803100601e-05,1.81259288659841e-05,-1.831899458793501e-05,5.161480592547839e-05,-5.011287931320365e-05,3.349311910690879e-05,-3.179854781689408e-05
3.5601045216129674,1.9431282952046143,0.028435852397692845,0.00012322843006975088,0.00036351749767893365,0.33898899188228027,0.9968635041555991,0.9968641269246057,6.671793457940317e-07,-0.6935659619599757,-0.7160328919315884,-1.773855743006668e-05,1.784165809746449e-05,-5.04884111273275e-05,4.879128014272455e-05,-3.2746088260639514e-05,3.094548323453954e-05,1.7731602586582768e-05,-1.783530141581182e-05,5.048455484693819e-05,-4.87870479112536e-05,3.275689938451276e-05,-3.0956072147663196e-05
3.5804479760221843,1.944273573185016,0.02786321340749203,0.00012025742406772878,0.00035495098271635847,0.3388000876837311,0.9968706466006299,0.9968712679609537,6.658652441267112e-07,-0.6919289881172256,-0.7176248054917208,-1.7351291783030402e-05,1.7370898017522806e-05,-4.937987718683349e-05,4.750199479498976e-05,-3.202507806337422e-05,3.0127252985211066e-05,1.7344812038846015e-05,-1.7365007479223994e-05,4.9376287253248534e-05,-4.749806646774227e-05,3.203514774114359e-05,-3.0137071850757416e-05
3.5933924717582872,1.944990275,0.027504862499999953,0.0001184043693750533,0.0003496034503628877,0.3386819244837252,0.9968751080234513,0.9968757285037776,6.650445274216383e-07,-0.690902723705461,-0.7186190975566563,-1.7108774651422225e-05,1.707816785756241e-05,-4.868584389340451e-05,4.670032258728026e-05,-3.1573716967447716e-05,2.9618487556667955e-05,1.7102580343612434e-05,-1.7072555872643697e-05,4.86824138834787e-05,-4.66965760865122e-05,3.158334128518335e-05,-2.962784604235475e-05
3.6007914304314013,1.945395787646272,0.027302106176864026,0.00011735802994515551,0.00034658240364954354,0.33861508463604906,0.9968776295088245,0.9968782494917698,6.645807193191044e-07,-0.6903214243680579,-0.7191810198229573,-1.6971504799773987e-05,1.6913179047175356e-05,-4.829306156952141e-05,4.6248496145556796e-05,-3.131829007324331e-05,2.9331747190883826e-05,1.6965468018213053e-05,-1.690772029175087e-05,4.82897197856613e-05,-4.6244849740907595e-05,3.132766863866438e-05,-2.9340852350957545e-05
3.621134884840618,1.9464954030397421,0.026752298480128923,0.00011452852247312017,0.00033840735925176455,0.33843390027435694,0.9968844567521694,0.9968850753882897,6.633250485434941e-07,-0.6887428281042989,-0.7207023913162494,-1.659910286505262e-05,1.646811821768593e-05,-4.722767476366597e-05,4.502973101532045e-05,-3.062552955171721e-05,2.8558297162722106e-05,1.6593479052520453e-05,-1.646305943219467e-05,4.722456415710749e-05,-4.5026346154374084e-05,3.063426397080788e-05,-2.8566740809159768e-05
3.641478339249835,1.9475728744637009,0.026213562768149536,0.00011176721794288241,0.0003304215385604114,0.3382564539522228,0.9968911320963619,0.9968917494154816,6.620975296458545e-07,-0.6871927592124735,-0.72218975410782,-1.623399050575468e-05,1.6035344439989525e-05,-4.618342310005814e-05,4.384467894229776e-05,-2.994659938591388e-05,2.7806254939283396e-05,1.6228751671819997e-05,-1.603065616896597e-05,4.618052784238757e-05,-4.3841536731026387e-05,2.9954733477519154e-05,-2.781408542157835e-05
3.661821793659052,1.948628647851689,0.025685676074155558,0.0001090724731688237,0.0003226207193691827,0.3380826667986238,0.9968976592042058,0.9968982752354386,6.608974790890446e-07,-0.6856707803049401,-0.7236439206977694,-1.5876070634724817e-05,1.5614498125598576e-05,-4.5160009392181004e-05,4.269235113865068e-05,-2.9281300489572962e-05,2.7074992630625484e-05,1.5871190661039604e-05,-1.561015309526097e-05,4.515731472348518e-05,-4.268943405877573e-05,2.928887513195401e-05,-2.7082254740838073e-05
3.682165248068269,1.9496631601570715,0.025168419921464208,0.00010644268451522305,0.0003150007667289621,0.33791246167603817,0.9969040416388802,0.9969046564106473,6.597242318327395e-07,-0.6841764569337484,-0.7250656825512548,-1.5525244778903836e-05,1.5205230819178038e-05,-4.415713353431035e-05,4.1571789479550905e-05,-2.8629432177372394e-05,2.636390178200532e-05,1.5520699296432837e-05,-1.5201203774828526e-05,4.4154625692495575e-05,-4.1569081287513655e-05,2.8636485501658182e-05,-2.6370637018392127e-05
3.688684473123968,1.9499902500000001,0.02500487499999993,0.00010561343336512327,0.000312596493036873,0.3378586635412618,0.9969060569024849,0.9969066712765486,6.593538198963087e-07,-0.6837033694488385,-0.7255145683535,-1.541430442980682e-05,1.5076472072428729e-05,-4.384004969528293e-05,4.1219264600618556e-05,-2.8423344254495934e-05,2.6140197734322823e-05,1.5409861252384247e-05,-1.5072541895767888e-05,4.383759896616106e-05,-4.121662010741129e-05,2.843023816104041e-05,-2.6146772404190958e-05
3.702508702477486,1.9506768395338816,0.024661580233059203,0.0001038762869462971,0.00030755763145828363,0.3377457631396366,0.9969102828670866,0.9969108964071366,6.58577141288186e-07,-0.6827093577881466,-0.726455810682681,-1.5181413292653684e-05,1.4807204842497891e-05,-4.317449305988618e-05,4.04820655231245e-05,-2.7990792514078165e-05,2.5672392756741685e-05,1.5177179566714041e-05,-1.4803472398120034e-05,4.317215921453202e-05,-4.047955115654166e-05,2.799736008537198e-05,-2.5678639567702422e-05
3.722852156886703,1.9516701055140189,0.02416494724299061,0.00010137175309895164,0.00030028734866422037,0.33758249739753426,0.9969163862620818,0.9969169985975068,6.574555773346784e-07,-0.6812690548766193,-0.7278150562233281,-1.484447555708989e-05,1.4420092949474678e-05,-4.221178366237584e-05,3.9422279560710915e-05,-2.7365178639938447e-05,2.499989413780311e-05,1.4840532379728259e-05,-1.4416633448606276e-05,4.2209611852846826e-05,-3.94199450517552e-05,2.737129362682912e-05,-2.5005688147627242e-05
3.7431956112959197,1.9526433691808822,0.02367831540955892,9.89275923777097e-05,0.00029318603627447856,0.33742259227207677,0.996922355106598,0.9969229662638515,6.563589275462406e-07,-0.6798551236942908,-0.7291441509728419,-1.451433016620092e-05,1.4043577992012227e-05,-4.1268699680734925e-05,3.839155969667226e-05,-2.6752387073661135e-05,2.4345852147683615e-05,1.4510657755461854e-05,-1.404037137904413e-05,4.126667875828869e-05,-3.838939209186148e-05,2.6758080406846468e-05,-2.4351226365462512e-05
3.7635390657051366,1.9535970333395052,0.02320148333024744,9.654235007129083e-05,0.00028624989358141397,0.3372659771621283,0.996928192595658,0.9969288026005718,6.552865957802052e-07,-0.6784671433764922,-0.7304438079350032,-1.4190875100492902e-05,1.3677352596356243e-05,-4.034493455145977e-05,3.7389060956990754e-05,-2.6152213994242207e-05,2.370973008612288e-05,1.4187455006156777e-05,-1.3674380297470259e-05,4.0343054125105056e-05,-3.738704824290684e-05,2.615751451493307e-05,-2.3714715099092802e-05
3.783882520114354,1.9545314926832646,0.022734253658367717,9.421460649032727e-05,0.0002794751997986313,0.33711258300633185,0.996933901839288,0.9969345107170877,6.542380011693793e-07,-0.6771046968392475,-0.7317147218381888,-1.3874007888858815e-05,1.3321118849678358e-05,-3.944018122912027e-05,3.641396442589561e-05,-2.5564455502845686e-05,2.309100778522783e-05,1.3870822904251574e-05,-1.3318363662697432e-05,3.943843161499201e-05,-3.641209546039112e-05,2.556939010158121e-05,-2.309563193771326e-05
3.7940227711388754,1.9549902250000002,0.022504887499999907,9.307537717134063e-05,0.0002761574928649199,0.3370373050745636,0.996936700678575,0.9969373090037983,6.537240150003971e-07,-0.6764349886310366,-0.732337689399919,-1.371849285623722e-05,1.3147194418389614e-05,-3.899620894002415e-05,3.593791051555286e-05,-2.527605855913871e-05,2.278894454087261e-05,1.3715419001001211e-05,-1.3144541425889479e-05,3.8994521120103666e-05,-3.5936109294364984e-05,2.5280820234295217e-05,-2.279339875456063e-05
3.804225974523571,1.9554471339572328,0.022276433021383643,9.194297612571857e-05,0.0002728583126307842,0.3369623422473127,0.9969394858651324,0.996940093640454,6.532125791787151e-07,-0.6757673709073979,-0.7329575696409294,-1.3563625759334863e-05,1.2974587996608395e-05,-3.855413257716283e-05,3.546547640976814e-05,-2.498890786587354e-05,2.2489181081554866e-05,1.356065983883441e-05,-1.2972033989088347e-05,3.8552504751195145e-05,-3.5463740858251783e-05,2.49935016123417e-05,-2.2493470640591298e-05
3.824569428932788,1.9563443361182395,0.021827831940880206,8.972610682713327e-05,0.00026639566685712833,0.33681518879680056,0.9969449476209761,0.9969455543178805,6.522097794912214e-07,-0.6744547564310498,-0.7341730110229632,-1.3259625779371311e-05,1.2637480145438053e-05,-3.768648173067698e-05,3.4542827627579475e-05,-2.4425367740302118e-05,2.1903761304710476e-05,1.325686396125682e-05,-1.2635112560379344e-05,3.768496728436749e-05,-3.4541215904001674e-05,2.442964400472612e-05,-2.190774061334701e-05
3.8449128833420048,1.957223470491712,0.02138826475414404,8.756267900118045e-05,0.00026008377292934405,0.3366710580016396,0.996950289977175,0.996950895619163,6.512290663011836e-07,-0.6731664483909923,-0.7353616888621755,-1.2961904986211846e-05,1.2309523983721376e-05,-3.683692243273038e-05,3.3645272427124466e-05,-2.387363238230585e-05,2.1334274782033955e-05,1.2959333320523015e-05,-1.2307329152328385e-05,3.683551353180151e-05,-3.364377563931394e-05,2.387761294892357e-05,-2.13379664012375e-05
3.8652563377512217,1.9580849009253538,0.02095754953732309,8.545140482878455e-05,0.0002539192155840952,0.336529886610665,0.9969555157290028,0.9969561203390289,6.502699178951254e-07,-0.6719020459937061,-0.7365242296978108,-1.267036050794439e-05,1.1990456503003649e-05,-3.600514934579125e-05,3.2772088026325796e-05,-2.3333499840133976e-05,2.078026235892704e-05,1.2667965989036832e-05,-1.1988421763960543e-05,3.600383869156542e-05,-3.277069792535284e-05,2.333720501326738e-05,-2.0783687198943123e-05
3.8855997921604386,1.9589289839397326,0.020535508030133737,8.339102750130706e-05,0.00024789865247074906,0.3363916127424163,0.9969606275989126,0.9969612311994003,6.493318265846002e-07,-0.6706611527565474,-0.7376612441803329,-1.238488967575596e-05,1.1680022732413176e-05,-3.519085833967609e-05,3.1922573778891475e-05,-2.2804769132154816e-05,2.024127893440123e-05,1.2382660179257428e-05,-1.1678136357186492e-05,3.518963913299285e-05,-3.192128271215898e-05,2.2808217835336614e-05,-2.024445637636043e-05
3.9059432465696555,1.9597560688758318,0.02012196556208412,8.1380320474969e-05,0.00024201881279463424,0.3362561758536701,0.9969656282387214,0.9969662308515758,6.484142977636007e-07,-0.6694433765836653,-0.7387733275083023,-1.210539012789582e-05,1.137797548085549e-05,-3.439374675738377e-05,3.109605046362115e-05,-2.228724041093283e-05,1.971689301141822e-05,1.2103314351785675e-05,-1.1376226604570775e-05,3.4392612664896895e-05,-3.109485133140639e-05,2.229045027952985e-05,-1.9719841019917715e-05
3.9117780354357454,1.9599902,0.02000489999999999,8.081261837570653e-05,0.0002403579089615969,0.33621784581516867,0.9969670423314252,0.9969676446649833,6.481548638518762e-07,-0.6690983125881463,-0.7390877698803877,-1.2026313302311084e-05,1.1292857816177532e-05,-3.416825182409552e-05,3.086314151949483e-05,-2.214084512272476e-05,1.9569126380650738e-05,1.202427963896996e-05,-1.129114648555416e-05,3.416714103666524e-05,-3.086196751829093e-05,2.2143989573496186e-05,-1.9572011712478042e-05
3.9262867009788724,1.9605664980396336,0.0197167509801832,7.941808674314075e-05,0.00023627649597619083,0.3361235167087613,0.9969705202317165,0.9969711218783375,6.475168491312161e-07,-0.6682483298331818,-0.7398610598526338,-1.1831759905824845e-05,1.1084075087555396e-05,-3.361351366010494e-05,3.0291859596669356e-05,-2.1780715114158216e-05,1.9206686261604718e-05,1.1829827315375398e-05,-1.1082453645028695e-05,3.361245878280766e-05,-3.0290745811860257e-05,2.1783702581904962e-05,-1.920942148894054e-05
3.9466301553880894,1.9613606068437888,0.019319696578105592,7.750315812607231e-05,0.00023066857032631028,0.335993577349676,0.9969753060946911,0.9969759067959866,6.466390119910375e-07,-0.667075629376138,-0.7409250067685882,-1.1563897543002544e-05,1.0798089180695503e-05,-3.2849860052625326e-05,2.950936276608485e-05,-2.128499610320377e-05,1.8710253103929473e-05,1.1562098319337002e-05,-1.0796585847233414e-05,3.284887889646066e-05,-2.950832821687419e-05,2.1287776483034003e-05,-1.8712790986602243e-05
3.9669736097973063,1.9621387239464343,0.018930638026782888,7.563439457765077e-05,0.00022519197173814426,0.3358663010668928,0.9969799882799065,0.9969805880563042,6.457803281660626e-07,-0.6659248966476825,-0.7419657195958422,-1.130170214674013e-05,1.0519792443907394e-05,-3.2102489090277425e-05,2.8747940987960743e-05,-2.0799887790042736e-05,1.8227200296936443e-05,1.1300027138776314e-05,-1.0518398580517238e-05,3.210157653869966e-05,-2.8746980003278613e-05,2.080247534958434e-05,-1.8229555145008753e-05
3.987317064206523,1.9629011713872146,0.018549414306392724,7.381068350877868e-05,0.00021984370239561978,0.33574163237094984,0.9969845691769906,0.9969851680484503,6.449403526933101e-07,-0.6647957576909591,-0.7429837358469787,-1.1045073473524228e-05,1.0248966390374981e-05,-3.137110626853197e-05,2.800699408354179e-05,-2.0325196253221552e-05,1.775714654413606e-05,1.1043514153087495e-05,-1.0247673993054564e-05,3.137025755689329e-05,-2.8006101401023695e-05,2.0327604285296976e-05,-1.7759331623974592e-05
4.00766051861574,1.963648264720565,0.018175867639717413,7.203093912697738e-05,0.00021462082949886787,0.33561951696471914,0.9969890511147679,0.9969896491007937,6.441186514542217e-07,-0.6636878431941196,-0.7439795795847243,-1.079391199819441e-05,9.985399144315845e-06,-3.0655419596261806e-05,2.728594007665006e-05,-1.986072934354372e-05,1.7299722112163462e-05,1.0792460418096373e-05,-9.984200797117152e-06,3.065463028790603e-05,-2.7285110812952998e-05,1.9862970231997558e-05,-1.730174972305924e-05
4.0280039730249575,1.9643803131463107,0.017809843426844645,7.02941017918299e-05,0.0002095204840067485,0.3354999017163676,0.9969934363630306,0.9969940334826817,6.433148008998117e-07,-0.6626007885208752,-0.7449537617882594,-1.0548118977337391e-05,9.728885229612238e-06,-2.9955139753655924e-05,2.658421461080486e-05,-1.9406296780085967e-05,1.6854568461320495e-05,1.0546767732229464e-05,-9.727774061195966e-06,2.9954405717608352e-05,-2.6583444234097563e-05,1.9408382061241484e-05,-1.6856450006444085e-05
4.0452737231598395,1.964990175,0.017504912499999966,6.88525853469992e-05,0.0002052848162045907,0.33540028249522075,0.9969970848121958,0.9969976812110067,6.426461060131359e-07,-0.6616940795264532,-0.7457641264124044,-1.0343603024647038e-05,9.516514766913882e-06,-2.937254294154001e-05,2.6003273524448908e-05,-1.9028259025094035e-05,1.64860437506345e-05,1.0342331520845117e-05,-9.515472589876905e-06,2.93718527976277e-05,-2.600254982462049e-05,1.9030220672808286e-05,-1.648780962749991e-05
4.048347427434174,1.9650976196376335,0.01745119018118319,6.859913738588457e-05,0.0002045398593966191,0.33538273463298596,0.9969977271342477,0.9969983234061494,6.425283890313866e-07,-0.6615342337349729,-0.7459067807089155,-1.0307596507240571e-05,9.479225365367656e-06,-2.9269980235706817e-05,2.590127038542604e-05,-1.8961710237133476e-05,1.6421337888126635e-05,1.0306338697063356e-05,-9.478195008787765e-06,2.9269297625856625e-05,-2.5900554689893006e-05,1.8963650657160903e-05,-1.6423083940239577e-05
4.068690881843391,1.965800481066466,0.017099759466766968,6.694503670065123e-05,0.00019967621044147325,0.33526796483486637,0.9970019255852173,0.9970025210275726,6.417590140898632e-07,-0.6604878236189637,-0.7468391222155651,-1.0072247576729774e-05,9.236226268171972e-06,-2.8599657482145684e-05,2.5236576610525373e-05,-1.852678342258929e-05,1.5999693179511004e-05,1.0071076772590097e-05,-9.235270823647998e-06,2.859902271782307e-05,-2.523591169273558e-05,1.852858899105159e-05,-1.6001313541824785e-05
4.089034336252608,1.966489188326356,0.016755405836821956,6.533081483733121e-05,0.00019492685200455287,0.3351555425304118,0.9970060338186637,0.9970066284492628,6.410062843035209e-07,-0.6594612076876162,-0.7477512601300068,-9.841976115198142e-06,8.999700460862542e-06,-2.7943890994652048e-05,2.4589618479305267e-05,-1.810133214838322e-05,1.5589307278287812e-05,9.840886327516327e-06,-8.99881446131649e-06,2.794330074250916e-05,-2.4589000716308216e-05,1.810301218820794e-05,-1.5590811040830932e-05
4.109377790661825,1.9671640264528603,0.01641798677356992,6.375551062192731e-05,0.00019028915785150444,0.33504541899165935,0.9970100538847811,0.9970106477210123,6.402698178377011e-07,-0.6584540401963036,-0.7486436565526343,-9.616687036116374e-06,8.76946608757441e-06,-2.730240344211847e-05,2.3959896658097508e-05,-1.768517439337553e-05,1.5189862959563891e-05,9.61567268489597e-06,-8.768644466725533e-06,2.730185459922832e-05,-2.3959322687119144e-05,1.76867375874861e-05,-1.5191258551391144e-05
4.129721245071042,1.9678252747415108,0.016087362629244636,6.221818603439299e-05,0.00018576055948014113,0.3349375465304004,0.9970139877827269,0.9970145808415857,6.395492421964194e-07,-0.657465980144682,-0.7495167621786774,-9.396286276299195e-06,8.54534673487879e-06,-2.6674920754709733e-05,2.3346926793091337e-05,-1.7278130359225062e-05,1.4801052517737054e-05,9.395342163380742e-06,-8.544584797704997e-06,2.6674410432803208e-05,-2.3346393492711833e-05,1.727958479405005e-05,-1.4802347755290357e-05
4.150064699480259,1.9684732068634085,0.015763396568295725,6.0717925651483545e-05,0.00018133854496783954,0.33483187847488183,0.9970178374620647,0.9970184297601643,6.388441950338097e-07,-0.6564966912759563,-0.7503710166052883,-9.180680831187423e-06,8.327171258813408e-06,-2.6061172207414114e-05,2.275023903331251e-05,-1.688002251966428e-05,1.4422577463751657e-05,9.179802114356689e-06,-8.326464654202941e-06,2.6060697718179965e-05,-2.2749743506017064e-05,1.6881375725729168e-05,-1.4423779595657577e-05
4.170408153889476,1.9691080909784868,0.015445954510756544,5.925383610298391e-05,0.00017702065783659093,0.3347283691470719,0.9970216048241608,0.9970221963777411,6.381543223758613e-07,-0.6555458420720185,-0.7512068486297454,-8.969778786391544e-06,8.11477361761505e-06,-2.5460890493747158e-05,2.2169377569331595e-05,-1.6490675663600322e-05,1.4054148232286315e-05,8.968960955220551e-06,-8.114118313044527e-06,2.5460449335124745e-05,-2.2168917125332887e-05,1.6491934653393738e-05,-1.4055263980855557e-05
4.190751608298693,1.9697301898464952,0.015134905076752421,5.7825045540992075e-05,0.00017280449593569999,0.33462697384047574,0.9970252917235349,0.9970258825484709,6.374792781920817e-07,-0.654613105744727,-0.7520246765390368,-8.763489345728554e-06,7.907992709968501e-06,-2.4873811790231086e-05,2.1603900187192213e-05,-1.6109916932437213e-05,1.369548389855752e-05,8.76272819903581e-06,-7.907384968056535e-06,2.487340163363014e-05,-2.160347232943126e-05,1.6111088235730915e-05,-1.3696519498230462e-05
4.199376798436191,1.96999015,0.015004924999999942,5.7229716252584373e-05,0.00017104706620158357,0.33458461184676275,0.9970268310437684,0.9970274215644803,6.371974682497348e-07,-0.6542230344469107,-0.7523660831139689,-8.677397520217449e-06,7.821979244222304e-06,-2.4628824918726808e-05,2.1368688721033718e-05,-1.5951034181362653e-05,1.354629882838762e-05,8.676659209332139e-06,-7.82139060707986e-06,2.4628427243196617e-05,-2.1368273969438074e-05,1.5952170167778163e-05,-1.3547302217125716e-05
4.21109506270791,1.9703397609357474,0.014830119532126367,5.643070312194688e-05,0.00016868771034211149,0.3345276487984876,0.9970288999691673,0.9970294900809794,6.36818727046794e-07,-0.6536981602235804,-0.7528249083910774,-8.56172285597168e-06,7.706672218592516e-06,-2.429967581223906e-05,2.1053377837065383e-05,-1.5737575851992913e-05,1.3346311904430864e-05,8.56101448079498e-06,-7.706108575388908e-06,2.429929449062503e-05,-2.1052980247304058e-05,1.5738665548783654e-05,-1.3347273137395806e-05
4.231438517117127,1.9709370565296802,0.01453147173515992,5.506997850109592e-05,0.00016466800427833236,0.33443035119326,0.9970324313257634,0.9970330207396244,6.361723404964304e-07,-0.6528006881400299,-0.7536079422878096,-8.364390828520373e-06,7.510660458988097e-06,-2.373822586176123e-05,2.0517394216149775e-05,-1.537348435936405e-05,1.3006367793540375e-05,8.363731580502508e-06,-7.510137703869303e-06,2.3737871358548554e-05,-2.0517024742074926e-05,1.5374498110594603e-05,-1.300726002273403e-05
4.251781971526344,1.9715223238312667,0.014238838084366705,5.374206133910496e-05,0.00016074313204789045,0.33433503910508294,0.9970358875149777,0.9970364762457224,6.355397979821296e-07,-0.6519203768086551,-0.7543741666404281,-8.171405958186316e-06,7.319810233179271e-06,-2.318920886761754e-05,1.9995545365350997e-05,-1.501747682507127e-05,1.2675394955124484e-05,8.170792443280434e-06,-7.319325390230711e-06,2.3188879306317163e-05,-1.9995202008615945e-05,1.5018419901277544e-05,-1.267622315480811e-05
4.2721254259355605,1.972095805065325,0.013952097467337547,5.244616082052029e-05,0.00015691089798827335,0.3342416715022549,0.9970392702165992,0.9970398582787324,6.349207880288742e-07,-0.6510569182054249,-0.7551239604269643,-7.982682139280951e-06,7.133978688282353e-06,-2.265237541861452e-05,1.9487439279287684e-05,-1.4669390070799794e-05,1.2353144376295309e-05,7.982111196688148e-06,-7.133528999056644e-06,2.2652069053185197e-05,-1.9487120184422278e-05,1.4670267378821934e-05,-1.2353913160386437e-05
4.292468880344778,1.972657737578769,0.013671131210615525,5.118150518379823e-05,0.00015316915544126076,0.33415020822143243,0.9970425810696987,0.9970431684774024,6.343150053708178e-07,-0.650210008943245,-0.7558576934424573,-7.798134479179043e-06,6.953027179743522e-06,-2.2127479790113912e-05,1.8992695529184188e-05,-1.4329063383031735e-05,1.203937440246609e-05,7.797603165436603e-06,-6.952610087292504e-06,2.2127194995970353e-05,-1.899239897330991e-05,1.432987949091774e-05,-1.2040088050791396e-05
4.312812334753994,1.9732083539388388,0.013395823030580635,4.9947341262627974e-05,0.00014951580574056804,0.334060609948449,0.9970458216737392,0.9970464084408811,6.33722153265298e-07,-0.6493793502449894,-0.7565757265419353,-7.617679309523909e-06,6.7768211390905e-06,-2.1614279964456657e-05,1.8510944898224444e-05,-1.399633852285071e-05,1.1733850505669892e-05,7.617184883667773e-06,-6.776434273176257e-06,2.1614015230090457e-05,-1.8510669281515538e-05,1.3997097683073058e-05,-1.1734512988293054e-05
4.333155789163212,1.9737478820293533,0.01312605898532335,4.874293403827425e-05,0.00014594879721668998,0.3339728381995892,0.997048993589653,0.9970495797297934,6.331419414065566e-07,-0.6485646479141982,-0.7572784118764195,-7.441234195229999e-06,6.605229946047824e-06,-2.1112537645658758e-05,1.8041829028952555e-05,-1.3671059732182362e-05,1.1436345060509692e-05,7.440774104959966e-06,-6.6048711094450745e-06,2.111229156483101e-05,-1.8041572865788635e-05,1.3671765903280151e-05,-1.1436960060276369e-05
4.353499243572428,1.974276545145025,0.012861727427487524,4.7567566202678933e-05,0.0001424661242188428,0.3338868553033015,0.9970520983408835,0.9970526838672829,6.325740869169455e-07,-0.6477656123036187,-0.7579660931221638,-7.268717941430358e-06,6.4381268048705776e-06,-2.0622018268774108e-05,1.7585000082320186e-05,-1.3353073736720715e-05,1.114663712748877e-05,7.268289810211366e-06,-6.437793960679568e-06,2.062178953324134e-05,-1.7584761993079813e-05,1.3353730603472485e-05,-1.1147208060920167e-05
4.373842697981646,1.9747945620838745,0.012602718958062767,4.642053773206195e-05,0.00013906582615387172,0.3338026243823494,0.9970551374143948,0.997055722340021,6.320183140305588e-07,-0.646981958281752,-0.758639105703329,-7.1000505985080035e-06,6.275388624755645e-06,-2.014249100429542e-05,1.7140120407991624e-05,-1.304222974577485e-05,1.086451224347679e-05,7.099652213544889e-06,-6.275079884650291e-06,2.0142278397032906e-05,-1.713989911143994e-05,1.3042840738000489e-05,-1.0865042280133845e-05
4.38163171266585,1.9749901250000002,0.012504937499999926,4.598872660964052e-05,0.000137785337702604,0.33377083060102253,0.9970562839210072,0.9970568686199852,6.318086639225081e-07,-0.6466859290689561,-0.7588929716703069,-7.0364743196869336e-06,6.214210442028973e-06,-1.996175377986436e-05,1.6972880933750354e-05,-1.2925074600375255e-05,1.0758456996485975e-05,7.036086770459192e-06,-6.213910460174871e-06,1.9961547043584992e-05,-1.6972665746945137e-05,1.2925668885882379e-05,-1.0758972165145299e-05
4.394186152390862,1.975302147237785,0.012348926381107518,4.530116547077153e-05,0.00013574598654200322,0.3337201093363759,0.9970581122616508,0.9970586965991867,6.314743534217394e-07,-0.6462134051975642,-0.7592977770082929,-6.935153465342528e-06,6.1168959041939725e-06,-1.9673728757944544e-05,1.6706862225530644e-05,-1.2738379449258068e-05,1.0589762219075347e-05,6.934782766370022e-06,-6.116609517536089e-06,1.9673531146833496e-05,-1.670665653175777e-05,1.2738947759341628e-05,-1.0590254299506115e-05
4.414529606800079,1.9757995106812325,0.01210024465938373,4.420878272513714e-05,0.00013250473208929357,0.3336392748248817,0.9970610242995633,0.9970616080614118,6.309419418937329e-07,-0.6454596768435086,-0.7599424265997838,-6.773949090895733e-06,5.962532619131696e-06,-1.9215508166182427e-05,1.6284907316104127e-05,-1.2441377012027976e-05,1.0322184942653155e-05,6.773604159729094e-06,-5.962266962886981e-06,1.921532449812975e-05,-1.6284716119974147e-05,1.2441905611247304e-05,-1.0322641795027862e-05
4.434873061209297,1.9762868582582298,0.011856570870885142,4.31427388670866e-05,0.00012934023177663416,0.33356008625059935,0.9970638749114114,0.997064458109703,6.304208227497558e-07,-0.6447205014169998,-0.7605733664190266,-6.616361274253349e-06,5.812186114812285e-06,-1.8767609587751145e-05,1.5873946724349904e-05,-1.2151079065774879e-05,1.0061584190828901e-05,6.616040325048681e-06,-5.8119396842086765e-06,1.876743888321249e-05,-1.5873768999423146e-05,1.2151570719518209e-05,-1.0062008346359282e-05
4.455216515618513,1.9767643916675182,0.011617804166240874,4.21023989472925e-05,0.0001262506959651539,0.3334825097432577,0.9970666654477321,0.9970672480943321,6.299107461226709e-07,-0.6439956114804707,-0.7611909009840793,-6.4623150632329096e-06,5.665747001175703e-06,-1.832981709154147e-05,1.547368047006659e-05,-1.1867344698643623e-05,9.80776944518615e-06,6.462016433409592e-06,-5.665518401049198e-06,1.8329658439420354e-05,-1.547351526296081e-05,1.1867801980588065e-05,-9.80816325241845e-06
4.475559970027731,1.9772323085460464,0.011383845726976823,4.1087143317619994e-05,0.0001232343755178616,0.3334065121437226,0.997069397227185,0.9970699793336982,6.29411466734201e-07,-0.6432847439201388,-0.7617953275825361,-6.311736751661904e-06,5.5231090516948775e-06,-1.7901918441063315e-05,1.5083817269394793e-05,-1.1590035442763776e-05,9.560555715011764e-06,6.311458893442616e-06,-5.522896988471806e-06,1.7901770993960732e-05,-1.5083663694553276e-05,1.1590460748085654e-05,-9.560921353076361e-06
4.495903424436947,1.9776908025507647,0.011154598724617694,4.009636726265333e-05,0.00012028956093736138,0.3333320609885075,0.9970720715373896,0.9970726531151674,6.289227464537358e-07,-0.6425876399035997,-0.7623869364587664,-6.164553875424258e-06,5.384169105533509e-06,-1.7483705075780064e-05,1.4704074265169645e-05,-1.1319015259852772e-05,9.319763365855965e-06,6.164295347951066e-06,-5.383972379802289e-06,1.7483568045570866e-05,-1.4703931500006628e-05,1.1319410817535165e-05,-9.320102856750214e-06
4.5162468788461645,1.9781400634387751,0.010929968280612478,3.912948064008252e-05,0.00011741458151946728,0.33325912449464273,0.9970746896357383,0.9970752706958845,6.284443524580483e-07,-0.6419040448363585,-0.7629660109958544,-6.020695207367401e-06,5.248826972912949e-06,-1.7074972089552306e-05,1.433417676613459e-05,-1.1054150525046664e-05,9.085217953718282e-06,6.020454669355153e-06,-5.2486444725416526e-06,1.707484474326611e-05,-1.4334044046530541e-05,1.1054518409345118e-05,-9.085533173693638e-06
4.536590333255381,1.9785802771458658,0.010709861427067108,3.818590752973925e-05,0.00011460780452254495,0.33318767154489515,0.9970772527501843,0.9970778333035604,6.279760567689629e-07,-0.6412337083174063,-0.7635328278923982,-5.88009075115729e-06,5.116985343579854e-06,-1.6675518206423046e-05,1.3973857994717291e-05,-1.079531000910464e-05,8.856750064670492e-06,5.879866954048042e-06,-5.116816037339288e-06,1.6675399862408957e-05,-1.3973734610838702e-05,1.0795652150227987e-05,-8.857042754789655e-06
4.556933787664598,1.9790116258634645,0.010494187068267718,3.726508589107272e-05,0.00011186763435239383,0.33311767167332873,0.9970797620800067,0.9970803421372378,6.275176376891224e-07,-0.6405763840939392,-0.7640876573343249,-5.742671734163118e-06,4.988549698269463e-06,-1.6285145753961513e-05,1.362285884307729e-05,-1.0542364859123994e-05,8.634195159733047e-06,5.7424635157478415e-06,-4.988392629924441e-06,1.6285035778317345e-05,-1.3622744135497397e-05,1.0542683053183449e-05,-8.634466935657973e-06
4.577277242073815,1.979434288114042,0.0102828559429789,3.6366467228864875e-05,0.00010919251176249121,0.33304909505119695,0.9970822187965518,0.9970827983680323,6.270688780238424e-07,-0.6399318300153158,-0.7646307631618701,-5.608370599449274e-06,4.863428223063309e-06,-1.59036606343713e-05,1.3280927637145783e-05,-1.0295188577894898e-05,8.41739342482817e-06,5.60817687792521e-06,-4.863282505897498e-06,1.590355843761924e-05,-1.328082099324433e-05,1.0295484496171032e-05,-8.417645785895446e-06
4.597620696483032,1.979848438824998,0.010075780587501047,3.5489516266985805e-05,0.00010658091306940409,0.33298191247316017,0.997084624043954,0.9970852031398527,6.266295661921108e-07,-0.63929980798634,-0.7651624030318674,-5.477120996947109e-06,4.741531726543126e-06,-1.5530872293555183e-05,1.2947819908386102e-05,-1.0053657002015948e-05,8.20618962563806e-06,5.476940765381349e-06,-4.7413965382855145e-06,1.553077732754707e-05,-1.2947720759007992e-05,1.0053932199589827e-05,-8.206423963273789e-06
4.6046753084601875,1.9799901000000002,0.010004949999999898,3.519037506098895e-05,0.0001056898353229225,0.3329589354876845,0.9970854463110181,0.997086025244331,6.264793921350691e-07,-0.639083521753682,-0.7653441313998255,-5.4323074876177956e-06,4.699998182190328e-06,-1.5403594974914607e-05,1.283432312659873e-05,-9.971195557067876e-06,8.134228841737423e-06,5.432131711786908e-06,-4.699866464134754e-06,1.540350239545628e-05,-1.283422645069314e-05,9.971463912357097e-06,-8.134457235698592e-06
4.617964150892249,1.9802542494010564,0.009872875299471784,3.463371062999778e-05,0.00010403134938318275,0.33291609534381866,0.9970869789398342,0.9970875575700993,6.261994953335746e-07,-0.638680083919954,-0.7656828285754917,-5.3488577738751635e-06,4.622773559646311e-06,-1.5166593688318413e-05,1.2623298173013433e-05,-9.81764827888467e-06,8.000432967202648e-06,5.3486900950469285e-06,-4.6226481377696514e-06,1.5166505443354952e-05,-1.2623205989367495e-05,9.817904202676377e-06,-8.000650572725252e-06
4.638307605301466,1.9806518877952075,0.009674056102396232,3.379854053241833e-05,0.00010154236585253754,0.33285161566455373,0.997089284575978,0.9970898627503427,6.2577846362648e-07,-0.6380724276894191,-0.7661922855515884,-5.2235169644721355e-06,4.507069538131187e-06,-1.4810641251880506e-05,1.2307131718420213e-05,-9.587042842669762e-06,7.799976958096516e-06,5.22336096606809e-06,-4.5069531754950114e-06,1.4810559254029766e-05,-1.2307046009200657e-05,9.58728083892456e-06,-7.800179029952257e-06
4.6586510597106825,1.9810415185782166,0.009479240710891682,3.298350847545977e-05,9.911254092460664e-05,0.33278844602066865,0.9970915420189946,0.9970921197469814,6.253662732863458e-07,-0.6374766130800594,-0.7666910139957249,-5.101035779103376e-06,4.394337867563726e-06,-1.4462834857856225e-05,1.199909639656302e-05,-9.361723389365838e-06,7.604679279030287e-06,5.100890649242059e-06,-4.394229908376547e-06,1.4462758666457786e-05,-1.1999016705277522e-05,9.361944710625606e-06,-7.604866929502972e-06
4.6789945141199,1.9814233030067359,0.009288348496632053,3.2188128951064695e-05,9.67404856191131e-05,0.3327265595688229,0.9970937523109566,0.9970943296018827,6.24962732379232e-07,-0.6368924177406374,-0.7671792483650928,-4.981352592797762e-06,4.284499070740048e-06,-1.412299778285571e-05,1.1698974424074121e-05,-9.14157485102474e-06,7.414401655726451e-06,4.981217575860734e-06,-4.284398906817211e-06,1.4122926988197711e-05,-1.1698900326563567e-05,9.141780662619775e-06,-7.414575917159853e-06
4.699337968529117,1.9817973990900435,0.00910130045497826,3.141192815306318e-05,9.442484281671376e-05,0.33266593002475275,0.99709591647002,0.9970964933330017,6.245676519886224e-07,-0.6363196231344274,-0.7676572176793817,-4.8644069332686255e-06,4.1774759174621674e-06,-1.3790956667845438e-05,1.1406554188869673e-05,-8.926484369252202e-06,7.2290097359252564e-06,4.864281326017546e-06,-4.177382984757625e-06,1.3790890889002687e-05,-1.1406485291005723e-05,8.926675755346039e-06,-7.229171566493754e-06
4.719681422938334,1.982163961655439,0.008918019172280515,3.0654443695280036e-05,9.216428656133771e-05,0.33260653165126725,0.9970980354910284,0.9970986119349857,6.241808488544915e-07,-0.6357580144900481,-0.7681251456577501,-4.75013946846903e-06,4.073193356587113e-06,-1.3466541478402265e-05,1.1121630063033652e-05,-8.716341268052574e-06,7.04837297038048e-06,4.750022616429152e-06,-4.073107131978948e-06,1.3466480361224328e-05,-1.1121565998581283e-05,8.716519237270397e-06,-7.0485232594410155e-06
4.740024877347551,1.9825231424123217,0.008738428793839084,2.991522433642555e-05,8.99575213763106e-05,0.33254833924652155,0.9971001103460981,0.9971006863797595,6.238021430748031e-07,-0.6352073807521139,-0.7685832508520076,-4.638491993728605e-06,3.97157845027229e-06,-1.3149585463984936e-05,1.0844002221764419e-05,-8.511037026099502e-06,6.8723644977100905e-06,4.638383287820617e-06,-3.97149844858333e-06,1.3149528679223877e-05,-1.084394265039754e-05,8.511202516768556e-06,-6.872504070765941e-06
4.7603683317567675,1.9828750900149794,0.008562454992510321,2.9193829711607193e-05,8.780328159406614e-05,0.3324913281325484,0.9971021419851879,0.997102717617094,6.234313591565172e-07,-0.6346675145317572,-0.7690317467761209,-4.529407418516458e-06,3.872560310342743e-06,-1.2839925116339834e-05,1.0573476468178294e-05,-8.310465248505533e-06,6.700861032971356e-06,4.529306291919706e-06,-3.8724860815789915e-06,1.2839872357908058e-05,-1.057342107363738e-05,8.310619133534067e-06,-6.700990656276027e-06
4.780711786165985,1.9832199501241103,0.008390024937944805,2.848983007030237e-05,8.570033069923512e-05,0.332435474144053,0.9971041313366514,0.9971047065751597,6.230683257711236e-07,-0.6341382120570733,-0.7694708420321569,-4.4228297528716085e-06,3.776070036708177e-06,-1.2537400127149743e-05,1.0309864063770852e-05,-8.114521638158494e-06,6.533742759833895e-06,4.422735678102936e-06,-3.776001163499058e-06,1.2537351110498898e-05,-1.03098125521524e-05,8.11466472957802e-06,-6.53386314466147e-06
4.801055240575201,1.9835578654671098,0.008221067266445073,2.7802806020638094e-05,8.364746068491278e-05,0.3323807536174591,0.9971060793077751,0.997106654161064,6.227128752998697e-07,-0.6336192731235389,-0.7699007404327659,-4.3187040935401345e-06,3.6820406577605145e-06,-1.2241853345028294e-05,1.0052981564344361e-05,-7.92310396668885e-06,6.370893226229242e-06,4.3186165797336234e-06,-3.681976752986099e-06,1.2241807805640957e-05,-1.0052933662512632e-05,7.9232370198827e-06,-6.371005032835394e-06
4.821398694984419,1.9838889758971394,0.008055512051430236,2.7132348279825122e-05,8.164349142189819e-05,0.332327143380198,0.9971079867853001,0.9971085612613734,6.223648442777196e-07,-0.6331105010444433,-0.7703216411203102,-4.216976609855499e-06,3.5904070726847175e-06,-1.1953130731955427e-05,9.802650661215625e-06,-7.736112045127276e-06,6.212199243358889e-06,4.2168952002294025e-06,-3.590347777276218e-06,1.1953088423941755e-05,-9.802606115327869e-06,7.73623576276705e-06,-6.2123030846551524e-06
4.841742149393635,1.984213418451009,0.0078932907744955,2.647805743059966e-05,7.968727004070236e-05,0.33227462074024244,0.9971098546359297,0.9971104287426198,6.220240726646389e-07,-0.63261170260138,-0.7707337386827361,-4.1175945293964395e-06,3.5011059956182744e-06,-1.1671081319243691e-05,9.558698027525413e-06,-7.5534476943085715e-06,6.0575507879474e-06,4.117518798894489e-06,-3.501050976519085e-06,1.1671042014035797e-05,-9.558656601662453e-06,7.553562730018422e-06,-6.057647232909556e-06
4.862085603802853,1.9845313274058913,0.007734336297054362,2.583954368352732e-05,7.777767032612115e-05,0.33222316347587066,0.9971116837068239,0.9971122574517958,6.21690403972287e-07,-0.632122687994835,-0.7711372232662885,-4.020506123454378e-06,3.4140759015966705e-06,-1.139555716311864e-05,9.320955169476378e-06,-7.37501471507355e-06,5.906840907630608e-06,4.020435676549579e-06,-3.4140248498722013e-06,1.1395520648255952e-05,-9.320916644370941e-06,7.375121676841044e-06,-5.906930484460522e-06
4.882429058212069,1.984842834334896,0.007578582832551994,2.521642664502941e-05,7.591359212417051e-05,0.33217274982566164,0.9971134748260775,0.9971140482168331,6.213636859520096e-07,-0.6316432707949087,-0.7715322806851599,-3.9256606923405e-06,3.3292569742246315e-06,-1.1126413299991798e-05,9.089258282332815e-06,-7.200718858317729e-06,5.759965629373069e-06,3.9255951609902505e-06,-3.3292096033099895e-06,1.112637937799109e-05,-9.089222454188588e-06,7.200818311668694e-06,-5.760048828431944e-06
4.892190810578084,1.984990075,0.007504962499999989,2.4922782908047247e-05,7.503496523599462e-05,0.33214892323414674,0.9971143210534086,0.9971148942768107,6.2120933469475e-07,-0.6314165774263705,-0.7717189093192989,-3.8809311136511406e-06,3.289324782729521e-06,-1.0999488865571873e-05,8.980178863248279e-06,-7.118525172913536e-06,5.690819620924745e-06,3.880867817919707e-06,-3.289279082443982e-06,1.0999456121757913e-05,-8.98014426113418e-06,7.118621212458933e-06,-5.690899923324386e-06
4.902772512621286,1.985148068161524,0.007425965919238081,2.4608335090993238e-05,7.409396076118099e-05,0.3321233584787107,0.9971152288031878,0.9971158018470692,6.210437691423066e-07,-0.6311732678922071,-0.771919092528165,-3.833008550560427e-06,3.2465910550146967e-06,-1.0863507701498707e-05,8.863448111020854e-06,-7.030467794931852e-06,5.616823870812287e-06,3.832947592302636e-06,-3.2465470990901557e-06,1.086347618880296e-05,-8.863414790415776e-06,7.030560265885393e-06,-5.616901147341912e-06
4.923115967030503,1.985447155213024,0.007276422393488064,2.4014906745833014e-05,7.231772647485062e-05,0.33207496856506535,0.997116946429508,0.9971175191337004,6.207305072391674e-07,-0.6307124994489329,-0.7722978362625305,-3.742501011882822e-06,3.166021594337008e-06,-1.060670122937033e-05,8.643369815173827e-06,-6.864171085676493e-06,5.477317354430962e-06,3.7424443080633375e-06,-3.165980806821873e-06,1.0606671955370964e-05,-8.643338826041538e-06,6.864257063495349e-06,-5.4773891310783894e-06
4.94345942143972,1.985740219272677,0.007129890363661528,2.3435788066869416e-05,7.058386385705395e-05,0.3320275596463725,0.9971186284786884,0.9971192008502247,6.204237582369107e-07,-0.6302607888502069,-0.7726686853348824,-3.6540903743262613e-06,3.087493603925846e-06,-1.0355857590200732e-05,8.428872838472314e-06,-6.70174015102976e-06,5.341350524461738e-06,3.654037628448618e-06,-3.0874557560820687e-06,1.0355830396328099e-05,-8.428844017156171e-06,6.701820090780042e-06,-5.341417193621666e-06
4.963802875848938,1.9860273816310257,0.006986309184487134,2.2870634033901142e-05,6.889137130821095e-05,0.33198111170673217,0.9971202757071049,0.9971208477528689,6.201233826839427e-07,-0.6298179626556468,-0.7730318092695172,-3.5677299050873546e-06,3.0109536108906506e-06,-1.0110843290170366e-05,8.219810782134309e-06,-6.543088241044723e-06,5.208830466432522e-06,3.5676808412764517e-06,-3.0109184905281507e-06,1.0110818029047805e-05,-8.21978397650877e-06,6.543162565978192e-06,-5.208892392420566e-06
4.984146330258154,1.9863087611360735,0.006845619431963313,2.2319107943842556e-05,6.723927050301385e-05,0.33193560514375525,0.9971218888542778,0.9971224605810068,6.198292440683295e-07,-0.6293838505512312,-0.773387373764033,-3.4833738254312183e-06,2.936349613180753e-06,-9.871527589779276e-06,8.016041282415223e-06,-6.388130405250124e-06,5.079666829263174e-06,3.4833281870030917e-06,-2.9363170234570096e-06,9.871504124436297e-06,-8.016016351069774e-06,6.3881995090212376e-06,-5.079724350332372e-06
5.0044897846673715,1.9865844742424712,0.006707762878764412,2.1780881210306193e-05,6.562660586731713e-05,0.33189102075981874,0.9971234686432765,0.997124040057565,6.195412094036488e-07,-0.6289582853014688,-0.7737355407824015,-3.4009772955641943e-06,2.8636310364550663e-06,-9.637782458641299e-06,7.8174258919829e-06,-6.23678346262584e-06,4.953771749827899e-06,3.4009348436946142e-06,-2.863600794762085e-06,9.637760661781782e-06,-7.817402703464018e-06,6.23684771135494e-06,-4.953825180039768e-06
5.024833239076588,1.9868546350597156,0.006572682470142171,2.125563316801135e-05,6.405244406599603e-05,0.3318473397535111,0.9971250157811159,0.9971255868894194,6.192591485745493e-07,-0.6285411027018992,-0.7740764686455539,-3.320496399507242e-06,2.7927486923095715e-06,-9.409482530386412e-06,7.623829965037274e-06,-6.088965971682102e-06,4.831059779900434e-06,3.3204569119923265e-06,-2.7927206292418425e-06,9.409462283708046e-06,-7.623808397144314e-06,6.089025705875385e-06,-4.831109410861129e-06
5.045176693485805,1.9871193553993751,0.006440322300312401,2.074305088190223e-05,6.251587350157697e-05,0.3318045437112701,0.9971265309591406,0.9971271017677772,6.189829339743948e-07,-0.6281321415319423,-0.7744103121195546,-3.2418881299870033e-06,2.7236547378170186e-06,-9.186505057714732e-06,7.435122546048721e-06,-5.944598200669183e-06,4.711447815401924e-06,3.241851400089533e-06,-2.7236286962145462e-06,9.186486251276058e-06,-7.435102485179827e-06,5.944653737005333e-06,-4.711493917873294e-06
5.065520147895022,1.9873787448213653,0.0063106275893172826,2.0242828960862956e-05,6.101600382345085e-05,0.331762614599202,0.9971280148533987,0.9971285853685539,6.187124420064623e-07,-0.6277312435081168,-0.7747372225014318,-3.1651103733605504e-06,2.6563026363350122e-06,-8.968729867642777e-06,7.2511762619938774e-06,-5.803602097942469e-06,4.594855027874392e-06,3.1650762087360853e-06,-2.6562784703959328e-06,8.968712399274572e-06,-7.251157602538391e-06,5.803653730935146e-06,-4.594897853268963e-06
5.085863602304239,1.987632910679293,0.006183544660353517,1.9754669375918437e-05,5.955196544747659e-05,0.33172153475508015,0.9971294681250071,0.9971300383527347,6.184475498650836e-07,-0.6273382532376456,-0.7750573477027357,-3.090121894588396e-06,2.5906471195399676e-06,-8.756039316979015e-06,7.071867217971518e-06,-5.665901262505543e-06,4.481202798105133e-06,3.0900901162856894e-06,-2.5906246939976802e-06,8.756023091736938e-06,-7.071849861745502e-06,5.66594926605033e-06,-4.481242579873442e-06
5.106207056713456,1.9878819581648857,0.0060590209175571275,1.9278281282813597e-05,5.812290908578765e-05,0.3316812868805214,0.9971308914205054,0.9971314613667323,6.181881395099719e-07,-0.6269530181724616,-0.7753708323308871,-3.0168823222694745e-06,2.526644150646116e-06,-8.548318248063402e-06,6.897074896085549e-06,-5.531420914752438e-06,4.370414651830171e-06,3.0168527638000926e-06,-2.526623340006208e-06,8.548303177718997e-06,-6.8970587518074e-06,5.5314655435662275e-06,-4.3704516067482315e-06
5.126550511122673,1.988125990351529,0.005937004824235545,1.8813380848865283e-05,5.672800528661419e-05,0.33164185403333013,0.9971322853722011,0.9971328550427291,6.179340943706814e-07,-0.626575388563631,-0.7756778177683847,-2.9453521337505878e-06,2.464250888769962e-06,-8.345453944802231e-06,6.726682057485793e-06,-5.400087867428155e-06,4.262416197447245e-06,2.9453246402229382e-06,-2.464231576602578e-06,8.345439947369619e-06,-6.7266670402890485e-06,5.4001293583884215e-06,-4.2624505268113785e-06
5.1468939655318895,1.9883651082369238,0.005817445881538144,1.835969108398456e-05,5.5366443983936806e-05,0.33160321962001327,0.9971336505985067,0.9971342199990153,6.176853006451412e-07,-0.6262052174162063,-0.7759784422499291,-2.875492640322002e-06,2.4034256544021554e-06,-8.147336089027634e-06,6.560574647461365e-06,-5.271830496825252e-06,4.157135065671363e-06,2.8754670676353475e-06,-2.403407732685756e-06,8.147323088323422e-06,-6.560560678442063e-06,5.271869070216124e-06,-4.157166956407066e-06
5.167237419941107,1.9885994107848877,0.005700294607556209,1.791694167576842e-05,5.4037434056788204e-05,0.33156536738845555,0.9971349877042659,0.9971355568403152,6.174416472233181e-07,-0.6258423604445204,-0.776272840937526,-2.8072659725097656e-06,2.3441278959498693e-06,-7.953856717208094e-06,6.3986417034847055e-06,-5.146578714232432e-06,4.054500851068109e-06,2.807242186604089e-06,-2.344111264462646e-06,7.953844642442175e-06,-6.398628709280839e-06,5.146614574904035e-06,-4.054530476759202e-06
5.187580874350323,1.9888289949663123,0.00558550251684389,1.748486882856389e-05,5.2740202898023964e-05,0.3315282814207566,0.9971362972810733,0.9971368661581063,6.172030251145554e-07,-0.6254866760279341,-0.7765611459936271,-2.7406350654747087e-06,2.286318157314301e-06,-7.76491017753463e-06,6.240775266108446e-06,-5.02426393765002e-06,3.954445055402375e-06,2.74061294163256e-06,-2.2863027230697602e-06,7.764898962929708e-06,-6.2407631785091994e-06,5.024297276097097e-06,-3.954472577246168e-06
5.207924328759541,1.989053955799297,0.005473022100351463,1.7063215106407986e-05,5.147399599238177e-05,0.331491946126222,0.9971375799075847,0.9971381485309303,6.16969328657821e-07,-0.6251380251670454,-0.7768434866523638,-2.6755636445269634e-06,2.2299580464688614e-06,-7.5803930874044535e-06,6.08687029261999e-06,-4.904819063785436e-06,3.856901032742095e-06,2.6755430667237166e-06,-2.2299437231923696e-06,7.580382671842305e-06,-6.086859048202669e-06,4.904850057150838e-06,-3.856926600435912e-06
5.228267783168758,1.9892743863884745,0.005362806805762778,1.665172927975117e-05,5.0238076503654786e-05,0.3314563462345093,0.9971388361498187,0.9971394045246941,6.167404532059296e-07,-0.6247962714403708,-0.7771199892889292,-2.6120162107643793e-06,2.1750102050050873e-06,-7.4002042913226386e-06,5.93682457336273e-06,-4.788178440340939e-06,3.7618039362588948e-06,2.6119970710635446e-06,-2.1749969126483903e-06,7.40019461801523e-06,-5.936814113155393e-06,4.788207253349187e-06,-3.761827688822933e-06
5.2486112375779745,1.9894903779635427,0.005254811018228617,1.6250166175872645e-05,4.903172487080407e-05,0.3314214667889198,0.9971400665614525,0.9971406346929654,6.165162975295505e-07,-0.6244612809615049,-0.7773907774871621,-2.5499580268422575e-06,2.1214382786142516e-06,-7.2242448192397945e-06,5.790538650635397e-06,-4.674277838604354e-06,3.6690906666694258e-06,2.5499402248327466e-06,-2.1214259429052055e-06,7.224235835423521e-06,-5.790528919803364e-06,4.674304624430143e-06,-3.66911273321051e-06
5.268954691987192,1.989702019917024,0.005148990041488045,1.5858286532898922e-05,4.785423841283844e-05,0.3313872931398366,0.9971412716841087,0.9971418395772591,6.162967614000144e-07,-0.6241329223367673,-0.777655972105383,-2.4893551028812575e-06,2.069206888473867e-06,-7.052417845342309e-06,5.647915740084489e-06,-4.5630544263526216e-06,3.5786998222631767e-06,2.489338545153693e-06,-2.0691954404988194e-06,7.052409501993733e-06,-5.647906687639016e-06,4.563079327428767e-06,-3.578720322683701e-06
5.289298146396408,1.98990939984126,0.0050453000793699776,1.5475856857339073e-05,4.6704930942292606e-05,0.33135381093830624,0.9971424520476339,0.997143019707318,6.160817481741536e-07,-0.6238110666233403,-0.7779156913405323,-2.43017418251971e-06,2.018281603509346e-06,-6.8846286473100305e-06,5.5088616545075565e-06,-4.454446741076883e-06,3.490571650464471e-06,2.430158782179086e-06,-2.0182709793257846e-06,6.884620898881622e-06,-5.508853233035135e-06,4.454469889845919e-06,-3.4905906961204576e-06
5.29732286123243,1.98999005,0.005004974999999968,1.5327551803531698e-05,4.625917556787039e-05,0.331340790564749,0.9971429109605429,0.9971434785294575,6.159981567992087e-07,-0.6236858674983927,-0.7780166602082775,-2.4072135015038704e-06,1.99854535919777e-06,-6.819532330203956e-06,5.454971468344222e-06,-4.412311326919283e-06,3.4564179444097013e-06,2.407198535154132e-06,-1.998535043406003e-06,6.819524804638684e-06,-5.454963283463906e-06,4.412333818834294e-06,-3.4564364450817874e-06
5.309641600805626,1.9901126035646655,0.004943698217667215,1.510264928505166e-05,4.558313238713555e-05,0.33132100612975696,0.9971436081703725,0.9971441756013839,6.158711627119572e-07,-0.623495587287905,-0.778170050790661,-2.3723827291158553e-06,1.9686289135020244e-06,-6.720784566054432e-06,5.373284729987915e-06,-4.348394663536765e-06,3.4046480008780446e-06,2.3723684053280313e-06,-1.9686190537793013e-06,6.72077737022891e-06,-5.373276895398679e-06,4.348416183150113e-06,-3.404665695190006e-06
5.329985055214842,1.990311715187249,0.004844142406375545,1.4738441445561261e-05,4.448818842094546e-05,0.33128886494785353,0.9971447405594321,0.9971453077664639,6.15664911576789e-07,-0.6231863601657793,-0.7784191635158174,-2.3159489121051148e-06,1.920216203015888e-06,-6.5607949659491785e-06,5.241095754284278e-06,-4.244839391650745e-06,3.32087227976955e-06,2.3159355896748057e-06,-1.920207052701975e-06,6.560788283411145e-06,-5.241088465578216e-06,4.24485939661909e-06,-3.3208887187895306e-06
5.35032850962406,1.990506817115419,0.004746591442290468,1.4383016329643463e-05,4.3419460101187014e-05,0.33125737390848525,0.9971458497109414,0.9971464166985888,6.154629041450919e-07,-0.6228832634205614,-0.7786631400973767,-2.2608415935168256e-06,1.8730117261161607e-06,-6.404571195563277e-06,5.112207897401273e-06,-4.143723414728451e-06,3.239189405933801e-06,2.260829202494902e-06,-1.873003234128539e-06,6.404564989786941e-06,-5.112201116450929e-06,4.1437420115267154e-06,-3.2392046788717694e-06
5.370671964033276,1.990697990096091,0.004651004951954433,1.4036162160100165e-05,4.237632351543288e-05,0.33122651980388024,0.9971469361103034,0.9971475028830654,6.152650508751527e-07,-0.6225861775042824,-0.7789020886958589,-2.2070303146545103e-06,1.8269845818539688e-06,-6.252026548906043e-06,4.9865366442695665e-06,-4.044990488050121e-06,3.1595457679054144e-06,2.2070187899725887e-06,-1.8269767007929084e-06,6.252020785957886e-06,-4.98653033561811e-06,4.045007775680203e-06,-3.159559957617935e-06
5.391015418442493,1.9908853132501052,0.004557343374947431,1.3697672265647853e-05,4.1358169435368784e-05,0.3311962896968511,0.9971480002324405,0.9971485667947225,6.150712646405782e-07,-0.6222949851180704,-0.7791361151072743,-2.1544852829431323e-06,1.7821046904920672e-06,-6.103076227191462e-06,4.863999729466556e-06,-3.94858560779746e-06,3.08188918246787e-06,2.1544745640735546e-06,-1.7820973763746603e-06,6.103070875546832e-06,-4.863993860140077e-06,3.948601678311671e-06,-3.0819023659117595e-06
5.41135887285171,1.9910688641049716,0.004465567947514141,1.3367344957844596e-05,4.036440297842989e-05,0.33116667091516,0.9971490425420354,0.9971496088981511,6.148814608902937e-07,-0.6220095711733279,-0.7793653228180419,-2.1031773589465427e-06,1.7383427704476051e-06,-5.957637301128966e-06,4.74451707391129e-06,-3.854454986339735e-06,3.0061688544187875e-06,2.1031673895859975e-06,-1.7383359824610549e-06,5.9576323315015816e-06,-4.744511613244364e-06,3.854469925327666e-06,-3.006181103072267e-06
5.431702327260927,1.9912487186269585,0.004375640686520721,1.304498341098187e-05,3.9394443276912175e-05,0.33113765104600723,0.9971500634937638,0.9971506296479367,6.146955555677854e-07,-0.6217298227534243,-0.7795898130585165,-2.0530780435576996e-06,1.6956703159286009e-06,-5.815628673745903e-06,4.628010723469197e-06,-3.762546027877921e-06,2.9323353375503436e-06,2.053068771332834e-06,-1.6956640162013607e-06,5.8156240589293956e-06,-4.628005642942735e-06,3.7625599149192953e-06,-2.9323467178040484e-06
5.452045781670144,1.9914249512525306,0.0042875243737347515,1.2730395544870495e-05,3.844772315441064e-05,0.3311092179306355,0.9971510635325223,0.9971516294888882,6.145134673407166e-07,-0.6214556290759029,-0.7798096848551666,-2.004159465364048e-06,1.6540595752417243e-06,-5.676971043746592e-06,4.514404789404798e-06,-3.6728073044494285e-06,2.8603404968055325e-06,2.004150841557557e-06,-1.6540537286311973e-06,5.676966758467227e-06,-4.5144000624953406e-06,3.672820213535289e-06,-2.8603510703255198e-06
5.472389236079361,1.9915976349191566,0.004201182540421673,1.2423393910450539e-05,3.752368880943387e-05,0.33108135965905255,0.9971520430936516,0.9971526088562599,6.143351163072437e-07,-0.6211868814552047,-0.7800250350814395,-1.956394368189944e-06,1.6134835297496641e-06,-5.541586869411478e-06,4.403625390622399e-06,-3.5851885322951104e-06,2.79013747157201e-06,1.9563863474857096e-06,-1.6134781036452574e-06,5.541582890191254e-06,-4.403620992662025e-06,3.585200532219572e-06,-2.7901472956367925e-06
5.4927326904885785,1.991766841095497,0.004116579452251486,1.2123795578157578e-05,3.6621799506050625e-05,0.33105406456486375,0.9971530026031519,0.9971535681759683,6.141604247340038e-07,-0.6209234732659079,-0.7802359585073497,-1.9097560988177892e-06,1.5739158734571682e-06,-5.4094003330393325e-06,4.29560059763709e-06,-3.4996405485898933e-06,2.7216806400768295e-06,1.9097486390637545e-06,-1.5739108375975912e-06,5.4093966380687665e-06,-4.2955965056832036e-06,3.499651703314496e-06,-2.721689767890295e-06
5.513076144897795,1.9919326398109813,0.004033680094509359,1.1831422028978629e-05,3.57415272714234e-05,0.3310273212202173,0.9971539424778952,0.9971545078648032,6.139893158841824e-07,-0.6206652999064819,-0.7804425478478262,-1.8642185948891214e-06,1.5353309932055148e-06,-5.280337305934424e-06,4.190260378220139e-06,-3.4161152885377386e-06,2.654925584846455e-06,1.8642116568766605e-06,-1.5353263195092877e-06,5.280333874954303e-06,-4.190256570934422e-06,3.4161256575303227e-06,-2.654934065828402e-06
5.533419599307012,1.992095099684792,0.003952450157604059,1.1546099048133196e-05,3.488235660008844e-05,0.3310011184308551,0.9971548631258312,0.9971554283306326,6.138217148749892e-07,-0.6204122587635557,-0.7806448938098539,-1.819756372986683e-06,1.497703949455896e-06,-5.154325313939931e-06,4.087536544664938e-06,-3.334565762831262e-06,2.589829059197768e-06,1.8197499202453312e-06,-1.4976996118641094e-06,5.154322128131422e-06,-4.087533002200827e-06,3.3345754013811257e-06,-2.5898369392536665e-06
5.553763053716229,1.9922542879542635,0.003872856022868255,1.1267656621316272e-05,3.4043784164843064e-05,0.3309754452312723,0.9971557649461882,0.9971563299726064,6.136575487223752e-07,-0.6201642491766999,-0.7808430851384405,-1.7763445168982147e-06,1.4610104576428681e-06,-5.031293503518202e-06,3.987362702621479e-06,-3.254946035475887e-06,2.5263489547269493e-06,1.776338515504686e-06,-1.4610064319733088e-06,5.03129054540073e-06,-3.987359406519569e-06,3.2549549949868897e-06,-2.526356276498421e-06
5.574106508125446,1.9924102705027105,0.0037948647486447185,1.0995928833441327e-05,3.322531853410336e-05,0.3309502908799749,0.9971566483296692,0.9971572131813506,6.13496746216662e-07,-0.6199211724037182,-0.7810372086614433,-1.7339586660623967e-06,1.4252268700796245e-06,-4.911172608377638e-06,3.889674201449041e-06,-3.177211201977928e-06,2.464444269764187e-06,1.7339530844628998e-06,-1.42522313389144e-06,4.9111698617139754e-06,-3.889671134539839e-06,3.1772195302410903e-06,-2.4644510728615763e-06
5.594449962534663,1.9925631118866944,0.003718444056652772,1.0730753769823506e-05,3.242647989559835e-05,0.3309256448548436,0.9971575136586436,0.9971580783391588,6.133392366854861e-07,-0.61968293158645,-0.7812273493332853,-1.6925750041972355e-06,1.3903301583975399e-06,-4.793894916645634e-06,3.794408086038632e-06,-3.1013173678957973e-06,2.404075078763362e-06,1.6925698130421613e-06,-1.3903266908656815e-06,4.793892366353702e-06,-3.79440523235216e-06,3.1013251093428054e-06,-2.404081399981695e-06
5.61479341694388,1.9927128753627414,0.003643562318629238,1.0471973419743792e-05,3.164679978626798e-05,0.3309014968485925,0.9971583613073336,0.9971589258201797,6.131849524462326e-07,-0.6194494317170777,-0.7814135902775919,-1.652170248110838e-06,1.3562978965029428e-06,-4.679394238586115e-06,3.7015030500581983e-06,-3.027221627752939e-06,2.345202502596788e-06,1.6521654201009644e-06,-1.3562946783016784e-06,4.679391870657026e-06,-3.7015003947399485e-06,3.0272288236919023e-06,-2.345208376116305e-06
5.6351368713530965,1.9928596229135231,0.003570188543238463,1.0219433582337338e-05,3.0885820828236205e-05,0.3308778367643253,0.9971591916419966,0.9971597559905975,6.13033825390267e-07,-0.6192205796049391,-0.7815960128287781,-1.6127216366944583e-06,1.3231082440347715e-06,-4.56760587486007e-06,3.610899390575479e-06,-2.95488204431107e-06,2.2877886797262774e-06,1.6127171464378667e-06,-1.3231052572296095e-06,4.567603676281961e-06,-3.610896919808281e-06,2.9548887331457726e-06,-2.287794137298639e-06
5.655480325762314,1.993003415273508,0.0034982923632458944,9.972983774749454e-06,3.0143096470730373e-05,0.3308546547111856,0.997160005021103,0.9971605692088121,6.12885790781292e-07,-0.6189962838438418,-0.7817746965726126,-1.5742069200973537e-06,1.290739930307175e-06,-4.4584665853265845e-06,3.5225389640145834e-06,-2.8842576282016892e-06,2.231796738222561e-06,1.574202743976316e-06,-1.2907371582545936e-06,4.458464544013844e-06,-3.52253666494596e-06,2.8842638456354713e-06,-2.2318018093437675e-06
5.67582378017153,1.9931443119541,0.0034278440229500062,9.732477142505119e-06,2.9418190737822972e-05,0.3308319410000993,0.9971608017955093,0.9971613658256107,6.127407839125666e-07,-0.6187764547798732,-0.7819497193857892,-1.5366043490829595e-06,1.2591722387218206e-06,-4.3519145583818106e-06,3.4363651434042174e-06,-2.8153083179138447e-06,2.1771907686062787e-06,1.5366004651300995e-06,-1.2591696659762338e-06,4.35191266310931e-06,-3.4363630040788472e-06,2.815314097139208e-06,-2.177195480677238e-06
5.696167234580748,1.9932823712682655,0.0033588143658672704,9.497770372038318e-06,2.8710677981871675e-05,0.3308096861396078,0.9971615823086275,0.9971621461843373,6.125987420698891e-07,-0.6185610044797077,-0.7821211574745314,-1.4998926645655983e-06,1.2283849916350444e-06,-4.2478893808325746e-06,3.352322776876608e-06,-2.747994960135649e-06,2.1239357974844544e-06,1.4998890523486865e-06,-1.228382603862487e-06,4.247887621174565e-06,-3.3523207861735235e-06,2.7480003320105724e-06,-2.123940175960097e-06
5.716510688989964,1.9934176503546697,0.003291174822665174,9.268723605329532e-06,2.80201426425379e-05,0.3307878808317881,0.9971623468965909,0.9971629106210588,6.124596037323234e-07,-0.6183498466994037,-0.7822890854122541,-1.4640510873268986e-06,1.198358535665596e-06,-4.146332008301241e-06,3.2703581473777936e-06,-2.682279290447013e-06,2.0719977619574298e-06,1.464047727841676e-06,-1.198356319563633e-06,4.146330374574568e-06,-3.270356294952004e-06,2.682284283658911e-06,-2.0720018304851854e-06
5.7368541433991815,1.9935502052013236,0.003224897399338195,9.045200356600277e-06,2.7346179011264483e-05,0.3307665159682588,0.9971630958884147,0.9971636594647252,6.123233087377194e-07,-0.6181428968536876,-0.7824535761763115,-1.429059307910857e-06,1.169073727429118e-06,-4.047184736157796e-06,3.1904189335511096e-06,-2.6181239143606506e-06,2.0213434847719356e-06,1.4290561834813324e-06,-1.1690716706525356e-06,4.047183219369134e-06,-3.1904172097793068e-06,2.6181285555788393e-06,-2.021347265320324e-06
5.757197597808399,1.9936800906687562,0.003159954665621933,8.827067431015467e-06,2.66883910010966e-05,0.3307455826262726,0.9971638296061537,0.9971643930373276,6.121897979696134e-07,-0.6179400719857219,-0.7826147011838528,-1.3948974766964452e-06,1.1405119196860466e-06,-3.950391170975083e-06,3.112454171757123e-06,-2.5554922887084337e-06,1.971940650196909e-06,1.3948945708821414e-06,-1.140510010777905e-06,3.9503897627719225e-06,-3.1124525676872053e-06,2.5554966027258997e-06,-1.97194416317497e-06
5.777541052217615,1.993807360512719,0.0030963197436405234,8.614194845344987e-06,2.6046391921731496e-05,0.3307250720648888,0.9971645483650562,0.9971651116540524,6.120590143303875e-07,-0.6177412907373517,-0.7827725303268103,-1.3615461941464559e-06,1.1126549478900018e-06,-3.855896202502606e-06,3.036414219194394e-06,-2.4943487033697796e-06,1.9237577805993854e-06,1.361543491656129e-06,-1.1126531762176607e-06,3.855894895127699e-06,-3.0364127264985323e-06,2.494352713235016e-06,-1.9237610449675897e-06
5.797884506626833,1.9939320674064347,0.003033966296782674,8.406455750537385e-06,2.5419804259684694e-05,0.33070497572122765,0.9971652524737138,0.9971658156234297,6.119309005321356e-07,-0.6175464733198271,-0.7829271320060439,-1.3289865012312357e-06,1.0854851171242133e-06,-3.763645976154169e-06,2.962250718086712e-06,-2.4346582633387696e-06,1.8767642136985816e-06,1.3289839878426088e-06,-1.0854834728199705e-06,3.7636447624032074e-06,-2.962249329017704e-06,2.4346619904783595e-06,-1.8767672470718348e-06
5.818227961036049,1.9940542629623965,0.0029728685188017377,8.20372635615974e-06,2.4808259463463342e-05,0.3306852852068028,0.9971659422342077,0.9971665052474813,6.11805402221981e-07,-0.6173555414849946,-0.783078573164663,-1.2971998700258396e-06,1.0589851894139318e-06,-3.6735878660043738e-06,2.8899165609036215e-06,-2.376386871126472e-06,1.8309300804770453e-06,1.2971975325109364e-06,-1.0589836633199422e-06,3.6735867391866777e-06,-2.8899152682543068e-06,2.3763903354590737e-06,-1.8309328992203507e-06
5.838571415445267,1.9941739977537294,0.0029130011231352526,8.005885856658445e-06,2.4211397733637596e-05,0.33066599230393195,0.9971666179422526,0.9971671808218633,6.116824648707898e-07,-0.6171684184969555,-0.7832269193205487,-1.2661681944790053e-06,1.033138371403156e-06,-3.5856704482886644e-06,2.8193658565820386e-06,-2.319501209494777e-06,1.786226283728379e-06,1.2661660205346938e-06,-1.0331369550203246e-06,3.5856694021906434e-06,-2.8193646536475627e-06,2.3195044295371128e-06,-1.786228903045688e-06
5.858914869854483,1.9942913213351208,0.002854339332439598,7.812816359397473e-06,2.3628867817705648e-05,0.3306470889622207,0.9971672798873353,0.9971678426360052,6.11562035445164e-07,-0.6169850291041852,-0.7833722345980965,-1.2358737813523553e-06,1.007928302384453e-06,-3.4998434754016226e-06,2.7505538977180683e-06,-2.2639687245180664e-06,1.7426244772218625e-06,1.235871759535736e-06,-1.0079269878250091e-06,3.499842504252842e-06,-2.750552778260788e-06,2.26397171748347e-06,-1.7426269112385896e-06
5.8792583242637,1.9944062822633293,0.00279685886833537,7.6244028144308675e-06,2.3060326809646815e-05,0.33062856729512413,0.9971679283528518,0.9971684909732471,6.114440623426002e-07,-0.6168052995121088,-0.7835145817592012,-1.2062993413280447e-06,9.833390426709366e-07,-3.416057850387759e-06,2.683437128698869e-06,-2.209757608968745e-06,1.7000970454647852e-06,1.2062974609963495e-06,-9.833378226144283e-07,3.4160569488294023e-06,-2.683436086915714e-06,2.2097603908587996e-06,-1.7000993073044499e-06
5.899601778672917,1.9945189281172815,0.002740535941359294,7.4405329459680305e-06,2.2505439954062482e-05,0.33061041957657583,0.9971685636162403,0.997169126110972,6.113284945949214e-07,-0.6166291573561288,-0.7836540222335023,-1.1774279802831136e-06,9.593550622999292e-07,-3.3342656019191655e-06,2.617973114745705e-06,-2.156836786022769e-06,1.6586170840441095e-06,1.177426231537798e-06,-9.593539299523898e-07,3.3342647649747474e-06,-2.6179721452378357e-06,2.1568393717125042e-06,-1.6586191858995199e-06
5.919945233082134,1.994629305517763,0.002685347241118453,7.2610971854907845e-06,2.1963880454803608e-05,0.33059263823769114,0.9971691859491114,0.9971697483207373,6.112152831918041e-07,-0.6164565316750984,-0.783790616147911,-1.149243190728655e-06,9.359612300580869e-07,-3.2544198597540193e-06,2.5541205118400473e-06,-2.105175893281041e-06,1.6181583805295574e-06,1.1492415643633927e-06,-9.359601791141423e-07,3.2544190828021683e-06,-2.554119609584625e-06,2.1051782965981575e-06,-1.6181603337289257e-06
5.940288687491351,1.9947374601467143,0.002631269926642825,7.085988606482617e-06,2.1435329287987947e-05,0.3305752158635372,0.997169795617375,0.9971703578683998,6.111043789562526e-07,-0.6162873528852375,-0.783924422355436,-1.121728843411918e-06,9.131428028181907e-07,-3.176474830669992e-06,2.4918390375057084e-06,-2.0547452671026426e-06,1.578695395920925e-06,1.1217273308642267e-06,-9.131418274258978e-07,3.1764741094191644e-06,-2.4918381978296505e-06,2.0547475009011642e-06,-1.5786972109892772e-06
5.960632141900568,1.9948434367661358,0.0025782816169320597,6.915102860731057e-06,2.0919475019309936e-05,0.3305581451899725,0.9971703928813642,0.9971709550142416,6.109957343581479e-07,-0.6161215527544851,-0.7840554984633272,-1.0948691790793663e-06,8.90885415178048e-07,-3.100385774866327e-06,2.4310894424207195e-06,-2.0055159272456327e-06,1.5402032466228828e-06,1.0948677723856089e-06,-8.908845099062671e-07,3.100385105331327e-06,-2.431088660976289e-06,2.005518003474393e-06,-1.5402049333390953e-06
5.980975596309785,1.9949472792366147,0.0025263603816926667,6.748338116165502e-06,2.041601362555005e-05,0.3305414191005512,0.9971709779959574,0.9971715400130904,6.10889302953537e-07,-0.6159590643772821,-0.7841839008605554,-1.0686488003987194e-06,8.691750693923437e-07,-3.026108982828443e-06,2.3718334828336947e-06,-1.9574595618112713e-06,1.502657686931189e-06,1.068647492152249e-06,-8.691742292004593e-07,3.0261083613085985e-06,-2.3718327555757997e-06,1.9574614915775884e-06,-1.5026592543809698e-06
5.989471534477741,1.9949900250000001,0.002504987499999945,6.67988906480601e-06,2.0209352953010144e-05,0.3305345341999707,0.9971712188177985,0.9971717807872934,6.108454991386488e-07,-0.6158921697884909,-0.7842367466727113,-1.0578841501426507e-06,8.602669511809332e-07,-2.9956153679882525e-06,2.347519923778265e-06,-1.9377306162117733e-06,1.4872522675573118e-06,1.0578828809426136e-06,-8.602661367633229e-07,2.995614765488987e-06,-2.3475192180204664e-06,1.937732487911077e-06,-1.487253787732722e-06
6.001319050719002,1.9950490305354767,0.0024754847322616953,6.585594996193311e-06,1.992464832019064e-05,0.33052503062349153,0.9971715512106959,0.9971721131144384,6.107850394802285e-07,-0.6157998221497817,-0.7843096847446439,-1.0430526640379058e-06,8.47998125588506e-07,-2.9536017526486472e-06,2.314033893760096e-06,-1.910548512487316e-06,1.4660350920146669e-06,1.0430514473501325e-06,-8.479973457983306e-07,2.9536011757075432e-06,-2.314033216925172e-06,1.9105503061161946e-06,-1.4660365486397685e-06
6.021662505128219,1.9951487327745736,0.00242563361271323,6.426776520498206e-06,1.9445089383048114e-05,0.33050897292871056,0.9971721127698995,0.9971726745625571,6.106828991943229e-07,-0.6156437617454795,-0.7844329041478694,-1.018066072898889e-06,8.273412922580049e-07,-2.8828223677966308e-06,2.257654362934759e-06,-1.864755760086133e-06,1.4303124413779046e-06,1.0180649413630657e-06,-8.273405685277049e-07,2.8828218322432845e-06,-2.257653733021134e-06,1.864757427175304e-06,-1.4303137950218304e-06
6.042005959537436,1.9952464272177122,0.0023767863911439576,6.27178804726568e-06,1.897705399383291e-05,0.3304932393249163,0.9971726629127807,0.997173224596611,6.105828376358511e-07,-0.6154908200912609,-0.7845536119628495,-9.936746685042496e-07,8.071916170147524e-07,-2.813730075333294e-06,2.2026595054977293e-06,-1.8200549103732564e-06,1.3954673027900577e-06,9.93673616161788e-07,-8.071909453146512e-07,2.81372957820466e-06,-2.2026589192473627e-06,1.8200564598443536e-06,-1.3954685607405273e-06
6.062349413946653,1.9953421542977317,0.0023289228511342275,6.120537216801013e-06,1.852026606955003e-05,0.3304778232567648,0.9971732018735536,0.9971737634507682,6.104848125338241e-07,-0.6153409353438566,-0.7846718599675298,-9.698644235343971e-07,7.875364776125347e-07,-2.7462850645613426e-06,2.149014839391228e-06,-1.7764201801820238e-06,1.3614778166656523e-06,9.69863444843534e-07,-7.875358542026605e-07,2.7462846031060693e-06,-2.1490142937727183e-06,1.7764216203281623e-06,-1.361478985694037e-06
6.08269286835587,1.9954359536332378,0.002282023183381089,5.972933896506438e-06,1.8074456105655543e-05,0.33046271830207335,0.9971737298815428,0.9971742913543088,6.103887827349341e-07,-0.6151940468667056,-0.7847876988495894,-9.466216345132841e-07,7.683635732137133e-07,-2.6804484461062264e-06,2.09668676144633e-06,-1.7338263838099377e-06,1.3283226808837446e-06,9.466207243199396e-07,-7.683629946229601e-07,2.6804480177695623e-06,-2.09668625363912e-06,1.7338277223399484e-06,-1.3283237672817092e-06
6.103036322765087,1.9955278640450005,0.0022360679774997894,5.828890127184561e-06,1.763936102088517e-05,0.3304479181690936,0.997174247161289,0.9971748085317279,6.10294706169375e-07,-0.6150500952072167,-0.784901178230277,-9.239329146404409e-07,7.49660915901625e-07,-2.6161822314207594e-06,2.04564252413856e-06,-1.6922489196923291e-06,1.295981136032219e-06,9.239320681511101e-07,-7.496603789084157e-07,2.6161818338305375e-06,-2.0456420515182394e-06,1.6922501637718836e-06,-1.2959821456457496e-06
6.1233797771743035,1.9956179235720193,0.0021910382139904063,5.688320070636252e-06,1.7214724005673747e-05,0.33043341669384046,0.9971747539326509,0.9971753152028416,6.102025433417622e-07,-0.6149090220744243,-0.7850123466876925,-9.017851867671824e-07,7.31416822429415e-07,-2.5534493127069444e-06,1.9958502129923817e-06,-1.651663757348958e-06,1.2644329510644597e-06,9.01784399523723e-07,-7.314163240437565e-07,2.5534489436605605e-06,-1.9958497731170185e-06,1.6516649136388025e-06,-1.264433889325483e-06
6.143723231583521,1.9957061694872675,0.0021469152563662244,5.5511399585216296e-06,1.6800294374085138e-05,0.3304192078374768,0.9971752504109072,0.9971758115828856,6.101122548154002e-07,-0.6147707703170344,-0.7851212517795295,-8.80165676514779e-07,7.136199061982201e-07,-2.492213443248333e-06,1.947278724615099e-06,-1.6120474245991336e-06,1.2336584093560276e-06,8.801649443709589e-07,-7.136194436450485e-07,2.492213100700653e-06,-1.9472783152125254e-06,1.612048499290636e-06,-1.2336592813117741e-06
6.164066685992737,1.9957926383131186,0.00210368084344066,5.4172680424538925e-06,1.639582741917461e-05,0.33040528568375266,0.9971757368068539,0.9971762978826143,6.100238018921246e-07,-0.6146352839018526,-0.7852279400652915,-8.590619055324271e-07,6.962590694578919e-07,-2.432439218146428e-06,1.8998977453414254e-06,-1.5733769950409912e-06,1.2036382951493873e-06,8.59061224632112e-07,-6.962586401616177e-07,2.432438900198549e-06,-1.8998973642974134e-06,1.5733779938891872e-06,-1.2036391054896751e-06
6.184410140401955,1.995877365836461,0.002061317081769481,5.2866245452961065e-06,1.600108427170654e-05,0.33039164443649793,0.9971762133269019,0.9971767743083978,6.099371471369443e-07,-0.6145025078925925,-0.7853324571279944,-8.384616848928052e-07,6.793234957236287e-07,-2.3740920554544623e-06,1.853677730470486e-06,-1.535630075790524e-06,1.174353880375096e-06,8.384610516496701e-07,-6.793230972937933e-07,2.374091760343284e-06,-1.8536773758177446e-06,1.535631004144839e-06,-1.174354633457674e-06
6.204753594811171,1.9959603871235094,0.0020198064382452546,5.1591316136321344e-06,1.5615831762152777e-05,0.330378278417166,0.997176680173169,0.997177241062314,6.098522537146798e-07,-0.6143723884290557,-0.7854348475953687,-8.18353108623045e-07,6.628026424021372e-07,-2.3171381777020943e-06,1.8085898840776838e-06,-1.498784795476036e-06,1.1457869118382811e-06,8.183525197017033e-07,-6.628022726201024e-07,2.3171379037906267e-06,-1.8085895539856302e-06,1.4987856583088477e-06,-1.1457876117123708e-06
6.2250970492203885,1.9960417365343182,0.0019791317328408994,5.034713271383234e-06,1.5239842285897463e-05,0.33036518206242993,0.9971771375435738,0.997177698342242,6.097690851662297e-07,-0.6142448727066803,-0.7855351551605757,-7.987245473688985e-07,6.466862336211094e-07,-2.261544593804373e-06,1.764606139384351e-06,-1.462819792483629e-06,1.1179195987595184e-06,7.987239996673513e-07,-6.46685890427703e-07,2.2615443395727292e-06,-1.7646058321495892e-06,1.462820594416821e-06,-1.1179202491876879e-06
6.245440503629605,1.9961214477370013,0.0019392761314993923,4.913295374542921e-06,1.487289367157699e-05,0.33035234992182655,0.9971775856319242,0.9971781463419517,6.096876062731926e-07,-0.6141199089564513,-0.785633422602446,-7.795646421899499e-07,6.309642532560391e-07,-2.2072790813485725e-06,1.7216991396687456e-06,-1.4277142034494711e-06,1.090734600659678e-06,7.795641328232605e-07,-6.309639347400916e-07,2.207278845385617e-06,-1.7216988537062139e-06,1.4277149487791167e-06,-1.0907352051381586e-06
6.265783958038822,1.9961995537216668,0.0019002231391666397,4.794805567002937e-06,1.4514769052483756e-05,0.33033977665545106,0.9971780246280053,0.9971785852511906,6.09607782715433e-07,-0.613997446425169,-0.785729691805256,-7.6086229848365e-07,6.156269381485526e-07,-2.1543101692523152e-06,1.6798422197023556e-06,-1.3934476519944686e-06,1.0642150155785145e-06,7.608618247687607e-07,-6.156266425362555e-07,2.154309950247896e-06,-1.6798419535370907e-06,1.3934483447137785e-06,-1.0642155773560776e-06
6.28612741244804,1.9962760868140708,0.0018619565929646727,4.679173237444198e-06,1.416525674096527e-05,0.3303274570316996,0.9971784547176659,0.9971790152557709,6.095295804256097e-07,-0.6138774353560684,-0.7858240037780522,-7.426066800360369e-07,6.006647715106464e-07,-2.102607120786608e-06,1.6390093876961213e-06,-1.3600002376971376e-06,1.03834436861722e-06,7.42606239477647e-07,-6.006644971556787e-07,2.1026069175243418e-06,-1.6390091399555964e-06,1.360000881517795e-06,-1.038344890712714e-06
6.306470866857256,1.9963510786889953,0.0018244606555023048,4.566329477266955e-06,1.3824150105750741e-05,0.33031538592505566,0.9971788760829019,0.9971794365376525,6.094529664609481e-07,-0.6137598269697863,-0.7859163986735341,-7.247872031969561e-07,5.860684765093846e-07,-2.0521399169573545e-06,1.5991753077415585e-06,-1.3273525253004051e-06,1.0131066007953852e-06,7.247867934743872e-07,-5.860682218837484e-07,2.052139728307932e-06,-1.5991750771485547e-06,1.327353123672398e-06,-1.0131070860140258e-06
6.326814321266474,1.996424560383359,0.0017877198083205003,4.456207039535161e-06,1.3491247452138863e-05,0.3303035583139265,0.9971792889019382,0.9971798492750243,6.093779073423986e-07,-0.6136445734456684,-0.7860069158065079,-7.073935311776367e-07,5.7182901002678e-07,-2.0028792402389874e-06,1.5603152827323096e-06,-1.2954855341481452e-06,9.884860582131645e-07,7.073931501326164e-07,-5.718287737122948e-07,2.0028790651539534e-06,-1.5603150680982877e-06,1.2954860902782006e-06,-9.884865091616724e-07
6.34715777567569,1.9964965623090605,0.0017517188454697547,4.348740298910624e-06,1.316635190498234e-05,0.33029196927852106,0.9971796933493093,0.9971802536423876,6.093043724802343e-07,-0.6135316279034145,-0.7860955936719202,-6.904155684684924e-07,5.579375565897673e-07,-1.9547964586539437e-06,1.5224052377521016e-06,-1.264380727847289e-06,9.644674815097194e-07,6.904152140937915e-07,-5.579373372701766e-07,1.954796296159919e-06,-1.522405037971032e-06,1.2643812447160156e-06,-9.64467900610381e-07
6.367501230084907,1.9965671142655663,0.0017164428672167887,4.24386521255302e-06,1.2849271294405386e-05,0.330280613998773,0.9971800895959375,0.9971806498106298,6.092323300299314e-07,-0.6134209443850538,-0.7861824699624831,-6.738434553750072e-07,5.443855224653084e-07,-1.9078636101916737e-06,1.485421703915481e-06,-1.2340200041513632e-06,9.410359956092828e-07,6.738431258038733e-07,-5.443853189189537e-07,1.90786345938499e-06,-1.4854215179581063e-06,1.234020484529181e-06,-9.41036385113013e-07
6.387844684494124,1.996636245452244,0.0016818772738780028,4.14151928196259e-06,1.2539818044192518e-05,0.3302694877523063,0.9971804778092093,0.9971810379471047,6.091617493151622e-07,-0.6133124778372461,-0.7862675815859004,-6.576675626696213e-07,5.311645299158539e-07,-1.8620533875610523e-06,1.4493418026482117e-06,-1.2043856850613918e-06,9.181770997464841e-07,6.576672561659492e-07,-5.311643410088757e-07,1.862053247602771e-06,-1.449341629556708e-06,1.2043861315233466e-06,-9.181774617449666e-07
6.408188138903341,1.9967039844804457,0.001648007759777087,4.041641515742686e-06,1.2237809062787518e-05,0.33025858591244306,0.9971808581530508,0.997181418215706,6.090926009073497e-07,-0.6132061840939044,-0.7863509646817046,-6.41878486357502e-07,5.182664116105133e-07,-1.8173391232699802e-06,1.414143230394532e-06,-1.175460507140087e-06,8.958766577628173e-07,6.418782013066925e-07,-5.182662362905402e-07,1.8173389933812638e-06,-1.4141430692775437e-06,1.1754609220796142e-06,-8.958769941997794e-07
6.428531593312558,1.9967703593853514,0.0016148203073243373,3.944172393260119e-06,1.1943065636843575e-05,0.33024790394625364,0.9971812307880008,0.9971817907769404,6.090248549159289e-07,-0.6131020198591342,-0.786432654637714,-6.264670425541548e-07,5.056832051874475e-07,-1.7736947750261746e-06,1.3798042437389737e-06,-1.1472276120353513e-06,8.741208886664054e-07,6.26466777454613e-07,-5.056830424777399e-07,1.7736946544839903e-06,-1.3798040937669911e-06,1.1472279976770781e-06,-8.741212013480959e-07
6.448875047721775,1.9968353976375697,0.0015823011812151784,3.849053829181534e-06,1.1655413327266106e-05,0.33023743741264366,0.9971815958712823,0.9971821557880003,6.089584834306589e-07,-0.6129999426904821,-0.7865126861061194,-6.11424262472794e-07,4.934071479631154e-07,-1.7310949114530573e-06,1.346303644930718e-06,-1.1196705372091036e-06,8.528963574474332e-07,6.114240159280224e-07,-4.934069969571306e-07,1.7310947995861878e-06,-1.3463035053317805e-06,1.1196708956207469e-06,-8.528966480523562e-07
6.469218502130992,1.9968991261545088,0.0015504369227455391,3.756229138864856e-06,1.1374681867691721e-05,0.33022718196048434,0.9971819535568729,0.9971825134028329,6.088934583262658e-07,-0.612899910982492,-0.7865910930192096,-5.967413875194732e-07,4.814306717841787e-07,-1.6895146981148818e-06,1.3136207677989618e-06,-1.0927732068675576e-06,8.321899661419075e-07,5.967411582307165e-07,-4.814305316405253e-07,1.6895145943002152e-06,-1.3136206378546575e-06,1.0927735399709824e-06,-8.321902362298662e-07
6.489561956540209,1.9969615713115167,0.001519214344241681,3.6656430045850336e-06,1.1100705065347295e-05,0.33021713332677854,0.9971823039955734,0.9971828637722082,6.088297509835776e-07,-0.612801883950562,-0.7866679086047441,-5.824098644939327e-07,4.6974639801794973e-07,-1.648929883845128e-06,1.281735464047993e-06,-1.066519923089036e-06,8.119889451365625e-07,5.824096512533387e-07,-4.6974626795570536e-07,1.6489297875042213e-06,-1.2817353430897384e-06,1.066520232670538e-06,-8.119891961570626e-07
6.509905410949425,1.9970227589527956,0.0014886205236022225,3.5772414425741164e-06,1.0833320704235103e-05,0.33020728733486626,0.997182647335074,0.9971832070437887,6.087673361528397e-07,-0.6127058216150969,-0.7867431654009812,-5.684213408942029e-07,4.583471326774403e-07,-1.609316787372444e-06,1.2506280899211473e-06,-1.040895357145553e-06,7.922808447080241e-07,5.684211425784609e-07,-4.583470119718069e-07,1.6093166979683265e-06,-1.2506279773267253e-06,1.040895644865413e-06,-7.9228107800808e-07
6.530248865358643,1.9970827144021,0.0014586427989500517,3.4909717708559158e-06,1.0572370450590415e-05,0.33019763989266593,0.9971829837200212,0.9971835433621912,6.087061862429327e-07,-0.6126116847859535,-0.7868168952713711,-5.54767660322977e-07,4.472258616771613e-07,-1.5706522842383366e-06,1.220279493223054e-06,-1.0158845410143557e-06,7.730535267894988e-07,5.547674758874019e-07,-4.47225749655431e-07,1.570652201272542e-06,-1.2202793884133936e-06,1.0158848084157266e-06,-7.730537436208906e-07
6.55059231976786,1.997141462473216,0.0014292687633919604,3.406782577856209e-06,1.0317699760559725e-05,0.3301881869909533,0.9971833132920811,0.9971838728690539,6.086462761462154e-07,-0.6125194350471718,-0.7868891294189203,-5.41440857993828e-07,4.3637574621595705e-07,-1.5329137940009925e-06,1.1906710006899847e-06,-9.914728590757432e-07,7.542951569585112e-07,5.41440686466857e-07,-4.3637564225376955e-07,1.5329137170108019e-06,-1.190670903126164e-06,9.914731075929056e-07,-7.542953584845202e-07
6.570935774177077,1.9971990274802325,0.0014004862598837931,3.3246236917697026e-06,1.0069157790048515e-05,0.330178924701674,0.9971836361900018,0.9971841957030978,6.085875799320965e-07,-0.6124290347419883,-0.7869598984002364,-5.284331563353351e-07,4.257901182832606e-07,-1.4960792677196108e-06,1.1617844056983637e-06,-9.676460399934679e-07,7.359941966393648e-07,5.28432996813411e-07,-4.2579002180112855e-07,1.4960791962754959e-06,-1.1617843148788211e-06,9.676462709595079e-07,-7.359943839410401e-07
6.591279228586294,1.997255433247602,0.0013722833761990031,3.244446150665549e-06,9.826597306688658e-06,0.3301698491762918,0.9971839525496756,0.9971845120001882,6.085300735946486e-07,-0.6123404469581273,-0.7870292321392609,-5.157369606912359e-07,4.154624762852766e-07,-1.4601271757137544e-06,1.13360195630185e-06,-9.443901487741176e-07,7.181393955142389e-07,5.157368123340472e-07,-4.1546238674536095e-07,1.4601271094170004e-06,-1.1336018717597919e-06,9.443903634280605e-07,-7.181395695962134e-07
6.6116226829955105,1.9973107031200028,0.0013446484399985427,3.1662021733136576e-06,9.58987460387695e-06,0.33016095664417133,0.9971842625041987,0.9971848218933949,6.084737322297889e-07,-0.6122536355133646,-0.7870971599406967,-5.033448551147331e-07,4.0538648078770157e-07,-1.4250364955922887e-06,1.1061063435876902e-06,-9.216915790019158e-07,7.007197841369965e-07,5.033447171407877e-07,-4.053863976908192e-07,1.4250364340727908e-06,-1.106106264888675e-06,9.216917784953607e-07,-7.007199459328948e-07
6.631966137404728,1.997364859972,0.0013175700140000185,3.0898451307143224e-06,9.358849416836784e-06,0.3301522434109924,0.9971845661839294,0.9971851255130503,6.084185322469642e-07,-0.6121685649413592,-0.7871637105031383,-4.912495982551043e-07,3.955559503716887e-07,-1.3907867005465289e-06,1.0792806903432832e-06,-8.995370452454161e-07,6.837246667439557e-07,4.912494699376128e-07,-3.955558732545344e-07,1.3907866434607385e-06,-1.0792806170829773e-06,8.995372306486996e-07,-6.83724817121417e-07
6.652309591813944,1.9974179262175118,0.001291036891244147,3.01532951831434e-06,9.133384840656626e-06,0.3301437058571988,0.9971848637165464,0.9971854229868081,6.083644506060591e-07,-0.6120852004777496,-0.7872289119319108,-4.794441193348052e-07,3.859648575998776e-07,-1.3573577479023443e-06,1.0531085400242448e-06,-8.779135756326495e-07,6.671436142560785e-07,4.794439999978522e-07,-3.859647860324456e-07,1.3573576949313703e-06,-1.0531084718263313e-06,8.779137479405776e-07,-6.671437540214242e-07
6.672653046223162,1.997469923819087,0.001265038090456517,2.942610928892939e-06,8.91334725025942e-06,0.330135340436478,0.9971851552271039,0.997185714439698,6.083114645894255e-07,-0.6120035080465086,-0.7872927917516268,-4.679215142152609e-07,3.766073250893848e-07,-1.32473006792598e-06,1.0275738460154384e-06,-8.568085045912932e-07,6.509664574671553e-07,4.6792140323024407e-07,-3.7660725867257655e-07,1.3247300187738233e-06,-1.027573782529675e-06,8.568086647284674e-07,-6.509665873697275e-07
6.692996500632378,1.9975208742969945,0.0012395628515027748,2.871646026101512e-06,8.698606222258718e-06,0.33012714367427104,0.9971854408380879,0.997185999994181,6.082595513781035e-07,-0.6119234542465538,-0.7873553769184646,-4.566750415495922e-07,3.674776216887749e-07,-1.2928845528785282e-06,1.0026609611767962e-06,-8.36209465750536e-07,6.351832804127915e-07,4.5667493833191096e-07,-3.674775600521779e-07,1.2928845072704402e-06,-1.0026609020772037e-06,8.362096145763065e-07,-6.351834011489817e-07
6.7133399550415955,1.9975707987381295,0.0012146006309353126,2.8023925186412605e-06,8.48903445865746e-06,0.3301191121663156,0.9971857206694688,0.9971862797702041,6.08208689392595e-07,-0.6118450063386083,-0.7874166938321768,-4.4569811902051893e-07,3.585701587560857e-07,-1.2618025463139435e-06,9.783546276658952e-07,-8.161043850013125e-07,6.197844139150827e-07,4.456980230264943e-07,-3.585701015559121e-07,1.2618025039949027e-06,-9.78354572649075e-07,8.161045233143784e-07,-6.197845261320774e-07
6.733683409450812,1.9976197178047408,0.0011901410976296576,2.734809135063472e-06,8.284507712347242e-06,0.33011124257721536,0.9971859948387543,0.9971865538852519,6.08158857319279e-07,-0.6117681322323074,-0.7874767683478351,-4.34984319661735e-07,3.4987948653510014e-07,-1.23146583261568e-06,9.546399670295847e-07,-7.964814737116717e-07,6.047604292980877e-07,4.3498423038574536e-07,-3.4987943345227373e-07,1.2314657933489813e-06,-9.546399158131523e-07,7.964816022543608e-07,-6.047605335973472e-07
6.754026863860029,1.9976676517429826,0.0011661741285087163,2.6688555991773437e-06,8.084904714365931e-06,0.3301035316390432,0.9971862634610409,0.9971868224543985,6.081100342627366e-07,-0.6116928004735486,-0.7875356257873164,-4.2452736826105946e-07,3.4140029062712013e-07,-1.201856626767041e-06,9.315024705571317e-07,-7.773292220940741e-07,5.901021322693087e-07,4.2452728523287694e-07,-3.4140024136550017e-07,1.2018565903329788e-06,-9.31502422878259e-07,7.773293415563198e-07,-5.901022292098017e-07
6.774370318269247,1.9977146203912937,0.0011426898043531391,2.6044926060508058e-06,7.890107102873437e-06,0.33009597614996833,0.997186526649065,0.9971870855903576,6.080621998409189e-07,-0.6116189802320783,-0.7875932909505383,-4.143211378437089e-07,3.3312738855559874e-07,-1.1729575643504563e-06,9.089279898876308e-07,-7.586363927214955e-07,5.758005569625689e-07,4.1432106062602125e-07,-3.331273428403327e-07,1.1729575305451086e-06,-9.089279455016903e-07,7.586365037445314e-07,-5.758006470637759e-07
6.794713772678463,1.997760643188608,0.001119678405696047,2.5416817985899394e-06,7.699999353805243e-06,0.3300885729729149,0.9971867845132513,0.9971873434035314,6.080153329672254e-07,-0.6115466412893134,-0.7876497881264473,-4.043596462340422e-07,3.250557264210432e-07,-1.1447516917709321e-06,8.869027278645753e-07,-7.403920141892143e-07,5.618469601377768e-07,4.0435957442014946e-07,-3.250556839970363e-07,1.1447516604050287e-06,-8.869026865438774e-07,7.40392117369011e-07,-5.618470438824825e-07
6.815057227087681,1.9978057391823991,0.0010971304088004282,2.480385744683094e-06,7.51446871316503e-06,0.33008131903424703,0.9971870371617603,0.99718759600206,6.07969415043146e-07,-0.6114757540263912,-0.7877051411037674,-3.946370526941717e-07,3.1718037564369625e-07,-1.1172224566990313e-06,8.654132296307561e-07,-7.22585374919264e-07,5.482328155332288e-07,3.9463698590584304e-07,-3.1718033627419186e-07,1.1172224275969029e-06,-8.65413191163374e-07,7.225854708097222e-07,-5.482328933701158e-07
6.835400681496897,1.9978499270365648,0.0010750364817175514,2.420567914896132e-06,7.333405130918439e-06,0.33007421132248,0.9971872847005372,0.9971878434918674,6.079244263750974e-07,-0.6114062894124476,-0.7877593731815146,-3.8514765463786424e-07,3.094965297915759e-07,-1.090353698728837e-06,8.444463739568426e-07,-7.052060171045697e-07,5.349498083662344e-07,3.85147592523345e-07,-3.094964932568379e-07,1.090353671727438e-06,-8.444463381455214e-07,7.052061062204888e-07,-5.349498807122944e-07
6.855744135906114,1.9978932250391506,0.0010533874804247421,2.3621926607054265e-06,7.156701196450424e-06,0.330067246887019,0.9971875272333572,0.997188085976708,6.078803479342267e-07,-0.611338218993114,-0.7878125071792812,-3.75885884418158e-07,3.0199950149151063e-07,-1.0641296402463628e-06,8.239893647971706e-07,-6.882437307898123e-07,5.219898299779422e-07,3.7588582665031655e-07,-3.019994675876002e-07,1.0641296151943687e-06,-8.239893314583084e-07,6.88243813609649e-07,-5.219898972207156e-07
6.876087590315331,1.997935651109918,0.0010321744450409484,2.305225193255715e-06,6.9842520755500845e-06,0.3300604228369226,0.9971877648618704,0.9971883235582121,6.078371615502092e-07,-0.6112715148792351,-0.7878645654472969,-3.6684630618717604e-07,2.9468471942089523e-07,-1.0385348775040298e-06,8.040297230664915e-07,-6.716885480861552e-07,5.09344972618405e-07,3.668462524617802e-07,-2.9468468795853557e-07,1.038534854260994e-06,-8.040296920291934e-07,6.716886250545879e-07,-5.093450351180634e-07
6.896431044724548,1.997977222807763,0.0010113885961185048,2.249631562630123e-06,6.815955448887243e-06,0.33005373633969287,0.9971879976856464,0.9971885563359293,6.077948486579336e-07,-0.6112061497357988,-0.787915569876271,-3.58023612826621e-07,2.8754772537794415e-07,-1.013554371896843e-06,7.845552786315883e-07,-6.555307375169872e-07,4.97007524368008e-07,3.580235628607347e-07,-2.87547696181467e-07,1.0135543503324176e-06,-7.845552497367866e-07,6.555308090472992e-07,-4.970075824592874e-07
6.916774499133765,1.9980179573379808,0.0009910213310095855,2.195378637620048e-06,6.6517114519462e-06,0.3300471846200891,0.997188225802217,0.9971887844073725,6.077533919177105e-07,-0.6111420967710769,-0.7879655419070208,-3.4941262294748003e-07,2.805841714283015e-07,-9.891734414360355e-07,7.655541625118837e-07,-6.397607984919173e-07,4.849699641915281e-07,3.494125764779729e-07,-2.8058414433466906e-07,9.891734214292471e-07,-7.655541356115176e-07,6.397608649682138e-07,-4.849700181855271e-07
6.937117953542982,1.9980578715593884,0.0009710642203058159,2.142434085982799e-06,6.491422616382455e-06,0.33004076495896617,0.9971884493071197,0.99718900786806,6.077127736274511e-07,-0.6110793297259736,-0.7880145025398917,-3.4100827795747414e-07,2.7378981712590636e-07,-9.653777524159608e-07,7.470147992832832e-07,-6.24369455906268e-07,4.732249571211679e-07,3.410082347396349e-07,-2.737897919838036e-07,9.653777338545357e-07,-7.470147742395362e-07,6.243695176855332e-07,-4.7322500730701805e-07
6.957461407952199,1.9980969819913008,0.0009515090043495969,2.090766355175278e-06,6.334993812769403e-06,0.3300344746921355,0.9971886682939377,0.9971892268115564,6.076729769426071e-07,-0.6110178228635748,-0.7880624723439723,-3.328056391948305e-07,2.671605268060973e-07,-9.421533112701397e-07,7.289258996797175e-07,-6.09347654863401e-07,4.617653495650468e-07,3.3280559900107753e-07,-2.671605034750896e-07,9.421532940498808e-07,-7.289258763643079e-07,6.093477122774135e-07,-4.617653962114646e-07
6.977804862361416,1.9981353048203687,0.0009323475898156701,2.0403446535521967e-06,6.182332194702307e-06,0.33002831120925297,0.9971888828543413,0.9971894413295143,6.076339853356171e-07,-0.6109575509588988,-0.7881094714661115,-3.247998851269684e-07,2.606922669489802e-07,-9.194864566124184e-07,7.11276453386973e-07,-5.946865555172312e-07,4.505841647377124e-07,3.247998477456506e-07,-2.6069224529873113e-07,9.194864406366252e-07,-7.112764316804931e-07,5.946866088743426e-07,-4.5058420809444197e-07
6.998148316770632,1.998172855907277,0.0009135720463615369,1.991138932017674e-06,6.03334714422821e-06,0.3300222719527241,0.9971890930781273,0.9971896515117122,6.075957818525913e-07,-0.6108984892888416,-0.7881555196397404,-3.169863086127282e-07,2.543811036111581e-07,-8.973638514592902e-07,6.940557220235913e-07,-5.803775280323622e-07,4.396745982093566e-07,3.1698627384701004e-07,-2.5438108352070407e-07,8.973638366382202e-07,-6.940557018148924e-07,5.803775776191505e-07,-4.3967463850851e-07
7.01849177117985,1.9982096507933094,0.0008951746033453177,1.9431198661192067e-06,5.887950218570305e-06,0.3300163544166359,0.9971892990532581,0.9971898574460957,6.075583510964499e-07,-0.6108406136223142,-0.788200636193503,-3.093603142267762e-07,2.4822319992395465e-07,-8.757724756294545e-07,6.772532323037194e-07,-5.664121476592794e-07,4.290300135704849e-07,3.0936028189360025e-07,-2.482231812810308e-07,8.757724618798242e-07,-6.772532134893407e-07,5.664121937420861e-07,-4.2903005102778765e-07
7.038835225589067,1.9982457047067805,0.0008771476466097187,1.8962588385734486e-06,5.746055098116894e-06,0.33001055614571,0.997189500865899,0.9971900592188124,6.075216771356553e-07,-0.6107839002105697,-0.7882448400597023,-3.019174156448707e-07,2.4221481365634263e-07,-8.546996183168441e-07,6.608587693770083e-07,-5.527821899221456e-07,4.1864393820892543e-07,3.019173855739931e-07,-2.422147963567581e-07,8.546996055613645e-07,-6.60858751860644e-07,5.527822327485036e-07,-4.186439730248746e-07
7.059178679998284,1.9982810325693385,0.000859483715330755,1.8505279222132886e-06,5.607577535645108e-06,0.33000487473427326,0.9971896986004565,0.9971902569142526,6.074857445059593e-07,-0.6107283257777151,-0.7882881497825642,-2.9465323308867216e-07,2.363522948408186e-07,-8.341328708333301e-07,6.448623703407339e-07,-5.394796259167294e-07,4.0851005919611274e-07,2.9465320512176595e-07,-2.363522787878758e-07,8.341328590002751e-07,-6.448623540327379e-07,5.394796657166912e-07,-4.0851009155705213e-07
7.079522134407501,1.99831564900214,0.0008421754989299345,1.8058998633461419e-06,5.4724353067504605e-06,0.32999930782525555,0.9971898923396133,0.9971904506150825,6.074505385667408e-07,-0.6106738675114047,-0.788330583526323,-2.875634908288253e-07,2.3063208346052788e-07,-8.140601195174572e-07,6.292543179194972e-07,-5.264966177160908e-07,3.986222192796964e-07,2.8756346481864594e-07,-2.3063206856448415e-07,8.140601085402663e-07,-6.292543027364212e-07,5.264966547034618e-07,-3.9862224935881646e-07
7.0998655888167175,1.9983495683319028,0.0008252158340486304,1.7623480655135116e-06,5.340548161454112e-06,0.3299938531092029,0.9971900821643653,0.9971906404022818,6.074160438936643e-07,-0.6106205030537138,-0.7883721590831345,-2.8064401474505225e-07,2.2505070719599103e-07,-7.944695388055977e-07,6.14025134307979e-07,-5.138255138816679e-07,3.8897441297960264e-07,2.806439905546618e-07,-2.2505069337355867e-07,7.944695286225026e-07,-6.140251201721447e-07,5.138255482551538e-07,-3.8897444093786975e-07
7.120209043225935,1.9983828045968333,0.000808597701583374,1.7198465736421326e-06,5.2118377769600335e-06,0.3299885083233129,0.9971902681540558,0.9971908263551783,6.073822467486897e-07,-0.610568210492186,-0.7884128938808188,-2.7389072994202295e-07,2.1960477922982278e-07,-7.75349584461976e-07,5.991655751723469e-07,-5.014588450774597e-07,3.795607827847507e-07,2.738907074440687e-07,-2.1960476640370505e-07,7.753495750156574e-07,-5.991655620114457e-07,5.014588770217331e-07,-3.795608087717701e-07
7.140552497635151,1.9984153715524382,0.0007923142237808601,1.6783700585773075e-06,5.08622771153529e-06,0.32998327125048976,0.9971904503864092,0.9971910085514811,6.073491326631052e-07,-0.6105169683510538,-0.7884528049904369,-2.672996584198006e-07,2.1429099610789552e-07,-7.566889869641237e-07,5.846666238060643e-07,-4.893893197850601e-07,3.703756154477271e-07,2.6729963749584385e-07,-2.1429098420635588e-07,7.566889782013911e-07,-5.846666115527861e-07,4.893893494717498e-07,-3.7037563960254554e-07
7.160895952044369,1.998447282677217,0.0007763586613914437,1.6378938019891567e-06,4.963643359486862e-06,0.3299781397184186,0.9971906289375657,0.997191187067315,6.073166876897757e-07,-0.6104667555826284,-0.7884919091337065,-2.6086691679766397e-07,2.091061356554238e-07,-7.38476745040334e-07,5.705194854359349e-07,-4.776098201173121e-07,3.6141333837477014e-07,2.6086689733755634e-07,-2.0910612461188638e-07,7.384767369118291e-07,-5.705194740276215e-07,4.776098477059252e-07,-3.614133608266214e-07
7.181239406453585,1.9984785511782401,0.0007607244108799691,1.5983936816428354e-06,4.844011907209413e-06,0.3299731115986571,0.9971908038821126,0.9971913619772531,6.072848984879464e-07,-0.6104175515588547,-0.7885302226902573,-2.5458871409015443e-07,2.040470549465078e-07,-7.207021193558021e-07,5.567155816743682e-07,-4.661133977284228e-07,3.526685161085174e-07,2.54588695991457e-07,-2.040470446991863e-07,7.207021118157229e-07,-5.567155710526922e-07,4.6611342336720007e-07,-3.526685369775152e-07
7.2015828608628025,1.9985091899966145,0.0007454050016927569,1.559846157023918e-06,4.727262290278658e-06,0.3299681848057493,0.997190975293117,0.9971915333543476,6.072537516342077e-07,-0.6103693360630305,-0.7885677617047334,-2.4846134953419653e-07,1.9911068832570245e-07,-7.03354626344172e-07,5.432465451139474e-07,-4.5489326981840966e-07,3.4413584690102556e-07,2.4846133270164086e-07,-1.9911067881725589e-07,7.033546193500171e-07,-5.432465352246121e-07,4.548932936451206e-07,-3.441358662988077e-07
7.221926315272019,1.9985392118128407,0.0007303940935796384,1.5222282553104233e-06,4.613325151566017e-06,0.3299633572963517,0.9971911432421574,0.9971917012701631,6.072232342467436e-07,-0.6103220892816844,-0.7886045418937432,-2.424812104661859e-07,1.9429404548023087e-07,-6.864240321813042e-07,5.301042140605092e-07,-4.439428152297984e-07,3.358101593746579e-07,2.424811948111713e-07,-1.9429403665744395e-07,6.86424025693636e-07,-5.301042048529699e-07,4.439428373724816e-07,-3.358101774049845e-07
7.242269769681236,1.9985686290520601,0.0007156854739699083,1.4855175576830595e-06,4.5021328003501075e-06,0.3299586270683838,0.997191307799354,0.9971918657948057,6.071933333818399e-07,-0.6102757917966123,-0.7886405786526611,-2.3664477024793102e-07,1.895942095614843e-07,-6.699003468980939e-07,5.172806274010175e-07,-4.332555706345166e-07,3.2768640926847746e-07,2.3664475568805823e-07,-1.895942013749707e-07,6.699003408803177e-07,-5.172806188282216e-07,4.3325559121216603e-07,-3.276864260277872e-07
7.262613224090453,1.9985974538891977,0.0007012730554011314,1.4496921859656106e-06,4.393619172402053e-06,0.3299539921601907,0.9971914690333988,0.9971920269969536,6.071640363464028e-07,-0.6102304245770658,-0.788675887062285,-2.3094858624039183e-07,1.8500833535450863e-07,-6.53773818629301e-07,5.047680196026718e-07,-4.228252268090004e-07,3.1975967626788713e-07,2.3094857269902905e-07,-1.8500832775843577e-07,6.537738130474602e-07,-5.047680116208175e-07,4.2282524593220417e-07,-3.1975969184581453e-07
7.28295667849967,1.9986256982540005,0.0006871508729997156,1.4147307895874398e-06,4.287719791021324e-06,0.32994945064972503,0.9971916270115848,0.997192184943887,6.071353313881926e-07,-0.6101859689720942,-0.7887104818953519,-2.2538929782414635e-07,1.8053364749419482e-07,-6.380349279953421e-07,4.925588158397362e-07,-4.126456249955354e-07,3.120251609152841e-07,2.2538928523002501e-07,-1.8053364044602848e-07,6.380349228179295e-07,-4.925588084080477e-07,4.1264564276706986e-07,-3.1202517539513927e-07
7.303300132908888,1.9986533738359755,0.0006733130820122332,1.380612532860378e-06,4.184371728999867e-06,0.3299450006537461,0.9971917817998351,0.9971923397015158,6.071072062286965e-07,-0.6101424067030337,-0.7887443776229152,-2.1996362446556121e-07,1.761674387269415e-07,-6.226743826141139e-07,4.806456272447122e-07,-4.0271075334792213e-07,3.0447818159958673e-07,2.1996361275240094e-07,-1.7616743218720833e-07,6.226743778118941e-07,-4.806456203252302e-07,4.027107698633029e-07,-3.0447819505880225e-07
7.323643587318104,1.9986804920892272,0.0006597539553864473,1.3473170825624156e-06,4.083513571492653e-06,0.329940640327033,0.9971919334627312,0.9971924913344085,6.070796491095429e-07,-0.6100997198561423,-0.7887775884205868,-2.1466836382765148e-07,1.719070682165837e-07,-6.076831117399443e-07,4.690212462805586e-07,-3.9301474345958064e-07,2.9711417162253897e-07,2.1466835293381069e-07,-1.7190706214865147e-07,6.076831072857906e-07,-4.690212398379454e-07,3.9301475880757556e-07,-2.9711418413308463e-07
7.343987041727321,1.9987070642371978,0.000646467881401053,1.3148245958207756e-06,3.9850853797731325e-06,0.3299363678616159,0.99719208206354,0.99719263990582,6.070526487273639e-07,-0.6100578908753787,-0.7888101281746467,-2.0950038992463617e-07,1.6774995989341826e-07,-5.930522610268333e-07,4.5767864223074845e-07,-3.8355186697224745e-07,2.8992867633975684e-07,2.0950037979278754e-07,-1.6774995426329127e-07,5.930522568955761e-07,-4.576786362321075e-07,3.835518812353535e-07,-2.899286879685251e-07
7.364330496136538,1.9987331012773137,0.0006334493613431564,1.2831157082871972e-06,3.889028655852891e-06,0.32993218148602227,0.9971922276642415,0.9971927854777174,6.070261934789218e-07,-0.6100169025553195,-0.7888420104880232,-2.044566513192237e-07,1.6369360084519204e-07,-5.787731874132228e-07,4.466109568040656e-07,-3.743165322634712e-07,2.829173503745477e-07,2.0445664189605208e-07,-1.6369359562132159e-07,5.787731835815091e-07,-4.4661095121877157e-07,3.74316545518357e-07,-2.829173611837125e-07
7.384673950545755,1.998758613985535,0.0006206930072325149,1.2521715225983291e-06,3.7952863079449282e-06,0.32992807946453845,0.9971923703255551,0.9971929281108083,6.070002725718047e-07,-0.6099767380342173,-0.7888732486861466,-1.9953416936166806e-07,1.5973553974894287e-07,-5.648374541255543e-07,4.358114998510942e-07,-3.653032812111236e-07,2.76075954902572e-07,1.9953416059758952e-07,-1.597355349020514e-07,5.64837450571716e-07,-4.3581149465063677e-07,3.653032935290408e-07,-2.7607596494992124e-07
7.405017404954972,1.9987836129208167,0.0006081935395916164,1.2219735971143977e-06,3.703802616750757e-06,0.32992406009648567,0.9971925101069647,0.9971930678645651,6.069748751723813e-07,-0.6099373807871903,-0.7889038558226794,-1.9473003646966875e-07,1.5587338534262292e-07,-5.512368257979666e-07,4.25273745189476e-07,-3.5650678603320665e-07,2.694003550054867e-07,1.9473002831856948e-07,-1.5587338084554046e-07,5.512368225018998e-07,-4.2527374034731327e-07,3.56506797480373e-07,-2.6940036434473215e-07
7.425360859364189,1.9988081084294786,0.0005959457852606554,1.1925039349294161e-06,3.614523202551757e-06,0.3299201217155115,0.9971926470667454,0.9971932047972509,6.06949990448841e-07,-0.6098988146195476,-0.7889338446851252,-1.9004141444819795e-07,1.5210480493545639e-07,-5.379632637055149e-07,4.1499132653506185e-07,-3.479218462012539e-07,2.6288651709175036e-07,1.9004140686719137e-07,-1.5210480076296907e-07,5.37963260648567e-07,-4.149913220264845e-07,3.479218568392087e-07,-2.6288652577281527e-07
7.445704313773406,1.998832110649487,0.0005839446752565194,1.1637449731464208e-06,3.5273949930858894e-06,0.329916262688896,0.9971927812619867,0.9971933389659449,6.069256084123597e-07,-0.6098610236602426,-0.7889632278003187,-1.8546553284836583e-07,1.484275229560201e-07,-5.250089211083745e-07,4.049580335361925e-07,-3.395433854256763e-07,2.565305063828318e-07,1.8546552579756675e-07,-1.4842751908472957e-07,5.250089182732395e-07,-4.049580293381969e-07,3.395433953116106e-07,-2.5653051445211823e-07
7.466047768182623,1.9988556295146502,0.0005721852426748826,1.135679572411291e-06,3.4423661921910458e-06,0.3299124814168703,0.9971929127486191,0.9971934704265651,6.069017186226359e-07,-0.6098239923554554,-0.7889920174398017,-1.809996873644393e-07,1.4483931953705307e-07,-5.123661387045012e-07,3.9516780790838264e-07,-3.313664487114116e-07,2.5032848446309414e-07,1.809996808067537e-07,-1.448393159452457e-07,5.123661360751231e-07,-3.951678039995532e-07,3.3136645789847574e-07,-2.503284919637312e-07
7.486391222591839,1.9988786747587308,0.0005606626206345554,1.1082910066989799e-06,3.3593862491970393e-06,0.3299087763319516,0.997193041581435,0.9971935992338941,6.068783111804206e-07,-0.6097877054622989,-0.7890202256250838,-1.7664123826816742e-07,1.4133802913604134e-07,-5.000274401883324e-07,3.85614739666802e-07,-3.233861994823071e-07,2.4427670689169867e-07,1.766412321690972e-07,-1.4133802580356703e-07,5.000274377498142e-07,-3.856147360272013e-07,3.233862080198956e-07,-2.4427671386377397e-07
7.506734677001057,1.9989012559194737,0.0005493720402632221,1.081562953346016e-06,3.278405829048417e-06,0.32990514589828807,0.9971931678141143,0.9971937254416008,6.068553761016952e-07,-0.6097521480426498,-0.7890478641327932,-1.7238760887956426e-07,1.3792153919063747e-07,-4.879855279131055e-07,3.762930634539775e-07,-3.1559791677266187e-07,2.383715208748951e-07,1.7238760320702532e-07,-1.3792153609879733e-07,4.879855256516274e-07,-3.7629306006504406e-07,3.1559792470667925e-07,-2.383715273556691e-07
7.527078131410273,1.9989233823425525,0.0005383088287237498,1.0554794833233748e-06,3.199376783140803e-06,0.3299015886110228,0.9971932914992465,0.9971938491022645,6.068329043526637e-07,-0.6097173054570988,-0.7890749444997199,-1.6823628407333306e-07,1.3458778880801105e-07,-4.762332786544668e-07,3.6719715496024086e-07,-3.079969924844164e-07,2.3260936299712605e-07,1.6823627879748668e-07,-1.3458778593945282e-07,4.762332765572063e-07,-3.6719715180469395e-07,3.079969998575234e-07,-2.3260936902123133e-07
7.547421585819491,1.9989450631854395,0.0005274684072802355,1.0300250517438957e-06,3.1222521208539296e-06,0.32989810299566263,0.9971934126883527,0.9971939702673958,6.068108858552145e-07,-0.6096831633590193,-0.789101478027752,-1.6418480882012353e-07,1.313347674872428e-07,-4.647637394730592e-07,3.5832152743449537e-07,-3.005789287084904e-07,2.2698675700940644e-07,1.6418480391321887e-07,-1.3133476482586408e-07,4.647637375281214e-07,-3.583215244962474e-07,3.0057893556033327e-07,-2.2698676260903345e-07
7.567765040228708,1.998966307421194,0.000516846289403006,1.0051844885986248e-06,3.0469859817647785e-06,0.3298946876074677,0.9971935314319077,0.99719408898746,6.0678931219314e-07,-0.6096497076887523,-0.7891274757887081,-1.6023078676183874e-07,1.2816051387390712e-07,-4.535701236738631e-07,3.4966082828296195e-07,-2.933393351088201e-07,2.2150031167349216e-07,1.6023078219806693e-07,-1.2816051140476542e-07,4.535701218702121e-07,-3.496608255470349e-07,2.933393414762432e-07,-2.2150031687856123e-07
7.5881084946379245,1.9989871238421764,0.0005064380789117747,9.809429897165246e-07,2.9735336085247407e-06,0.32989134103084844,0.9971936477793617,0.9971942053118967,6.067681737759361e-07,-0.6096169246679056,-0.7891529486290695,-1.5637187882021475e-07,1.2506311454600213e-07,-4.426458068600667e-07,3.4120983575359913e-07,-2.8627392636765495e-07,2.1614671866037684e-07,1.5637187457557285e-07,-1.2506311225523132e-07,4.4264580518746447e-07,-3.412098332060485e-07,2.862739322848994e-07,-2.1614672349869857e-07
7.608451949047142,1.9990075210636875,0.0004962394681561915,9.572861079421889e-07,2.9018513203850397e-06,0.32988806187877634,0.9971937617791606,0.9971943192891431,6.067474622008561e-07,-0.6095848007937638,-0.7891779071746122,-1.5260580183792274e-07,1.2204070283041716e-07,-4.3198432307933225e-07,3.329634557039854e-07,-2.793785196907259e-07,2.1092275050171133e-07,1.5260579789008733e-07,-1.2204070070515008e-07,4.3198432152828115e-07,-3.329634533318288e-07,2.7937852518961293e-07,-2.109227549991353e-07
7.628795403456358,1.9990275075275339,0.0004862462362330366,9.341997445263041e-07,2.8318964873550483e-06,0.3298848487922077,0.9971938734787675,0.9971944309666526,6.067271684516313e-07,-0.6095533228338087,-0.7892023618349421,-1.4893032725145332e-07,1.1909145764914585e-07,-4.2157936106034597e-07,3.24916718450493e-07,-2.726490323709147e-07,2.0582525859276953e-07,1.4893032357966303e-07,-1.1909145567744237e-07,4.215793596220347e-07,-3.2491671624164354e-07,2.726490374810165e-07,-2.058252627733227e-07
7.649138857865576,1.9990470915055214,0.00047645424723931015,9.116701407237111e-07,2.7636275049784627e-06,0.3298817004395156,0.9971939829246819,0.997194540390915,6.067072842567862e-07,-0.6095224778203466,-0.7892263228079356,-1.4534327979505934e-07,1.1621360239447355e-07,-4.1142476053758663e-07,3.170647756966451e-07,-2.660814794090846e-07,2.0085117124562276e-07,1.4534327638000548e-07,-1.162136005652539e-07,4.1142475920384157e-07,-3.1706477363984976e-07,2.6608148415788376e-07,-2.0085117513163798e-07
7.669482312274792,1.999066281102879,0.00046685944856050777,8.896838695940953e-07,2.697003769712705e-06,0.3298786155159389,0.9971940901624599,0.9971946476074783,6.066878015404554e-07,-0.6094922530452416,-0.789249800084087,-1.4184253623505312e-07,1.1340540383239395e-07,-4.015145086623122e-07,3.0940289753861664e-07,-2.596719711907718e-07,1.9599749179122813e-07,1.4184253305877803e-07,-1.134054021353768e-07,4.015145074255506e-07,-3.094028956233985e-07,2.596719756038087e-07,-1.9599749540346366e-07
7.6898257666840095,1.9990850842616132,0.00045745786919336017,8.682278280003714e-07,2.63198565489716e-06,0.32987559274303707,0.997194195236733,0.9971947526609647,6.066687119041384e-07,-0.6094626360547515,-0.7892728034507644,-1.384260241337605e-07,1.1066517103352021e-07,-3.918427364977701e-07,3.0192646954586907e-07,-2.5341671121744626e-07,1.9126129672915637e-07,1.38426021179563e-07,-1.1066516945916514e-07,3.9184273535095795e-07,-3.0192646776247375e-07,2.5341671531845606e-07,-1.9126130008690691e-07
7.710169221093226,1.9991035087637954,0.0004482456181023554,8.472892288000467e-07,2.5685344872963547e-06,0.3298726308681591,0.9971942981912281,0.997194855595092,6.066500072523569e-07,-0.6094336146444663,-0.7892953424963789,-1.3509172064246104e-07,1.0799125433078878e-07,-3.8240371559672504e-07,2.9463098991499847e-07,-2.473119938911021e-07,1.866397339237395e-07,1.3509171789480842e-07,-1.0799125287024295e-07,3.8240371453333764e-07,-2.9463098825434443e-07,2.4731199770214256e-07,-1.8663973704493963e-07
7.730512675502443,1.9991215622347813,0.00043921888260935134,8.268555932248696e-07,2.506612524204323e-06,0.3298697286639224,0.9971943990687846,0.997194956452692,6.066316803529628e-07,-0.6094051768543451,-0.7893174266144634,-1.3183765132264583e-07,1.0538204430325955e-07,-3.7319185465939924e-07,2.8751206669489306e-07,-2.413542023509421e-07,1.8213002084543216e-07,1.318376487670921e-07,-1.0538204294830821e-07,3.731918536733833e-07,-2.875120651485249e-07,2.41354205892512e-07,-1.821300237467518e-07
7.75085612991166,1.9991392521463687,0.00043037392681562415,8.069147434442452e-07,2.4461829310968946e-06,0.32986688492770083,0.9971944979113733,0.9971950552757265,6.0661372310153e-07,-0.6093773109638511,-0.7893390650076695,-1.2866188899494878e-07,1.0283597078534513e-07,-3.6420169626998816e-07,2.805654150813738e-07,-2.3553980636096575e-07,1.777294428562254e-07,1.2866188661805874e-07,-1.0283596952836573e-07,3.6420169535572896e-07,-2.8056541364141926e-07,2.355398096521152e-07,-1.7772944555315954e-07
7.771199584320877,1.9991565858198885,0.00042170709005568725,7.874547953079758e-07,2.3872097598187917e-06,0.32986409848112797,0.9971945947601142,0.997195152105308,6.065961283435773e-07,-0.6093500054871823,-0.7893602666916794,-1.2556255261511494e-07,1.0035150190081365e-07,-3.554279137099424e-07,2.7378685477952494e-07,-2.298653602472852e-07,1.73435351537978e-07,1.255625504043932e-07,-1.0035150073473314e-07,3.5542791286223184e-07,-2.737868534386544e-07,2.298653633057177e-07,-1.7343535404492917e-07
7.791543038730094,1.9991735704292355,0.0004132147853822532,7.684641512640169e-07,2.329657927292958e-06,0.3298613681696031,0.9971946896552932,0.9971952469817136,6.065788882457574e-07,-0.6093232491685966,-0.7893810404990361,-1.2253780617638783e-07,9.792714312093152e-08,-3.4686530784625564e-07,2.671723074319823e-07,-2.2432750088402736e-07,1.6924516306256446e-07,1.2253780412021336e-07,-9.79271420391868e-08,3.468653070602625e-07,-2.671723061833716e-07,2.2432750372619514e-07,-1.692451653929201e-07
7.811886493139311,1.9991902130038366,0.00040489349808169934,7.499314934470096e-07,2.273493194739524e-06,0.32985869286181424,0.9971947826363801,0.9971953399444063,6.065619965715813e-07,-0.6092970309778275,-0.7894013950828954,-1.1958585763770676e-07,9.55614363461245e-08,-3.385088040930218e-07,2.6071779411147754e-07,-2.1892294572669658e-07,1.651563566027612e-07,1.195858557252714e-07,-9.55614353426257e-08,3.3850880336426496e-07,-2.6071779294877283e-07,2.1892294836788904e-07,-1.651563587689648e-07
7.832229947548528,1.9992065204315612,0.00039673978421943446,7.318457769334836e-07,2.218682147392421e-06,0.32985607144926526,0.9971948737420442,0.9971954310320467,6.065454449502853e-07,-0.609271340105592,-0.789421338920698,-1.1670495787712184e-07,9.325295901055659e-08,-3.303534494445792e-07,2.544194328759979e-07,-2.1364849089190564e-07,1.6116647278282925e-07,1.1670495609837357e-07,-9.325295807965295e-08,3.303534487689019e-07,-2.5441943179328344e-07,2.1364849334633152e-07,-1.6116647479644748e-07
7.852573401957745,1.9992224994615708,0.00038875026921455515,7.141962231597111e-07,2.1651921747017162e-06,0.329853502845816,0.9971949630101716,0.9971955202825142,6.065292278582167e-07,-0.6092461659591856,-0.7894408803177664,-1.138933996698466e-07,9.100032320904045e-08,-3.223944095785895e-07,2.482734363849563e-07,-2.085010092824032e-07,1.5727311216777647e-07,1.1389339801543665e-07,-9.100032234548876e-08,3.223944089521359e-07,-2.482734353767241e-07,2.0850101156326694e-07,-1.5727311403956049e-07
7.872916856366962,1.9992381567071136,0.0003809216464432052,6.969723134982793e-07,2.1129914510101173e-06,0.32985098598723206,0.9971950504778804,0.9971956077329192,6.065133374440529e-07,-0.6092214981581648,-0.7894600274108269,-1.1114951669037908e-07,8.880217484570727e-08,-3.146269660274293e-07,2.4227610957480735e-07,-2.0347744875634772e-07,1.5347393379030592e-07,1.1114951515161264e-07,-8.880217404464247e-08,3.146269654466235e-07,-2.4227610863592903e-07,2.034774508759202e-07,-1.5347393553024923e-07
7.893260310776179,1.99925349864826,0.0003732506758700649,6.801637829895789e-07,2.0620489166924256e-06,0.3298485198307407,0.9971951361815368,0.9971956934196208,6.064977676895961e-07,-0.6091973265301152,-0.7894787881714581,-1.0847168253813973e-07,8.665719280388326e-08,-3.070465134163296e-07,2.3642384739259943e-07,-1.9857483033980845e-07,1.4976665371449305e-07,1.0847168110693015e-07,-8.665719206079121e-08,3.070465128778545e-07,-2.3642384651829996e-07,1.9857483230949333e-07,-1.4976665533188467e-07
7.913603765185396,1.9992685316345853,0.0003657341827073928,6.637606142244351e-07,2.0123342597467867e-06,0.329846103354597,0.9971952201567703,0.9971957773782415,6.06482512232294e-07,-0.6091736411065016,-0.7894971704094681,-1.0585830978607756e-07,8.456408813662807e-08,-2.996485567666975e-07,2.307131325859701e-07,-1.93790246481484e-07,1.4614904363524482e-07,1.0585830845490398e-07,-8.456408744732028e-08,2.996485562674766e-07,-2.3071313177180367e-07,1.9379024831187877e-07,-1.4614904513871922e-07
7.933947219594613,1.9992832618877978,0.00035836905610107836,6.477530313742783e-07,1.963817897827078e-06,0.32984373555766194,0.9971953024384886,0.997195859643682,6.064675644512808e-07,-0.6091504321186025,-0.7895151817762016,-1.0330784905172052e-07,8.25216032774133e-08,-2.9242870886313277e-07,2.251405335481612e-07,-1.8912085934866887e-07,1.4261892951263773e-07,1.0330784781358805e-07,-8.25216026380034e-08,2.9242870840031233e-07,-2.2514053278998826e-07,1.891208610496219e-07,-1.426189309102207e-07
7.95429067400383,1.9992976955043138,0.0003511522478431485,6.321314943652612e-07,1.916470960705874e-06,0.3298414154589823,0.9971953830608926,0.9971959402501362,6.06452917889105e-07,-0.6091276899935225,-0.7895328297677782,-1.0081878809014504e-07,8.052851127042417e-08,-2.853826876826429e-07,2.1970270221663743e-07,-1.8456389916350125e-07,1.3917419024023644e-07,1.0081878693854818e-07,-8.052851067730627e-08,2.853826872535764e-07,-2.1970270151060368e-07,1.845639007441648e-07,-1.3917419153938828e-07
7.974634128413046,1.9993118384577795,0.000344080771110207,6.168866931928771e-07,1.8702652731577167e-06,0.32983914209738735,0.9971954620574902,0.9971960192311058,6.064385670894808e-07,-0.6091054053502847,-0.7895501217282642,-9.838965090836157e-08,7.858361501998876e-08,-2.7850631388462913e-07,2.1439637202395537e-07,-1.8011666257856362e-07,1.3581275634653488e-07,9.838964983724971e-08,-7.858361446981715e-08,2.7850631348686177e-07,-2.1439637136647207e-07,1.8011666404744297e-07,-1.3581275755419004e-07
7.994977582822264,1.9993256966015454,0.00033715169922727455,6.0200954237367e-07,1.8251733382526885e-06,0.32983691453108654,0.9971955394611114,0.9971960966194141,6.064245054131301e-07,-0.6090835689960006,-0.7895670648527782,-9.601899690061623e-08,7.66857465586464e-08,-2.7179550836021854e-07,2.0921835589954569e-07,-1.75776511090915e-07,1.3253260872867163e-07,9.601899590436211e-08,-7.668574604831678e-08,2.717955079914737e-07,-2.092183552872712e-07,1.7577651245591403e-07,-1.325326098512759e-07
8.01532103723148,1.999339275671087,0.00033036216445652664,5.87491175530756e-07,1.7811683210505284e-06,0.32983473183727813,0.997195615303921,0.9971961724472196,6.064107274167241e-07,-0.6090621719221149,-0.7895836661905321,-9.370542000412829e-08,7.483376633338471e-08,-2.6524628983957753e-07,2.0416554432112437e-07,-1.7154086949366778e-07,1.293317774176052e-07,9.370541907749816e-08,-7.483376586001685e-08,2.6524628949774394e-07,-2.0416554375094745e-07,1.7154087076213176e-07,-1.293317784611501e-07
8.035664491640697,1.9993525812863793,0.0003237093568104198,5.733229401099023e-07,1.7382240326856474e-06,0.3298325931117684,0.9971956896174327,0.99719624674603,6.063972275815e-07,-0.6090412053007254,-0.7895999326478105,-9.144754787478372e-08,7.302656250958223e-08,-2.588547725558445e-07,1.992349034144646e-07,-1.6740722436422716e-07,1.2620834037394456e-07,9.14475470129099e-08,-7.302656207050382e-08,2.588547722389635e-07,-1.9923490288348833e-07,1.6740722554298195e-07,-1.2620834134399944e-07
8.056007946049915,1.9993656189542226,0.00031719052288872143,5.594963922230305e-07,1.6963149148338093e-06,0.3298304974685937,0.9971957624325226,0.997196319546715,6.063839998940734e-07,-0.6090206604809754,-0.7896158709908867,-8.924404108232429e-08,7.126305029220886e-08,-2.5261716396436827e-07,1.9442347310030732e-07,-1.6337312258834271e-07,1.2316042231366019e-07,8.924404028067958e-08,-7.126304988494044e-08,2.5261716367062407e-07,-1.9442347260583413e-07,1.6337312368373173e-07,-1.2316042321540196e-07
8.076351400459131,1.999378394070522,0.00031080296473896124,5.460032916160815e-07,1.6554160245513542e-06,0.32982844403965317,0.9971958337794418,0.9971963908795194,6.063710388586422e-07,-0.6090005289855172,-0.7896314878488803,-8.709359232458078e-08,6.954217126384978e-08,-2.4652976251597415e-07,1.8972836528722119e-07,-1.5943616991914047e-07,1.2018619356292137e-07,8.709359157895453e-08,-6.954217088609096e-08,2.4652976224368233e-07,-1.8972836482673943e-07,1.5943617093705866e-07,-1.2018619440116203e-07
8.096694854868348,1.9993909119225204,0.00030454403873982446,5.328355967582085e-07,1.6155030194779852e-06,0.32982643197434736,0.9971959036878287,0.9971964607740764,6.063583392498745e-07,-0.6089808025070462,-0.7896467897165539,-8.499492566030084e-08,6.786289273912196e-08,-2.405889554829754e-07,1.8514676210923574e-07,-1.5559402957030843e-07,1.1728386894131349e-07,8.499492496677694e-08,-6.786289238873842e-08,2.40588955230574e-07,-1.8514676168040673e-07,1.5559403051623393e-07,-1.1728386972052618e-07
8.117038309277566,1.999403177690986,0.0002984111545070377,5.199854600494127e-07,1.5765521433945492e-06,0.32982446043922614,0.9971959721867227,0.9971965292594189,6.063458955509312e-07,-0.6089614729049037,-0.789661782957054,-8.294679576014565e-08,6.622420713507512e-08,-2.3479121683672293e-07,1.8067591420713069e-07,-1.518444208426496e-07,1.1445170667272772e-07,8.294679511508183e-08,-6.622420681008666e-08,2.3479121660276322e-07,-1.8067591380777678e-07,1.5184442172167322e-07,-1.1445170739707023e-07
8.137381763686783,1.9994151964523574,0.00029240177382128653,5.074452231437487e-07,1.5385402121272901e-06,0.32982252861764366,0.997196039304575,0.9971965963639934,6.063337030224199e-07,-0.6089425322017462,-0.7896764738045935,-8.094798717542898e-08,6.462513135717083e-08,-2.2913310517547923e-07,1.7631313905227196e-07,-1.48185117783218e-07,1.1168800732321827e-07,8.094798657543769e-08,-6.462513105574024e-08,2.2913310495861797e-07,-1.7631313868036545e-07,1.4818511860007073e-07,-1.1168800799655545e-07
8.157725218096,1.9994269731808445,0.0002865134095777188,4.952074123852923e-07,1.5014445997902566e-06,0.32982063570941617,0.9971961050692615,0.9971966621156693,6.063217560943498e-07,-0.6089239725802823,-0.7896908683670802,-7.89973136241817e-08,6.306470620044457e-08,-2.2361126170143375e-07,1.7205581931191329e-07,-1.4461394787626982e-07,1.0899111276514296e-07,7.899731306611228e-08,-6.306470592086738e-08,2.2361126150042516e-07,-1.7205581896556612e-07,1.4461394863534798e-07,-1.0899111339106743e-07
8.178068672505216,1.9994385127504868,0.0002807436247566073,4.832647343541954e-07,1.4652432253578773e-06,0.3298187809304907,0.9971961695080939,0.9971967265417537,6.063100503411964e-07,-0.6089057863800722,-0.7897049726286905,-7.709361729414429e-08,6.154199576547384e-08,-2.1822240824572895e-07,1.6790140125493364e-07,-1.4112879076529723e-07,1.0635940516693333e-07,7.709361677506642e-08,-6.154199550616866e-08,2.1822240805941757e-07,-1.6790140093238775e-07,1.411287914706865e-07,-1.0635940574878456e-07
8.198412126914434,1.9994498199371704,0.0002750900314147389,4.7161007152012806e-07,1.4299145395596988e-06,0.32981696351262146,0.9971962326478315,0.9971967896690004,6.062985805487493e-07,-0.6088879660943928,-0.7897187924523905,-7.523576816228495e-08,6.005608688877322e-08,-2.1296334534035325e-07,1.638473931969748e-07,-1.3772757700540468e-07,1.037913060078375e-07,7.523576767947318e-08,-6.005608664827293e-08,2.1296334516766798e-07,-1.6384739289659307e-07,1.377275776609018e-07,-1.037913065487196e-07
8.21875558132365,1.9994608994206058,0.0002695502896971168,4.6023647800055923e-07,1.3954375120897179e-06,0.32981518270304955,0.9971962945146928,0.9971968515236224,6.062873419152775e-07,-0.6088705043671636,-0.7897323335824041,-7.34226633304635e-08,5.860608858725921e-08,-2.0783095033582435e-07,1.598913639840016e-07,-1.3440828684532782e-07,1.0128527511701652e-07,7.3422662881383e-08,-5.860608836420268e-08,2.0783095017577165e-07,-1.5989136370425975e-07,1.3440828745446108e-07,-1.0128527561981501e-07
8.239099035732867,1.999471755786263,0.0002641221068685614,4.4913717542130453e-07,1.3617916191226527e-06,0.32981343776419,0.9971963551343653,0.9971969121313026,6.062763299713136e-07,-0.6088533939899347,-0.789745601646632,-7.16532263768567e-08,5.719113151642517e-08,-2.02822175563568e-07,1.5603094151330353e-07,-1.3116894903838788e-07,9.883980973637141e-08,7.165322595914986e-08,-5.719113130954964e-08,2.028221754152268e-07,-1.5603094125278208e-07,1.311689496044361e-07,-9.883981020376848e-08
8.259442490142083,1.9994823935272703,0.0002588032363648169,4.383055488769209e-07,1.3289568311299424e-06,0.32981172797332525,0.9971964145320177,0.997196971517204,6.06265539806772e-07,-0.6088366278989329,-0.7897586021590193,-6.992640672278328e-08,5.5810367441888045e-08,-1.9793404654196698e-07,1.5226381129101145e-07,-1.2800763968171578e-07,9.645344360651388e-08,6.992640633425732e-08,-5.5810367250021973e-08,1.9793404640448294e-07,-1.5226381104838876e-07,1.2800764020772597e-07,-9.645344404100275e-08
8.279785944551302,1.9994928170462745,0.0002535914768627636,4.277351429884998e-07,1.296913600988187e-06,0.3298100526223071,0.9971964727323092,0.9971970297059818,6.062549675579608e-07,-0.6088201991721688,-0.7897713405218753,-6.824117901456166e-08,5.446296872396572e-08,-1.931636602250365e-07,1.4858771502519897e-07,-1.249224810830705e-07,9.412474607529044e-08,6.824117865317714e-08,-5.446296854602228e-08,1.9316366009761748e-07,-1.4858771479924425e-07,1.249224815718741e-07,-9.412474647918873e-08
8.300129398960518,1.9995030306572612,0.00024848467136935745,4.174196580565449e-07,1.2656428523731536e-06,0.329808411017262,0.9971965297594008,0.9971970867217916,6.062446084223776e-07,-0.6088041010265997,-0.7897838220281455,-6.659654252005383e-08,5.314812781496308e-08,-1.885081832927426e-07,1.4500044925368645e-07,-1.2191164065461362e-07,9.185232122830137e-08,6.659654218391394e-08,-5.3148127649933983e-08,1.8850818317465416e-07,-1.4500044904325366e-07,1.2191164110884205e-07,-9.18523216037634e-08
8.320472853369735,1.999513038587342,0.0002434807063289118,4.073529463066059e-07,1.2351259684324057e-06,0.3298068024783004,0.9971965856369647,0.9971971425883012,6.062344579869322e-07,-0.6087883268153491,-0.7897960518636364,-6.499152053954515e-08,5.186505676884317e-08,-1.8396485048196871e-07,1.4149986400566564e-07,-1.1897332983299676e-07,8.963480704085421e-08,6.499152022688563e-08,-5.1865056615793025e-08,1.839648503725298e-07,-1.414998638096876e-07,1.1897333025509523e-07,-8.963480738988254e-08
8.340816307778953,1.9995228449785032,0.00023857751074836045,3.975290082254653e-07,1.2053447807299596e-06,0.3298052263392395,0.9971966403881949,0.9971971973286998,6.062245122698176e-07,-0.6087728700249825,-0.7898080351091957,-6.342515983062917e-08,5.061298676297783e-08,-1.7953096295719074e-07,1.3808386149630848e-07,-1.1610580302515175e-07,8.747087455082244e-08,6.342515953980916e-08,-5.061298662103889e-08,1.7953096285577003e-07,-1.3808386131379138e-07,1.1610580341739259e-07,-8.747087487527854e-08
8.36115976218817,1.9995324538893198,0.00023377305534013617,3.879419889856785e-07,1.1762815584564725e-06,0.32980368194732185,0.9971966940358161,0.9971972509657079,6.062147668254421e-07,-0.6087577242728358,-0.789819776742846,-6.189653004676632e-08,4.939116763167348e-08,-1.7520388671991993e-07,1.347503948535283e-07,-1.133073565791754e-07,8.535922705188141e-08,6.189652977625961e-08,-4.939116750004074e-08,1.752038866259318e-07,-1.3475039468354684e-07,1.1330735694367032e-07,-8.53592273534957e-08
8.381503216597386,1.9995418692966354,0.0002290653516823062,3.785861749563253e-07,1.1479189978985032e-06,0.32980216866294876,0.9971967466020941,0.9971973035215865,6.06205217984437e-07,-0.6087428833043981,-0.7898312816418764,-6.040472318919324e-08,4.8198867411175714e-08,-1.7098105105599667e-07,1.3149746687608525e-07,-1.10576327779714e-07,8.329859930660933e-08,6.04047229375804e-08,-4.8198867289102365e-08,1.7098105096889826e-07,-1.3149746671777773e-07,1.1057632811842537e-07,-8.329859958699028e-08
8.401846671006602,1.9995510950972089,0.00022445245139562478,3.6945599029792307e-07,1.1202402121607974e-06,0.329800685859411,0.9971967981088443,0.997197355018147,6.061958613999103e-07,-0.6087283409907464,-0.78984255458489,-5.8948853071873965e-08,4.703537189587006e-08,-1.6685994701985775e-07,1.2832312882226175e-07,-1.0791109386727989e-07,8.128775677896234e-08,5.894885283783471e-08,-4.7035371782663333e-08,1.6685994693914573e-07,-1.283231286748258e-07,1.079110941820313e-07,-8.128775703960515e-08
8.42219012541582,1.9995601351093257,0.00021993244533715598,3.6054599363944095e-07,1.0932287211353898e-06,0.32979923292263147,0.9971968485774416,0.99719740547676,6.061866938229128e-07,-0.6087140913260303,-0.7898536002538105,-5.752805479918101e-08,4.5899984205394805e-08,-1.6283812595489184e-07,1.2522547922833309e-07,-1.0531007108092591e-07,7.93254948856326e-08,5.7528054581487425e-08,-4.589998410041204e-08,1.6283812588009952e-07,-1.2522547909102142e-07,1.0531007137341192e-07,-7.932549512792713e-08
8.442533579825037,1.9995689930743796,0.00021550346281013735,3.5185087483546386e-07,1.0668684417117411e-06,0.3297978092509095,0.9971968980288285,0.9971974549183636,6.061777109709139e-07,-0.6087001284250086,-0.789864423235846,-5.614148425601184e-08,4.479202436239735e-08,-1.5891319804904685e-07,1.2220266275609882e-07,-1.027717137237364e-07,7.741063826582374e-08,5.614148405352177e-08,-4.479202426504237e-08,1.5891319797974153e-07,-1.2220266262821566e-07,1.0277171399553188e-07,-7.741063849106198e-08
8.462877034234253,1.9995776726584205,0.00021116367078975162,3.433654518015425e-07,1.0411436782220227e-06,0.32979641425467143,0.9971969464835244,0.9971975033634738,6.061689090686989e-07,-0.6086864465206333,-0.7898750280254145,-5.478831761004254e-08,4.371082888066476e-08,-1.550828309248435e-07,1.1925286906873968e-07,-1.0029451325058757e-07,7.554204006897722e-08,5.478831742169376e-08,-4.371082879038453e-08,1.5508283086062407e-07,-1.1925286894963703e-07,1.0029451350315587e-07,-7.554204027836016e-08
8.48322048864347,1.999586177453671,0.00020691127316449355,3.350846674258777e-07,1.0160391131160272e-06,0.3297950473562256,0.9971969939616344,0.9971975508321912,6.06160284631027e-07,-0.6086730399616821,-0.7898854190260285,-5.346775082583875e-08,4.265575036337383e-08,-1.513447482629993e-07,1.1637433173430352e-07,-9.787699737766057e-08,7.371858126000872e-08,5.3467750650643216e-08,-4.2655750279655334e-08,1.513447482034938e-07,-1.1637433162337806e-07,9.787699761236169e-08,-7.371858145465273e-08
8.503563943052688,1.9995945109800144,0.0002027445099928117,3.2700358655546646e-07,9.91539797860107e-07,0.3297937079895227,0.9971970404828573,0.9971975973442107,6.061518339690687e-07,-0.6086599032104391,-0.7898956005521415,-5.217899919053922e-08,4.162615711120499e-08,-1.4769672845885624e-07,1.1356532715612238e-07,-9.55177292131857e-08,7.193916994161128e-08,5.217899902757796e-08,-4.162615703357236e-08,1.4769672840371993e-07,-1.1356532705281222e-07,9.551772943128339e-08,-7.193917012255417e-08
8.523907397461905,1.9996026766864505,0.0001986616567747221,3.191173930549442e-07,9.67631144054857e-07,0.3297923955999217,0.9971970860664935,0.997197642918829,6.061435538238703e-07,-0.6086470308404199,-0.7899055768309567,-5.092129685084358e-08,4.062143274007772e-08,-1.4413660331085e-07,1.108241735294984e-07,-9.32153064089241e-08,7.020274069320626e-08,5.092129669926187e-08,-4.062143266808951e-08,1.4413660325976312e-07,-1.1082417343328031e-07,9.321530661159272e-08,-7.020274086141266e-08
8.544250851871121,1.9996106779525238,0.0001946610237380868,3.114213869363383e-07,9.44298914766223e-07,0.3297911096439583,0.997197130731454,0.9971976875749533,6.061354404750969e-07,-0.6086344175341444,-0.7899153520041988,-4.969389636103345e-08,3.964097580826451e-08,-1.4066225674025118e-07,1.0814922982399498e-07,-9.096836033188814e-08,6.850825392612049e-08,4.96938962200363e-08,-3.964097574151124e-08,1.406622566929175e-07,-1.0814922973438168e-07,9.096836052021907e-08,-6.850825408248718e-08
8.564594306280338,1.9996185180897215,0.00019074095513926833,3.039109815580521e-07,9.215292160649835e-07,0.3297898495891216,0.9971971744962674,0.9971977313311086,6.061274904923113e-07,-0.608622058080951,-0.7899249301298489,-4.849606824177039e-08,3.8684199452653525e-08,-1.372716235414525e-07,1.0553889479070507e-07,-8.877555525583057e-08,6.685469525459227e-08,4.849606811061835e-08,-3.8684199390755375e-08,1.3727162349759723e-07,-1.0553889470724277e-07,8.877555543083798e-08,-6.685469539995279e-08
8.584937760689556,1.9996262003428442,0.0001868998285778659,2.9658170089139354e-07,8.993084887695902e-07,0.3297886149136307,0.9971972173790884,0.9971977742054462,6.061197011463054e-07,-0.6086099473748575,-0.7899343151838449,-4.732710054941416e-08,3.77505310339307e-08,-1.3396268816207213e-07,1.0299160599387053e-07,-8.663558757202981e-08,6.524107488220874e-08,4.732710042741951e-08,-3.775053097653533e-08,1.3396268812144057e-07,-1.029916059161367e-07,8.663558773465609e-08,-6.524107501733801e-08
8.605281215098772,1.9996337278913494,0.00018313605432525317,2.894291768530218e-07,8.776235003874661e-07,0.3297874051062219,0.9971972593977049,0.99719781621575,6.061120685760671e-07,-0.6085980804124621,-0.7899435110617465,-4.6186298455612964e-08,3.683941179045975e-08,-1.3073348351216955e-07,1.0050583886624762e-07,-8.454718501891575e-08,6.366642700339152e-08,4.6186298342136006e-08,-3.683941173724035e-08,1.3073348347452566e-07,-1.0050583879384876e-07,8.454718517003668e-08,-6.366642712900982e-08
8.625624669507989,1.9996411038506667,0.00017944807466663455,2.824491467017252e-07,8.564613372500575e-07,0.32978621966593186,0.997197300569545,0.9971978573794448,6.061045895456446e-07,-0.6085864522908879,-0.7899525215803658,-4.5072983836923557e-08,3.5950296500644855e-08,-1.2758208980188698e-07,9.808010578763029e-08,-8.250910593009109e-08,6.212980921955738e-08,4.5072983731369315e-08,-3.59502964512983e-08,1.2758208976701188e-07,-9.808010572019997e-08,8.250910607052056e-08,-6.212980933633432e-08
8.645968123917207,1.9996483312734874,0.00017583436325635426,2.7563745049797555e-07,8.3580939683693e-07,0.32978505810189357,0.9971973409116857,0.9971978977136048,6.060972617474996e-07,-0.608575058205768,-0.7899613504793654,-4.398649487422345e-08,3.508265315356482e-08,-1.2450663340684155e-07,9.57129551859545e-08,-8.052013850031136e-08,6.063030196958868e-08,4.398649477603851e-08,-3.508265310780992e-08,1.2450663337453233e-07,-9.571295512315144e-08,8.052013863080561e-08,-6.063030207814668e-08
8.666311578326424,1.9996554131510276,0.00017229342448618786,2.689900286247547e-07,8.156553802844489e-07,0.32978391993313155,0.9971973804408586,0.9971979372349575,6.060900813627245e-07,-0.60856389344927,-0.7899700014228237,-4.292618566168518e-08,3.423596262767493e-08,-1.215052857606153e-07,9.340297066042717e-08,-7.8579100069001e-08,5.9167007974260534e-08,4.292618557035481e-08,-3.423596258525089e-08,1.215052857306839e-07,-9.340297060193362e-08,7.857910019026285e-08,-5.91670080751782e-08
8.68665503273564,1.9996623524142674,0.0001688237928663524,2.625029193681556e-07,7.959872850745348e-07,0.32978280468836296,0.9971974191734576,0.9971979759598939,6.060830455021633e-07,-0.6085529534081613,-0.7899784780007674,-4.189142582508345e-08,3.340971837737398e-08,-1.1857626227369376e-07,9.114877012612649e-08,-7.668483642088447e-08,5.7739051694274166e-08,4.1891425740128907e-08,-3.340971833803888e-08,1.1857626224596585e-07,-9.114877007164646e-08,7.6684836533567e-08,-5.773905178808936e-08
8.706998487144856,1.999669151935162,0.00016542403241898488,2.561722565563422e-07,7.767933978992606e-07,0.329781711905801,0.9971974571255455,0.9971980139044737,6.060761519862376e-07,-0.6085422335619116,-0.7899867837306735,-4.088160014921796e-08,3.260342612724481e-08,-1.1571782127823605e-07,8.894900497955018e-08,-7.483622110333396e-08,5.634557880156476e-08,4.088160007019393e-08,-3.260342609077428e-08,1.1571782125255006e-07,-8.894900492880804e-08,7.48362212080441e-08,-5.6345578888777475e-08
8.727341941554075,1.9996758145278324,0.00016209273608383274,2.499942672554371e-07,7.580622876969979e-07,0.3297806411329636,0.9971974943128608,0.9971980510844322,6.060693968800324e-07,-0.6085317294808348,-0.789994922058941,-3.989610821423272e-08,3.181660357377565e-08,-1.1292826299805519e-07,8.68023592845847e-08,-7.303215476003027e-08,5.498575566354957e-08,3.9896108140725e-08,-3.1816603539961576e-08,1.129282629742613e-07,-8.680235923732383e-08,7.303215485733195e-08,-5.498575574462458e-08
8.747685395963291,1.9996823429497281,0.0001588285251359147,2.4396526952098474e-07,7.397827988560557e-07,0.32977959192648737,0.9971975307508242,0.9971980875151868,6.060627780471744e-07,-0.6085214368242664,-0.7900028963623307,-3.893436404062405e-08,3.104878009437913e-08,-1.1020592854321912e-07,8.470754897839699e-08,-7.127156448055601e-08,5.365876884000043e-08,3.89343639722474e-08,-3.10487800630285e-08,1.1020592852117852e-07,-8.470754893437832e-08,7.127156457097333e-08,-5.36587689153698e-08
8.768028850372508,1.9996887399027703,0.00015563004861490515,2.3808167020362883e-07,7.219440445817406e-07,0.32977856385194204,0.997197566454545,0.9971981232118445,6.060562926960681e-07,-0.6085113513387784,-0.7900107099493782,-3.799579574272836e-08,3.029949646352663e-08,-1.0754919892868006e-07,8.266332109674811e-08,-6.95534031655371e-08,5.236382459222354e-08,3.799579567912444e-08,-3.0299496434460415e-08,1.0754919890826406e-07,-8.266332105574904e-08,6.955340324955708e-08,-5.236382466228888e-08
8.788372304781724,1.999695008034468,0.0001524959827660132,2.323399628077165e-07,7.04535400422967e-07,0.32977755648365076,0.9971976014388277,0.9971981581892062,6.060499380643106e-07,-0.6085014688564298,-0.7900183660617762,-3.7079845190491634e-08,2.956830457582372e-08,-1.0495649411636986e-07,8.066845301825579e-08,-6.787664890696884e-08,5.1100148404246324e-08,3.707984513132715e-08,-2.956830454887587e-08,1.0495649409745917e-07,-8.0668452980069e-08,6.787664898504402e-08,-5.1100148469380993e-08
8.808715759190942,1.9997011499390158,0.00014942503049211896,2.2673672540154164e-07,6.875464979545554e-07,0.32977656940451494,0.9971976357181779,0.9971981924617748,6.060437113176049e-07,-0.6084917852930513,-0.7900258678757291,-3.618596767932247e-08,2.8854767175854324e-08,-1.0242627208020027e-07,7.872175172713292e-08,-6.62403043833631e-08,4.986698451571199e-08,3.618596762428742e-08,-2.8854767150870833e-08,1.0242627206268444e-07,-7.872175169156539e-08,6.624030445591407e-08,-4.986698457626307e-08
8.829059213600159,1.999707168158366,0.00014641592081694445,2.2126861857798234e-07,6.709672186114936e-07,0.3297756022058393,0.9971976693068081,0.9971982260437601,6.060376103200209e-07,-0.608482296646565,-0.7900332185032803,-3.5313631607837235e-08,2.8158457594626254e-08,-9.99570278934242e-08,7.682205309394611e-08,-6.464339626936452e-08,4.8663595466192586e-08,3.531363155664325e-08,-2.815845757146429e-08,9.995702787720073e-08,-7.682205306081799e-08,6.464339633678207e-08,-4.866359552248269e-08
8.849402668009375,1.999713065183282,0.00014346740835903275,2.1593238346432196e-07,6.547876876715135e-07,0.3297746544871633,0.9971977022186442,0.9971982589490853,6.060316321501888e-07,-0.6084729989953377,-0.7900404209936119,-3.4462318163310325e-08,2.7478959492455675e-08,-9.754729283782879e-08,7.496822117395025e-08,-6.30849746594933e-08,4.748926165063922e-08,3.44623181156892e-08,-2.7478959470982785e-08,9.754729282280266e-08,-7.496822114309414e-08,6.308497472214058e-08,-4.7489261702968296e-08
8.869746122418594,1.9997188434543673,0.00014057827281632206,2.1072483978006218e-07,6.389982683824146e-07,0.32977372585609555,0.997197734467331,0.997198291191392,6.060257742304011e-07,-0.6084638884965665,-0.7900474783343185,-3.363152101464632e-08,2.6815866608131017e-08,-9.519563353423918e-08,7.315914752256398e-08,-6.156411250567702e-08,4.63432808856936e-08,3.363152097034858e-08,-2.681586658822432e-08,9.519563352032249e-08,-7.315914749382392e-08,6.156411256389152e-08,-4.634328093434042e-08
8.89008957682781,1.9997245053630779,0.00013774731846109958,2.0564288394157994e-07,6.235895562306886e-07,0.3297728159281505,0.9971977660662378,0.9971983227840476,6.060200344804957e-07,-0.6084549613846971,-0.7900543934526546,-3.2820746012696466e-08,2.6168782514202548e-08,-9.290065109383141e-08,7.139375052756549e-08,-6.007990506824683e-08,4.5224967986594327e-08,3.282074597149007e-08,-2.6168782495748112e-08,9.290065108094252e-08,-7.139375050079626e-08,6.007990512234218e-08,-4.522496803181806e-08
8.910433031237027,1.9997300532527098,0.0001349733736451238,2.0068348721248255e-07,6.085523733479987e-07,0.3297719243265893,0.9971977970284641,0.9971983537401488,6.060144107330781e-07,-0.6084462139698736,-0.7900611692167566,-3.202951089774266e-08,2.553732037824455e-08,-9.066098028975128e-08,6.967097475759126e-08,-5.863146938007264e-08,4.413365435441358e-08,3.202951085941178e-08,-2.553732036113671e-08,9.066098027781459e-08,-6.967097473265756e-08,5.863146943034025e-08,-4.4133654396455166e-08
8.930776485646243,1.9997354894193706,0.00013225529031471483,1.9584369389857897e-07,5.938777630522659e-07,0.32977105068226503,0.997197827366845,0.9971983840725275,6.060088996777945e-07,-0.6084376426364198,-0.7900678084368407,-3.125734501398188e-08,2.4921102729945457e-08,-8.847528874856641e-08,6.798979032654243e-08,-5.7217943723530714e-08,4.306868757337339e-08,3.125734497832573e-08,-2.4921102714086207e-08,8.847528873751196e-08,-6.798979030331834e-08,5.721794377024138e-08,-4.3068687612456784e-08
8.951119940055461,1.9997408161129289,0.00012959194353560845,1.9112061958637254e-07,5.795569845200833e-07,0.3297701946334661,0.9971978570939567,0.9971984137937582,6.060034999565779e-07,-0.6084292438413496,-0.7900743138663747,-3.050378903084149e-08,2.4319761233879996e-08,-8.634227616107106e-08,6.634919227350047e-08,-5.5838487119992944e-08,4.202943101798912e-08,3.0503788997673355e-08,-2.4319761219178453e-08,8.634227615083385e-08,-6.634919225186865e-08,5.583848716339833e-08,-4.202943105432253e-08
8.971463394464678,1.9997460355379453,0.00012698223102738024,1.8651144942404215e-07,5.655815075873315e-07,0.32976935582577,0.9971978862221215,0.9971984429161607,6.059982091653864e-07,-0.6084210141129089,-0.7900806882032281,-2.976839467096592e-08,2.3732936467825453e-08,-8.426067351199007e-08,6.474819995777549e-08,-5.449227883154458e-08,4.1015263469801664e-08,2.9768394640112118e-08,-2.3732936454197335e-08,8.426067350250998e-08,-6.47481999376267e-08,5.449227887187853e-08,-4.1015263503578625e-08
8.991806848873894,1.9997511498545855,0.00012442507270724268,1.8201343644387073e-07,5.519430076748914e-07,0.329768533911895,0.9971979147634131,0.9971984714518057,6.059930248240035e-07,-0.6084129500491455,-0.7900869340907969,-2.9050724444713236e-08,2.3160277706483635e-08,-8.222924232812568e-08,6.318585646870916e-08,-5.317851787463421e-08,4.0025578743458395e-08,2.905072441601218e-08,-2.3160277693850777e-08,8.222924231934698e-08,-6.318585644994165e-08,5.317851791211402e-08,-4.002557877485882e-08
9.01215030328311,1.999756161179514,0.0001219194102430319,1.7762389992513662e-07,5.386333608364808e-07,0.32976772855155545,0.9971979427296616,0.9971984994125215,6.059879447987637e-07,-0.6084050483165073,-0.7900930541191068,-2.8350351391009108e-08,2.260144271047726e-08,-8.024677394451415e-08,6.166122804987407e-08,-5.189642254537645e-08,3.905978532191615e-08,2.8350351364310527e-08,-2.2601442698767175e-08,8.024677393638512e-08,-6.166122803239307e-08,5.189642258020407e-08,-3.905978535110731e-08
9.032493757692329,1.9997610715867695,0.00011946420661519489,1.733402237964835e-07,5.25644638925658e-07,0.3297669394113217,0.9971979701324584,0.9971985268098971,6.059829673854394e-07,-0.6083973056484703,-0.790099050825893,-2.7666858824405825e-08,2.2056097520490116e-08,-7.831208878815994e-08,6.017340353731262e-08,-5.064522995622736e-08,3.8117306000540044e-08,2.7666858799569952e-08,-2.2056097509635584e-08,7.831208878063279e-08,-6.017340352102984e-08,5.0645229988590435e-08,-3.81173060276774e-08
9.052837212101545,1.999765883108625,0.00011705844568759858,1.6915985507681767e-07,5.129691048791324e-07,0.32976616616448223,0.9971979969831608,0.9971985536552878,6.059780903646503e-07,-0.6083897188441916,-0.7901049266976592,-2.699984008819847e-08,2.1523916256424548e-08,-7.642403567892923e-08,5.8721493811469947e-08,-4.942419558376144e-08,3.719757753987894e-08,2.6999840065095265e-08,-2.152391624636324e-08,7.642403567195955e-08,-5.87214937963032e-08,4.9424195613834353e-08,-3.719757756510702e-08
9.073180666510762,1.999770597736426,0.00011470113178697991,1.6508030235380604e-07,5.005992081135996e-07,0.3297654084909076,0.9971980232928974,0.9971985799598193,6.059733113519277e-07,-0.6083822847671921,-0.7901106841707136,-2.634889831345458e-08,2.100458092145329e-08,-7.458149114719428e-08,5.730463126248566e-08,-4.823259282728675e-08,3.630005032690539e-08,2.6348898291963112e-08,-2.1004580912127396e-08,7.458149114074101e-08,-5.73046312483584e-08,4.823259285523153e-08,-3.6300050350358546e-08
9.093524120919978,1.9997752174214183,0.00011239128929086699,1.6109913429906482e-07,4.885275800333583e-07,0.3297646660769171,0.9971980490725719,0.997198605734394,6.059686288942741e-07,-0.6083750003440629,-0.790116325632185,-2.571364618381608e-08,2.049778121084496e-08,-7.278335876782942e-08,5.592196926851456e-08,-4.7069712578038674e-08,3.5424188044510775e-08,2.5713646163823852e-08,-2.049778120220089e-08,7.278335876185445e-08,-5.5921969255355495e-08,4.706971260400589e-08,-3.542418806631394e-08
9.113867575329197,1.9997797440755525,0.0001101279622237974,1.572139782191595e-07,4.767470296460633e-07,0.32976393861514997,0.9971980743328683,0.997198630989693,6.05964040424493e-07,-0.6083678625631995,-0.790121853421018,-2.5093705705936513e-08,2.000321432544679e-08,-7.102856851016972e-08,5.457268168675813e-08,-4.5934862798701535e-08,3.456946734905429e-08,2.509370568733889e-08,-2.0003214317434824e-08,7.102856850463779e-08,-5.457268167450086e-08,4.5934862822831134e-08,-3.4569467369323554e-08
9.134211029738413,1.9997841795722766,0.00010791021386166902,1.5342251864154562e-07,4.652505392839972e-07,0.3297632258044387,0.9971980990842548,0.9971986557361828,6.059595447250825e-07,-0.6083608684735607,-0.7901272698289474,-2.4488707985418554e-08,1.952058478970913e-08,-6.931607610354983e-08,5.32559623568924e-08,-4.482736811300991e-08,3.3735377555766125e-08,2.4488707968118204e-08,-1.9520584782283187e-08,6.931607609842824e-08,-5.3255962345475065e-08,4.4827368135431906e-08,-3.3735377574609445e-08
9.15455448414763,1.9997885257473118,0.00010573712634405648,1.4972249593461252e-07,4.5403126042834516e-07,0.3297625273496815,0.9971981233369887,0.9971986799841185,6.059551393703932e-07,-0.608354015183452,-0.7901325771014535,-2.3898293008121316e-08,1.9049604274141206e-08,-6.76448624180533e-08,5.1971024616589564e-08,-4.374656940519065e-08,3.2921420331813526e-08,2.389829299202769e-08,-1.9049604267258543e-08,6.764486241331176e-08,-5.197102460595456e-08,4.374656942602587e-08,-3.292142034933122e-08
9.174897938556848,1.9997927843994112,0.00010360780029433648,1.461117049610053e-07,4.430825096339769e-07,0.3297618429617223,0.9971981471011201,0.9971987037435487,6.059508229061591e-07,-0.6083472998593341,-0.7901377774386974,-2.3322109426708984e-08,1.8589991422088777e-08,-6.601393286010802e-08,5.071710082883537e-08,-4.269182342900965e-08,3.212710939684044e-08,2.332210941173788e-08,-1.8589991415709768e-08,6.601393285571844e-08,-5.071710081892906e-08,4.2691823448370375e-08,-3.21271094131258e-08
9.195241392966064,1.9997969572911052,0.00010152135444746294,1.4258799376342665e-07,4.323977645523439e-07,0.3297611723572305,0.9971981703864965,0.9971987270243187,6.059465934028555e-07,-0.6083407197246544,-0.7901428729964383,-2.275981435231668e-08,1.8141471680728488e-08,-6.442231678257614e-08,4.949344192075492e-08,-4.1662502426196037e-08,3.135197023079897e-08,2.275981433838976e-08,-1.8141471674816387e-08,6.442231677851256e-08,-4.949344191152731e-08,4.166250244418659e-08,-3.13519702459387e-08
9.21558484737528,1.9998010461494296,9.947692528523638e-05,1.3914926228212616e-07,4.2197066005010176e-07,0.3297605152585836,0.997198193202767,0.997198749836075,6.059424488324647e-07,-0.6083342720587029,-0.7901478658869306,-2.2211073151209893e-08,1.770377713617425e-08,-6.286906690898805e-08,4.829931693366089e-08,-4.065799375401664e-08,3.059553978889135e-08,2.2211073138254296e-08,-1.7703777130694986e-08,6.286906690522638e-08,-4.829931692506547e-08,4.065799377073396e-08,-3.059553980296607e-08
9.235928301784497,1.9998050526666422,9.747366667892007e-05,1.3579346110332413e-07,4.1179498442119326e-07,0.3297598713937504,0.9971982155593856,0.997198772188271,6.059383882162062e-07,-0.6083279541954902,-0.7901527581798043,-2.1675559246320172e-08,1.727664635259632e-08,-6.135325877158806e-08,4.713401258405342e-08,-3.9677699521785914e-08,2.9857366223450625e-08,2.167555923426811e-08,-1.7276646347518298e-08,6.135325876810594e-08,-4.713401257604683e-08,3.967769953732013e-08,-2.9857366236535266e-08
9.256271756193716,1.9998089785009219,9.551074953905196e-05,1.3251859023781667e-07,4.018646756901139e-07,0.32975924049618255,0.9971982374656162,0.9971987940901678,6.059344091382444e-07,-0.6083217635226486,-0.7901575519029267,-2.1152953923539626e-08,1.6859824215253787e-08,-5.987399016285839e-08,4.599683283530025e-08,-3.8721036236095675e-08,2.913700861258844e-08,2.1152953912328063e-08,-1.6859824210547714e-08,5.987399015963518e-08,-4.599683282784212e-08,3.872103625053048e-08,-2.9137008624752676e-08
9.276615210602932,1.9998128252770553,9.358736147230976e-05,1.2932269792903528e-07,3.921738180041896e-07,0.3297586223046989,0.9971982589305353,0.9971988155508403,6.059305103162726e-07,-0.608315697480354,-0.7901622490432464,-2.0642946142660797e-08,1.645306177734489e-08,-5.8430380600200787e-08,4.488709847973632e-08,-3.7787434454556643e-08,2.8434036695444258e-08,2.064294613223108e-08,-1.6453061772983608e-08,5.843038059721733e-08,-4.4887098472789063e-08,3.7787434467969853e-08,-2.843403670675284e-08
9.296958665012149,1.9998165945871094,9.170270644528447e-05,1.2620387948985267e-07,3.827166381127101e-07,0.32975801656338133,0.9971982799630367,0.9971988365791807,6.059266899942778e-07,-0.6083097535602716,-0.7901668515476211,-2.0145232352851305e-08,1.605611611058176e-08,-5.70215708034618e-08,4.380414673092792e-08,-3.6876338447849157e-08,2.774803061387482e-08,2.0145232343148886e-08,-1.6056116106540084e-08,5.702157080070036e-08,-4.380414672445649e-08,3.687633846031305e-08,-2.7748030624387943e-08
9.317302119421365,1.99982028799109,8.985600445502626e-05,1.2316027616743885e-07,3.7348750193084075e-07,0.329757423021466,0.9971983005718347,0.997198857183902,6.059229467278925e-07,-0.6083039293045207,-0.7901713613236282,-1.9659516312554635e-08,1.5668750159398203e-08,-5.564672218499392e-08,4.27473308258517e-08,-3.5987205869883526e-08,2.7078580660425387e-08,1.965951630352877e-08,-1.5668750155652785e-08,5.564672218243806e-08,-4.274733081982351e-08,3.598720588146529e-08,-2.7078580670199026e-08
9.337645573830583,1.9998239070175876,8.804649120622403e-05,1.2019007403549497e-07,3.6448091118627225e-07,0.3297568414332415,0.9971983207654678,0.9971988773735401,6.059192787055464e-07,-0.6082982223046608,-0.7901757802403578,-1.9185508913711933e-08,1.5290732598702046e-08,-5.430501635195492e-08,4.171601963674733e-08,-3.511950743587756e-08,2.6425287032430005e-08,1.9185508905315424e-08,-1.529073259523124e-08,5.430501634958942e-08,-4.171601963113199e-08,3.511950744663962e-08,-2.6425287041516184e-08
9.3579890282398,1.9998274531644102,8.627341779488692e-05,1.1729150291319964e-07,3.5569150014661295e-07,0.32975627155794585,0.9971983405523027,0.9971988971564603,6.059156845369931e-07,-0.6082926302006989,-0.790180110129192,-1.8722928010200826e-08,1.492183769508475e-08,-5.2995654620550435e-08,4.070959729240505e-08,-3.427272660816043e-08,2.5787759592089564e-08,1.8722928002389766e-08,-1.4921837691868483e-08,5.2995654618361185e-08,-4.0709597287174245e-08,3.427272661816078e-08,-2.5787759600536657e-08
9.378332482649016,1.9998309278992032,8.453605039839401e-05,1.144628353102281e-07,3.471140324255896e-07,0.32975571315966706,0.9971983599405367,0.9971989165408587,6.059121629623958e-07,-0.6082871506801153,-0.7901843527845657,-1.827149825039118e-08,1.4561845171404145e-08,-5.1717857541936415e-08,3.972746280865904e-08,-3.344635928951926e-08,2.5165617632382347e-08,1.8271498243124726e-08,-1.4561845168423818e-08,5.1717857539910385e-08,-3.9727462803786433e-08,3.3446359298811796e-08,-2.51656176402353e-08
9.398675937058234,1.9998343326600565,8.283366997178748e-05,1.1170238539721115e-07,3.3874339786615203e-07,0.3297551660072448,0.9971983789382024,0.9971989355347662,6.059087123753735e-07,-0.6082817814769103,-0.7901885099647141,-1.783095091371891e-08,1.4210540074657601e-08,-5.047086443950123e-08,3.876902972786013e-08,-3.263991352390743e-08,2.455848964866363e-08,1.7830950906959072e-08,-1.4210540071895956e-08,5.047086443762628e-08,-3.876902972332117e-08,3.2639913532542255e-08,-2.455848965596425e-08
9.419019391467451,1.9998376688560997,8.116557195018151e-05,1.0900850800102675e-07,3.305746094986459e-07,0.32975462987417753,0.9971983975531702,0.9971989541460512,6.059053311266529e-07,-0.6082765203706686,-0.7901925833924044,-1.740102375118258e-08,1.3867712647065553e-08,-4.925393295725716e-08,3.7833725767110057e-08,-3.185290920433957e-08,2.396601311581637e-08,1.740102374489401e-08,-1.38677126445066e-08,4.925393295552209e-08,-3.783372576288187e-08,3.185290921236324e-08,-2.3966013122603518e-08
9.439362845876667,1.9998409378680857,7.953106595716286e-05,1.063795976243161e-07,3.22602800572232e-07,0.32975410453852305,0.9971984157931517,0.9971989723824242,6.059020179119684e-07,-0.6082713651856443,-0.7901965747556516,-1.698146082966772e-08,1.3533158200286178e-08,-4.806633861907255e-08,3.6920992475040265e-08,-3.108487778779933e-08,2.3387834270815443e-08,1.698146082381756e-08,-1.353315819791509e-08,4.806633861746702e-08,-3.692099247110158e-08,3.108487779525509e-08,-2.3387834277125246e-08
9.459706300285884,1.9998441410489618,7.792947551906513e-05,1.0381408748864935e-07,3.148232216577985e-07,0.3297535897828132,0.9971984336657033,0.9971989902514399,6.058987718054708e-07,-0.6082663137898618,-0.7902004857084215,-1.6572012380008833e-08,1.3206676992685591e-08,-4.6907374398488805e-08,3.6030284896929604e-08,-3.033536201699437e-08,2.282360790057502e-08,1.657201237456649e-08,-1.3206676990488619e-08,4.690737439700314e-08,-3.603028489326058e-08,3.033536202392239e-08,-2.282360790644105e-08
9.480049754695102,1.99984727972443,7.6360137784996e-05,1.0131044860076537e-07,3.0723123782065366e-07,0.3297530853939578,0.9971984511782285,0.9971990077605006,6.058955908241412e-07,-0.6082613640942377,-0.790204317871318,-1.617243464869871e-08,1.2888074109588444e-08,-4.577635029886676e-08,3.5161071247955157e-08,-2.9603915648793433e-08,2.227299713494889e-08,1.617243464363575e-08,-1.288807410755285e-08,4.5776350297492104e-08,-3.5161071244537306e-08,2.9603915655231086e-08,-2.227299714040237e-08
9.500393209104319,1.999850355193495,7.482240325250342e-05,9.886718884132947e-08,2.9982232586130054e-07,0.32975259116316097,0.9971984683379822,0.9971990249168596,6.058924739976464e-07,-0.6082565140517172,-0.7902080728322578,-1.5782489753158105e-08,1.2577159346436115e-08,-4.467259294361569e-08,3.43128325943779e-08,-2.889010318918572e-08,2.173567324475792e-08,1.5782489748448062e-08,-1.2577159344550082e-08,4.467259294234379e-08,-3.431283259119401e-08,2.889010319516769e-08,-2.1735673249827866e-08
9.520736663513535,1.9998533687290025,7.331563549876494e-05,9.648285207566782e-08,2.925920716226763e-07,0.3297521068858322,0.9971984851520725,0.9971990417276236,6.058894199900598e-07,-0.6082517616564302,-0.7902117521471301,-1.5401945540480693e-08,1.2273747094781746e-08,-4.3595445176264155e-08,3.3485062542469954e-08,-2.81934996346067e-08,2.1211315444722283e-08,1.5401945536098958e-08,-1.2273747093034325e-08,4.359544517508736e-08,-3.348506253950401e-08,2.8193499640165247e-08,-2.1211315449435677e-08
9.541080117922752,1.9998563215781655,7.183921091719166e-05,9.415601728594659e-08,2.855361673622434e-07,0.3297516323615013,0.9971985016274646,0.9971990581997562,6.058864275178956e-07,-0.6082471049428636,-0.790215357340444,-1.503057544956999e-08,1.1977656231052631e-08,-4.254426567013636e-08,3.2677266934993786e-08,-2.7513690219477653e-08,2.069961070117824e-08,1.5030575445493664e-08,-1.1977656229433673e-08,4.2544265669047623e-08,-3.2677266932230844e-08,2.751369022464275e-08,-2.0699610705560163e-08
9.56142357233197,1.9998592149630814,7.039251845933574e-05,9.188529772428126e-08,2.786504091873807e-07,0.3297511673937369,0.9971985177709829,0.997199074340081,6.058834953009845e-07,-0.6082425419850495,-0.7902188899059618,-1.4668158376587353e-08,1.1688710008012761e-08,-4.1518428547405345e-08,3.188896355504982e-08,-2.685027016981078e-08,2.0200253544463236e-08,1.4668158372795135e-08,-1.1688710006512854e-08,4.151842854639811e-08,-3.1888963552475976e-08,2.6850270174610266e-08,-2.0200253548537005e-08
9.581767026741186,1.999862050081236,6.897495938199589e-05,8.966934008626822e-08,2.7193069455254453e-07,0.3297507117900647,0.9971985335893144,0.9971990901552829,6.058806217744635e-07,-0.6082380708957706,-0.7902223513073207,-1.4314478543631452e-08,1.1406735948859249e-08,-4.051732300729687e-08,3.111968183711166e-08,-2.620284446273364e-08,1.9712945885854742e-08,1.431447854010353e-08,-1.1406735947469666e-08,4.051732300636506e-08,-3.1119681834713976e-08,2.6202844467193377e-08,-1.9712945889642035e-08
9.602110481150403,1.9998648281060012,6.758594699941466e-05,8.750682370444854e-08,2.6537301981671943e-07,0.32975026536188706,0.9971985490890113,0.9971991056519136,6.058778067026354e-07,-0.6082336898257813,-0.7902257429786407,-1.3969325370572162e-08,1.1131565743888703e-08,-3.9540352963226136e-08,3.036896258507451e-08,-2.557102759179202e-08,1.9237396838952222e-08,1.3969325367290111e-08,-1.1131565742601362e-08,3.9540352962364154e-08,-3.036896258284091e-08,2.557102759593607e-08,-1.923739684247318e-08
9.62245393555962,1.999867550187119,6.622490644046696e-05,8.539645976122159e-08,2.589734778597022e-07,0.3297498279244053,0.9971985642764937,0.9971991208363913,6.058750481344363e-07,-0.608229396963044,-0.7902290663251208,-1.363249334996309e-08,1.0863035149670673e-08,-3.85869366886527e-08,2.9636357697144915e-08,-2.4954443337892267e-08,1.8773322545393502e-08,1.3632493346909764e-08,-1.0863035148478082e-08,3.858693668785533e-08,-2.9636357695064155e-08,2.4954443341742975e-08,-1.8773322548666868e-08
9.642797389968838,1.9998702174511784,6.489127441073777e-05,8.333699052074114e-08,2.527282557558087e-07,0.32974939929654357,0.9971985791580522,0.9971991357150058,6.058723453270707e-07,-0.6082251905319818,-0.7902323227236232,-1.3303781924959336e-08,1.0600983890667224e-08,-3.765650647144515e-08,2.8921429897405738e-08,-2.4352724545748272e-08,1.8320446004800153e-08,1.3303781922118788e-08,-1.0600983889562428e-08,3.765650647070759e-08,-2.892142989546737e-08,2.43527245493264e-08,-1.832044600784334e-08
9.663140844378054,1.9998728310020812,6.35844989593916e-05,8.13271885793357e-08,2.466336325036216e-07,0.32974897930087244,0.9971985937398508,0.9971991502939196,6.058696965775226e-07,-0.6082210687927443,-0.7902355135232456,-1.2982995370168449e-08,1.034525556323902e-08,-3.674850827655207e-08,2.8223752473893535e-08,-2.376551290570144e-08,1.787849690884879e-08,1.2982995367525838e-08,-1.0345255562215584e-08,3.674850827586988e-08,-2.8223752472087797e-08,2.3765512909026275e-08,-1.7878496911677985e-08
9.68348429878727,1.9998753919214984,6.230403925073578e-05,7.936585613400344e-08,2.406859768104188e-07,0.3297485677635368,0.9971986080279288,0.997199164579171,6.058671015944613e-07,-0.6082170300404904,-0.7902386400458813,-1.2669942675363766e-08,1.0095697541979308e-08,-3.5862401416778385e-08,2.7542909023028362e-08,-2.3192458740783673e-08,1.7447211479366863e-08,1.2669942672905296e-08,-1.0095697541031265e-08,3.5862401416147425e-08,-2.7542909021346165e-08,2.3192458743873136e-08,-1.7447211481997122e-08
9.703827753196489,1.9998779012693193,6.104936534038482e-05,7.745182426855134e-08,2.3488174492998505e-07,0.3297481645141841,0.9971986220282041,0.997199178576677,6.058645586877287e-07,-0.6082130726046839,-0.7902417035867688,-1.2364437431992621e-08,9.852160888319906e-09,-3.4997658231475804e-08,2.6878493200243382e-08,-2.2633220798899627e-08,1.7026332310356375e-08,1.2364437429705452e-08,-9.85216088744172e-09,3.499765823089224e-08,-2.6878493198676275e-08,2.2633220801770394e-08,-1.7026332312801687e-08
9.724171207605705,1.9998803600840882,5.9819957955932574e-05,7.558395225694817e-08,2.2921747855250797e-07,0.32974776938589256,0.9971986357464757,0.9971991922922344,6.058620668314924e-07,-0.6082091948484041,-0.7902447054150304,-1.2066297722411503e-08,9.614500261353035e-09,-3.4153763772955e-08,2.6230108476661275e-08,-2.208746605000381e-08,1.6615608213848346e-08,1.2066297720283689e-08,-9.614500260539577e-09,3.41537637724153e-08,-2.6230108475201374e-08,2.2087466052671345e-08,-1.661560821612172e-08
9.744514662014922,1.999882769383436,5.861530828203994e-05,7.37611268834786e-08,2.2368980274530989e-07,0.3297473822151026,0.9971986491884246,0.9971992057315241,6.058596252512916e-07,-0.608205395167669,-0.7902476467741985,-1.1775346011783339e-08,9.382573830815562e-09,-3.33302155004362e-08,2.5597367901671203e-08,-2.1554869488153758e-08,1.6214794069495623e-08,1.1775346009803777e-08,-9.38257383006208e-09,3.3330215499937084e-08,-2.5597367900311173e-08,2.155486949063245e-08,-1.6214794071609145e-08
9.764858116424138,1.9998851301645002,5.74349177498518e-05,7.198226177929228e-08,2.182954239431903e-07,0.32974700284154884,0.9971986623596185,0.9971992189001121,6.058572329547621e-07,-0.6082016719907742,-0.7902505288827328,-1.1491409042572901e-08,9.15624319218269e-09,-3.2526522981356296e-08,2.4979893871262138e-08,-2.1035113938321853e-08,1.5823650677812458e-08,1.1491409040731252e-08,-9.156243191484785e-09,3.252652298089474e-08,-2.4979893869995142e-08,2.1035113940625074e-08,-1.582365067977738e-08
9.785201570833356,1.9998874434043388,5.6278297830653856e-05,7.024629677495373e-08,2.1303112798718755e-07,0.32974663110819463,0.997198675265512,0.9971992318034524,6.05854888693778e-07,-0.608198023777643,-0.7902533529345267,-1.1214317731578251e-08,8.935373283820036e-09,-3.174220759985734e-08,2.43773179019729e-08,-2.05278898678523e-08,1.5441944616972538e-08,1.1214317729864905e-08,-8.935373283173618e-09,3.174220759943055e-08,-2.4377317900792566e-08,2.0527889869992468e-08,-1.5441944618799306e-08
9.805545025242573,1.9998897100603326,5.514496983368547e-05,6.855219726860553e-08,2.078937782105906e-07,0.3297462668611663,0.9971986879114502,0.9971992444468888,6.058525917875282e-07,-0.6081944490191905,-0.7902561200994024,-1.0943907069437224e-08,8.719832306143628e-09,-3.0976802272282926e-08,2.378928041032152e-08,-2.0032895202451053e-08,1.5069448103078296e-08,1.0943907067843237e-08,-8.719832305544918e-09,3.0976802271888275e-08,-2.3789280409221918e-08,2.0032895204439708e-08,-1.5069448104776627e-08
9.82588847965179,1.999891931070584,5.4034464708023145e-05,6.689895360936956e-08,2.028803135710667e-07,0.32974590994968866,0.9971987003026703,0.9971992568356578,6.058503412470786e-07,-0.6081909462367008,-0.7902588315235973,-1.0680016022549746e-08,8.5094916427393e-09,-3.02298511695153e-08,2.32154304975811e-08,-1.9549835146600664e-08,1.4705938853817401e-08,1.0680016021066797e-08,-8.50949164218479e-09,3.0229851169150404e-08,-2.3215430496556698e-08,1.954983514844853e-08,-1.4705938855396325e-08
9.846231934061006,1.999894107354303,5.294632284845456e-05,6.528558049561771e-08,1.97987746827789e-07,0.3297455602260251,0.9971987124443041,0.9971992689748894,6.058481358956342e-07,-0.6081875139812158,-0.7902614883302401,-1.0422487437357987e-08,8.304225783393536e-09,-2.950090944598875e-08,2.2655425739771554e-08,-1.9078422008293395e-08,1.4351199955423683e-08,1.0422487435978335e-08,-8.304225782879974e-09,2.9500909445651375e-08,-2.265542573881722e-08,1.9078422010010437e-08,-1.43511999568916e-08
9.866575388470224,1.9998962398121896,5.188009390526145e-05,6.371111638775484e-08,1.9321316276249078e-07,0.32974521754541314,0.9971987243413798,0.9971992808696114,6.058459749047809e-07,-0.6081841508329371,-0.7902640916198169,-1.0171167946927906e-08,8.10391224898945e-09,-2.8789542975219242e-08,2.2108931982740917e-08,-1.861837502797943e-08,1.4005019732862394e-08,1.0171167945644355e-08,-8.103912248513826e-09,2.8789542974907335e-08,-2.210893198185184e-08,1.8618375029574915e-08,-1.4005019734227108e-08
9.88691884287944,1.9998983293268042,5.083533659783351e-05,6.217462293516363e-08,1.8855371644338057e-07,0.32974488176600647,0.9971987359988242,0.9971992925247496,6.058438577241751e-07,-0.608180855400639,-0.7902666424706282,-9.925907879777076e-09,7.90843151822257e-09,-2.8095328091694466e-08,2.1575623142212153e-08,-1.8169420211629038e-08,1.3667191623161306e-08,9.925907878582927e-09,-7.908431517782093e-09,2.809532809140611e-08,-2.157562314138387e-08,1.816942021311156e-08,-1.3667191624430075e-08
9.907262297288657,1.999900376762936,4.981161853203489e-05,6.067518441696735e-08,1.8400663153088362e-07,0.3297445527488157,0.9971987474214651,0.9971993039451308,6.058417828577971e-07,-0.6081776263210948,-0.7902691419392368,-9.6865611708944e-09,7.717666956091759e-09,-2.7417851338970075e-08,2.1055181008673935e-08,-1.773129016780911e-08,1.3337514051810533e-08,9.686561169783423e-09,-7.717666955683845e-09,2.7417851338703508e-08,-2.105518100790229e-08,1.7731290169186673e-08,-1.3337514052990106e-08
9.927605751697875,1.9999023829679574,4.880851602124928e-05,5.9211907196281953e-08,1.7956919862421417e-07,0.3297442303576526,0.9971987586140327,0.9971993151354841,6.058397499698666e-07,-0.6081744622585128,-0.7902715910609065,-9.452985274899973e-09,7.531504744122772e-09,-2.6756709223825653e-08,2.0547295056999183e-08,-1.7303723948679268e-08,1.3015790312157528e-08,9.45298527386637e-09,-7.531504743745022e-09,2.6756709223579236e-08,-2.0547295056280297e-08,1.7303723949959304e-08,-1.3015790313254178e-08
9.947949206107092,1.999904348772178,4.782561391102889e-05,5.778391918762809e-08,1.752387736477871e-07,0.32974391445906914,0.997198769581162,0.9971993261004438,6.058377578441487e-07,-0.6081713619039848,-0.7902739908500317,-9.22504108129301e-09,7.349833812281735e-09,-2.6111507976332845e-08,2.0051662260674867e-08,-1.6886466894812064e-08,1.27018284477234e-08,9.225041080331393e-09,-7.3498338119319286e-09,2.6111507976105073e-08,-2.0051662260005135e-08,1.6886466896001467e-08,-1.2701828448742953e-08
9.968292660516308,1.9999062749891854,4.686250540727371e-05,5.63903693371875e-08,1.7101277627650698e-07,0.32974360492230764,0.9971987803273947,0.9971993368445506,6.058358059844058e-07,-0.6081683239749455,-0.7902763423005585,-9.002592831738161e-09,7.1725457725378004e-09,-2.5481863315694942e-08,1.9567986910531847e-08,-1.647927048374626e-08,1.23954411373701e-08,9.002592830843511e-09,-7.172545772213879e-09,2.548186331548442e-08,-1.95679869099079e-08,1.647927048485145e-08,-1.2395441138317982e-08
9.988636114925525,1.9999081624161843,4.5918791907871875e-05,5.503042711559364e-08,1.6688868839900732e-07,0.3297433016192424,0.9971987908571809,0.9971993473722535,6.058338934318713e-07,-0.6081653472146423,-0.7902786463863978,-8.78550803934106e-09,6.999534854034722e-09,-2.4867400221718873e-08,1.9095980437864952e-08,-1.608189218218323e-08,1.2096445583248935e-08,8.78550803850871e-09,-6.99953485373478e-09,2.4867400221524294e-08,-1.9095980437283655e-08,1.6081892183210173e-08,-1.2096445584130184e-08
10.008979569334743,1.9999100118343245,4.4994082837729836e-05,5.370328202295499e-08,1.6286405261792017e-07,0.3297430044243289,0.9971988011748808,0.9971993576879121,6.058320193565084e-07,-0.608162430391617,-0.7902809040618286,-8.573657409865677e-09,6.830697839832465e-09,-2.4267752711784953e-08,1.8635361241837036e-08,-1.5694095301739445e-08,1.1804663401463017e-08,8.57365740909129e-09,-6.830697839554734e-09,2.4267752711605124e-08,-1.8635361241295484e-08,1.5694095302693678e-08,-1.1804663402282314e-08
10.02932302374396,1.9999118240090257,4.4087995487125234e-05,5.240814310581461e-08,1.589364707862839e-07,0.32974271321455184,0.997198811284767,0.9971993677957984,6.058301833607985e-07,-0.6081595722991955,-0.790283116261895,-8.366914764846499e-09,6.665934005180431e-09,-2.3682563623181728e-08,1.8185854521062367e-08,-1.531564885816904e-08,1.1519920515377396e-08,8.366914764126031e-09,-6.665934004923274e-09,2.3682563623015544e-08,-1.8185854520557827e-08,1.531564885905571e-08,-1.1519920516139102e-08
10.049666478153176,1.9999135996902935,4.320015485331419e-05,5.114423848575929e-08,1.5510360257922278e-07,0.3297424278693732,0.9971988211910257,0.9971993777000973,6.058283837849073e-07,-0.6081567717549906,-0.7902852839027937,-8.165156966550332e-09,6.505145057285304e-09,-2.311148440067761e-08,1.7747192109268195e-08,-1.4946327433973703e-08,1.1242047051512837e-08,8.165156965880033e-09,-6.5051450570472025e-09,2.3111484400524035e-08,-1.774719210879814e-08,1.4946327434797585e-08,-1.1242047052221001e-08
10.070009932562392,1.9999153396130294,4.233019348532906e-05,4.991081489939663e-08,1.5136316410004485e-07,0.3297421482706825,0.9971988308977591,0.9971993874049103,6.058266207685185e-07,-0.608154027600413,-0.7902874078822549,-7.9682638447432e-09,6.348235076537093e-09,-2.2554174889203247e-08,1.7319112314935225e-08,-1.458591104431814e-08,1.0970877237960207e-08,7.96826384411957e-09,-6.348235076316642e-09,2.2554174889061336e-08,-1.73191123144973e-08,1.4585911045083686e-08,-1.0970877238618591e-08
10.09035338697161,1.9999170444973362,4.147775133190122e-05,4.8707137249426515e-08,1.4771292651993216e-07,0.32974187430274793,0.9971988404089865,0.9971993969142564,6.0582489332117e-07,-0.6081513387001924,-0.7902894890799139,-7.776118125219035e-09,6.195110459158027e-09,-2.201030313152222e-08,1.6901359764820494e-08,-1.4234185006172062e-08,1.070624930525447e-08,7.776118124638823e-09,-6.195110458953924e-09,2.20103031313911e-08,-1.6901359764412496e-08,1.423418500688341e-08,-1.0706249305866578e-08
10.110696841380827,1.9999187150488151,4.064247559244679e-05,4.753248816653963e-08,1.441507147504145e-07,0.32974160585216905,0.9971988497286465,0.9971994062320725,6.058232005588054e-07,-0.6081487039419085,-0.7902915283576768,-7.588605360048008e-09,6.0456798612398225e-09,-2.1479545170770337e-08,1.6493685251268533e-08,-1.3890939810601186e-08,1.0448005389648596e-08,7.588605359508191e-09,-6.045679861050861e-09,2.14795451706492e-08,-1.6493685250888417e-08,1.389093981126216e-08,-1.0448005390217681e-08
10.131040295790044,1.999920351958858,3.982402057105246e-05,4.638616758187968e-08,1.406744061478307e-07,0.3297413428078295,0.9971988588605979,0.9971994153622173,6.058215418788591e-07,-0.6081461222355312,-0.7902935265600781,-7.405613859502771e-09,5.899854144135263e-09,-2.0961584857745617e-08,1.6095845583217952e-08,-1.3555970998130922e-08,1.019599143872855e-08,7.4056138590005345e-09,-5.8998541439603264e-09,2.09615848576337e-08,-1.6095845582863816e-08,1.3555970998745096e-08,-1.0195991439257636e-08
10.15138375019926,1.9999219559049333,3.902204753340251e-05,4.526749230981841e-08,1.372819292490186e-07,0.32974108506085126,0.997198867808622,0.9971994243084712,6.058199164830976e-07,-0.6081435925129709,-0.7902954845146309,-7.227034625622947e-09,5.757546321171786e-09,-2.0456113662836548e-08,1.5707603440815163e-08,-1.3229079037110202e-08,9.950057119313435e-09,7.227034625155673e-09,-5.757546321009839e-09,2.045611366273315e-08,-1.5707603440485224e-08,1.3229079037680884e-08,-9.95005711980533e-09
10.171727204608478,1.9999235275508669,3.823622456658649e-05,4.417579564079073e-08,1.3397126253746996e-07,0.32974083250454816,0.997198876576424,0.9971994330745384,6.0581832399465e-07,-0.6081411137276359,-0.7902974030321703,-7.052761287377914e-09,5.618671505654392e-09,-1.9962830492475448e-08,1.5328727233546164e-08,-1.291006920500202e-08,9.710055727584378e-09,7.052761286943169e-09,-5.618671505504473e-09,1.996283049237994e-08,-1.532872723323877e-08,1.2910069205532296e-08,-9.710055728041703e-09
10.192070659017695,1.9999250675471165,3.746622644173064e-05,4.3110426943951036e-08,1.307404332392256e-07,0.3297405850343837,0.997198885167634,0.9971994416640488,6.058167635200698e-07,-0.6081386848540008,-0.7902992829071898,-6.88269003739006e-09,5.483146860127125e-09,-1.948144151000994e-08,1.495899096180242e-08,-1.2598751472531647e-08,9.475844101388904e-09,6.882690036985576e-09,-5.483146859988344e-09,1.948144150992171e-08,-1.495899096151603e-08,1.2598751473024376e-08,-9.475844101814085e-09
10.212414113426911,1.9999265765310412,3.671173447939481e-05,4.2070751279409934e-08,1.27587516147786e-07,0.3297403425479255,0.9971988935858095,0.997199450080559,6.058152345314698e-07,-0.6081363048871826,-0.7903011249181708,-6.716719570180407e-09,5.350891546862041e-09,-1.901165996088442e-08,1.4598174081795995e-08,-1.2294940390622521e-08,9.247282534667125e-09,6.716719569804077e-09,-5.350891546733577e-09,1.901165996080293e-08,-1.459817408152917e-08,1.2294940391080355e-08,-9.247282535062427e-09
10.23275756783613,1.9999280551271645,3.5972436417680715e-05,4.105614901982435e-08,1.2451063247734598e-07,0.32974010494480693,0.997198901834436,0.9971994583275535,6.058137362194763e-07,-0.6081339728425248,-0.7903029298279063,-6.554751021900693e-09,5.221826679546436e-09,-1.8553206002030107e-08,1.4246061373744176e-08,-1.1998454980054151e-08,9.02423469394914e-09,6.554751021550557e-09,-5.221826679427525e-09,1.855320600195485e-08,-1.4246061373495577e-08,1.1998454980479565e-08,-9.024234694316656e-09
10.253101022245346,1.999929503947434,3.5248026282996144e-05,4.006601548111227e-08,1.215079487436681e-07,0.3297398721266797,0.9971989099169288,0.9971994664084475,6.058122682630637e-07,-0.608131687755191,-0.7903046983838158,-6.396687911515671e-09,5.095875276138787e-09,-1.8105806535360806e-08,1.390244281324305e-08,-1.1709118623775628e-08,8.80656753687265e-09,6.396687911189904e-09,-5.0958752760287225e-09,1.8105806535291303e-08,-1.3902442813011437e-08,1.1709118624170915e-08,-8.806567537214335e-09
10.273444476654563,1.999930923591473,3.453820426342117e-05,3.909976056207397e-08,1.1857767567192669e-07,0.32973964399717826,0.9971989178366345,0.9971994743265865,6.058108300785439e-07,-0.6081294486797661,-0.7903064313182568,-6.2424360834010955e-09,4.972962212865377e-09,-1.766919504527674e-08,1.3567113445753424e-08,-1.142675896181145e-08,8.594151232672252e-09,6.242436083098001e-09,-4.972962212763503e-09,1.766919504521255e-08,-1.3567113445537632e-08,1.1426758962178748e-08,-8.594151232989929e-09
10.293787931063779,1.9999323146468309,3.384267658462511e-05,3.8156808392703824e-08,1.1571806713087662e-07,0.32973942046187693,0.9971989255968322,0.9971994820852488,6.058094201048965e-07,-0.6081272546898655,-0.7903081293488281,-6.0919036513232135e-09,4.85301417932973e-09,-1.7243111440079584e-08,1.323987326412309e-08,-1.11512077886971e-08,8.386859084592308e-09,6.091903651041211e-09,-4.8530141792354415e-09,1.7243111440020315e-08,-1.3239873263922039e-08,1.1151207789038385e-08,-8.386859084887656e-09
10.314131385472997,1.9999336776892234,3.316115538828193e-05,3.723659699098385e-08,1.1292741909271013e-07,0.32973920142825264,0.9971989332007348,0.9971994896876472,6.058080391923872e-07,-0.6081251048777516,-0.7903097931786669,-5.9450009437666605e-09,4.735959634708017e-09,-1.6827301897205123e-08,1.2920527089072187e-08,-1.0882300953383735e-08,8.184567454176849e-09,5.945000943504283e-09,-4.735959634620751e-09,1.68273018971504e-08,-1.2920527088884868e-08,1.0882300953700854e-08,-8.184567454451443e-09
10.334474839882214,1.9999350132827742,3.2493358612934394e-05,3.633857792795462e-08,1.1020406861798625e-07,0.32973898680564556,0.9971989406514907,0.9971994971369292,6.05806686028013e-07,-0.6081229983539596,-0.7903114234967412,-5.801640450578426e-09,4.621728765004074e-09,-1.6421518712181687e-08,1.2608884452569735e-08,-1.0619878261552727e-08,7.987155687391134e-09,5.8016404503343075e-09,-4.621728764923311e-09,1.6421518712131153e-08,-1.260888445239521e-08,1.0619878261847387e-08,-7.98715568764643e-09
10.35481829429143,1.9999363219802455,3.183900987725686e-05,3.546221600086215e-08,1.0754639286502175e-07,0.32973877650522143,0.9971989479521848,0.9971995044361787,6.058053597912623e-07,-0.6081209342469291,-0.790313020978135,-5.66173677089592e-09,4.510253441338138e-09,-1.60255201512241e-08,1.2304759484030664e-08,-1.036378338028153e-08,7.794506042529919e-09,5.661736770668788e-09,-4.510253441263396e-09,1.6025520151177454e-08,-1.2304759483868058e-08,1.0363783380555323e-08,-7.794506042767275e-09
10.375161748700647,1.9999376043232686,3.119783836566943e-05,3.4606988914188826e-08,1.0495280812316384e-07,0.3297385704399349,0.9971989551058396,0.9971995115884184,6.058040605807618e-07,-0.6081189117026443,-0.7903145862843287,-5.525206562328794e-09,4.401467179244611e-09,-1.563907030737718e-08,1.2007970799265994e-08,-1.0113863745005322e-08,7.606503619869881e-09,5.525206562117465e-09,-4.401467179175443e-09,1.5639070307334124e-08,-1.2007970799114493e-08,1.0113863745259727e-08,-7.606503620090557e-09
10.395505203109865,1.9999388608425674,3.05695787162553e-05,3.3772386968375516e-08,1.0242176886935976e-07,0.3297383685244942,0.9971989621154169,0.9971995185966089,6.058027873503365e-07,-0.6081169298842806,-0.790316120063473,-5.391968491363885e-09,4.295305098954e-09,-1.5261938960121873e-08,1.1718341392118316e-08,-9.869970468718233e-09,7.42303629302316e-09,5.3919684911672615e-09,-4.2953050988899925e-09,1.526193896008212e-08,-1.171834139197716e-08,9.86997046895462e-09,-7.4230362932283294e-09
10.415848657519081,1.999940092058178,2.995397091093554e-05,3.2957912756051777e-08,9.995176684747096e-08,0.32973817067532607,0.9971989689838191,0.9971995254636528,6.058015402844256e-07,-0.6081149879718586,-0.7903176229506578,-5.261943184964325e-09,4.191703886635539e-09,-1.4893901438362204e-08,1.1435698528718499e-08,-9.631958253361183e-09,7.243994641951439e-09,5.261943184781382e-09,-4.1917038865763115e-09,1.489390143832551e-08,-1.143569852858698e-08,9.631958253580829e-09,-7.243994642142193e-09
10.436192111928298,1.9999412984796643,2.9350760167854948e-05,3.216308086559046e-08,9.754133016977535e-08,0.32973797681053846,0.9971989757138896,0.9971995321923915,6.058003175070557e-07,-0.6081130851619058,-0.7903190955681758,-5.13505318333363e-09,4.09060175657684e-09,-1.4534738486710386e-08,1.1159873644299019e-08,-9.39968530334289e-09,7.0692718875996404e-09,5.135053183163414e-09,-4.090601756522035e-09,1.4534738486676523e-08,-1.1159873644176484e-08,9.399685303546979e-09,-7.06927188777699e-09
10.456535566337516,1.9999424806063282,2.8759696835935573e-05,3.138741759181293e-08,9.518902244012959e-08,0.3297377868498909,0.997198982308415,0.9971995387856122,6.057991196763453e-07,-0.6081112206671235,-0.7903205385257803,-5.011222893817268e-09,3.991938414278217e-09,-1.418423613499213e-08,1.0890702242503032e-08,-9.173013241143611e-09,6.898763828110642e-09,5.011222893658895e-09,-3.991938414227508e-09,1.4184236134960884e-08,-1.0890702242388861e-08,9.173013241333245e-09,-6.898763828275531e-09
10.476879020746733,1.999943638927417,2.8180536291553664e-05,3.063046065367016e-08,9.289344189826662e-08,0.3297376007147575,0.9971989887701251,0.9971995452460439,6.057979459195045e-07,-0.6081093937160624,-0.7903219524209378,-4.890378545913967e-09,3.895655020439275e-09,-1.384218557089367e-08,1.062802379712787e-08,-8.951807024950865e-09,6.732368776582219e-09,4.890378545766609e-09,-3.895655020392356e-09,1.3842185570864833e-08,-1.0628023797021495e-08,8.951807025127068e-09,-6.73236877673552e-09
10.497222475155949,1.9999447739223255,2.761303883729688e-05,2.989175891873272e-08,9.065322058471914e-08,0.3297374183280962,0.9971989951016956,0.9971995515763621,6.057967961935525e-07,-0.6081076035528025,-0.7903233378390765,-4.772448147370264e-09,3.801694155816238e-09,-1.3508383015675502e-08,1.0371681656244397e-08,-8.735934868278626e-09,6.569987500329044e-09,4.772448147233157e-09,-3.801694155772827e-09,1.3508383015648895e-08,-1.0371681656145284e-08,8.735934868442354e-09,-6.569987500471575e-09
10.517565929565166,1.9999458860607944,2.7056969602760826e-05,2.9170872134324846e-08,8.846702352587233e-08,0.3297372396144172,0.9971990013057475,0.9971995577791865,6.057956693124681e-07,-0.6081058494366416,-0.7903246953538279,-4.657361441332211e-09,3.709999786928916e-09,-1.3182629602878884e-08,1.0121522948634492e-08,-8.525268161522119e-09,6.411523161613227e-09,4.6573614412046425e-09,-3.709999786888753e-09,1.3182629602854333e-08,-1.0121522948542144e-08,8.525268161674249e-09,-6.411523161745745e-09
10.537909383974384,1.9999469758031052,2.6512098447343054e-05,2.8467370665142808e-08,8.633354793866204e-08,0.3297370644997493,0.9971990073848495,0.9971995638570857,6.057945651269179e-07,-0.6081041306417881,-0.7903260255272656,-4.545049864528815e-09,3.6205172325967082e-09,-1.2864731259953217e-08,9.877398492490597e-09,-8.31968139540175e-09,6.256881259807844e-09,4.545049864410119e-09,-3.6205172325595525e-09,1.2864731259930566e-08,-9.877398492404554e-09,8.319681395543105e-09,-6.256881259931051e-09
10.5582528383836,1.9999480436002701,2.597819986499486e-05,2.7780835237201276e-08,8.425152245444347e-08,0.3297368929116141,0.9971990133415182,0.997199569812576,6.057934829151647e-07,-0.6081024464570622,-0.7903273289101378,-4.4354465064624624e-09,3.5331931312836478e-09,-1.2554498592734204e-08,9.639162706322606e-09,-8.119052086250849e-09,6.105969574958788e-09,4.435446506352022e-09,-3.5331931312492743e-09,1.2554498592713313e-08,-9.639162706242438e-09,8.11905208638219e-09,-6.105969575073337e-09
10.578596292792817,1.9999490898942183,2.5455052890890706e-05,2.7110856687953795e-08,8.221970636156835e-08,0.3297367247789895,0.9971990191782197,0.9971995756481227,6.057924228375644e-07,-0.6081007961856004,-0.7903286060420958,-4.3284860695818965e-09,3.4479754092326584e-09,-1.225174677270354e-08,9.40667352201815e-09,-7.923260703102367e-09,5.958698112710791e-09,4.3284860694791375e-09,-3.447975409200861e-09,1.2251746772684266e-08,-9.40667352194345e-09,7.92326070322441e-09,-5.958698112817292e-09
10.598939747202033,1.9999501151179802,2.4942441009977637e-05,2.645703572244074e-08,8.023688886622154e-08,0.3297365600322863,0.9971990248973704,0.9971995813661421,6.057913840548585e-07,-0.6080991791445685,-0.7903298574519176,-4.224104830414464e-09,3.364813249370252e-09,-1.1956295426964293e-08,9.179792300004912e-09,-7.73219059653205e-09,5.814979050565058e-09,4.224104830318853e-09,-3.3648132493408383e-09,1.1956295426946516e-08,-9.17979229993531e-09,7.732190596645447e-09,-5.8149790506640765e-09
10.619283201611251,1.9999511196958653,2.4440152067365993e-05,2.5818982675317007e-08,7.830188837107461e-08,0.32973639860331594,0.9971990305013381,0.997199586969001,6.057903663078112e-07,-0.6080975946648786,-0.7903310836577273,-4.122240601634193e-09,3.2836570609626744e-09,-1.1667968530865595e-08,8.958383746463266e-09,-7.545727929215006e-09,5.674726685435742e-09,4.122240601545231e-09,-3.283657060935467e-09,1.1667968530849204e-08,-8.958383746398417e-09,7.545727929320371e-09,-5.674726685527804e-09
10.639626656020468,1.999952104043639,2.3947978180524956e-05,2.5196317278619806e-08,7.641355177133084e-08,0.3297362404252627,0.9971990359924426,0.9971995924590195,6.05789368951107e-07,-0.6080960420909128,-0.7903322851672098,-4.022832695043542e-09,3.2044584500055953e-09,-1.1386594303213864e-08,8.742315832540305e-09,-7.3637616081552025e-09,5.537857382474285e-09,4.0228326949607655e-09,-3.2044584499804304e-09,1.1386594303198747e-08,-8.742315832479882e-09,7.363761608253105e-09,-5.53785738255988e-09
10.659970110429684,1.9999530685686935,2.3465715653245862e-05,2.4588668435135872e-08,7.457075376773619e-08,0.32973608543265676,0.9971990413729573,0.9971995978384697,6.057883917572414e-07,-0.6080945207802521,-0.7903334624778207,-3.9258218854464554e-09,3.1271701903292827e-09,-1.1112005104007277e-08,8.531459715516012e-09,-7.18618321854688e-09,5.404289525130427e-09,3.925821885369436e-09,-3.1271701903060067e-09,1.1112005103993339e-08,-8.53145971545971e-09,7.186183218637847e-09,-5.404289525210009e-09
10.680313564838903,1.9999540136702174,2.2993164891338497e-05,2.399567399723545e-08,7.2772396196155e-08,0.3297359335613479,0.9971990466451096,0.9971996031095791,6.057874341349751e-07,-0.6080930301034103,-0.7903346160769934,-3.831150375391698e-09,3.051746195402244e-09,-1.0844037334633933e-08,8.325689661875155e-09,-7.012886959229384e-09,5.27394346642045e-09,3.831150375320033e-09,-3.0517461953807178e-09,1.0844037334621085e-08,-8.325689661822695e-09,7.012886959313906e-09,-5.2739434664944404e-09
10.70065701924812,1.99995493973936,2.2530130320025106e-05,2.34169805510392e-08,7.101740737330579e-08,0.32973578474847615,0.9971990518110823,0.9971996082745295,6.057864957598399e-07,-0.6080915694435747,-0.7903357464423406,-3.738761760765195e-09,2.978141490816192e-09,-1.0582531340473496e-08,8.12488297223809e-09,-6.843769579696454e-09,5.146741481373018e-09,3.738761760698513e-09,-2.978141490796284e-09,1.058253134046165e-08,-8.12488297218921e-09,6.84376957977499e-09,-5.14674148144181e-09
10.721000473657336,1.999955847159394,2.20764203029975e-05,2.285224320579063e-08,6.930474145826943e-08,0.3297356389324486,0.9971990568730137,0.9971996133354595,6.057855763744002e-07,-0.6080901381963498,-0.7903368540418523,-3.6486009972111447e-09,2.9063121874359602e-09,-1.0327331315845004e-08,7.928919908105831e-09,-6.678730318622933e-09,5.022607720624326e-09,3.6486009971491004e-09,-2.906312187417548e-09,1.032733131583408e-08,-7.928919908060286e-09,6.678730318695907e-09,-5.022607720688286e-09
10.741343928066552,1.999956736305874,2.1631847063104656e-05,2.2301125388307884e-08,6.76333778293897e-08,0.32973549605291275,0.9971990618329994,0.997199618294464,6.057846754079812e-07,-0.6080887357695083,-0.7903379393340898,-3.5606143673618758e-09,2.836215455198212e-09,-1.0078285211244135e-08,7.73768362037529e-09,-6.517670843872195e-09,4.901468165134639e-09,3.560614367304144e-09,-2.8362154551811865e-09,1.0078285211234073e-08,-7.737683620332852e-09,6.517670843939998e-09,-4.901468165194107e-09
10.76168738247577,1.9999576075467906,2.1196226604637214e-05,2.1763298642392785e-08,6.600232047619534e-08,0.32973535605073195,0.997199066693093,0.9971996231535963,6.057837929239838e-07,-0.6080873615827457,-0.7903390027683759,-3.474749448857028e-09,2.7678094975433063e-09,-9.835244642815059e-09,7.551060079581991e-09,-6.360495193948752e-09,4.783250581999142e-09,3.47474944880331e-09,-2.767809497527562e-09,9.835244642805781e-09,-7.551060079542449e-09,6.3604951940117536e-09,-4.783250582054432e-09
10.782030836884987,1.9999584612427257,2.0769378637177243e-05,2.1238442433077676e-08,6.441059740598272e-08,0.32973521886795853,0.9971990714553062,0.997199627914867,6.057829277811124e-07,-0.6080860150674405,-0.7903400447849807,-3.3909550831331112e-09,2.7010535264649672e-09,-9.598064804003008e-09,7.368938007828432e-09,-6.2071097208613445e-09,4.66788448132662e-09,3.3909550830831284e-09,-2.7010535264504097e-09,9.598064803994457e-09,-7.368938007791588e-09,6.207109720919882e-09,-4.667884481378026e-09
10.802374291294203,1.999959297746998,2.0351126500981167e-05,2.0726243955592364e-08,6.285726006470092e-08,0.32973508444781396,0.9971990761216104,0.9971996325802485,6.057820805293967e-07,-0.6080846956664195,-0.7903410658153044,-3.309181344964721e-09,2.635907738162716e-09,-9.366604379334785e-09,7.191208812356986e-09,-6.057423034362186e-09,4.555301074159937e-09,3.3091813449182126e-09,-2.6359077381492555e-09,9.366604379326909e-09,-7.191208812322654e-09,6.0574230344165774e-09,-4.5553010742077336e-09
10.82271774570342,1.9999601174058124,1.9941297093865657e-05,2.022639794893903e-08,6.134138277180205e-08,0.3297349527346632,0.9971990806939375,0.9971996371516708,6.057812497889227e-07,-0.6080834028337264,-0.7903420662820562,-3.2293795127395903e-09,2.5723332892826768e-09,-9.140725460276665e-09,7.017766520728113e-09,-5.911345947529816e-09,4.445433231413446e-09,3.229379512696315e-09,-2.572333289270232e-09,9.140725460269408e-09,-7.017766520696124e-09,5.911345947580357e-09,-4.445433231457885e-09
10.843061200112638,1.9999609205584008,1.9539720799565685e-05,1.9738606513962287e-08,5.986206216871386e-08,0.32973482367398993,0.9971990851741802,0.9971996416310271,6.057804361097231e-07,-0.6080821360343968,-0.790343046599429,-3.151502039449568e-09,2.5102922737322997e-09,-8.920293463118939e-09,6.8485077175644524e-09,-5.7687914236626826e-09,4.338215443802345e-09,3.1515020394093013e-09,-2.5102922737207945e-09,8.920293463112252e-09,-6.848507717534646e-09,5.7687914237096424e-09,-4.338215443843662e-09
10.863404654521855,1.999961707537165,1.9146231417535528e-05,1.9262578935807505e-08,5.841841668061028e-08,0.329734697212377,0.9971990895641932,0.9971996460201717,6.057796387701008e-07,-0.6080808947442365,-0.7903440071732717,-3.0755025243805178e-09,2.4497477000553233e-09,-8.705177048839024e-09,6.683331482823436e-09,-5.629674524452348e-09,4.233583782740338e-09,3.075502524343049e-09,-2.449747700044686e-09,8.705177048832868e-09,-6.683331482795661e-09,5.629674524495979e-09,-4.233583782778753e-09
10.883748108931071,1.9999624786678116,1.8760666094163052e-05,1.879803151065992e-08,5.700958599115563e-08,0.3297345732974839,0.9971990938657938,0.9971996503209214,6.057788576301567e-07,-0.6080796784496054,-0.7903449484012564,-3.001335685484059e-09,2.3906634693532002e-09,-8.495248044894793e-09,6.522139331560863e-09,-5.4939123594050606e-09,4.131475862181782e-09,3.0013356854491946e-09,-2.3906634693433667e-09,8.495248044889122e-09,-6.522139331534983e-09,5.493912359445603e-09,-4.131475862217499e-09
10.904091563340288,1.9999632342694893,1.8382865255369572e-05,1.8344687376663077e-08,5.563473052991535e-08,0.3297344518780217,0.9971990980807627,0.9971996545350563,6.05778091805988e-07,-0.6080784866472042,-0.7903458706730443,-2.928957332415038e-09,2.3330043537400043e-09,-8.290381368902417e-09,6.364835155150003e-09,-5.361424036482158e-09,4.031830801385883e-09,2.9289573323825966e-09,-2.333004353730914e-09,8.290381368897196e-09,-6.364835155125888e-09,5.361424036519825e-09,-4.031830801419093e-09
10.924435017749506,1.999963974654919,1.801267254056679e-05,1.7902276348914195e-08,5.4293030972120845e-08,0.32973433290373694,0.9971991022108448,0.9971996586643214,6.057773416537024e-07,-0.6080773188438667,-0.7903467743704464,-2.858324340218418e-09,2.2767359753176883e-09,-8.090454954152665e-09,6.2113251639204145e-09,-5.232130613929437e-09,3.934589188580255e-09,2.858324340188231e-09,-2.276735975309286e-09,8.090454954147856e-09,-6.211325163897944e-09,5.232130613964438e-09,-3.9345891886111316e-09
10.944778472158722,1.999964700130524,1.76499347379439e-05,1.7470534758439586e-08,5.298368775049831e-08,0.32973421632538735,0.9971991062577497,0.9971996627104257,6.057766066772628e-07,-0.6080761745563561,-0.7903476598675818,-2.7893946236502177e-09,2.22182478565932e-09,-7.895349676922043e-09,6.061517831182682e-09,-5.1059550532673974e-09,3.839693045502423e-09,2.789394623622129e-09,-2.221824785651554e-09,7.895349676917616e-09,-6.061517831161743e-09,5.105955053299916e-09,-3.839693045531132e-09
10.965121926567939,1.999965410996558,1.729450172105757e-05,1.7049205295052597e-08,5.1705920578863746e-08,0.32973410209472104,0.9971991102231528,0.9971996666750442,6.057758864570542e-07,-0.6080750533111643,-0.7903485275310331,-2.7221271121169737e-09,2.1682380457877806e-09,-7.704949285534878e-09,5.915323838604983e-09,-4.98282217341383e-09,3.747085792797691e-09,2.7221271120908373e-09,-2.1682380457806027e-09,7.704949285530805e-09,-5.915323838585472e-09,4.982822173444046e-09,-3.747085792824382e-09
10.985465380977157,1.9999661075472266,1.6946226386699145e-05,1.66380368540019e-08,5.045896798720515e-08,0.32973399016445987,0.9971991141086953,0.9971996705598184,6.057751808531854e-07,-0.608073954644317,-0.7903493777199979,-2.656481725219076e-09,2.115943806638155e-09,-7.519140331134854e-09,5.772656022909302e-09,-4.862658605912029e-09,3.6567122162529664e-09,2.6564817251947556e-09,-2.115943806631521e-09,7.519140331131107e-09,-5.772656022891122e-09,4.862658605940105e-09,-3.656712216277784e-09
11.005808835386373,1.999966790070812,1.660496459401306e-05,1.6236784386318075e-08,4.924208686797455e-08,0.329733880488277,0.997199117915986,0.9971996743663556,6.057744891104463e-07,-0.6080728781011813,-0.7903502107864377,-2.592419348883325e-09,2.0649108899920108e-09,-7.3378121001245186e-09,5.633429323855154e-09,-4.745392751237742e-09,3.5685184338462015e-09,2.592419348860694e-09,-2.0649108899858805e-09,7.3378121001210676e-09,-5.633429323838213e-09,4.745392751263829e-09,-3.568518433869277e-09
11.02615228979559,1.9999674588497902,1.627057510484103e-05,1.584520875276872e-08,4.805455203331631e-08,0.32973377302077866,0.9971991216466007,0.9971996780962324,6.05773811747163e-07,-0.6080718232362776,-0.7903510270752239,-2.5299018120704576e-09,2.0151088698721032e-09,-7.160856548232392e-09,5.497560733479472e-09,-4.6309547361587586e-09,3.4824518635915828e-09,2.529901812049399e-09,-2.015108869866438e-09,7.1608565482292166e-09,-5.497560733463686e-09,4.630954736182996e-09,-3.482451863613036e-09
11.046495744204806,1.9999681141609496,1.5942919525267883e-05,1.5463076581336425e-08,4.6895655782973286e-08,0.3297336677174841,0.9971991253020839,0.9971996817509923,6.057731474598624e-07,-0.6080707896130958,-0.7903518269242803,-2.4688918640439902e-09,1.966508054386525e-09,-6.988168236169078e-09,5.364969246562753e-09,-4.519276372122165e-09,3.3984611921615185e-09,2.4688918640243956e-09,-1.96650805438129e-09,6.988168236166157e-09,-5.3649692465480435e-09,4.519276372144687e-09,-3.398461192181466e-09
11.066839198614025,1.9999687562755033,1.5621862248344347e-05,1.50901601281332e-08,4.57647074826078e-08,0.3297335645348109,0.9971991288839486,0.9971996853321484,6.057724971958216e-07,-0.608069776803914,-0.7903526106647235,-2.4093531521866573e-09,1.9190794680112633e-09,-6.819644266833478e-09,5.235575812291328e-09,-4.4102911146441305e-09,3.3164963442663574e-09,2.4093531521684237e-09,-1.9190794680064268e-09,6.8196442668307895e-09,-5.235575812277623e-09,4.410291114665057e-09,-3.3164963442849045e-09
11.087182653023241,1.999969385459204,1.530727039796346e-05,1.4726237141669844e-08,4.4661033152292665e-08,0.3297334634300522,0.9971991323936775,0.997199688841183,6.057718597597111e-07,-0.6080687843896225,-0.7903533786210001,-2.3512502003514514e-09,1.8727948343007257e-09,-6.655184224032354e-09,5.1093032870872494e-09,-4.303934023678428e-09,3.2365084527737516e-09,2.3512502003344847e-09,-1.8727948342962565e-09,6.6551842240298795e-09,-5.1093032870744786e-09,4.303934023697871e-09,-3.2365084527909963e-09
11.107526107432458,1.9999700019724522,1.4999013773866918e-05,1.4371090730397853e-08,4.358397506492026e-08,0.32973336436136164,0.9971991358327236,0.9971996922795487,6.057712352055784e-07,-0.6080678119595496,-0.7903541311110206,-2.2945483877341924e-09,1.8276265590157072e-09,-6.4946901126762104e-09,4.986076388577131e-09,-4.2001417249397445e-09,3.1584498295495214e-09,2.2945483877184044e-09,-1.8276265590115783e-09,6.494690112673937e-09,-4.986076388565229e-09,4.200141724957809e-09,-3.1584498295655547e-09
11.127869561841674,1.9999706060704046,1.4696964797759136e-05,1.4024509233446566e-08,4.253289135429669e-08,0.32973326728773644,0.9971991392025102,0.9971996956486688,6.057706230056801e-07,-0.6080668591112924,-0.7903548684462917,-2.2392139282552843e-09,1.7835477136589047e-09,-6.338066300416593e-09,4.8658216506728665e-09,-4.098852372159217e-09,3.082273937002871e-09,2.2392139282405927e-09,-1.7835477136550903e-09,6.338066300414502e-09,-4.865821650661776e-09,4.098852372176003e-09,-3.0822739370177783e-09
11.148213016250892,1.999971198003079,1.440099846050634e-05,1.3686286094477006e-08,4.150715563268331e-08,0.3297331721689991,0.9971991425044324,0.9971996989499379,6.057700234173588e-07,-0.6080659254505498,-0.7903555909320449,-2.1852138504381995e-09,1.740532019407943e-09,-6.185219460689468e-09,4.748467379736926e-09,-4.000005610249346e-09,3.0079353603186484e-09,2.1852138504245287e-09,-1.7405320194044193e-09,6.185219460687547e-09,-4.748467379726592e-09,4.000005610264943e-09,-3.00793536033251e-09
11.168556470660109,1.9999717780154591,1.4110992270399069e-05,1.3356219738578552e-08,4.0506156617561044e-08,0.3297330789657811,0.9971991457398571,0.9971997021847225,6.057694357636502e-07,-0.60806501059096,-0.7903562988673631,-2.1325159777729108e-09,1.6985538314364605e-09,-6.036058517131403e-09,4.633943611806381e-09,-3.903542539356725e-09,2.9353897803602893e-09,2.132515977760189e-09,-1.6985538314332054e-09,6.036058517129637e-09,-4.63394361179675e-09,3.903542539371217e-09,-2.935389780373177e-09
11.188899925069325,1.9999723463475951,1.3826826202456323e-05,1.3034113452133769e-08,3.9529297767391874e-08,0.3297329876395058,0.9971991489101235,0.9971997053543616,6.057688598394272e-07,-0.6080641141539399,-0.7903569925453048,-2.081088909552405e-09,1.657588123613718e-09,-5.8904945893349046e-09,4.522182070849658e-09,-3.809405679780876e-09,2.864593947226966e-09,2.081088909540567e-09,-1.6575881236107116e-09,5.890494589333282e-09,-4.522182070840685e-09,3.809405679794341e-09,-2.864593947238949e-09
11.209243379478544,1.9999729032347024,1.3548382648750872e-05,1.2719775265580985e-08,3.85759969261633e-08,0.32973289815237633,0.9971991520165437,0.9971997084601674,6.057682956223154e-07,-0.6080632357685294,-0.7903576722530249,-2.0309020021710616e-09,1.617610473573725e-09,-5.748440939911179e-09,4.4131161280314695e-09,-3.7175389377386274e-09,2.795505654449381e-09,2.030902002160046e-09,-1.6176104735709486e-09,5.748440939909691e-09,-4.413116128023107e-09,3.7175389377511377e-09,-2.795505654460523e-09
11.22958683388776,1.9999734489072605,1.327554636973487e-05,1.2413017839004177e-08,3.7645685976504223e-08,0.3297328104673536,0.9971991550604039,0.9971997115034253,6.057677428978264e-07,-0.6080623750712371,-0.7903583382718941,-1.9819253508736903e-09,1.5785970481448825e-09,-5.609812922828607e-09,4.306680761961322e-09,-3.627887571953545e-09,2.7280837138086466e-09,1.98192535086344e-09,-1.5785970481423178e-09,5.609812922827236e-09,-4.306680761953529e-09,3.627887571965169e-09,-2.7280837138190066e-09
11.249930288296976,1.999973983591107,1.3008204446545476e-05,1.2113658350481624e-08,3.6737810501161847e-08,0.32973272454814706,0.9971991580429638,0.9971997144853949,6.057672007391855e-07,-0.6080615317058905,-0.7903589908776152,-1.9341297719443172e-09,1.5405245891313805e-09,-5.474527932996004e-09,4.20281251990174e-09,-3.5403981610504267e-09,2.662287930763098e-09,1.934129771934778e-09,-1.540524589129012e-09,5.474527932994744e-09,-4.202812519894479e-09,3.540398161061227e-09,-2.6622879307727306e-09
11.270273742706193,1.9999745075075315,1.2746246234271179e-05,1.1821518387127765e-08,3.58518294526437e-08,0.32973264035919514,0.997199160965458,0.9971997174073114,6.057666703640278e-07,-0.6080607053234885,-0.7903596303403376,-1.8874867853242826e-09,1.5033703994379774e-09,-5.3425053570611675e-09,4.101449479913325e-09,-3.455018571735728e-09,2.59807908046858e-09,1.8874867853154057e-09,-1.503370399435791e-09,5.34250535706001e-09,-4.101449479906558e-09,3.4550185717457626e-09,-2.598079080477536e-09
11.290617197115411,1.9999750208733678,1.248956331615909e-05,1.1536423838762234e-08,3.4987214830822473e-08,0.32973255786565386,0.9971991638290963,0.9971997202703831,6.057661500698593e-07,-0.6080598955820573,-0.7903602569247689,-1.8419685976491436e-09,1.4671123295297238e-09,-5.213666525394936e-09,4.00253121391364e-09,-3.371697927744732e-09,2.535418884377611e-09,1.841968597640884e-09,-1.4671123295277044e-09,5.213666525393878e-09,-4.002531213907335e-09,3.371697927754056e-09,-2.535418884385938e-09
11.310960651524628,1.9999755239010826,1.2238049458744546e-05,1.1258204794143756e-08,3.414345136831648e-08,0.32973247703338043,0.9971991666350642,0.9971997230757956,6.057656403843822e-07,-0.6080591021465082,-0.7903608708902845,-1.7975480856944522e-09,1.431728764218658e-09,-5.087934665232661e-09,3.905998751628201e-09,-3.290386579537235e-09,2.4742699874036667e-09,1.7975480856867654e-09,-1.4317287642167941e-09,5.087934665231688e-09,-3.905998751622325e-09,3.2903865795458984e-09,-2.4742699874114087e-09
11.331304105933844,1.9999760167988643,1.1991600567884092e-05,1.09866954397059e-08,3.332003622345387e-08,0.3297323978289195,0.997199169384523,0.9971997258247106,6.057651411471871e-07,-0.6080583246884996,-0.7903614724910354,-1.7541987802203853e-09,1.3971986097694477e-09,-4.965234854944709e-09,3.811794545411601e-09,-3.2110360747234294e-09,2.4145959356366773e-09,1.7541987802132326e-09,-1.3971986097677268e-09,4.965234854943815e-09,-3.8117945454061254e-09,3.2110360747314782e-09,-2.4145959356438763e-09
11.35164756034306,1.9999764997707086,1.1750114645674084e-05,1.0721733960735587e-08,3.251647868064183e-08,0.32973232021948923,0.9971991720786106,0.9971997285182651,6.05764651677683e-07,-0.6080575628863012,-0.7903620619760532,-1.7118948502058173e-09,1.363501281316404e-09,-4.845493979409371e-09,3.7198624359181897e-09,-3.133599129202734e-09,2.3563611545966827e-09,1.7118948501991614e-09,-1.363501281314815e-09,4.845493979408551e-09,-3.719862435913087e-09,3.1335991292102117e-09,-2.3563611546033766e-09
11.371991014752279,1.9999769730165036,1.1513491748236728e-05,1.0463162444934322e-08,3.173229985795879e-08,0.32973224417296854,0.9971991747184427,0.9971997311575749,6.057641722797513e-07,-0.6080568164246605,-0.7903626395893532,-1.6706110874622715e-09,1.3306166905842179e-09,-4.728640686461094e-09,3.6301476186013725e-09,-3.0580295989980708e-09,2.2995309280123996e-09,1.6706110874560776e-09,-1.330616690582751e-09,4.728640686460344e-09,-3.630147618596617e-09,3.058029599005019e-09,-2.299530928018623e-09
11.392334469161495,1.9999774367321113,1.1281633944356353e-05,1.021082678830566e-08,3.0967032421798564e-08,0.32973216965788343,0.9971991773051113,0.9971997337437319,6.057637024890898e-07,-0.6080560849946728,-0.7903632055700355,-1.630322891618758e-09,1.2985252339051965e-09,-4.614605344388579e-09,3.542596611021855e-09,-2.9842824527691318e-09,2.2440713771122265e-09,1.630322891612994e-09,-1.2985252339038426e-09,4.614605344387891e-09,-3.542596611017423e-09,2.9842824527755883e-09,-2.2440713771180134e-09
11.412677923570712,1.9999778911094501,1.1054445274948452e-05,9.964576603311853e-09,3.022022030839358e-08,0.3297320966433928,0.9971991798396876,0.9971997362778068,6.05763241960719e-07,-0.608055368293653,-0.7903637601523844,-1.5910062554684124e-09,1.2672077805257137e-09,-4.50332000045703e-09,3.457157220944944e-09,-2.9123137449879847e-09,2.1899494404151006e-09,1.5910062554630485e-09,-1.2672077805244644e-09,4.503320000456398e-09,-3.457157220940815e-09,2.9123137449939838e-09,-2.1899494404204814e-09
11.433021377979928,1.9999783363365733,1.083183171334514e-05,9.72426512924582e-09,2.9491418452053596e-08,0.32973202509927707,0.9971991823232207,0.9971997387608484,6.057627909966996e-07,-0.6080546660250108,-0.7903643035659648,-1.5526377506683589e-09,1.2366456611950015e-09,-4.394718340430263e-09,3.373778515208158e-09,-2.8420805897613234e-09,2.137132854009308e-09,1.5526377506633675e-09,-1.2366456611938484e-09,4.394718340429682e-09,-3.37377851520431e-09,2.8420805897668973e-09,-2.1371328540143114e-09
11.453364832389147,1.9999787725977471,1.0613701126380254e-05,9.489749144764499e-09,2.878019251995691e-08,0.32973195499592534,0.9971991847567383,0.9971997411938848,6.057623490581239e-07,-0.6080539778981277,-0.7903648360357177,-1.5151945137842068e-09,1.2068206570293916e-09,-4.288735649068381e-09,3.292410789340338e-09,-2.7735411352836432e-09,2.0855901323073608e-09,1.5151945137795622e-09,-1.2068206570283276e-09,4.2887356490678515e-09,-3.292410789336752e-09,2.773541135288822e-09,-2.085590132312012e-09
11.473708286798363,1.9999792000735275,1.0399963236258254e-05,9.260888882531559e-09,2.8086118653336072e-08,0.3297318863043238,0.9971991871412481,0.9971997435779228,6.057619159845894e-07,-0.6080533036282368,-0.7903653577820533,-1.4786542326708922e-09,1.1777149886453685e-09,-4.1853087715775265e-09,3.213005537914154e-09,-2.7066545389061466e-09,2.035290549265443e-09,1.4786542326665702e-09,-1.1777149886443866e-09,4.18530877157704e-09,-3.2130055379108117e-09,2.7066545389109583e-09,-2.0352905492697683e-09
11.49405174120758,1.9999796189408336,1.0190529583190776e-05,9.037547945918684e-09,2.7408783214904677e-08,0.3297318189960413,0.9971991894777367,0.9971997459139491,6.057614915374375e-07,-0.6080526429363053,-0.7903658690209421,-1.4429951331817826e-09,1.1493113055549476e-09,-4.084376075988829e-09,3.1355154256143e-09,-2.6413809428066005e-09,1.986204120056239e-09,1.4429951331777604e-09,-1.1493113055540416e-09,4.084376075988384e-09,-3.135515425611187e-09,2.6413809428110706e-09,-1.9862041200602603e-09
11.514395195616798,1.9999800293730223,9.985313488785822e-06,8.81959322771564e-09,2.6747782542373423e-08,0.32973175304322055,0.9971991917671714,0.9971997482029311,6.057610759441257e-07,-0.6080519955489186,-0.7903663699640046,-1.4081959661981015e-09,1.1215926758170244e-09,-3.9858774164441015e-09,3.0598942590040665e-09,-2.577681450245592e-09,1.93830158318414e-09,1.4081959661943583e-09,-1.1215926758161887e-09,3.985877416443694e-09,-3.059894259001165e-09,2.577681450249746e-09,-1.93830158318788e-09
11.534738650026014,1.9999804315399596,9.784230020174179e-06,8.606894830801017e-09,2.610272270791071e-08,0.32973168841856504,0.9971991940104998,0.9971997504458154,6.057606681156733e-07,-0.6080513611981675,-0.7903668608185987,-1.3742359949710264e-09,1.0945425759385564e-09,-3.889754097366589e-09,2.986096958973497e-09,-2.5155181023951877e-09,1.8915543830322355e-09,1.3742359949675431e-09,-1.0945425759377854e-09,3.8897540973662145e-09,-2.9860969589707916e-09,2.5155181023990474e-09,-1.8915543830357125e-09
11.55508210443523,1.9999808256080902,9.587195954858117e-06,8.39932599072574e-09,2.5473219283401894e-08,0.32973162509532744,0.9971991962086506,0.9971997526435313,6.057602690011843e-07,-0.6080507396215371,-0.7903673417879059,-1.34109498276881e-09,1.0681448810194557e-09,-3.795948838495142e-09,2.9140795338524755e-09,-2.454853855725989e-09,1.8459346528304988e-09,1.3410949827655684e-09,-1.0681448810187445e-09,3.795948838494799e-09,-2.9140795338499547e-09,2.4548538557295745e-09,-1.8459346528337319e-09
11.575425558844447,1.9999812117405074,9.394129746268125e-06,8.196763000163978e-09,2.485889711136982e-08,0.3297315630472999,0.9971991983625335,0.9971997547969883,6.057598780076817e-07,-0.6080501305617987,-0.790367813071015,-1.308753180821715e-09,1.0423838551354154e-09,-3.7044057407614087e-09,2.843799053172953e-09,-2.395652559939379e-09,1.8014151980351885e-09,1.3087531808186984e-09,-1.0423838551347597e-09,3.704405740761094e-09,-2.8437990531706045e-09,2.395652559942711e-09,-1.8014151980381949e-09
11.595769013253665,1.99998159009702,9.204951490013171e-06,7.999085135185719e-09,2.4259390081418297e-08,0.32973150224880104,0.99719920047304,0.9971997569070773,6.05759494553369e-07,-0.6080495337669027,-0.7903682748630049,-1.277191316557461e-09,1.0172441419528193e-09,-3.615070252989355e-09,2.7752136220643566e-09,-2.3378789364316074e-09,1.7579694801093481e-09,1.2771913165546537e-09,-1.0172441419522146e-09,3.6150702529890685e-09,-2.775213622062168e-09,2.3378789364347035e-09,-1.7579694801121438e-09
11.616112467662882,1.9999819608342184,9.019582890810702e-06,7.806174583307717e-09,2.3674340912066846e-08,0.32973144267466803,0.9971992025410439,0.997199758974672,6.057591188321669e-07,-0.608048948989875,-0.7903687273550252,-1.2463905821202949e-09,9.927107555702196e-10,-3.527889139397644e-09,2.70828235626714e-09,-2.2814985572770863e-09,1.7155716006948805e-09,1.2463905821176824e-09,-9.927107555696616e-10,3.527889139397381e-09,-2.7082823562651003e-09,2.2814985572799628e-09,-1.7155716006974795e-09
11.636455922072098,1.9999823241055399,8.837947230082438e-06,7.617916373279226e-09,2.310340093784509e-08,0.3297313843002444,0.9971992045674009,0.997199761000628,6.057587507471023e-07,-0.6080483759887142,-0.7903691707343754,-1.2163326231667402e-09,9.687690715808221e-10,-3.442810447885166e-09,2.6429653577492954e-09,-2.2264778247181875e-09,1.674196286166572e-09,1.2163326231643089e-09,-9.687690715803078e-10,3.4428104478849283e-09,-2.642965357747394e-09,2.22647782472086e-09,-1.6741962861689884e-09
11.656799376481315,1.9999826800613316,8.659969334202904e-06,7.434198306561371e-09,2.25462299015218e-08,0.3297313271013699,0.9971992065529498,0.9971997629857843,6.057583902664561e-07,-0.6080478145262919,-0.7903696051845825,-1.1869995279314621e-09,9.454048183507198e-10,-3.3597834790812136e-09,2.5792236909114883e-09,-2.1727839511495325e-09,1.633818872558997e-09,1.1869995279291998e-09,-9.454048183502458e-10,3.359783479080994e-09,-2.5792236909097165e-09,2.172783951152015e-09,-1.6338188725612438e-09
11.677142830890533,1.9999830288489133,8.485575543387242e-06,7.254910890458882e-09,2.2002495751343476e-08,0.329731271054371,0.9971992084985127,0.9971997649309622,6.057580366462161e-07,-0.6080472643702544,-0.7903700308854772,-1.1583738165566796e-09,9.226040685076213e-10,-3.2787587561416175e-09,2.5170193593664724e-09,-2.1203849395847373e-09,1.5944152908572e-09,1.1583738165545742e-09,-9.226040685071841e-10,3.2787587561414173e-09,-2.5170193593648218e-09,2.1203849395870447e-09,-1.5944152908592894e-09
11.69748628529975,1.9999833706126375,8.314693681205676e-06,7.079947272864429e-09,2.147187444316208e-08,0.3297312161360511,0.9971992104048945,0.9971997668369669,6.057576906080174e-07,-0.6080467252929265,-0.7903704480132677,-1.1304384306787833e-09,9.003532306349911e-10,-3.1996879952729833e-09,2.4563152832789242e-09,-2.0692495645940174e-09,1.5559620526423945e-09,1.130438430676824e-09,-9.003532306345883e-10,3.1996879952728004e-09,-2.456315283277386e-09,2.0692495645961606e-09,-1.5559620526443373e-09
11.717829739708966,1.9999837054939507,8.147253024711731e-06,6.909203178576758e-09,2.0954049747334277e-08,0.32973116232368066,0.9971992122728847,0.9971997687045874,6.05757351215752e-07,-0.6080461970712178,-0.7903708567406135,-1.103176723265975e-09,8.7863904116666e-10,-3.1225240769674554e-09,2.3970752772522063e-09,-2.0193473537013136e-09,1.5184362360841123e-09,1.1031767232641517e-09,-8.786390411662886e-10,3.1225240769672896e-09,-2.3970752772507724e-09,2.0193473537033054e-09,-1.5184362360859186e-09
11.738173194118184,1.9999840336314496,7.983184275172142e-06,6.742576847154516e-09,2.044871306027657e-08,0.329731109594988,0.9971992141032561,0.9971997705345971,6.057570190829099e-07,-0.6080456794865297,-0.7903712572366963,-1.076572448700863e-09,8.574485564770403e-10,-3.047221017930864e-09,2.3392640287487926e-09,-1.9706485692298494e-09,1.4818154722704158e-09,1.0765724486991661e-09,-8.574485564766981e-10,3.047221017930713e-09,-2.3392640287474567e-09,1.9706485692317002e-09,-1.4818154722720956e-09
11.7585166485274,1.9999843551609413,7.822419529386205e-06,6.579968972269036e-09,1.9955563220565222e-08,0.3297310579281493,0.9971992158967664,0.9971997723277525,6.057566931428769e-07,-0.6080451723246652,-0.7903716496672905,-1.05060975310215e-09,8.367691451622617e-10,-2.973733943687663e-09,2.282847077031576e-09,-1.9231241905853743e-09,1.4460779318680688e-09,1.050609753100571e-09,-8.367691451619462e-10,2.9737339436875244e-09,-2.2828470770303307e-09,1.9231241905870932e-09,-1.446077931869631e-09
11.778860102936617,1.9999846702154969,7.664892251582563e-06,6.421282642519416e-09,1.947430632946951e-08,0.32973100730178023,0.9971992176541581,0.9971997740847963,6.05756373869287e-07,-0.6080446753757407,-0.790372034194831,-1.0252731648795766e-09,8.165884805075543e-10,-2.902019061846117e-09,2.2277907926132975e-09,-1.8767458969664136e-09,1.4112023121045824e-09,1.0252731648781067e-09,-8.165884805072637e-10,2.9020190618459903e-09,-2.2277907926121373e-09,1.876745896968011e-09,-1.4112023121060351e-09
11.799203557345834,1.9999849789255082,7.510537245882071e-06,6.266423283675239e-09,1.9004655575813444e-08,0.329730957694929,0.9971992193761586,0.997199775806456,6.057560609824223e-07,-0.6080441884340986,-0.7903724109784821,-1.0005475855165916e-09,7.968945331364543e-10,-2.8320336360081147e-09,2.1740623572020397e-09,-1.8314860504914078e-09,1.3771678240645034e-09,1.0005475855152238e-09,-7.968945331361867e-10,2.8320336360079998e-09,-2.174062357200958e-09,1.831486050492892e-09,-1.377167824065854e-09
11.819547011755052,1.9999852814187413,7.359290629315137e-06,6.115298602311949e-09,1.854633106506022e-08,0.3297309090870633,0.9971992210634805,0.9971997774934444,6.057557547955332e-07,-0.6080437112982224,-0.7903727801742012,-9.76418280575183e-10,7.776755638373787e-10,-2.7637359603078167e-09,2.1216297441306185e-09,-1.7873176797325287e-09,1.3439541802922323e-09,9.764182805739103e-10,-7.776755638371319e-10,2.763735960307712e-09,-2.121629744129611e-09,1.787317679733908e-09,-1.3439541802934875e-09
11.839890466164269,1.9999855778203892,7.211089805382488e-06,5.967818530805794e-09,1.8099059652518337e-08,0.3297308614580659,0.9971992227168223,0.9971997791464591,6.057554544564637e-07,-0.6080432437706534,-0.7903731419348056,-9.528708709175825e-10,7.589201165633393e-10,-2.6970853345642022e-09,2.070461699258353e-09,-1.7442144636465247e-09,1.3115415826940745e-09,9.528708709163978e-10,-7.58920116563112e-10,2.697085334564108e-09,-2.070461699257414e-09,1.744214463647806e-09,-1.3115415826952423e-09
11.860233920573485,1.9999858682531237,7.065873438148265e-06,5.823895173655017e-09,1.7662574780569217e-08,0.3297308147882236,0.9971992243368683,0.9971997807661844,6.057551599875721e-07,-0.6080427856579091,-0.7903734964100337,-9.298913241395421e-10,7.406170116005597e-10,-2.6320420400324937e-09,2.020527722333629e-09,-1.702150715892865e-09,1.2799107107321938e-09,9.298913241384398e-10,-7.406170116003505e-10,2.6320420400324076e-09,-2.0205277223327536e-09,1.7021507158940556e-09,-1.2799107107332793e-09
11.880577374982701,1.9999861528371463,6.923581426854938e-06,5.68344275509583e-09,1.7236616319820286e-08,0.32973076905822124,0.9971992259242889,0.9971997823532911,6.057548718084196e-07,-0.6080423367704026,-0.7903738437466091,-9.074659462101638e-10,7.22755338901973e-10,-2.568567315740247e-09,1.971798048806307e-09,-1.6611013695300041e-09,1.2490427099035182e-09,9.07465946209138e-10,-7.227553389017801e-10,2.5685673157401687e-09,-1.971798048805491e-09,1.6611013695311103e-09,-1.249042709904528e-09
11.90092082939192,1.9999864316902378,6.7841548810493595e-06,5.546377567981622e-09,1.6820930414088388e-08,0.32973072424913236,0.9971992274797413,0.9971997839084359,6.057545893483978e-07,-0.608041896922365,-0.7903741840882994,-8.855813733132528e-10,7.053244515815828e-10,-2.506623335393886e-09,1.9242436320790037e-09,-1.621041962080562e-09,1.2189191804966608e-09,8.85581373312298e-10,-7.053244515814054e-10,2.506623335393815e-09,-1.9242436320782435e-09,1.6210419620815891e-09,-1.2189191804975994e-09
11.921264283801136,1.9999867049278075,6.6475360962097965e-06,5.4126179238950054e-09,1.6415269329121102e-08,0.3297306803424105,0.9971992290038694,0.9971997854322625,6.057543126503931e-07,-0.6080414659317678,-0.7903745175759771,-8.642245638853488e-10,6.883139595658139e-10,-2.446173184841951e-09,1.8778361261866715e-09,-1.5819486209565365e-09,1.1895221666201493e-09,8.642245638844602e-10,-6.883139595656504e-10,2.4461731848418857e-09,-1.8778361261859634e-09,1.581948620957492e-09,-1.1895221666210222e-09
11.941607738210353,1.9999869726629402,6.513668529863665e-06,5.282084104463016e-09,1.6019391304965883e-08,0.32973063731988445,0.997199230497304,0.9971997869254016,6.057540413917994e-07,-0.6080410436202478,-0.7903748443476772,-8.433827908457057e-10,6.717137233980642e-10,-2.387180840081676e-09,1.8325478688941547e-09,-1.5437980492359111e-09,1.16083414549543e-09,8.433827908448788e-10,-6.717137233979138e-10,2.387180840081617e-09,-1.8325478688934946e-09,1.5437980492367985e-09,-1.1608341454962417e-09
11.96195119261957,1.9999872350064436,6.382496778186317e-06,5.1546983138463825e-09,1.5633060411899302e-08,0.32973059516374786,0.9971992319606628,0.9971997883884711,6.057537756472125e-07,-0.6080406298130336,-0.7903751645386546,-8.230436340135786e-10,6.555138481927543e-10,-2.329611145795765e-09,1.7883518652016043e-09,-1.5065675117821325e-09,1.1328380170082344e-09,8.230436340128092e-10,-6.555138481926159e-10,2.3296111457957107e-09,-1.7883518652009888e-09,1.5065675117829566e-09,-1.1328380170089894e-09
11.982294647028787,1.9999874920668939,6.25396655307102e-06,5.030384632374682e-09,1.525604640983047e-08,0.3297305538565533,0.9971992333945523,0.9971997898220768,6.057535151909908e-07,-0.6080402243388731,-0.7903754782814404,-8.03194972708327e-10,6.397046777352777e-10,-2.2734297944066395e-09,1.7452217712479506e-09,-1.4702348216982644e-09,1.105517093512099e-09,8.031949727076107e-10,-6.397046777351504e-10,2.273429794406592e-09,-1.745221771247377e-09,1.4702348216990302e-09,-1.105517093512801e-09
12.002638101438004,1.9999877439506806,6.128024659660758e-06,4.909068971299556e-09,1.4888124611094566e-08,0.32973051338120446,0.9971992347995654,0.9971997912268116,6.057532598068378e-07,-0.6080398270299623,-0.7903757857058958,-7.838249785279e-10,6.24276788724312e-10,-2.2186033056356258e-09,1.7031318786027627e-09,-1.4347783271076818e-09,1.078855089877916e-09,7.838249785272335e-10,-6.242767887241949e-10,2.218603305635582e-09,-1.7031318786022281e-09,1.4347783271083936e-09,-1.0788550898785686e-09
12.02298155584722,1.9999879907620512,6.004618974332385e-06,4.790679028639146e-09,1.452907574655501e-08,0.3297304737209498,0.9971992361762836,0.9971997926032576,6.057530098844443e-07,-0.6080394377218763,-0.7903760869392671,-7.649221083014203e-10,6.092209851530627e-10,-2.1650990065549307e-09,1.6620570989371526e-09,-1.4001768982534709e-09,1.0528361137835916e-09,7.649221083007999e-10,-6.09220985152955e-10,2.1650990065548914e-09,-1.6620570989366546e-09,1.400176898254132e-09,-1.0528361137841986e-09
12.043325010256439,1.9999882326031537,5.883698423124236e-06,4.675144246087476e-09,1.4178685834934688e-08,0.3297304348593751,0.997199237525277,0.9971997939519841,6.057527648084752e-07,-0.6080390562535012,-0.7903763821062376,-7.464750972116778e-10,5.945282928260945e-10,-2.1128850121205793e-09,1.6219729490645926e-09,-1.3664099149088658e-09,1.0274446562380336e-09,7.464750972111007e-10,-5.945282928259953e-10,2.112885012120544e-09,-1.6219729490641281e-09,1.3664099149094795e-09,-1.0274446562385976e-09
12.063668464665655,1.9999884695740788,5.765212960598158e-06,4.562395766962943e-09,1.383674605529789e-08,0.32973039678039534,0.9971992388471038,0.9971997952735494,6.057525246218177e-07,-0.6080386824669674,-0.7903766713289795,-7.284729520834194e-10,5.80189954008458e-10,-2.061930206174637e-09,1.5828555363426627e-09,-1.3334572540911855e-09,1.0026655823337718e-09,7.28472952082882e-10,-5.801899540083669e-10,2.061930206174605e-09,-1.58285553634223e-09,1.3334572540917558e-09,-1.0026655823342966e-09
12.084011919074872,1.9999887017729017,5.649113549127117e-06,4.452366395171008e-09,1.3503052622607257e-08,0.3297303594682516,0.9971992401423113,0.9971997965685004,6.057522893785415e-07,-0.6080383162075839,-0.7903769547272044,-7.109049448334524e-10,5.661974222039368e-10,-2.012204222905477e-09,1.5446815444270693e-09,-1.3012992780719956e-09,9.784841222227293e-10,7.109049448329523e-10,-5.661974222038528e-10,2.0122042229054482e-09,-1.5446815444266663e-09,1.3012992780725258e-09,-9.784841222232173e-10
12.104355373484088,1.9999889292957227,5.535352138600021e-06,4.344990555156497e-09,1.3177406666281642e-08,0.32973032290750065,0.9971992414114352,0.9971997978373736,6.057520589611538e-07,-0.608037957323775,-0.7903772324182126,-6.937606060786522e-10,5.525423570592788e-10,-1.9636774287549942e-09,1.5074282193693796e-09,-1.2699168226763158e-09,9.54885862309725e-10,6.937606060781867e-10,-5.525423570592018e-10,1.963677428754968e-09,-1.5074282193690043e-09,1.2699168226768082e-09,-9.548858623101787e-10
12.124698827893306,1.999989152236707,5.4238816465351795e-06,4.2402042528218175e-09,1.2859614111682518e-08,0.3297302870830111,0.9971992426550013,0.9971997990806938,6.057518331645413e-07,-0.608037605667017,-0.7903775045169423,-6.770297188980858e-10,5.392166193913981e-10,-1.9163209047620678e-09,1.4710733560502389e-09,-1.2392911858639583e-09,9.318567366584905e-10,6.770297188976526e-10,-5.392166193913274e-10,1.916320904762044e-09,-1.4710733560498888e-09,1.239291185864416e-09,-9.318567366589125e-10
12.145042282302523,1.9999893706881229,5.314655938594292e-06,4.137945037387596e-09,1.2549485564458125e-08,0.32973025197995587,0.9971992438735239,0.997199800298975,6.05751611610187e-07,-0.6080372610917772,-0.7903777711360168,-6.607023127455119e-10,5.262122663345468e-10,-1.8701064293316723e-09,1.4355952849399054e-09,-1.2094041165861385e-09,9.093830186050319e-10,6.607023127451089e-10,-5.262122663344815e-10,1.8701064293316508e-09,-1.4355952849395787e-09,1.209404116586564e-09,-9.093830186054244e-10
12.16538573671174,1.999989584740381,5.20762980948876e-06,4.038151964173159e-09,1.2246836197676633e-08,0.32973021758380694,0.9971992450675075,0.9971998014927222,6.05751394622528e-07,-0.6080369234554531,-0.7903780323857909,-6.447686575086524e-10,5.135215466045851e-10,-1.8250064614194366e-09,1.4009728591782443e-09,-1.180237803910765e-09,8.874513125733551e-10,6.447686575082774e-10,-5.135215466045252e-10,1.825006461419418e-09,-1.4009728591779404e-09,1.1802378039111603e-09,-8.874513125737201e-10
12.185729191120956,1.9999897944820715,5.1027589642705875e-06,3.940765558274585e-09,1.195148564168103e-08,0.3297301838803279,0.9971992462374463,0.9971998026624295,6.057511821157809e-07,-0.608036592618314,-0.7903782883743969,-6.292192577116858e-10,5.011368958775114e-10,-1.7809941241216096e-09,1.367185441966454e-09,-1.1517748664099071e-09,8.66048546088659e-10,6.292192577113366e-10,-5.011368958774565e-10,1.7809941241215935e-09,-1.3671854419661705e-09,1.1517748664102744e-09,-8.660485460889984e-10
12.206072645530174,1.99999,4.999999999999999e-06,3.84572777911874e-09,1.1663257876599996e-08,0.32973015085557067,0.9971992473838244,0.9971998038085811,6.057509741328334e-07,-0.6080362684434426,-0.7903785392077897,-6.140448468575192e-10,4.890509322794991e-10,-1.7380431886606755e-09,1.3342128942630047e-09,-1.1239983418031407e-09,8.451619619832414e-10,6.140448468571943e-10,-4.890509322794485e-10,1.73804318866066e-09,-1.3342128942627404e-09,1.123998341803482e-09,-8.451619619835566e-10
